ISO-10303-21;
HEADER;
FILE_DESCRIPTION(('FreeCAD Model'),'2;1');
FILE_NAME('Open CASCADE Shape Model','2026-09-18T11:06:07',(''),(''),
  'Open CASCADE STEP processor 7.9','FreeCAD','Unknown');
FILE_SCHEMA(('AUTOMOTIVE_DESIGN { 1 0 10303 214 1 1 1 1 }'));
ENDSEC;
DATA;
#1 = APPLICATION_PROTOCOL_DEFINITION('international standard',
  'automotive_design',2000,#2);
#2 = APPLICATION_CONTEXT(
  'core data for automotive mechanical design processes');
#3 = SHAPE_DEFINITION_REPRESENTATION(#4,#10);
#4 = PRODUCT_DEFINITION_SHAPE('','',#5);
#5 = PRODUCT_DEFINITION('design','',#6,#9);
#6 = PRODUCT_DEFINITION_FORMATION('','',#7);
#7 = PRODUCT('passo1_biombo','passo1_biombo','',(#8));
#8 = PRODUCT_CONTEXT('',#2,'mechanical');
#9 = PRODUCT_DEFINITION_CONTEXT('part definition',#2,'design');
#10 = SHAPE_REPRESENTATION('',(#11,#15,#19,#23,#27,#31,#35,#39,#43,#47,
    #51,#55,#59,#63,#67,#71,#75,#79,#83,#87,#91,#95,#99,#103,#107,#111,
    #115,#119,#123,#127,#131),#135);
#11 = AXIS2_PLACEMENT_3D('',#12,#13,#14);
#12 = CARTESIAN_POINT('',(0.,0.,0.));
#13 = DIRECTION('',(0.,0.,1.));
#14 = DIRECTION('',(1.,0.,-0.));
#15 = AXIS2_PLACEMENT_3D('',#16,#17,#18);
#16 = CARTESIAN_POINT('',(0.,0.,0.));
#17 = DIRECTION('',(0.,0.,1.));
#18 = DIRECTION('',(1.,0.,0.));
#19 = AXIS2_PLACEMENT_3D('',#20,#21,#22);
#20 = CARTESIAN_POINT('',(0.,0.,0.));
#21 = DIRECTION('',(0.,0.,1.));
#22 = DIRECTION('',(1.,0.,0.));
#23 = AXIS2_PLACEMENT_3D('',#24,#25,#26);
#24 = CARTESIAN_POINT('',(30.,0.,115.));
#25 = DIRECTION('',(0.,0.,1.));
#26 = DIRECTION('',(1.,0.,0.));
#27 = AXIS2_PLACEMENT_3D('',#28,#29,#30);
#28 = CARTESIAN_POINT('',(30.,0.,1.685E+03));
#29 = DIRECTION('',(0.,0.,1.));
#30 = DIRECTION('',(1.,0.,0.));
#31 = AXIS2_PLACEMENT_3D('',#32,#33,#34);
#32 = CARTESIAN_POINT('',(100.,0.,37.5));
#33 = DIRECTION('',(0.,0.,1.));
#34 = DIRECTION('',(1.,0.,0.));
#35 = AXIS2_PLACEMENT_3D('',#36,#37,#38);
#36 = CARTESIAN_POINT('',(100.,0.,70.));
#37 = DIRECTION('',(0.,0.,1.));
#38 = DIRECTION('',(1.,0.,0.));
#39 = AXIS2_PLACEMENT_3D('',#40,#41,#42);
#40 = CARTESIAN_POINT('',(100.,0.,96.));
#41 = DIRECTION('',(0.,0.,1.));
#42 = DIRECTION('',(1.,0.,0.));
#43 = AXIS2_PLACEMENT_3D('',#44,#45,#46);
#44 = CARTESIAN_POINT('',(800.,0.,37.5));
#45 = DIRECTION('',(0.,0.,1.));
#46 = DIRECTION('',(1.,0.,0.));
#47 = AXIS2_PLACEMENT_3D('',#48,#49,#50);
#48 = CARTESIAN_POINT('',(800.,0.,70.));
#49 = DIRECTION('',(0.,0.,1.));
#50 = DIRECTION('',(1.,0.,0.));
#51 = AXIS2_PLACEMENT_3D('',#52,#53,#54);
#52 = CARTESIAN_POINT('',(800.,0.,96.));
#53 = DIRECTION('',(0.,0.,1.));
#54 = DIRECTION('',(1.,0.,0.));
#55 = AXIS2_PLACEMENT_3D('',#56,#57,#58);
#56 = CARTESIAN_POINT('',(0.,0.,0.));
#57 = DIRECTION('',(0.,0.,1.));
#58 = DIRECTION('',(1.,0.,0.));
#59 = AXIS2_PLACEMENT_3D('',#60,#61,#62);
#60 = CARTESIAN_POINT('',(0.,0.,0.));
#61 = DIRECTION('',(0.,0.,1.));
#62 = DIRECTION('',(1.,0.,0.));
#63 = AXIS2_PLACEMENT_3D('',#64,#65,#66);
#64 = CARTESIAN_POINT('',(915.,25.980762113533,115.));
#65 = DIRECTION('',(0.,-0.,1.));
#66 = DIRECTION('',(0.5,0.866025403784,0.));
#67 = AXIS2_PLACEMENT_3D('',#68,#69,#70);
#68 = CARTESIAN_POINT('',(915.,25.980762113533,1.685E+03));
#69 = DIRECTION('',(0.,-0.,1.));
#70 = DIRECTION('',(0.5,0.866025403784,0.));
#71 = AXIS2_PLACEMENT_3D('',#72,#73,#74);
#72 = CARTESIAN_POINT('',(950.,86.602540378444,37.5));
#73 = DIRECTION('',(0.,-0.,1.));
#74 = DIRECTION('',(0.5,0.866025403784,0.));
#75 = AXIS2_PLACEMENT_3D('',#76,#77,#78);
#76 = CARTESIAN_POINT('',(950.,86.602540378444,70.));
#77 = DIRECTION('',(0.,-0.,1.));
#78 = DIRECTION('',(0.5,0.866025403784,0.));
#79 = AXIS2_PLACEMENT_3D('',#80,#81,#82);
#80 = CARTESIAN_POINT('',(950.,86.602540378444,96.));
#81 = DIRECTION('',(0.,-0.,1.));
#82 = DIRECTION('',(0.5,0.866025403784,0.));
#83 = AXIS2_PLACEMENT_3D('',#84,#85,#86);
#84 = CARTESIAN_POINT('',(1.3E+03,692.82032302755,37.5));
#85 = DIRECTION('',(0.,-0.,1.));
#86 = DIRECTION('',(0.5,0.866025403784,0.));
#87 = AXIS2_PLACEMENT_3D('',#88,#89,#90);
#88 = CARTESIAN_POINT('',(1.3E+03,692.82032302755,70.));
#89 = DIRECTION('',(0.,-0.,1.));
#90 = DIRECTION('',(0.5,0.866025403784,0.));
#91 = AXIS2_PLACEMENT_3D('',#92,#93,#94);
#92 = CARTESIAN_POINT('',(1.3E+03,692.82032302755,96.));
#93 = DIRECTION('',(0.,-0.,1.));
#94 = DIRECTION('',(0.5,0.866025403784,0.));
#95 = AXIS2_PLACEMENT_3D('',#96,#97,#98);
#96 = CARTESIAN_POINT('',(0.,0.,0.));
#97 = DIRECTION('',(0.,0.,1.));
#98 = DIRECTION('',(1.,0.,0.));
#99 = AXIS2_PLACEMENT_3D('',#100,#101,#102);
#100 = CARTESIAN_POINT('',(0.,0.,0.));
#101 = DIRECTION('',(0.,0.,1.));
#102 = DIRECTION('',(1.,0.,0.));
#103 = AXIS2_PLACEMENT_3D('',#104,#105,#106);
#104 = CARTESIAN_POINT('',(1.335E+03,805.40362551952,115.));
#105 = DIRECTION('',(0.,0.,1.));
#106 = DIRECTION('',(-0.5,0.866025403784,0.));
#107 = AXIS2_PLACEMENT_3D('',#108,#109,#110);
#108 = CARTESIAN_POINT('',(1.335E+03,805.40362551952,1.685E+03));
#109 = DIRECTION('',(0.,0.,1.));
#110 = DIRECTION('',(-0.5,0.866025403784,0.));
#111 = AXIS2_PLACEMENT_3D('',#112,#113,#114);
#112 = CARTESIAN_POINT('',(1.3E+03,866.02540378443,37.5));
#113 = DIRECTION('',(0.,0.,1.));
#114 = DIRECTION('',(-0.5,0.866025403784,0.));
#115 = AXIS2_PLACEMENT_3D('',#116,#117,#118);
#116 = CARTESIAN_POINT('',(1.3E+03,866.02540378443,70.));
#117 = DIRECTION('',(0.,0.,1.));
#118 = DIRECTION('',(-0.5,0.866025403784,0.));
#119 = AXIS2_PLACEMENT_3D('',#120,#121,#122);
#120 = CARTESIAN_POINT('',(1.3E+03,866.02540378443,96.));
#121 = DIRECTION('',(0.,0.,1.));
#122 = DIRECTION('',(-0.5,0.866025403784,0.));
#123 = AXIS2_PLACEMENT_3D('',#124,#125,#126);
#124 = CARTESIAN_POINT('',(950.,1.472243186434E+03,37.5));
#125 = DIRECTION('',(0.,0.,1.));
#126 = DIRECTION('',(-0.5,0.866025403784,0.));
#127 = AXIS2_PLACEMENT_3D('',#128,#129,#130);
#128 = CARTESIAN_POINT('',(950.,1.472243186434E+03,70.));
#129 = DIRECTION('',(0.,0.,1.));
#130 = DIRECTION('',(-0.5,0.866025403784,0.));
#131 = AXIS2_PLACEMENT_3D('',#132,#133,#134);
#132 = CARTESIAN_POINT('',(950.,1.472243186434E+03,96.));
#133 = DIRECTION('',(0.,0.,1.));
#134 = DIRECTION('',(-0.5,0.866025403784,0.));
#135 = ( GEOMETRIC_REPRESENTATION_CONTEXT(3) 
GLOBAL_UNCERTAINTY_ASSIGNED_CONTEXT((#139)) GLOBAL_UNIT_ASSIGNED_CONTEXT
((#136,#137,#138)) REPRESENTATION_CONTEXT('Context #1',
  '3D Context with UNIT and UNCERTAINTY') );
#136 = ( LENGTH_UNIT() NAMED_UNIT(*) SI_UNIT(.MILLI.,.METRE.) );
#137 = ( NAMED_UNIT(*) PLANE_ANGLE_UNIT() SI_UNIT($,.RADIAN.) );
#138 = ( NAMED_UNIT(*) SI_UNIT($,.STERADIAN.) SOLID_ANGLE_UNIT() );
#139 = UNCERTAINTY_MEASURE_WITH_UNIT(LENGTH_MEASURE(1.E-07),#136,
  'distance_accuracy_value','confusion accuracy');
#140 = PRODUCT_RELATED_PRODUCT_CATEGORY('part',$,(#7));
#141 = SHAPE_DEFINITION_REPRESENTATION(#142,#148);
#142 = PRODUCT_DEFINITION_SHAPE('','',#143);
#143 = PRODUCT_DEFINITION('design','',#144,#147);
#144 = PRODUCT_DEFINITION_FORMATION('','',#145);
#145 = PRODUCT('folha1_mont_a','folha1_mont_a','',(#146));
#146 = PRODUCT_CONTEXT('',#2,'mechanical');
#147 = PRODUCT_DEFINITION_CONTEXT('part definition',#2,'design');
#148 = ADVANCED_BREP_SHAPE_REPRESENTATION('',(#11,#149),#299);
#149 = MANIFOLD_SOLID_BREP('',#150);
#150 = CLOSED_SHELL('',(#151,#191,#231,#253,#275,#287));
#151 = ADVANCED_FACE('',(#152),#186,.F.);
#152 = FACE_BOUND('',#153,.F.);
#153 = EDGE_LOOP('',(#154,#164,#172,#180));
#154 = ORIENTED_EDGE('',*,*,#155,.F.);
#155 = EDGE_CURVE('',#156,#158,#160,.T.);
#156 = VERTEX_POINT('',#157);
#157 = CARTESIAN_POINT('',(0.,-15.,100.));
#158 = VERTEX_POINT('',#159);
#159 = CARTESIAN_POINT('',(0.,-15.,1.7E+03));
#160 = LINE('',#161,#162);
#161 = CARTESIAN_POINT('',(0.,-15.,100.));
#162 = VECTOR('',#163,1.);
#163 = DIRECTION('',(0.,0.,1.));
#164 = ORIENTED_EDGE('',*,*,#165,.T.);
#165 = EDGE_CURVE('',#156,#166,#168,.T.);
#166 = VERTEX_POINT('',#167);
#167 = CARTESIAN_POINT('',(0.,15.,100.));
#168 = LINE('',#169,#170);
#169 = CARTESIAN_POINT('',(0.,-15.,100.));
#170 = VECTOR('',#171,1.);
#171 = DIRECTION('',(-0.,1.,0.));
#172 = ORIENTED_EDGE('',*,*,#173,.T.);
#173 = EDGE_CURVE('',#166,#174,#176,.T.);
#174 = VERTEX_POINT('',#175);
#175 = CARTESIAN_POINT('',(0.,15.,1.7E+03));
#176 = LINE('',#177,#178);
#177 = CARTESIAN_POINT('',(0.,15.,100.));
#178 = VECTOR('',#179,1.);
#179 = DIRECTION('',(0.,0.,1.));
#180 = ORIENTED_EDGE('',*,*,#181,.F.);
#181 = EDGE_CURVE('',#158,#174,#182,.T.);
#182 = LINE('',#183,#184);
#183 = CARTESIAN_POINT('',(0.,-15.,1.7E+03));
#184 = VECTOR('',#185,1.);
#185 = DIRECTION('',(-0.,1.,0.));
#186 = PLANE('',#187);
#187 = AXIS2_PLACEMENT_3D('',#188,#189,#190);
#188 = CARTESIAN_POINT('',(0.,-15.,100.));
#189 = DIRECTION('',(1.,0.,-0.));
#190 = DIRECTION('',(0.,0.,1.));
#191 = ADVANCED_FACE('',(#192),#226,.T.);
#192 = FACE_BOUND('',#193,.T.);
#193 = EDGE_LOOP('',(#194,#204,#212,#220));
#194 = ORIENTED_EDGE('',*,*,#195,.F.);
#195 = EDGE_CURVE('',#196,#198,#200,.T.);
#196 = VERTEX_POINT('',#197);
#197 = CARTESIAN_POINT('',(30.,-15.,100.));
#198 = VERTEX_POINT('',#199);
#199 = CARTESIAN_POINT('',(30.,-15.,1.7E+03));
#200 = LINE('',#201,#202);
#201 = CARTESIAN_POINT('',(30.,-15.,100.));
#202 = VECTOR('',#203,1.);
#203 = DIRECTION('',(0.,0.,1.));
#204 = ORIENTED_EDGE('',*,*,#205,.T.);
#205 = EDGE_CURVE('',#196,#206,#208,.T.);
#206 = VERTEX_POINT('',#207);
#207 = CARTESIAN_POINT('',(30.,15.,100.));
#208 = LINE('',#209,#210);
#209 = CARTESIAN_POINT('',(30.,-15.,100.));
#210 = VECTOR('',#211,1.);
#211 = DIRECTION('',(-0.,1.,0.));
#212 = ORIENTED_EDGE('',*,*,#213,.T.);
#213 = EDGE_CURVE('',#206,#214,#216,.T.);
#214 = VERTEX_POINT('',#215);
#215 = CARTESIAN_POINT('',(30.,15.,1.7E+03));
#216 = LINE('',#217,#218);
#217 = CARTESIAN_POINT('',(30.,15.,100.));
#218 = VECTOR('',#219,1.);
#219 = DIRECTION('',(0.,0.,1.));
#220 = ORIENTED_EDGE('',*,*,#221,.F.);
#221 = EDGE_CURVE('',#198,#214,#222,.T.);
#222 = LINE('',#223,#224);
#223 = CARTESIAN_POINT('',(30.,-15.,1.7E+03));
#224 = VECTOR('',#225,1.);
#225 = DIRECTION('',(-0.,1.,0.));
#226 = PLANE('',#227);
#227 = AXIS2_PLACEMENT_3D('',#228,#229,#230);
#228 = CARTESIAN_POINT('',(30.,-15.,100.));
#229 = DIRECTION('',(1.,0.,-0.));
#230 = DIRECTION('',(0.,0.,1.));
#231 = ADVANCED_FACE('',(#232),#248,.F.);
#232 = FACE_BOUND('',#233,.F.);
#233 = EDGE_LOOP('',(#234,#240,#241,#247));
#234 = ORIENTED_EDGE('',*,*,#235,.F.);
#235 = EDGE_CURVE('',#156,#196,#236,.T.);
#236 = LINE('',#237,#238);
#237 = CARTESIAN_POINT('',(0.,-15.,100.));
#238 = VECTOR('',#239,1.);
#239 = DIRECTION('',(1.,0.,-0.));
#240 = ORIENTED_EDGE('',*,*,#155,.T.);
#241 = ORIENTED_EDGE('',*,*,#242,.T.);
#242 = EDGE_CURVE('',#158,#198,#243,.T.);
#243 = LINE('',#244,#245);
#244 = CARTESIAN_POINT('',(0.,-15.,1.7E+03));
#245 = VECTOR('',#246,1.);
#246 = DIRECTION('',(1.,0.,-0.));
#247 = ORIENTED_EDGE('',*,*,#195,.F.);
#248 = PLANE('',#249);
#249 = AXIS2_PLACEMENT_3D('',#250,#251,#252);
#250 = CARTESIAN_POINT('',(0.,-15.,100.));
#251 = DIRECTION('',(-0.,1.,0.));
#252 = DIRECTION('',(0.,0.,1.));
#253 = ADVANCED_FACE('',(#254),#270,.T.);
#254 = FACE_BOUND('',#255,.T.);
#255 = EDGE_LOOP('',(#256,#262,#263,#269));
#256 = ORIENTED_EDGE('',*,*,#257,.F.);
#257 = EDGE_CURVE('',#166,#206,#258,.T.);
#258 = LINE('',#259,#260);
#259 = CARTESIAN_POINT('',(0.,15.,100.));
#260 = VECTOR('',#261,1.);
#261 = DIRECTION('',(1.,0.,-0.));
#262 = ORIENTED_EDGE('',*,*,#173,.T.);
#263 = ORIENTED_EDGE('',*,*,#264,.T.);
#264 = EDGE_CURVE('',#174,#214,#265,.T.);
#265 = LINE('',#266,#267);
#266 = CARTESIAN_POINT('',(0.,15.,1.7E+03));
#267 = VECTOR('',#268,1.);
#268 = DIRECTION('',(1.,0.,-0.));
#269 = ORIENTED_EDGE('',*,*,#213,.F.);
#270 = PLANE('',#271);
#271 = AXIS2_PLACEMENT_3D('',#272,#273,#274);
#272 = CARTESIAN_POINT('',(0.,15.,100.));
#273 = DIRECTION('',(-0.,1.,0.));
#274 = DIRECTION('',(0.,0.,1.));
#275 = ADVANCED_FACE('',(#276),#282,.F.);
#276 = FACE_BOUND('',#277,.F.);
#277 = EDGE_LOOP('',(#278,#279,#280,#281));
#278 = ORIENTED_EDGE('',*,*,#165,.F.);
#279 = ORIENTED_EDGE('',*,*,#235,.T.);
#280 = ORIENTED_EDGE('',*,*,#205,.T.);
#281 = ORIENTED_EDGE('',*,*,#257,.F.);
#282 = PLANE('',#283);
#283 = AXIS2_PLACEMENT_3D('',#284,#285,#286);
#284 = CARTESIAN_POINT('',(0.,-15.,100.));
#285 = DIRECTION('',(0.,0.,1.));
#286 = DIRECTION('',(1.,0.,-0.));
#287 = ADVANCED_FACE('',(#288),#294,.T.);
#288 = FACE_BOUND('',#289,.T.);
#289 = EDGE_LOOP('',(#290,#291,#292,#293));
#290 = ORIENTED_EDGE('',*,*,#181,.F.);
#291 = ORIENTED_EDGE('',*,*,#242,.T.);
#292 = ORIENTED_EDGE('',*,*,#221,.T.);
#293 = ORIENTED_EDGE('',*,*,#264,.F.);
#294 = PLANE('',#295);
#295 = AXIS2_PLACEMENT_3D('',#296,#297,#298);
#296 = CARTESIAN_POINT('',(0.,-15.,1.7E+03));
#297 = DIRECTION('',(0.,0.,1.));
#298 = DIRECTION('',(1.,0.,-0.));
#299 = ( GEOMETRIC_REPRESENTATION_CONTEXT(3) 
GLOBAL_UNCERTAINTY_ASSIGNED_CONTEXT((#303)) GLOBAL_UNIT_ASSIGNED_CONTEXT
((#300,#301,#302)) REPRESENTATION_CONTEXT('Context #1',
  '3D Context with UNIT and UNCERTAINTY') );
#300 = ( LENGTH_UNIT() NAMED_UNIT(*) SI_UNIT(.MILLI.,.METRE.) );
#301 = ( NAMED_UNIT(*) PLANE_ANGLE_UNIT() SI_UNIT($,.RADIAN.) );
#302 = ( NAMED_UNIT(*) SI_UNIT($,.STERADIAN.) SOLID_ANGLE_UNIT() );
#303 = UNCERTAINTY_MEASURE_WITH_UNIT(LENGTH_MEASURE(1.E-07),#300,
  'distance_accuracy_value','confusion accuracy');
#304 = CONTEXT_DEPENDENT_SHAPE_REPRESENTATION(#305,#307);
#305 = ( REPRESENTATION_RELATIONSHIP('','',#148,#10) 
REPRESENTATION_RELATIONSHIP_WITH_TRANSFORMATION(#306) 
SHAPE_REPRESENTATION_RELATIONSHIP() );
#306 = ITEM_DEFINED_TRANSFORMATION('','',#11,#15);
#307 = PRODUCT_DEFINITION_SHAPE('Placement','Placement of an item',#308
  );
#308 = NEXT_ASSEMBLY_USAGE_OCCURRENCE('1','folha1_mont_a','',#5,#143,$);
#309 = PRODUCT_RELATED_PRODUCT_CATEGORY('part',$,(#145));
#310 = SHAPE_DEFINITION_REPRESENTATION(#311,#317);
#311 = PRODUCT_DEFINITION_SHAPE('','',#312);
#312 = PRODUCT_DEFINITION('design','',#313,#316);
#313 = PRODUCT_DEFINITION_FORMATION('','',#314);
#314 = PRODUCT('folha1_mont_b','folha1_mont_b','',(#315));
#315 = PRODUCT_CONTEXT('',#2,'mechanical');
#316 = PRODUCT_DEFINITION_CONTEXT('part definition',#2,'design');
#317 = ADVANCED_BREP_SHAPE_REPRESENTATION('',(#11,#318),#468);
#318 = MANIFOLD_SOLID_BREP('',#319);
#319 = CLOSED_SHELL('',(#320,#360,#400,#422,#444,#456));
#320 = ADVANCED_FACE('',(#321),#355,.F.);
#321 = FACE_BOUND('',#322,.F.);
#322 = EDGE_LOOP('',(#323,#333,#341,#349));
#323 = ORIENTED_EDGE('',*,*,#324,.F.);
#324 = EDGE_CURVE('',#325,#327,#329,.T.);
#325 = VERTEX_POINT('',#326);
#326 = CARTESIAN_POINT('',(870.,-15.,100.));
#327 = VERTEX_POINT('',#328);
#328 = CARTESIAN_POINT('',(870.,-15.,1.7E+03));
#329 = LINE('',#330,#331);
#330 = CARTESIAN_POINT('',(870.,-15.,100.));
#331 = VECTOR('',#332,1.);
#332 = DIRECTION('',(0.,0.,1.));
#333 = ORIENTED_EDGE('',*,*,#334,.T.);
#334 = EDGE_CURVE('',#325,#335,#337,.T.);
#335 = VERTEX_POINT('',#336);
#336 = CARTESIAN_POINT('',(870.,15.,100.));
#337 = LINE('',#338,#339);
#338 = CARTESIAN_POINT('',(870.,-15.,100.));
#339 = VECTOR('',#340,1.);
#340 = DIRECTION('',(-0.,1.,0.));
#341 = ORIENTED_EDGE('',*,*,#342,.T.);
#342 = EDGE_CURVE('',#335,#343,#345,.T.);
#343 = VERTEX_POINT('',#344);
#344 = CARTESIAN_POINT('',(870.,15.,1.7E+03));
#345 = LINE('',#346,#347);
#346 = CARTESIAN_POINT('',(870.,15.,100.));
#347 = VECTOR('',#348,1.);
#348 = DIRECTION('',(0.,0.,1.));
#349 = ORIENTED_EDGE('',*,*,#350,.F.);
#350 = EDGE_CURVE('',#327,#343,#351,.T.);
#351 = LINE('',#352,#353);
#352 = CARTESIAN_POINT('',(870.,-15.,1.7E+03));
#353 = VECTOR('',#354,1.);
#354 = DIRECTION('',(-0.,1.,0.));
#355 = PLANE('',#356);
#356 = AXIS2_PLACEMENT_3D('',#357,#358,#359);
#357 = CARTESIAN_POINT('',(870.,-15.,100.));
#358 = DIRECTION('',(1.,0.,-0.));
#359 = DIRECTION('',(0.,0.,1.));
#360 = ADVANCED_FACE('',(#361),#395,.T.);
#361 = FACE_BOUND('',#362,.T.);
#362 = EDGE_LOOP('',(#363,#373,#381,#389));
#363 = ORIENTED_EDGE('',*,*,#364,.F.);
#364 = EDGE_CURVE('',#365,#367,#369,.T.);
#365 = VERTEX_POINT('',#366);
#366 = CARTESIAN_POINT('',(900.,-15.,100.));
#367 = VERTEX_POINT('',#368);
#368 = CARTESIAN_POINT('',(900.,-15.,1.7E+03));
#369 = LINE('',#370,#371);
#370 = CARTESIAN_POINT('',(900.,-15.,100.));
#371 = VECTOR('',#372,1.);
#372 = DIRECTION('',(0.,0.,1.));
#373 = ORIENTED_EDGE('',*,*,#374,.T.);
#374 = EDGE_CURVE('',#365,#375,#377,.T.);
#375 = VERTEX_POINT('',#376);
#376 = CARTESIAN_POINT('',(900.,15.,100.));
#377 = LINE('',#378,#379);
#378 = CARTESIAN_POINT('',(900.,-15.,100.));
#379 = VECTOR('',#380,1.);
#380 = DIRECTION('',(-0.,1.,0.));
#381 = ORIENTED_EDGE('',*,*,#382,.T.);
#382 = EDGE_CURVE('',#375,#383,#385,.T.);
#383 = VERTEX_POINT('',#384);
#384 = CARTESIAN_POINT('',(900.,15.,1.7E+03));
#385 = LINE('',#386,#387);
#386 = CARTESIAN_POINT('',(900.,15.,100.));
#387 = VECTOR('',#388,1.);
#388 = DIRECTION('',(0.,0.,1.));
#389 = ORIENTED_EDGE('',*,*,#390,.F.);
#390 = EDGE_CURVE('',#367,#383,#391,.T.);
#391 = LINE('',#392,#393);
#392 = CARTESIAN_POINT('',(900.,-15.,1.7E+03));
#393 = VECTOR('',#394,1.);
#394 = DIRECTION('',(-0.,1.,0.));
#395 = PLANE('',#396);
#396 = AXIS2_PLACEMENT_3D('',#397,#398,#399);
#397 = CARTESIAN_POINT('',(900.,-15.,100.));
#398 = DIRECTION('',(1.,0.,-0.));
#399 = DIRECTION('',(0.,0.,1.));
#400 = ADVANCED_FACE('',(#401),#417,.F.);
#401 = FACE_BOUND('',#402,.F.);
#402 = EDGE_LOOP('',(#403,#409,#410,#416));
#403 = ORIENTED_EDGE('',*,*,#404,.F.);
#404 = EDGE_CURVE('',#325,#365,#405,.T.);
#405 = LINE('',#406,#407);
#406 = CARTESIAN_POINT('',(870.,-15.,100.));
#407 = VECTOR('',#408,1.);
#408 = DIRECTION('',(1.,0.,-0.));
#409 = ORIENTED_EDGE('',*,*,#324,.T.);
#410 = ORIENTED_EDGE('',*,*,#411,.T.);
#411 = EDGE_CURVE('',#327,#367,#412,.T.);
#412 = LINE('',#413,#414);
#413 = CARTESIAN_POINT('',(870.,-15.,1.7E+03));
#414 = VECTOR('',#415,1.);
#415 = DIRECTION('',(1.,0.,-0.));
#416 = ORIENTED_EDGE('',*,*,#364,.F.);
#417 = PLANE('',#418);
#418 = AXIS2_PLACEMENT_3D('',#419,#420,#421);
#419 = CARTESIAN_POINT('',(870.,-15.,100.));
#420 = DIRECTION('',(-0.,1.,0.));
#421 = DIRECTION('',(0.,0.,1.));
#422 = ADVANCED_FACE('',(#423),#439,.T.);
#423 = FACE_BOUND('',#424,.T.);
#424 = EDGE_LOOP('',(#425,#431,#432,#438));
#425 = ORIENTED_EDGE('',*,*,#426,.F.);
#426 = EDGE_CURVE('',#335,#375,#427,.T.);
#427 = LINE('',#428,#429);
#428 = CARTESIAN_POINT('',(870.,15.,100.));
#429 = VECTOR('',#430,1.);
#430 = DIRECTION('',(1.,0.,-0.));
#431 = ORIENTED_EDGE('',*,*,#342,.T.);
#432 = ORIENTED_EDGE('',*,*,#433,.T.);
#433 = EDGE_CURVE('',#343,#383,#434,.T.);
#434 = LINE('',#435,#436);
#435 = CARTESIAN_POINT('',(870.,15.,1.7E+03));
#436 = VECTOR('',#437,1.);
#437 = DIRECTION('',(1.,0.,-0.));
#438 = ORIENTED_EDGE('',*,*,#382,.F.);
#439 = PLANE('',#440);
#440 = AXIS2_PLACEMENT_3D('',#441,#442,#443);
#441 = CARTESIAN_POINT('',(870.,15.,100.));
#442 = DIRECTION('',(-0.,1.,0.));
#443 = DIRECTION('',(0.,0.,1.));
#444 = ADVANCED_FACE('',(#445),#451,.F.);
#445 = FACE_BOUND('',#446,.F.);
#446 = EDGE_LOOP('',(#447,#448,#449,#450));
#447 = ORIENTED_EDGE('',*,*,#334,.F.);
#448 = ORIENTED_EDGE('',*,*,#404,.T.);
#449 = ORIENTED_EDGE('',*,*,#374,.T.);
#450 = ORIENTED_EDGE('',*,*,#426,.F.);
#451 = PLANE('',#452);
#452 = AXIS2_PLACEMENT_3D('',#453,#454,#455);
#453 = CARTESIAN_POINT('',(870.,-15.,100.));
#454 = DIRECTION('',(0.,0.,1.));
#455 = DIRECTION('',(1.,0.,-0.));
#456 = ADVANCED_FACE('',(#457),#463,.T.);
#457 = FACE_BOUND('',#458,.T.);
#458 = EDGE_LOOP('',(#459,#460,#461,#462));
#459 = ORIENTED_EDGE('',*,*,#350,.F.);
#460 = ORIENTED_EDGE('',*,*,#411,.T.);
#461 = ORIENTED_EDGE('',*,*,#390,.T.);
#462 = ORIENTED_EDGE('',*,*,#433,.F.);
#463 = PLANE('',#464);
#464 = AXIS2_PLACEMENT_3D('',#465,#466,#467);
#465 = CARTESIAN_POINT('',(870.,-15.,1.7E+03));
#466 = DIRECTION('',(0.,0.,1.));
#467 = DIRECTION('',(1.,0.,-0.));
#468 = ( GEOMETRIC_REPRESENTATION_CONTEXT(3) 
GLOBAL_UNCERTAINTY_ASSIGNED_CONTEXT((#472)) GLOBAL_UNIT_ASSIGNED_CONTEXT
((#469,#470,#471)) REPRESENTATION_CONTEXT('Context #1',
  '3D Context with UNIT and UNCERTAINTY') );
#469 = ( LENGTH_UNIT() NAMED_UNIT(*) SI_UNIT(.MILLI.,.METRE.) );
#470 = ( NAMED_UNIT(*) PLANE_ANGLE_UNIT() SI_UNIT($,.RADIAN.) );
#471 = ( NAMED_UNIT(*) SI_UNIT($,.STERADIAN.) SOLID_ANGLE_UNIT() );
#472 = UNCERTAINTY_MEASURE_WITH_UNIT(LENGTH_MEASURE(1.E-07),#469,
  'distance_accuracy_value','confusion accuracy');
#473 = CONTEXT_DEPENDENT_SHAPE_REPRESENTATION(#474,#476);
#474 = ( REPRESENTATION_RELATIONSHIP('','',#317,#10) 
REPRESENTATION_RELATIONSHIP_WITH_TRANSFORMATION(#475) 
SHAPE_REPRESENTATION_RELATIONSHIP() );
#475 = ITEM_DEFINED_TRANSFORMATION('','',#11,#19);
#476 = PRODUCT_DEFINITION_SHAPE('Placement','Placement of an item',#477
  );
#477 = NEXT_ASSEMBLY_USAGE_OCCURRENCE('2','folha1_mont_b','',#5,#312,$);
#478 = PRODUCT_RELATED_PRODUCT_CATEGORY('part',$,(#314));
#479 = SHAPE_DEFINITION_REPRESENTATION(#480,#486);
#480 = PRODUCT_DEFINITION_SHAPE('','',#481);
#481 = PRODUCT_DEFINITION('design','',#482,#485);
#482 = PRODUCT_DEFINITION_FORMATION('','',#483);
#483 = PRODUCT('folha1_trav_inf','folha1_trav_inf','',(#484));
#484 = PRODUCT_CONTEXT('',#2,'mechanical');
#485 = PRODUCT_DEFINITION_CONTEXT('part definition',#2,'design');
#486 = ADVANCED_BREP_SHAPE_REPRESENTATION('',(#11,#487),#637);
#487 = MANIFOLD_SOLID_BREP('',#488);
#488 = CLOSED_SHELL('',(#489,#529,#569,#591,#613,#625));
#489 = ADVANCED_FACE('',(#490),#524,.F.);
#490 = FACE_BOUND('',#491,.F.);
#491 = EDGE_LOOP('',(#492,#502,#510,#518));
#492 = ORIENTED_EDGE('',*,*,#493,.F.);
#493 = EDGE_CURVE('',#494,#496,#498,.T.);
#494 = VERTEX_POINT('',#495);
#495 = CARTESIAN_POINT('',(0.,-15.,-15.));
#496 = VERTEX_POINT('',#497);
#497 = CARTESIAN_POINT('',(0.,-15.,15.));
#498 = LINE('',#499,#500);
#499 = CARTESIAN_POINT('',(0.,-15.,-15.));
#500 = VECTOR('',#501,1.);
#501 = DIRECTION('',(0.,0.,1.));
#502 = ORIENTED_EDGE('',*,*,#503,.T.);
#503 = EDGE_CURVE('',#494,#504,#506,.T.);
#504 = VERTEX_POINT('',#505);
#505 = CARTESIAN_POINT('',(0.,15.,-15.));
#506 = LINE('',#507,#508);
#507 = CARTESIAN_POINT('',(0.,-15.,-15.));
#508 = VECTOR('',#509,1.);
#509 = DIRECTION('',(-0.,1.,0.));
#510 = ORIENTED_EDGE('',*,*,#511,.T.);
#511 = EDGE_CURVE('',#504,#512,#514,.T.);
#512 = VERTEX_POINT('',#513);
#513 = CARTESIAN_POINT('',(0.,15.,15.));
#514 = LINE('',#515,#516);
#515 = CARTESIAN_POINT('',(0.,15.,-15.));
#516 = VECTOR('',#517,1.);
#517 = DIRECTION('',(0.,0.,1.));
#518 = ORIENTED_EDGE('',*,*,#519,.F.);
#519 = EDGE_CURVE('',#496,#512,#520,.T.);
#520 = LINE('',#521,#522);
#521 = CARTESIAN_POINT('',(0.,-15.,15.));
#522 = VECTOR('',#523,1.);
#523 = DIRECTION('',(-0.,1.,0.));
#524 = PLANE('',#525);
#525 = AXIS2_PLACEMENT_3D('',#526,#527,#528);
#526 = CARTESIAN_POINT('',(0.,-15.,-15.));
#527 = DIRECTION('',(1.,0.,-0.));
#528 = DIRECTION('',(0.,0.,1.));
#529 = ADVANCED_FACE('',(#530),#564,.T.);
#530 = FACE_BOUND('',#531,.T.);
#531 = EDGE_LOOP('',(#532,#542,#550,#558));
#532 = ORIENTED_EDGE('',*,*,#533,.F.);
#533 = EDGE_CURVE('',#534,#536,#538,.T.);
#534 = VERTEX_POINT('',#535);
#535 = CARTESIAN_POINT('',(840.,-15.,-15.));
#536 = VERTEX_POINT('',#537);
#537 = CARTESIAN_POINT('',(840.,-15.,15.));
#538 = LINE('',#539,#540);
#539 = CARTESIAN_POINT('',(840.,-15.,-15.));
#540 = VECTOR('',#541,1.);
#541 = DIRECTION('',(0.,0.,1.));
#542 = ORIENTED_EDGE('',*,*,#543,.T.);
#543 = EDGE_CURVE('',#534,#544,#546,.T.);
#544 = VERTEX_POINT('',#545);
#545 = CARTESIAN_POINT('',(840.,15.,-15.));
#546 = LINE('',#547,#548);
#547 = CARTESIAN_POINT('',(840.,-15.,-15.));
#548 = VECTOR('',#549,1.);
#549 = DIRECTION('',(-0.,1.,0.));
#550 = ORIENTED_EDGE('',*,*,#551,.T.);
#551 = EDGE_CURVE('',#544,#552,#554,.T.);
#552 = VERTEX_POINT('',#553);
#553 = CARTESIAN_POINT('',(840.,15.,15.));
#554 = LINE('',#555,#556);
#555 = CARTESIAN_POINT('',(840.,15.,-15.));
#556 = VECTOR('',#557,1.);
#557 = DIRECTION('',(0.,0.,1.));
#558 = ORIENTED_EDGE('',*,*,#559,.F.);
#559 = EDGE_CURVE('',#536,#552,#560,.T.);
#560 = LINE('',#561,#562);
#561 = CARTESIAN_POINT('',(840.,-15.,15.));
#562 = VECTOR('',#563,1.);
#563 = DIRECTION('',(-0.,1.,0.));
#564 = PLANE('',#565);
#565 = AXIS2_PLACEMENT_3D('',#566,#567,#568);
#566 = CARTESIAN_POINT('',(840.,-15.,-15.));
#567 = DIRECTION('',(1.,0.,-0.));
#568 = DIRECTION('',(0.,0.,1.));
#569 = ADVANCED_FACE('',(#570),#586,.F.);
#570 = FACE_BOUND('',#571,.F.);
#571 = EDGE_LOOP('',(#572,#578,#579,#585));
#572 = ORIENTED_EDGE('',*,*,#573,.F.);
#573 = EDGE_CURVE('',#494,#534,#574,.T.);
#574 = LINE('',#575,#576);
#575 = CARTESIAN_POINT('',(0.,-15.,-15.));
#576 = VECTOR('',#577,1.);
#577 = DIRECTION('',(1.,0.,-0.));
#578 = ORIENTED_EDGE('',*,*,#493,.T.);
#579 = ORIENTED_EDGE('',*,*,#580,.T.);
#580 = EDGE_CURVE('',#496,#536,#581,.T.);
#581 = LINE('',#582,#583);
#582 = CARTESIAN_POINT('',(0.,-15.,15.));
#583 = VECTOR('',#584,1.);
#584 = DIRECTION('',(1.,0.,-0.));
#585 = ORIENTED_EDGE('',*,*,#533,.F.);
#586 = PLANE('',#587);
#587 = AXIS2_PLACEMENT_3D('',#588,#589,#590);
#588 = CARTESIAN_POINT('',(0.,-15.,-15.));
#589 = DIRECTION('',(-0.,1.,0.));
#590 = DIRECTION('',(0.,0.,1.));
#591 = ADVANCED_FACE('',(#592),#608,.T.);
#592 = FACE_BOUND('',#593,.T.);
#593 = EDGE_LOOP('',(#594,#600,#601,#607));
#594 = ORIENTED_EDGE('',*,*,#595,.F.);
#595 = EDGE_CURVE('',#504,#544,#596,.T.);
#596 = LINE('',#597,#598);
#597 = CARTESIAN_POINT('',(0.,15.,-15.));
#598 = VECTOR('',#599,1.);
#599 = DIRECTION('',(1.,0.,-0.));
#600 = ORIENTED_EDGE('',*,*,#511,.T.);
#601 = ORIENTED_EDGE('',*,*,#602,.T.);
#602 = EDGE_CURVE('',#512,#552,#603,.T.);
#603 = LINE('',#604,#605);
#604 = CARTESIAN_POINT('',(0.,15.,15.));
#605 = VECTOR('',#606,1.);
#606 = DIRECTION('',(1.,0.,-0.));
#607 = ORIENTED_EDGE('',*,*,#551,.F.);
#608 = PLANE('',#609);
#609 = AXIS2_PLACEMENT_3D('',#610,#611,#612);
#610 = CARTESIAN_POINT('',(0.,15.,-15.));
#611 = DIRECTION('',(-0.,1.,0.));
#612 = DIRECTION('',(0.,0.,1.));
#613 = ADVANCED_FACE('',(#614),#620,.F.);
#614 = FACE_BOUND('',#615,.F.);
#615 = EDGE_LOOP('',(#616,#617,#618,#619));
#616 = ORIENTED_EDGE('',*,*,#503,.F.);
#617 = ORIENTED_EDGE('',*,*,#573,.T.);
#618 = ORIENTED_EDGE('',*,*,#543,.T.);
#619 = ORIENTED_EDGE('',*,*,#595,.F.);
#620 = PLANE('',#621);
#621 = AXIS2_PLACEMENT_3D('',#622,#623,#624);
#622 = CARTESIAN_POINT('',(0.,-15.,-15.));
#623 = DIRECTION('',(0.,0.,1.));
#624 = DIRECTION('',(1.,0.,-0.));
#625 = ADVANCED_FACE('',(#626),#632,.T.);
#626 = FACE_BOUND('',#627,.T.);
#627 = EDGE_LOOP('',(#628,#629,#630,#631));
#628 = ORIENTED_EDGE('',*,*,#519,.F.);
#629 = ORIENTED_EDGE('',*,*,#580,.T.);
#630 = ORIENTED_EDGE('',*,*,#559,.T.);
#631 = ORIENTED_EDGE('',*,*,#602,.F.);
#632 = PLANE('',#633);
#633 = AXIS2_PLACEMENT_3D('',#634,#635,#636);
#634 = CARTESIAN_POINT('',(0.,-15.,15.));
#635 = DIRECTION('',(0.,0.,1.));
#636 = DIRECTION('',(1.,0.,-0.));
#637 = ( GEOMETRIC_REPRESENTATION_CONTEXT(3) 
GLOBAL_UNCERTAINTY_ASSIGNED_CONTEXT((#641)) GLOBAL_UNIT_ASSIGNED_CONTEXT
((#638,#639,#640)) REPRESENTATION_CONTEXT('Context #1',
  '3D Context with UNIT and UNCERTAINTY') );
#638 = ( LENGTH_UNIT() NAMED_UNIT(*) SI_UNIT(.MILLI.,.METRE.) );
#639 = ( NAMED_UNIT(*) PLANE_ANGLE_UNIT() SI_UNIT($,.RADIAN.) );
#640 = ( NAMED_UNIT(*) SI_UNIT($,.STERADIAN.) SOLID_ANGLE_UNIT() );
#641 = UNCERTAINTY_MEASURE_WITH_UNIT(LENGTH_MEASURE(1.E-07),#638,
  'distance_accuracy_value','confusion accuracy');
#642 = CONTEXT_DEPENDENT_SHAPE_REPRESENTATION(#643,#645);
#643 = ( REPRESENTATION_RELATIONSHIP('','',#486,#10) 
REPRESENTATION_RELATIONSHIP_WITH_TRANSFORMATION(#644) 
SHAPE_REPRESENTATION_RELATIONSHIP() );
#644 = ITEM_DEFINED_TRANSFORMATION('','',#11,#23);
#645 = PRODUCT_DEFINITION_SHAPE('Placement','Placement of an item',#646
  );
#646 = NEXT_ASSEMBLY_USAGE_OCCURRENCE('3','folha1_trav_inf','',#5,#481,$
  );
#647 = PRODUCT_RELATED_PRODUCT_CATEGORY('part',$,(#483));
#648 = SHAPE_DEFINITION_REPRESENTATION(#649,#655);
#649 = PRODUCT_DEFINITION_SHAPE('','',#650);
#650 = PRODUCT_DEFINITION('design','',#651,#654);
#651 = PRODUCT_DEFINITION_FORMATION('','',#652);
#652 = PRODUCT('folha1_trav_sup','folha1_trav_sup','',(#653));
#653 = PRODUCT_CONTEXT('',#2,'mechanical');
#654 = PRODUCT_DEFINITION_CONTEXT('part definition',#2,'design');
#655 = ADVANCED_BREP_SHAPE_REPRESENTATION('',(#11,#656),#806);
#656 = MANIFOLD_SOLID_BREP('',#657);
#657 = CLOSED_SHELL('',(#658,#698,#738,#760,#782,#794));
#658 = ADVANCED_FACE('',(#659),#693,.F.);
#659 = FACE_BOUND('',#660,.F.);
#660 = EDGE_LOOP('',(#661,#671,#679,#687));
#661 = ORIENTED_EDGE('',*,*,#662,.F.);
#662 = EDGE_CURVE('',#663,#665,#667,.T.);
#663 = VERTEX_POINT('',#664);
#664 = CARTESIAN_POINT('',(0.,-15.,-15.));
#665 = VERTEX_POINT('',#666);
#666 = CARTESIAN_POINT('',(0.,-15.,15.));
#667 = LINE('',#668,#669);
#668 = CARTESIAN_POINT('',(0.,-15.,-15.));
#669 = VECTOR('',#670,1.);
#670 = DIRECTION('',(0.,0.,1.));
#671 = ORIENTED_EDGE('',*,*,#672,.T.);
#672 = EDGE_CURVE('',#663,#673,#675,.T.);
#673 = VERTEX_POINT('',#674);
#674 = CARTESIAN_POINT('',(0.,15.,-15.));
#675 = LINE('',#676,#677);
#676 = CARTESIAN_POINT('',(0.,-15.,-15.));
#677 = VECTOR('',#678,1.);
#678 = DIRECTION('',(-0.,1.,0.));
#679 = ORIENTED_EDGE('',*,*,#680,.T.);
#680 = EDGE_CURVE('',#673,#681,#683,.T.);
#681 = VERTEX_POINT('',#682);
#682 = CARTESIAN_POINT('',(0.,15.,15.));
#683 = LINE('',#684,#685);
#684 = CARTESIAN_POINT('',(0.,15.,-15.));
#685 = VECTOR('',#686,1.);
#686 = DIRECTION('',(0.,0.,1.));
#687 = ORIENTED_EDGE('',*,*,#688,.F.);
#688 = EDGE_CURVE('',#665,#681,#689,.T.);
#689 = LINE('',#690,#691);
#690 = CARTESIAN_POINT('',(0.,-15.,15.));
#691 = VECTOR('',#692,1.);
#692 = DIRECTION('',(-0.,1.,0.));
#693 = PLANE('',#694);
#694 = AXIS2_PLACEMENT_3D('',#695,#696,#697);
#695 = CARTESIAN_POINT('',(0.,-15.,-15.));
#696 = DIRECTION('',(1.,0.,-0.));
#697 = DIRECTION('',(0.,0.,1.));
#698 = ADVANCED_FACE('',(#699),#733,.T.);
#699 = FACE_BOUND('',#700,.T.);
#700 = EDGE_LOOP('',(#701,#711,#719,#727));
#701 = ORIENTED_EDGE('',*,*,#702,.F.);
#702 = EDGE_CURVE('',#703,#705,#707,.T.);
#703 = VERTEX_POINT('',#704);
#704 = CARTESIAN_POINT('',(840.,-15.,-15.));
#705 = VERTEX_POINT('',#706);
#706 = CARTESIAN_POINT('',(840.,-15.,15.));
#707 = LINE('',#708,#709);
#708 = CARTESIAN_POINT('',(840.,-15.,-15.));
#709 = VECTOR('',#710,1.);
#710 = DIRECTION('',(0.,0.,1.));
#711 = ORIENTED_EDGE('',*,*,#712,.T.);
#712 = EDGE_CURVE('',#703,#713,#715,.T.);
#713 = VERTEX_POINT('',#714);
#714 = CARTESIAN_POINT('',(840.,15.,-15.));
#715 = LINE('',#716,#717);
#716 = CARTESIAN_POINT('',(840.,-15.,-15.));
#717 = VECTOR('',#718,1.);
#718 = DIRECTION('',(-0.,1.,0.));
#719 = ORIENTED_EDGE('',*,*,#720,.T.);
#720 = EDGE_CURVE('',#713,#721,#723,.T.);
#721 = VERTEX_POINT('',#722);
#722 = CARTESIAN_POINT('',(840.,15.,15.));
#723 = LINE('',#724,#725);
#724 = CARTESIAN_POINT('',(840.,15.,-15.));
#725 = VECTOR('',#726,1.);
#726 = DIRECTION('',(0.,0.,1.));
#727 = ORIENTED_EDGE('',*,*,#728,.F.);
#728 = EDGE_CURVE('',#705,#721,#729,.T.);
#729 = LINE('',#730,#731);
#730 = CARTESIAN_POINT('',(840.,-15.,15.));
#731 = VECTOR('',#732,1.);
#732 = DIRECTION('',(-0.,1.,0.));
#733 = PLANE('',#734);
#734 = AXIS2_PLACEMENT_3D('',#735,#736,#737);
#735 = CARTESIAN_POINT('',(840.,-15.,-15.));
#736 = DIRECTION('',(1.,0.,-0.));
#737 = DIRECTION('',(0.,0.,1.));
#738 = ADVANCED_FACE('',(#739),#755,.F.);
#739 = FACE_BOUND('',#740,.F.);
#740 = EDGE_LOOP('',(#741,#747,#748,#754));
#741 = ORIENTED_EDGE('',*,*,#742,.F.);
#742 = EDGE_CURVE('',#663,#703,#743,.T.);
#743 = LINE('',#744,#745);
#744 = CARTESIAN_POINT('',(0.,-15.,-15.));
#745 = VECTOR('',#746,1.);
#746 = DIRECTION('',(1.,0.,-0.));
#747 = ORIENTED_EDGE('',*,*,#662,.T.);
#748 = ORIENTED_EDGE('',*,*,#749,.T.);
#749 = EDGE_CURVE('',#665,#705,#750,.T.);
#750 = LINE('',#751,#752);
#751 = CARTESIAN_POINT('',(0.,-15.,15.));
#752 = VECTOR('',#753,1.);
#753 = DIRECTION('',(1.,0.,-0.));
#754 = ORIENTED_EDGE('',*,*,#702,.F.);
#755 = PLANE('',#756);
#756 = AXIS2_PLACEMENT_3D('',#757,#758,#759);
#757 = CARTESIAN_POINT('',(0.,-15.,-15.));
#758 = DIRECTION('',(-0.,1.,0.));
#759 = DIRECTION('',(0.,0.,1.));
#760 = ADVANCED_FACE('',(#761),#777,.T.);
#761 = FACE_BOUND('',#762,.T.);
#762 = EDGE_LOOP('',(#763,#769,#770,#776));
#763 = ORIENTED_EDGE('',*,*,#764,.F.);
#764 = EDGE_CURVE('',#673,#713,#765,.T.);
#765 = LINE('',#766,#767);
#766 = CARTESIAN_POINT('',(0.,15.,-15.));
#767 = VECTOR('',#768,1.);
#768 = DIRECTION('',(1.,0.,-0.));
#769 = ORIENTED_EDGE('',*,*,#680,.T.);
#770 = ORIENTED_EDGE('',*,*,#771,.T.);
#771 = EDGE_CURVE('',#681,#721,#772,.T.);
#772 = LINE('',#773,#774);
#773 = CARTESIAN_POINT('',(0.,15.,15.));
#774 = VECTOR('',#775,1.);
#775 = DIRECTION('',(1.,0.,-0.));
#776 = ORIENTED_EDGE('',*,*,#720,.F.);
#777 = PLANE('',#778);
#778 = AXIS2_PLACEMENT_3D('',#779,#780,#781);
#779 = CARTESIAN_POINT('',(0.,15.,-15.));
#780 = DIRECTION('',(-0.,1.,0.));
#781 = DIRECTION('',(0.,0.,1.));
#782 = ADVANCED_FACE('',(#783),#789,.F.);
#783 = FACE_BOUND('',#784,.F.);
#784 = EDGE_LOOP('',(#785,#786,#787,#788));
#785 = ORIENTED_EDGE('',*,*,#672,.F.);
#786 = ORIENTED_EDGE('',*,*,#742,.T.);
#787 = ORIENTED_EDGE('',*,*,#712,.T.);
#788 = ORIENTED_EDGE('',*,*,#764,.F.);
#789 = PLANE('',#790);
#790 = AXIS2_PLACEMENT_3D('',#791,#792,#793);
#791 = CARTESIAN_POINT('',(0.,-15.,-15.));
#792 = DIRECTION('',(0.,0.,1.));
#793 = DIRECTION('',(1.,0.,-0.));
#794 = ADVANCED_FACE('',(#795),#801,.T.);
#795 = FACE_BOUND('',#796,.T.);
#796 = EDGE_LOOP('',(#797,#798,#799,#800));
#797 = ORIENTED_EDGE('',*,*,#688,.F.);
#798 = ORIENTED_EDGE('',*,*,#749,.T.);
#799 = ORIENTED_EDGE('',*,*,#728,.T.);
#800 = ORIENTED_EDGE('',*,*,#771,.F.);
#801 = PLANE('',#802);
#802 = AXIS2_PLACEMENT_3D('',#803,#804,#805);
#803 = CARTESIAN_POINT('',(0.,-15.,15.));
#804 = DIRECTION('',(0.,0.,1.));
#805 = DIRECTION('',(1.,0.,-0.));
#806 = ( GEOMETRIC_REPRESENTATION_CONTEXT(3) 
GLOBAL_UNCERTAINTY_ASSIGNED_CONTEXT((#810)) GLOBAL_UNIT_ASSIGNED_CONTEXT
((#807,#808,#809)) REPRESENTATION_CONTEXT('Context #1',
  '3D Context with UNIT and UNCERTAINTY') );
#807 = ( LENGTH_UNIT() NAMED_UNIT(*) SI_UNIT(.MILLI.,.METRE.) );
#808 = ( NAMED_UNIT(*) PLANE_ANGLE_UNIT() SI_UNIT($,.RADIAN.) );
#809 = ( NAMED_UNIT(*) SI_UNIT($,.STERADIAN.) SOLID_ANGLE_UNIT() );
#810 = UNCERTAINTY_MEASURE_WITH_UNIT(LENGTH_MEASURE(1.E-07),#807,
  'distance_accuracy_value','confusion accuracy');
#811 = CONTEXT_DEPENDENT_SHAPE_REPRESENTATION(#812,#814);
#812 = ( REPRESENTATION_RELATIONSHIP('','',#655,#10) 
REPRESENTATION_RELATIONSHIP_WITH_TRANSFORMATION(#813) 
SHAPE_REPRESENTATION_RELATIONSHIP() );
#813 = ITEM_DEFINED_TRANSFORMATION('','',#11,#27);
#814 = PRODUCT_DEFINITION_SHAPE('Placement','Placement of an item',#815
  );
#815 = NEXT_ASSEMBLY_USAGE_OCCURRENCE('4','folha1_trav_sup','',#5,#650,$
  );
#816 = PRODUCT_RELATED_PRODUCT_CATEGORY('part',$,(#652));
#817 = SHAPE_DEFINITION_REPRESENTATION(#818,#824);
#818 = PRODUCT_DEFINITION_SHAPE('','',#819);
#819 = PRODUCT_DEFINITION('design','',#820,#823);
#820 = PRODUCT_DEFINITION_FORMATION('','',#821);
#821 = PRODUCT('folha1_roda_a','folha1_roda_a','',(#822));
#822 = PRODUCT_CONTEXT('',#2,'mechanical');
#823 = PRODUCT_DEFINITION_CONTEXT('part definition',#2,'design');
#824 = ADVANCED_BREP_SHAPE_REPRESENTATION('',(#11,#825),#878);
#825 = MANIFOLD_SOLID_BREP('',#826);
#826 = CLOSED_SHELL('',(#827,#860,#869));
#827 = ADVANCED_FACE('',(#828),#855,.T.);
#828 = FACE_BOUND('',#829,.T.);
#829 = EDGE_LOOP('',(#830,#839,#847,#854));
#830 = ORIENTED_EDGE('',*,*,#831,.F.);
#831 = EDGE_CURVE('',#832,#832,#834,.T.);
#832 = VERTEX_POINT('',#833);
#833 = CARTESIAN_POINT('',(-9.E-15,16.,37.5));
#834 = CIRCLE('',#835,37.5);
#835 = AXIS2_PLACEMENT_3D('',#836,#837,#838);
#836 = CARTESIAN_POINT('',(0.,16.,0.));
#837 = DIRECTION('',(0.,1.,0.));
#838 = DIRECTION('',(0.,-0.,1.));
#839 = ORIENTED_EDGE('',*,*,#840,.F.);
#840 = EDGE_CURVE('',#841,#832,#843,.T.);
#841 = VERTEX_POINT('',#842);
#842 = CARTESIAN_POINT('',(-9.E-15,-16.,37.5));
#843 = LINE('',#844,#845);
#844 = CARTESIAN_POINT('',(-9.18E-15,-16.,37.5));
#845 = VECTOR('',#846,1.);
#846 = DIRECTION('',(0.,1.,0.));
#847 = ORIENTED_EDGE('',*,*,#848,.T.);
#848 = EDGE_CURVE('',#841,#841,#849,.T.);
#849 = CIRCLE('',#850,37.5);
#850 = AXIS2_PLACEMENT_3D('',#851,#852,#853);
#851 = CARTESIAN_POINT('',(0.,-16.,0.));
#852 = DIRECTION('',(0.,1.,0.));
#853 = DIRECTION('',(0.,-0.,1.));
#854 = ORIENTED_EDGE('',*,*,#840,.T.);
#855 = CYLINDRICAL_SURFACE('',#856,37.5);
#856 = AXIS2_PLACEMENT_3D('',#857,#858,#859);
#857 = CARTESIAN_POINT('',(0.,-16.,0.));
#858 = DIRECTION('',(0.,1.,0.));
#859 = DIRECTION('',(0.,-0.,1.));
#860 = ADVANCED_FACE('',(#861),#864,.T.);
#861 = FACE_BOUND('',#862,.T.);
#862 = EDGE_LOOP('',(#863));
#863 = ORIENTED_EDGE('',*,*,#831,.T.);
#864 = PLANE('',#865);
#865 = AXIS2_PLACEMENT_3D('',#866,#867,#868);
#866 = CARTESIAN_POINT('',(0.,16.,0.));
#867 = DIRECTION('',(0.,1.,0.));
#868 = DIRECTION('',(0.,-0.,1.));
#869 = ADVANCED_FACE('',(#870),#873,.F.);
#870 = FACE_BOUND('',#871,.T.);
#871 = EDGE_LOOP('',(#872));
#872 = ORIENTED_EDGE('',*,*,#848,.F.);
#873 = PLANE('',#874);
#874 = AXIS2_PLACEMENT_3D('',#875,#876,#877);
#875 = CARTESIAN_POINT('',(0.,-16.,0.));
#876 = DIRECTION('',(0.,1.,0.));
#877 = DIRECTION('',(0.,-0.,1.));
#878 = ( GEOMETRIC_REPRESENTATION_CONTEXT(3) 
GLOBAL_UNCERTAINTY_ASSIGNED_CONTEXT((#882)) GLOBAL_UNIT_ASSIGNED_CONTEXT
((#879,#880,#881)) REPRESENTATION_CONTEXT('Context #1',
  '3D Context with UNIT and UNCERTAINTY') );
#879 = ( LENGTH_UNIT() NAMED_UNIT(*) SI_UNIT(.MILLI.,.METRE.) );
#880 = ( NAMED_UNIT(*) PLANE_ANGLE_UNIT() SI_UNIT($,.RADIAN.) );
#881 = ( NAMED_UNIT(*) SI_UNIT($,.STERADIAN.) SOLID_ANGLE_UNIT() );
#882 = UNCERTAINTY_MEASURE_WITH_UNIT(LENGTH_MEASURE(1.E-07),#879,
  'distance_accuracy_value','confusion accuracy');
#883 = CONTEXT_DEPENDENT_SHAPE_REPRESENTATION(#884,#886);
#884 = ( REPRESENTATION_RELATIONSHIP('','',#824,#10) 
REPRESENTATION_RELATIONSHIP_WITH_TRANSFORMATION(#885) 
SHAPE_REPRESENTATION_RELATIONSHIP() );
#885 = ITEM_DEFINED_TRANSFORMATION('','',#11,#31);
#886 = PRODUCT_DEFINITION_SHAPE('Placement','Placement of an item',#887
  );
#887 = NEXT_ASSEMBLY_USAGE_OCCURRENCE('5','folha1_roda_a','',#5,#819,$);
#888 = PRODUCT_RELATED_PRODUCT_CATEGORY('part',$,(#821));
#889 = SHAPE_DEFINITION_REPRESENTATION(#890,#896);
#890 = PRODUCT_DEFINITION_SHAPE('','',#891);
#891 = PRODUCT_DEFINITION('design','',#892,#895);
#892 = PRODUCT_DEFINITION_FORMATION('','',#893);
#893 = PRODUCT('folha1_garfo_a','folha1_garfo_a','',(#894));
#894 = PRODUCT_CONTEXT('',#2,'mechanical');
#895 = PRODUCT_DEFINITION_CONTEXT('part definition',#2,'design');
#896 = ADVANCED_BREP_SHAPE_REPRESENTATION('',(#11,#897),#1047);
#897 = MANIFOLD_SOLID_BREP('',#898);
#898 = CLOSED_SHELL('',(#899,#939,#979,#1001,#1023,#1035));
#899 = ADVANCED_FACE('',(#900),#934,.F.);
#900 = FACE_BOUND('',#901,.F.);
#901 = EDGE_LOOP('',(#902,#912,#920,#928));
#902 = ORIENTED_EDGE('',*,*,#903,.F.);
#903 = EDGE_CURVE('',#904,#906,#908,.T.);
#904 = VERTEX_POINT('',#905);
#905 = CARTESIAN_POINT('',(-23.,-18.,0.));
#906 = VERTEX_POINT('',#907);
#907 = CARTESIAN_POINT('',(-23.,-18.,30.));
#908 = LINE('',#909,#910);
#909 = CARTESIAN_POINT('',(-23.,-18.,0.));
#910 = VECTOR('',#911,1.);
#911 = DIRECTION('',(0.,0.,1.));
#912 = ORIENTED_EDGE('',*,*,#913,.T.);
#913 = EDGE_CURVE('',#904,#914,#916,.T.);
#914 = VERTEX_POINT('',#915);
#915 = CARTESIAN_POINT('',(-23.,18.,0.));
#916 = LINE('',#917,#918);
#917 = CARTESIAN_POINT('',(-23.,-18.,0.));
#918 = VECTOR('',#919,1.);
#919 = DIRECTION('',(-0.,1.,0.));
#920 = ORIENTED_EDGE('',*,*,#921,.T.);
#921 = EDGE_CURVE('',#914,#922,#924,.T.);
#922 = VERTEX_POINT('',#923);
#923 = CARTESIAN_POINT('',(-23.,18.,30.));
#924 = LINE('',#925,#926);
#925 = CARTESIAN_POINT('',(-23.,18.,0.));
#926 = VECTOR('',#927,1.);
#927 = DIRECTION('',(0.,0.,1.));
#928 = ORIENTED_EDGE('',*,*,#929,.F.);
#929 = EDGE_CURVE('',#906,#922,#930,.T.);
#930 = LINE('',#931,#932);
#931 = CARTESIAN_POINT('',(-23.,-18.,30.));
#932 = VECTOR('',#933,1.);
#933 = DIRECTION('',(-0.,1.,0.));
#934 = PLANE('',#935);
#935 = AXIS2_PLACEMENT_3D('',#936,#937,#938);
#936 = CARTESIAN_POINT('',(-23.,-18.,0.));
#937 = DIRECTION('',(1.,0.,-0.));
#938 = DIRECTION('',(0.,0.,1.));
#939 = ADVANCED_FACE('',(#940),#974,.T.);
#940 = FACE_BOUND('',#941,.T.);
#941 = EDGE_LOOP('',(#942,#952,#960,#968));
#942 = ORIENTED_EDGE('',*,*,#943,.F.);
#943 = EDGE_CURVE('',#944,#946,#948,.T.);
#944 = VERTEX_POINT('',#945);
#945 = CARTESIAN_POINT('',(23.,-18.,0.));
#946 = VERTEX_POINT('',#947);
#947 = CARTESIAN_POINT('',(23.,-18.,30.));
#948 = LINE('',#949,#950);
#949 = CARTESIAN_POINT('',(23.,-18.,0.));
#950 = VECTOR('',#951,1.);
#951 = DIRECTION('',(0.,0.,1.));
#952 = ORIENTED_EDGE('',*,*,#953,.T.);
#953 = EDGE_CURVE('',#944,#954,#956,.T.);
#954 = VERTEX_POINT('',#955);
#955 = CARTESIAN_POINT('',(23.,18.,0.));
#956 = LINE('',#957,#958);
#957 = CARTESIAN_POINT('',(23.,-18.,0.));
#958 = VECTOR('',#959,1.);
#959 = DIRECTION('',(-0.,1.,0.));
#960 = ORIENTED_EDGE('',*,*,#961,.T.);
#961 = EDGE_CURVE('',#954,#962,#964,.T.);
#962 = VERTEX_POINT('',#963);
#963 = CARTESIAN_POINT('',(23.,18.,30.));
#964 = LINE('',#965,#966);
#965 = CARTESIAN_POINT('',(23.,18.,0.));
#966 = VECTOR('',#967,1.);
#967 = DIRECTION('',(0.,0.,1.));
#968 = ORIENTED_EDGE('',*,*,#969,.F.);
#969 = EDGE_CURVE('',#946,#962,#970,.T.);
#970 = LINE('',#971,#972);
#971 = CARTESIAN_POINT('',(23.,-18.,30.));
#972 = VECTOR('',#973,1.);
#973 = DIRECTION('',(-0.,1.,0.));
#974 = PLANE('',#975);
#975 = AXIS2_PLACEMENT_3D('',#976,#977,#978);
#976 = CARTESIAN_POINT('',(23.,-18.,0.));
#977 = DIRECTION('',(1.,0.,-0.));
#978 = DIRECTION('',(0.,0.,1.));
#979 = ADVANCED_FACE('',(#980),#996,.F.);
#980 = FACE_BOUND('',#981,.F.);
#981 = EDGE_LOOP('',(#982,#988,#989,#995));
#982 = ORIENTED_EDGE('',*,*,#983,.F.);
#983 = EDGE_CURVE('',#904,#944,#984,.T.);
#984 = LINE('',#985,#986);
#985 = CARTESIAN_POINT('',(-23.,-18.,0.));
#986 = VECTOR('',#987,1.);
#987 = DIRECTION('',(1.,0.,-0.));
#988 = ORIENTED_EDGE('',*,*,#903,.T.);
#989 = ORIENTED_EDGE('',*,*,#990,.T.);
#990 = EDGE_CURVE('',#906,#946,#991,.T.);
#991 = LINE('',#992,#993);
#992 = CARTESIAN_POINT('',(-23.,-18.,30.));
#993 = VECTOR('',#994,1.);
#994 = DIRECTION('',(1.,0.,-0.));
#995 = ORIENTED_EDGE('',*,*,#943,.F.);
#996 = PLANE('',#997);
#997 = AXIS2_PLACEMENT_3D('',#998,#999,#1000);
#998 = CARTESIAN_POINT('',(-23.,-18.,0.));
#999 = DIRECTION('',(-0.,1.,0.));
#1000 = DIRECTION('',(0.,0.,1.));
#1001 = ADVANCED_FACE('',(#1002),#1018,.T.);
#1002 = FACE_BOUND('',#1003,.T.);
#1003 = EDGE_LOOP('',(#1004,#1010,#1011,#1017));
#1004 = ORIENTED_EDGE('',*,*,#1005,.F.);
#1005 = EDGE_CURVE('',#914,#954,#1006,.T.);
#1006 = LINE('',#1007,#1008);
#1007 = CARTESIAN_POINT('',(-23.,18.,0.));
#1008 = VECTOR('',#1009,1.);
#1009 = DIRECTION('',(1.,0.,-0.));
#1010 = ORIENTED_EDGE('',*,*,#921,.T.);
#1011 = ORIENTED_EDGE('',*,*,#1012,.T.);
#1012 = EDGE_CURVE('',#922,#962,#1013,.T.);
#1013 = LINE('',#1014,#1015);
#1014 = CARTESIAN_POINT('',(-23.,18.,30.));
#1015 = VECTOR('',#1016,1.);
#1016 = DIRECTION('',(1.,0.,-0.));
#1017 = ORIENTED_EDGE('',*,*,#961,.F.);
#1018 = PLANE('',#1019);
#1019 = AXIS2_PLACEMENT_3D('',#1020,#1021,#1022);
#1020 = CARTESIAN_POINT('',(-23.,18.,0.));
#1021 = DIRECTION('',(-0.,1.,0.));
#1022 = DIRECTION('',(0.,0.,1.));
#1023 = ADVANCED_FACE('',(#1024),#1030,.F.);
#1024 = FACE_BOUND('',#1025,.F.);
#1025 = EDGE_LOOP('',(#1026,#1027,#1028,#1029));
#1026 = ORIENTED_EDGE('',*,*,#913,.F.);
#1027 = ORIENTED_EDGE('',*,*,#983,.T.);
#1028 = ORIENTED_EDGE('',*,*,#953,.T.);
#1029 = ORIENTED_EDGE('',*,*,#1005,.F.);
#1030 = PLANE('',#1031);
#1031 = AXIS2_PLACEMENT_3D('',#1032,#1033,#1034);
#1032 = CARTESIAN_POINT('',(-23.,-18.,0.));
#1033 = DIRECTION('',(0.,0.,1.));
#1034 = DIRECTION('',(1.,0.,-0.));
#1035 = ADVANCED_FACE('',(#1036),#1042,.T.);
#1036 = FACE_BOUND('',#1037,.T.);
#1037 = EDGE_LOOP('',(#1038,#1039,#1040,#1041));
#1038 = ORIENTED_EDGE('',*,*,#929,.F.);
#1039 = ORIENTED_EDGE('',*,*,#990,.T.);
#1040 = ORIENTED_EDGE('',*,*,#969,.T.);
#1041 = ORIENTED_EDGE('',*,*,#1012,.F.);
#1042 = PLANE('',#1043);
#1043 = AXIS2_PLACEMENT_3D('',#1044,#1045,#1046);
#1044 = CARTESIAN_POINT('',(-23.,-18.,30.));
#1045 = DIRECTION('',(0.,0.,1.));
#1046 = DIRECTION('',(1.,0.,-0.));
#1047 = ( GEOMETRIC_REPRESENTATION_CONTEXT(3) 
GLOBAL_UNCERTAINTY_ASSIGNED_CONTEXT((#1051)) 
GLOBAL_UNIT_ASSIGNED_CONTEXT((#1048,#1049,#1050)) REPRESENTATION_CONTEXT
('Context #1','3D Context with UNIT and UNCERTAINTY') );
#1048 = ( LENGTH_UNIT() NAMED_UNIT(*) SI_UNIT(.MILLI.,.METRE.) );
#1049 = ( NAMED_UNIT(*) PLANE_ANGLE_UNIT() SI_UNIT($,.RADIAN.) );
#1050 = ( NAMED_UNIT(*) SI_UNIT($,.STERADIAN.) SOLID_ANGLE_UNIT() );
#1051 = UNCERTAINTY_MEASURE_WITH_UNIT(LENGTH_MEASURE(1.E-07),#1048,
  'distance_accuracy_value','confusion accuracy');
#1052 = CONTEXT_DEPENDENT_SHAPE_REPRESENTATION(#1053,#1055);
#1053 = ( REPRESENTATION_RELATIONSHIP('','',#896,#10) 
REPRESENTATION_RELATIONSHIP_WITH_TRANSFORMATION(#1054) 
SHAPE_REPRESENTATION_RELATIONSHIP() );
#1054 = ITEM_DEFINED_TRANSFORMATION('','',#11,#35);
#1055 = PRODUCT_DEFINITION_SHAPE('Placement','Placement of an item',
  #1056);
#1056 = NEXT_ASSEMBLY_USAGE_OCCURRENCE('6','folha1_garfo_a','',#5,#891,$
  );
#1057 = PRODUCT_RELATED_PRODUCT_CATEGORY('part',$,(#893));
#1058 = SHAPE_DEFINITION_REPRESENTATION(#1059,#1065);
#1059 = PRODUCT_DEFINITION_SHAPE('','',#1060);
#1060 = PRODUCT_DEFINITION('design','',#1061,#1064);
#1061 = PRODUCT_DEFINITION_FORMATION('','',#1062);
#1062 = PRODUCT('folha1_placa_a','folha1_placa_a','',(#1063));
#1063 = PRODUCT_CONTEXT('',#2,'mechanical');
#1064 = PRODUCT_DEFINITION_CONTEXT('part definition',#2,'design');
#1065 = ADVANCED_BREP_SHAPE_REPRESENTATION('',(#11,#1066),#1216);
#1066 = MANIFOLD_SOLID_BREP('',#1067);
#1067 = CLOSED_SHELL('',(#1068,#1108,#1148,#1170,#1192,#1204));
#1068 = ADVANCED_FACE('',(#1069),#1103,.F.);
#1069 = FACE_BOUND('',#1070,.F.);
#1070 = EDGE_LOOP('',(#1071,#1081,#1089,#1097));
#1071 = ORIENTED_EDGE('',*,*,#1072,.F.);
#1072 = EDGE_CURVE('',#1073,#1075,#1077,.T.);
#1073 = VERTEX_POINT('',#1074);
#1074 = CARTESIAN_POINT('',(-45.,-35.,0.));
#1075 = VERTEX_POINT('',#1076);
#1076 = CARTESIAN_POINT('',(-45.,-35.,4.));
#1077 = LINE('',#1078,#1079);
#1078 = CARTESIAN_POINT('',(-45.,-35.,0.));
#1079 = VECTOR('',#1080,1.);
#1080 = DIRECTION('',(0.,0.,1.));
#1081 = ORIENTED_EDGE('',*,*,#1082,.T.);
#1082 = EDGE_CURVE('',#1073,#1083,#1085,.T.);
#1083 = VERTEX_POINT('',#1084);
#1084 = CARTESIAN_POINT('',(-45.,35.,0.));
#1085 = LINE('',#1086,#1087);
#1086 = CARTESIAN_POINT('',(-45.,-35.,0.));
#1087 = VECTOR('',#1088,1.);
#1088 = DIRECTION('',(-0.,1.,0.));
#1089 = ORIENTED_EDGE('',*,*,#1090,.T.);
#1090 = EDGE_CURVE('',#1083,#1091,#1093,.T.);
#1091 = VERTEX_POINT('',#1092);
#1092 = CARTESIAN_POINT('',(-45.,35.,4.));
#1093 = LINE('',#1094,#1095);
#1094 = CARTESIAN_POINT('',(-45.,35.,0.));
#1095 = VECTOR('',#1096,1.);
#1096 = DIRECTION('',(0.,0.,1.));
#1097 = ORIENTED_EDGE('',*,*,#1098,.F.);
#1098 = EDGE_CURVE('',#1075,#1091,#1099,.T.);
#1099 = LINE('',#1100,#1101);
#1100 = CARTESIAN_POINT('',(-45.,-35.,4.));
#1101 = VECTOR('',#1102,1.);
#1102 = DIRECTION('',(-0.,1.,0.));
#1103 = PLANE('',#1104);
#1104 = AXIS2_PLACEMENT_3D('',#1105,#1106,#1107);
#1105 = CARTESIAN_POINT('',(-45.,-35.,0.));
#1106 = DIRECTION('',(1.,0.,-0.));
#1107 = DIRECTION('',(0.,0.,1.));
#1108 = ADVANCED_FACE('',(#1109),#1143,.T.);
#1109 = FACE_BOUND('',#1110,.T.);
#1110 = EDGE_LOOP('',(#1111,#1121,#1129,#1137));
#1111 = ORIENTED_EDGE('',*,*,#1112,.F.);
#1112 = EDGE_CURVE('',#1113,#1115,#1117,.T.);
#1113 = VERTEX_POINT('',#1114);
#1114 = CARTESIAN_POINT('',(45.,-35.,0.));
#1115 = VERTEX_POINT('',#1116);
#1116 = CARTESIAN_POINT('',(45.,-35.,4.));
#1117 = LINE('',#1118,#1119);
#1118 = CARTESIAN_POINT('',(45.,-35.,0.));
#1119 = VECTOR('',#1120,1.);
#1120 = DIRECTION('',(0.,0.,1.));
#1121 = ORIENTED_EDGE('',*,*,#1122,.T.);
#1122 = EDGE_CURVE('',#1113,#1123,#1125,.T.);
#1123 = VERTEX_POINT('',#1124);
#1124 = CARTESIAN_POINT('',(45.,35.,0.));
#1125 = LINE('',#1126,#1127);
#1126 = CARTESIAN_POINT('',(45.,-35.,0.));
#1127 = VECTOR('',#1128,1.);
#1128 = DIRECTION('',(-0.,1.,0.));
#1129 = ORIENTED_EDGE('',*,*,#1130,.T.);
#1130 = EDGE_CURVE('',#1123,#1131,#1133,.T.);
#1131 = VERTEX_POINT('',#1132);
#1132 = CARTESIAN_POINT('',(45.,35.,4.));
#1133 = LINE('',#1134,#1135);
#1134 = CARTESIAN_POINT('',(45.,35.,0.));
#1135 = VECTOR('',#1136,1.);
#1136 = DIRECTION('',(0.,0.,1.));
#1137 = ORIENTED_EDGE('',*,*,#1138,.F.);
#1138 = EDGE_CURVE('',#1115,#1131,#1139,.T.);
#1139 = LINE('',#1140,#1141);
#1140 = CARTESIAN_POINT('',(45.,-35.,4.));
#1141 = VECTOR('',#1142,1.);
#1142 = DIRECTION('',(-0.,1.,0.));
#1143 = PLANE('',#1144);
#1144 = AXIS2_PLACEMENT_3D('',#1145,#1146,#1147);
#1145 = CARTESIAN_POINT('',(45.,-35.,0.));
#1146 = DIRECTION('',(1.,0.,-0.));
#1147 = DIRECTION('',(0.,0.,1.));
#1148 = ADVANCED_FACE('',(#1149),#1165,.F.);
#1149 = FACE_BOUND('',#1150,.F.);
#1150 = EDGE_LOOP('',(#1151,#1157,#1158,#1164));
#1151 = ORIENTED_EDGE('',*,*,#1152,.F.);
#1152 = EDGE_CURVE('',#1073,#1113,#1153,.T.);
#1153 = LINE('',#1154,#1155);
#1154 = CARTESIAN_POINT('',(-45.,-35.,0.));
#1155 = VECTOR('',#1156,1.);
#1156 = DIRECTION('',(1.,0.,-0.));
#1157 = ORIENTED_EDGE('',*,*,#1072,.T.);
#1158 = ORIENTED_EDGE('',*,*,#1159,.T.);
#1159 = EDGE_CURVE('',#1075,#1115,#1160,.T.);
#1160 = LINE('',#1161,#1162);
#1161 = CARTESIAN_POINT('',(-45.,-35.,4.));
#1162 = VECTOR('',#1163,1.);
#1163 = DIRECTION('',(1.,0.,-0.));
#1164 = ORIENTED_EDGE('',*,*,#1112,.F.);
#1165 = PLANE('',#1166);
#1166 = AXIS2_PLACEMENT_3D('',#1167,#1168,#1169);
#1167 = CARTESIAN_POINT('',(-45.,-35.,0.));
#1168 = DIRECTION('',(-0.,1.,0.));
#1169 = DIRECTION('',(0.,0.,1.));
#1170 = ADVANCED_FACE('',(#1171),#1187,.T.);
#1171 = FACE_BOUND('',#1172,.T.);
#1172 = EDGE_LOOP('',(#1173,#1179,#1180,#1186));
#1173 = ORIENTED_EDGE('',*,*,#1174,.F.);
#1174 = EDGE_CURVE('',#1083,#1123,#1175,.T.);
#1175 = LINE('',#1176,#1177);
#1176 = CARTESIAN_POINT('',(-45.,35.,0.));
#1177 = VECTOR('',#1178,1.);
#1178 = DIRECTION('',(1.,0.,-0.));
#1179 = ORIENTED_EDGE('',*,*,#1090,.T.);
#1180 = ORIENTED_EDGE('',*,*,#1181,.T.);
#1181 = EDGE_CURVE('',#1091,#1131,#1182,.T.);
#1182 = LINE('',#1183,#1184);
#1183 = CARTESIAN_POINT('',(-45.,35.,4.));
#1184 = VECTOR('',#1185,1.);
#1185 = DIRECTION('',(1.,0.,-0.));
#1186 = ORIENTED_EDGE('',*,*,#1130,.F.);
#1187 = PLANE('',#1188);
#1188 = AXIS2_PLACEMENT_3D('',#1189,#1190,#1191);
#1189 = CARTESIAN_POINT('',(-45.,35.,0.));
#1190 = DIRECTION('',(-0.,1.,0.));
#1191 = DIRECTION('',(0.,0.,1.));
#1192 = ADVANCED_FACE('',(#1193),#1199,.F.);
#1193 = FACE_BOUND('',#1194,.F.);
#1194 = EDGE_LOOP('',(#1195,#1196,#1197,#1198));
#1195 = ORIENTED_EDGE('',*,*,#1082,.F.);
#1196 = ORIENTED_EDGE('',*,*,#1152,.T.);
#1197 = ORIENTED_EDGE('',*,*,#1122,.T.);
#1198 = ORIENTED_EDGE('',*,*,#1174,.F.);
#1199 = PLANE('',#1200);
#1200 = AXIS2_PLACEMENT_3D('',#1201,#1202,#1203);
#1201 = CARTESIAN_POINT('',(-45.,-35.,0.));
#1202 = DIRECTION('',(0.,0.,1.));
#1203 = DIRECTION('',(1.,0.,-0.));
#1204 = ADVANCED_FACE('',(#1205),#1211,.T.);
#1205 = FACE_BOUND('',#1206,.T.);
#1206 = EDGE_LOOP('',(#1207,#1208,#1209,#1210));
#1207 = ORIENTED_EDGE('',*,*,#1098,.F.);
#1208 = ORIENTED_EDGE('',*,*,#1159,.T.);
#1209 = ORIENTED_EDGE('',*,*,#1138,.T.);
#1210 = ORIENTED_EDGE('',*,*,#1181,.F.);
#1211 = PLANE('',#1212);
#1212 = AXIS2_PLACEMENT_3D('',#1213,#1214,#1215);
#1213 = CARTESIAN_POINT('',(-45.,-35.,4.));
#1214 = DIRECTION('',(0.,0.,1.));
#1215 = DIRECTION('',(1.,0.,-0.));
#1216 = ( GEOMETRIC_REPRESENTATION_CONTEXT(3) 
GLOBAL_UNCERTAINTY_ASSIGNED_CONTEXT((#1220)) 
GLOBAL_UNIT_ASSIGNED_CONTEXT((#1217,#1218,#1219)) REPRESENTATION_CONTEXT
('Context #1','3D Context with UNIT and UNCERTAINTY') );
#1217 = ( LENGTH_UNIT() NAMED_UNIT(*) SI_UNIT(.MILLI.,.METRE.) );
#1218 = ( NAMED_UNIT(*) PLANE_ANGLE_UNIT() SI_UNIT($,.RADIAN.) );
#1219 = ( NAMED_UNIT(*) SI_UNIT($,.STERADIAN.) SOLID_ANGLE_UNIT() );
#1220 = UNCERTAINTY_MEASURE_WITH_UNIT(LENGTH_MEASURE(1.E-07),#1217,
  'distance_accuracy_value','confusion accuracy');
#1221 = CONTEXT_DEPENDENT_SHAPE_REPRESENTATION(#1222,#1224);
#1222 = ( REPRESENTATION_RELATIONSHIP('','',#1065,#10) 
REPRESENTATION_RELATIONSHIP_WITH_TRANSFORMATION(#1223) 
SHAPE_REPRESENTATION_RELATIONSHIP() );
#1223 = ITEM_DEFINED_TRANSFORMATION('','',#11,#39);
#1224 = PRODUCT_DEFINITION_SHAPE('Placement','Placement of an item',
  #1225);
#1225 = NEXT_ASSEMBLY_USAGE_OCCURRENCE('7','folha1_placa_a','',#5,#1060,
  $);
#1226 = PRODUCT_RELATED_PRODUCT_CATEGORY('part',$,(#1062));
#1227 = SHAPE_DEFINITION_REPRESENTATION(#1228,#1234);
#1228 = PRODUCT_DEFINITION_SHAPE('','',#1229);
#1229 = PRODUCT_DEFINITION('design','',#1230,#1233);
#1230 = PRODUCT_DEFINITION_FORMATION('','',#1231);
#1231 = PRODUCT('folha1_roda_b','folha1_roda_b','',(#1232));
#1232 = PRODUCT_CONTEXT('',#2,'mechanical');
#1233 = PRODUCT_DEFINITION_CONTEXT('part definition',#2,'design');
#1234 = ADVANCED_BREP_SHAPE_REPRESENTATION('',(#11,#1235),#1288);
#1235 = MANIFOLD_SOLID_BREP('',#1236);
#1236 = CLOSED_SHELL('',(#1237,#1270,#1279));
#1237 = ADVANCED_FACE('',(#1238),#1265,.T.);
#1238 = FACE_BOUND('',#1239,.T.);
#1239 = EDGE_LOOP('',(#1240,#1249,#1257,#1264));
#1240 = ORIENTED_EDGE('',*,*,#1241,.F.);
#1241 = EDGE_CURVE('',#1242,#1242,#1244,.T.);
#1242 = VERTEX_POINT('',#1243);
#1243 = CARTESIAN_POINT('',(-9.E-15,16.,37.5));
#1244 = CIRCLE('',#1245,37.5);
#1245 = AXIS2_PLACEMENT_3D('',#1246,#1247,#1248);
#1246 = CARTESIAN_POINT('',(0.,16.,0.));
#1247 = DIRECTION('',(0.,1.,0.));
#1248 = DIRECTION('',(0.,-0.,1.));
#1249 = ORIENTED_EDGE('',*,*,#1250,.F.);
#1250 = EDGE_CURVE('',#1251,#1242,#1253,.T.);
#1251 = VERTEX_POINT('',#1252);
#1252 = CARTESIAN_POINT('',(-9.E-15,-16.,37.5));
#1253 = LINE('',#1254,#1255);
#1254 = CARTESIAN_POINT('',(-9.18E-15,-16.,37.5));
#1255 = VECTOR('',#1256,1.);
#1256 = DIRECTION('',(0.,1.,0.));
#1257 = ORIENTED_EDGE('',*,*,#1258,.T.);
#1258 = EDGE_CURVE('',#1251,#1251,#1259,.T.);
#1259 = CIRCLE('',#1260,37.5);
#1260 = AXIS2_PLACEMENT_3D('',#1261,#1262,#1263);
#1261 = CARTESIAN_POINT('',(0.,-16.,0.));
#1262 = DIRECTION('',(0.,1.,0.));
#1263 = DIRECTION('',(0.,-0.,1.));
#1264 = ORIENTED_EDGE('',*,*,#1250,.T.);
#1265 = CYLINDRICAL_SURFACE('',#1266,37.5);
#1266 = AXIS2_PLACEMENT_3D('',#1267,#1268,#1269);
#1267 = CARTESIAN_POINT('',(0.,-16.,0.));
#1268 = DIRECTION('',(0.,1.,0.));
#1269 = DIRECTION('',(0.,-0.,1.));
#1270 = ADVANCED_FACE('',(#1271),#1274,.T.);
#1271 = FACE_BOUND('',#1272,.T.);
#1272 = EDGE_LOOP('',(#1273));
#1273 = ORIENTED_EDGE('',*,*,#1241,.T.);
#1274 = PLANE('',#1275);
#1275 = AXIS2_PLACEMENT_3D('',#1276,#1277,#1278);
#1276 = CARTESIAN_POINT('',(0.,16.,0.));
#1277 = DIRECTION('',(0.,1.,0.));
#1278 = DIRECTION('',(0.,-0.,1.));
#1279 = ADVANCED_FACE('',(#1280),#1283,.F.);
#1280 = FACE_BOUND('',#1281,.T.);
#1281 = EDGE_LOOP('',(#1282));
#1282 = ORIENTED_EDGE('',*,*,#1258,.F.);
#1283 = PLANE('',#1284);
#1284 = AXIS2_PLACEMENT_3D('',#1285,#1286,#1287);
#1285 = CARTESIAN_POINT('',(0.,-16.,0.));
#1286 = DIRECTION('',(0.,1.,0.));
#1287 = DIRECTION('',(0.,-0.,1.));
#1288 = ( GEOMETRIC_REPRESENTATION_CONTEXT(3) 
GLOBAL_UNCERTAINTY_ASSIGNED_CONTEXT((#1292)) 
GLOBAL_UNIT_ASSIGNED_CONTEXT((#1289,#1290,#1291)) REPRESENTATION_CONTEXT
('Context #1','3D Context with UNIT and UNCERTAINTY') );
#1289 = ( LENGTH_UNIT() NAMED_UNIT(*) SI_UNIT(.MILLI.,.METRE.) );
#1290 = ( NAMED_UNIT(*) PLANE_ANGLE_UNIT() SI_UNIT($,.RADIAN.) );
#1291 = ( NAMED_UNIT(*) SI_UNIT($,.STERADIAN.) SOLID_ANGLE_UNIT() );
#1292 = UNCERTAINTY_MEASURE_WITH_UNIT(LENGTH_MEASURE(1.E-07),#1289,
  'distance_accuracy_value','confusion accuracy');
#1293 = CONTEXT_DEPENDENT_SHAPE_REPRESENTATION(#1294,#1296);
#1294 = ( REPRESENTATION_RELATIONSHIP('','',#1234,#10) 
REPRESENTATION_RELATIONSHIP_WITH_TRANSFORMATION(#1295) 
SHAPE_REPRESENTATION_RELATIONSHIP() );
#1295 = ITEM_DEFINED_TRANSFORMATION('','',#11,#43);
#1296 = PRODUCT_DEFINITION_SHAPE('Placement','Placement of an item',
  #1297);
#1297 = NEXT_ASSEMBLY_USAGE_OCCURRENCE('8','folha1_roda_b','',#5,#1229,$
  );
#1298 = PRODUCT_RELATED_PRODUCT_CATEGORY('part',$,(#1231));
#1299 = SHAPE_DEFINITION_REPRESENTATION(#1300,#1306);
#1300 = PRODUCT_DEFINITION_SHAPE('','',#1301);
#1301 = PRODUCT_DEFINITION('design','',#1302,#1305);
#1302 = PRODUCT_DEFINITION_FORMATION('','',#1303);
#1303 = PRODUCT('folha1_garfo_b','folha1_garfo_b','',(#1304));
#1304 = PRODUCT_CONTEXT('',#2,'mechanical');
#1305 = PRODUCT_DEFINITION_CONTEXT('part definition',#2,'design');
#1306 = ADVANCED_BREP_SHAPE_REPRESENTATION('',(#11,#1307),#1457);
#1307 = MANIFOLD_SOLID_BREP('',#1308);
#1308 = CLOSED_SHELL('',(#1309,#1349,#1389,#1411,#1433,#1445));
#1309 = ADVANCED_FACE('',(#1310),#1344,.F.);
#1310 = FACE_BOUND('',#1311,.F.);
#1311 = EDGE_LOOP('',(#1312,#1322,#1330,#1338));
#1312 = ORIENTED_EDGE('',*,*,#1313,.F.);
#1313 = EDGE_CURVE('',#1314,#1316,#1318,.T.);
#1314 = VERTEX_POINT('',#1315);
#1315 = CARTESIAN_POINT('',(-23.,-18.,0.));
#1316 = VERTEX_POINT('',#1317);
#1317 = CARTESIAN_POINT('',(-23.,-18.,30.));
#1318 = LINE('',#1319,#1320);
#1319 = CARTESIAN_POINT('',(-23.,-18.,0.));
#1320 = VECTOR('',#1321,1.);
#1321 = DIRECTION('',(0.,0.,1.));
#1322 = ORIENTED_EDGE('',*,*,#1323,.T.);
#1323 = EDGE_CURVE('',#1314,#1324,#1326,.T.);
#1324 = VERTEX_POINT('',#1325);
#1325 = CARTESIAN_POINT('',(-23.,18.,0.));
#1326 = LINE('',#1327,#1328);
#1327 = CARTESIAN_POINT('',(-23.,-18.,0.));
#1328 = VECTOR('',#1329,1.);
#1329 = DIRECTION('',(-0.,1.,0.));
#1330 = ORIENTED_EDGE('',*,*,#1331,.T.);
#1331 = EDGE_CURVE('',#1324,#1332,#1334,.T.);
#1332 = VERTEX_POINT('',#1333);
#1333 = CARTESIAN_POINT('',(-23.,18.,30.));
#1334 = LINE('',#1335,#1336);
#1335 = CARTESIAN_POINT('',(-23.,18.,0.));
#1336 = VECTOR('',#1337,1.);
#1337 = DIRECTION('',(0.,0.,1.));
#1338 = ORIENTED_EDGE('',*,*,#1339,.F.);
#1339 = EDGE_CURVE('',#1316,#1332,#1340,.T.);
#1340 = LINE('',#1341,#1342);
#1341 = CARTESIAN_POINT('',(-23.,-18.,30.));
#1342 = VECTOR('',#1343,1.);
#1343 = DIRECTION('',(-0.,1.,0.));
#1344 = PLANE('',#1345);
#1345 = AXIS2_PLACEMENT_3D('',#1346,#1347,#1348);
#1346 = CARTESIAN_POINT('',(-23.,-18.,0.));
#1347 = DIRECTION('',(1.,0.,-0.));
#1348 = DIRECTION('',(0.,0.,1.));
#1349 = ADVANCED_FACE('',(#1350),#1384,.T.);
#1350 = FACE_BOUND('',#1351,.T.);
#1351 = EDGE_LOOP('',(#1352,#1362,#1370,#1378));
#1352 = ORIENTED_EDGE('',*,*,#1353,.F.);
#1353 = EDGE_CURVE('',#1354,#1356,#1358,.T.);
#1354 = VERTEX_POINT('',#1355);
#1355 = CARTESIAN_POINT('',(23.,-18.,0.));
#1356 = VERTEX_POINT('',#1357);
#1357 = CARTESIAN_POINT('',(23.,-18.,30.));
#1358 = LINE('',#1359,#1360);
#1359 = CARTESIAN_POINT('',(23.,-18.,0.));
#1360 = VECTOR('',#1361,1.);
#1361 = DIRECTION('',(0.,0.,1.));
#1362 = ORIENTED_EDGE('',*,*,#1363,.T.);
#1363 = EDGE_CURVE('',#1354,#1364,#1366,.T.);
#1364 = VERTEX_POINT('',#1365);
#1365 = CARTESIAN_POINT('',(23.,18.,0.));
#1366 = LINE('',#1367,#1368);
#1367 = CARTESIAN_POINT('',(23.,-18.,0.));
#1368 = VECTOR('',#1369,1.);
#1369 = DIRECTION('',(-0.,1.,0.));
#1370 = ORIENTED_EDGE('',*,*,#1371,.T.);
#1371 = EDGE_CURVE('',#1364,#1372,#1374,.T.);
#1372 = VERTEX_POINT('',#1373);
#1373 = CARTESIAN_POINT('',(23.,18.,30.));
#1374 = LINE('',#1375,#1376);
#1375 = CARTESIAN_POINT('',(23.,18.,0.));
#1376 = VECTOR('',#1377,1.);
#1377 = DIRECTION('',(0.,0.,1.));
#1378 = ORIENTED_EDGE('',*,*,#1379,.F.);
#1379 = EDGE_CURVE('',#1356,#1372,#1380,.T.);
#1380 = LINE('',#1381,#1382);
#1381 = CARTESIAN_POINT('',(23.,-18.,30.));
#1382 = VECTOR('',#1383,1.);
#1383 = DIRECTION('',(-0.,1.,0.));
#1384 = PLANE('',#1385);
#1385 = AXIS2_PLACEMENT_3D('',#1386,#1387,#1388);
#1386 = CARTESIAN_POINT('',(23.,-18.,0.));
#1387 = DIRECTION('',(1.,0.,-0.));
#1388 = DIRECTION('',(0.,0.,1.));
#1389 = ADVANCED_FACE('',(#1390),#1406,.F.);
#1390 = FACE_BOUND('',#1391,.F.);
#1391 = EDGE_LOOP('',(#1392,#1398,#1399,#1405));
#1392 = ORIENTED_EDGE('',*,*,#1393,.F.);
#1393 = EDGE_CURVE('',#1314,#1354,#1394,.T.);
#1394 = LINE('',#1395,#1396);
#1395 = CARTESIAN_POINT('',(-23.,-18.,0.));
#1396 = VECTOR('',#1397,1.);
#1397 = DIRECTION('',(1.,0.,-0.));
#1398 = ORIENTED_EDGE('',*,*,#1313,.T.);
#1399 = ORIENTED_EDGE('',*,*,#1400,.T.);
#1400 = EDGE_CURVE('',#1316,#1356,#1401,.T.);
#1401 = LINE('',#1402,#1403);
#1402 = CARTESIAN_POINT('',(-23.,-18.,30.));
#1403 = VECTOR('',#1404,1.);
#1404 = DIRECTION('',(1.,0.,-0.));
#1405 = ORIENTED_EDGE('',*,*,#1353,.F.);
#1406 = PLANE('',#1407);
#1407 = AXIS2_PLACEMENT_3D('',#1408,#1409,#1410);
#1408 = CARTESIAN_POINT('',(-23.,-18.,0.));
#1409 = DIRECTION('',(-0.,1.,0.));
#1410 = DIRECTION('',(0.,0.,1.));
#1411 = ADVANCED_FACE('',(#1412),#1428,.T.);
#1412 = FACE_BOUND('',#1413,.T.);
#1413 = EDGE_LOOP('',(#1414,#1420,#1421,#1427));
#1414 = ORIENTED_EDGE('',*,*,#1415,.F.);
#1415 = EDGE_CURVE('',#1324,#1364,#1416,.T.);
#1416 = LINE('',#1417,#1418);
#1417 = CARTESIAN_POINT('',(-23.,18.,0.));
#1418 = VECTOR('',#1419,1.);
#1419 = DIRECTION('',(1.,0.,-0.));
#1420 = ORIENTED_EDGE('',*,*,#1331,.T.);
#1421 = ORIENTED_EDGE('',*,*,#1422,.T.);
#1422 = EDGE_CURVE('',#1332,#1372,#1423,.T.);
#1423 = LINE('',#1424,#1425);
#1424 = CARTESIAN_POINT('',(-23.,18.,30.));
#1425 = VECTOR('',#1426,1.);
#1426 = DIRECTION('',(1.,0.,-0.));
#1427 = ORIENTED_EDGE('',*,*,#1371,.F.);
#1428 = PLANE('',#1429);
#1429 = AXIS2_PLACEMENT_3D('',#1430,#1431,#1432);
#1430 = CARTESIAN_POINT('',(-23.,18.,0.));
#1431 = DIRECTION('',(-0.,1.,0.));
#1432 = DIRECTION('',(0.,0.,1.));
#1433 = ADVANCED_FACE('',(#1434),#1440,.F.);
#1434 = FACE_BOUND('',#1435,.F.);
#1435 = EDGE_LOOP('',(#1436,#1437,#1438,#1439));
#1436 = ORIENTED_EDGE('',*,*,#1323,.F.);
#1437 = ORIENTED_EDGE('',*,*,#1393,.T.);
#1438 = ORIENTED_EDGE('',*,*,#1363,.T.);
#1439 = ORIENTED_EDGE('',*,*,#1415,.F.);
#1440 = PLANE('',#1441);
#1441 = AXIS2_PLACEMENT_3D('',#1442,#1443,#1444);
#1442 = CARTESIAN_POINT('',(-23.,-18.,0.));
#1443 = DIRECTION('',(0.,0.,1.));
#1444 = DIRECTION('',(1.,0.,-0.));
#1445 = ADVANCED_FACE('',(#1446),#1452,.T.);
#1446 = FACE_BOUND('',#1447,.T.);
#1447 = EDGE_LOOP('',(#1448,#1449,#1450,#1451));
#1448 = ORIENTED_EDGE('',*,*,#1339,.F.);
#1449 = ORIENTED_EDGE('',*,*,#1400,.T.);
#1450 = ORIENTED_EDGE('',*,*,#1379,.T.);
#1451 = ORIENTED_EDGE('',*,*,#1422,.F.);
#1452 = PLANE('',#1453);
#1453 = AXIS2_PLACEMENT_3D('',#1454,#1455,#1456);
#1454 = CARTESIAN_POINT('',(-23.,-18.,30.));
#1455 = DIRECTION('',(0.,0.,1.));
#1456 = DIRECTION('',(1.,0.,-0.));
#1457 = ( GEOMETRIC_REPRESENTATION_CONTEXT(3) 
GLOBAL_UNCERTAINTY_ASSIGNED_CONTEXT((#1461)) 
GLOBAL_UNIT_ASSIGNED_CONTEXT((#1458,#1459,#1460)) REPRESENTATION_CONTEXT
('Context #1','3D Context with UNIT and UNCERTAINTY') );
#1458 = ( LENGTH_UNIT() NAMED_UNIT(*) SI_UNIT(.MILLI.,.METRE.) );
#1459 = ( NAMED_UNIT(*) PLANE_ANGLE_UNIT() SI_UNIT($,.RADIAN.) );
#1460 = ( NAMED_UNIT(*) SI_UNIT($,.STERADIAN.) SOLID_ANGLE_UNIT() );
#1461 = UNCERTAINTY_MEASURE_WITH_UNIT(LENGTH_MEASURE(1.E-07),#1458,
  'distance_accuracy_value','confusion accuracy');
#1462 = CONTEXT_DEPENDENT_SHAPE_REPRESENTATION(#1463,#1465);
#1463 = ( REPRESENTATION_RELATIONSHIP('','',#1306,#10) 
REPRESENTATION_RELATIONSHIP_WITH_TRANSFORMATION(#1464) 
SHAPE_REPRESENTATION_RELATIONSHIP() );
#1464 = ITEM_DEFINED_TRANSFORMATION('','',#11,#47);
#1465 = PRODUCT_DEFINITION_SHAPE('Placement','Placement of an item',
  #1466);
#1466 = NEXT_ASSEMBLY_USAGE_OCCURRENCE('9','folha1_garfo_b','',#5,#1301,
  $);
#1467 = PRODUCT_RELATED_PRODUCT_CATEGORY('part',$,(#1303));
#1468 = SHAPE_DEFINITION_REPRESENTATION(#1469,#1475);
#1469 = PRODUCT_DEFINITION_SHAPE('','',#1470);
#1470 = PRODUCT_DEFINITION('design','',#1471,#1474);
#1471 = PRODUCT_DEFINITION_FORMATION('','',#1472);
#1472 = PRODUCT('folha1_placa_b','folha1_placa_b','',(#1473));
#1473 = PRODUCT_CONTEXT('',#2,'mechanical');
#1474 = PRODUCT_DEFINITION_CONTEXT('part definition',#2,'design');
#1475 = ADVANCED_BREP_SHAPE_REPRESENTATION('',(#11,#1476),#1626);
#1476 = MANIFOLD_SOLID_BREP('',#1477);
#1477 = CLOSED_SHELL('',(#1478,#1518,#1558,#1580,#1602,#1614));
#1478 = ADVANCED_FACE('',(#1479),#1513,.F.);
#1479 = FACE_BOUND('',#1480,.F.);
#1480 = EDGE_LOOP('',(#1481,#1491,#1499,#1507));
#1481 = ORIENTED_EDGE('',*,*,#1482,.F.);
#1482 = EDGE_CURVE('',#1483,#1485,#1487,.T.);
#1483 = VERTEX_POINT('',#1484);
#1484 = CARTESIAN_POINT('',(-45.,-35.,0.));
#1485 = VERTEX_POINT('',#1486);
#1486 = CARTESIAN_POINT('',(-45.,-35.,4.));
#1487 = LINE('',#1488,#1489);
#1488 = CARTESIAN_POINT('',(-45.,-35.,0.));
#1489 = VECTOR('',#1490,1.);
#1490 = DIRECTION('',(0.,0.,1.));
#1491 = ORIENTED_EDGE('',*,*,#1492,.T.);
#1492 = EDGE_CURVE('',#1483,#1493,#1495,.T.);
#1493 = VERTEX_POINT('',#1494);
#1494 = CARTESIAN_POINT('',(-45.,35.,0.));
#1495 = LINE('',#1496,#1497);
#1496 = CARTESIAN_POINT('',(-45.,-35.,0.));
#1497 = VECTOR('',#1498,1.);
#1498 = DIRECTION('',(-0.,1.,0.));
#1499 = ORIENTED_EDGE('',*,*,#1500,.T.);
#1500 = EDGE_CURVE('',#1493,#1501,#1503,.T.);
#1501 = VERTEX_POINT('',#1502);
#1502 = CARTESIAN_POINT('',(-45.,35.,4.));
#1503 = LINE('',#1504,#1505);
#1504 = CARTESIAN_POINT('',(-45.,35.,0.));
#1505 = VECTOR('',#1506,1.);
#1506 = DIRECTION('',(0.,0.,1.));
#1507 = ORIENTED_EDGE('',*,*,#1508,.F.);
#1508 = EDGE_CURVE('',#1485,#1501,#1509,.T.);
#1509 = LINE('',#1510,#1511);
#1510 = CARTESIAN_POINT('',(-45.,-35.,4.));
#1511 = VECTOR('',#1512,1.);
#1512 = DIRECTION('',(-0.,1.,0.));
#1513 = PLANE('',#1514);
#1514 = AXIS2_PLACEMENT_3D('',#1515,#1516,#1517);
#1515 = CARTESIAN_POINT('',(-45.,-35.,0.));
#1516 = DIRECTION('',(1.,0.,-0.));
#1517 = DIRECTION('',(0.,0.,1.));
#1518 = ADVANCED_FACE('',(#1519),#1553,.T.);
#1519 = FACE_BOUND('',#1520,.T.);
#1520 = EDGE_LOOP('',(#1521,#1531,#1539,#1547));
#1521 = ORIENTED_EDGE('',*,*,#1522,.F.);
#1522 = EDGE_CURVE('',#1523,#1525,#1527,.T.);
#1523 = VERTEX_POINT('',#1524);
#1524 = CARTESIAN_POINT('',(45.,-35.,0.));
#1525 = VERTEX_POINT('',#1526);
#1526 = CARTESIAN_POINT('',(45.,-35.,4.));
#1527 = LINE('',#1528,#1529);
#1528 = CARTESIAN_POINT('',(45.,-35.,0.));
#1529 = VECTOR('',#1530,1.);
#1530 = DIRECTION('',(0.,0.,1.));
#1531 = ORIENTED_EDGE('',*,*,#1532,.T.);
#1532 = EDGE_CURVE('',#1523,#1533,#1535,.T.);
#1533 = VERTEX_POINT('',#1534);
#1534 = CARTESIAN_POINT('',(45.,35.,0.));
#1535 = LINE('',#1536,#1537);
#1536 = CARTESIAN_POINT('',(45.,-35.,0.));
#1537 = VECTOR('',#1538,1.);
#1538 = DIRECTION('',(-0.,1.,0.));
#1539 = ORIENTED_EDGE('',*,*,#1540,.T.);
#1540 = EDGE_CURVE('',#1533,#1541,#1543,.T.);
#1541 = VERTEX_POINT('',#1542);
#1542 = CARTESIAN_POINT('',(45.,35.,4.));
#1543 = LINE('',#1544,#1545);
#1544 = CARTESIAN_POINT('',(45.,35.,0.));
#1545 = VECTOR('',#1546,1.);
#1546 = DIRECTION('',(0.,0.,1.));
#1547 = ORIENTED_EDGE('',*,*,#1548,.F.);
#1548 = EDGE_CURVE('',#1525,#1541,#1549,.T.);
#1549 = LINE('',#1550,#1551);
#1550 = CARTESIAN_POINT('',(45.,-35.,4.));
#1551 = VECTOR('',#1552,1.);
#1552 = DIRECTION('',(-0.,1.,0.));
#1553 = PLANE('',#1554);
#1554 = AXIS2_PLACEMENT_3D('',#1555,#1556,#1557);
#1555 = CARTESIAN_POINT('',(45.,-35.,0.));
#1556 = DIRECTION('',(1.,0.,-0.));
#1557 = DIRECTION('',(0.,0.,1.));
#1558 = ADVANCED_FACE('',(#1559),#1575,.F.);
#1559 = FACE_BOUND('',#1560,.F.);
#1560 = EDGE_LOOP('',(#1561,#1567,#1568,#1574));
#1561 = ORIENTED_EDGE('',*,*,#1562,.F.);
#1562 = EDGE_CURVE('',#1483,#1523,#1563,.T.);
#1563 = LINE('',#1564,#1565);
#1564 = CARTESIAN_POINT('',(-45.,-35.,0.));
#1565 = VECTOR('',#1566,1.);
#1566 = DIRECTION('',(1.,0.,-0.));
#1567 = ORIENTED_EDGE('',*,*,#1482,.T.);
#1568 = ORIENTED_EDGE('',*,*,#1569,.T.);
#1569 = EDGE_CURVE('',#1485,#1525,#1570,.T.);
#1570 = LINE('',#1571,#1572);
#1571 = CARTESIAN_POINT('',(-45.,-35.,4.));
#1572 = VECTOR('',#1573,1.);
#1573 = DIRECTION('',(1.,0.,-0.));
#1574 = ORIENTED_EDGE('',*,*,#1522,.F.);
#1575 = PLANE('',#1576);
#1576 = AXIS2_PLACEMENT_3D('',#1577,#1578,#1579);
#1577 = CARTESIAN_POINT('',(-45.,-35.,0.));
#1578 = DIRECTION('',(-0.,1.,0.));
#1579 = DIRECTION('',(0.,0.,1.));
#1580 = ADVANCED_FACE('',(#1581),#1597,.T.);
#1581 = FACE_BOUND('',#1582,.T.);
#1582 = EDGE_LOOP('',(#1583,#1589,#1590,#1596));
#1583 = ORIENTED_EDGE('',*,*,#1584,.F.);
#1584 = EDGE_CURVE('',#1493,#1533,#1585,.T.);
#1585 = LINE('',#1586,#1587);
#1586 = CARTESIAN_POINT('',(-45.,35.,0.));
#1587 = VECTOR('',#1588,1.);
#1588 = DIRECTION('',(1.,0.,-0.));
#1589 = ORIENTED_EDGE('',*,*,#1500,.T.);
#1590 = ORIENTED_EDGE('',*,*,#1591,.T.);
#1591 = EDGE_CURVE('',#1501,#1541,#1592,.T.);
#1592 = LINE('',#1593,#1594);
#1593 = CARTESIAN_POINT('',(-45.,35.,4.));
#1594 = VECTOR('',#1595,1.);
#1595 = DIRECTION('',(1.,0.,-0.));
#1596 = ORIENTED_EDGE('',*,*,#1540,.F.);
#1597 = PLANE('',#1598);
#1598 = AXIS2_PLACEMENT_3D('',#1599,#1600,#1601);
#1599 = CARTESIAN_POINT('',(-45.,35.,0.));
#1600 = DIRECTION('',(-0.,1.,0.));
#1601 = DIRECTION('',(0.,0.,1.));
#1602 = ADVANCED_FACE('',(#1603),#1609,.F.);
#1603 = FACE_BOUND('',#1604,.F.);
#1604 = EDGE_LOOP('',(#1605,#1606,#1607,#1608));
#1605 = ORIENTED_EDGE('',*,*,#1492,.F.);
#1606 = ORIENTED_EDGE('',*,*,#1562,.T.);
#1607 = ORIENTED_EDGE('',*,*,#1532,.T.);
#1608 = ORIENTED_EDGE('',*,*,#1584,.F.);
#1609 = PLANE('',#1610);
#1610 = AXIS2_PLACEMENT_3D('',#1611,#1612,#1613);
#1611 = CARTESIAN_POINT('',(-45.,-35.,0.));
#1612 = DIRECTION('',(0.,0.,1.));
#1613 = DIRECTION('',(1.,0.,-0.));
#1614 = ADVANCED_FACE('',(#1615),#1621,.T.);
#1615 = FACE_BOUND('',#1616,.T.);
#1616 = EDGE_LOOP('',(#1617,#1618,#1619,#1620));
#1617 = ORIENTED_EDGE('',*,*,#1508,.F.);
#1618 = ORIENTED_EDGE('',*,*,#1569,.T.);
#1619 = ORIENTED_EDGE('',*,*,#1548,.T.);
#1620 = ORIENTED_EDGE('',*,*,#1591,.F.);
#1621 = PLANE('',#1622);
#1622 = AXIS2_PLACEMENT_3D('',#1623,#1624,#1625);
#1623 = CARTESIAN_POINT('',(-45.,-35.,4.));
#1624 = DIRECTION('',(0.,0.,1.));
#1625 = DIRECTION('',(1.,0.,-0.));
#1626 = ( GEOMETRIC_REPRESENTATION_CONTEXT(3) 
GLOBAL_UNCERTAINTY_ASSIGNED_CONTEXT((#1630)) 
GLOBAL_UNIT_ASSIGNED_CONTEXT((#1627,#1628,#1629)) REPRESENTATION_CONTEXT
('Context #1','3D Context with UNIT and UNCERTAINTY') );
#1627 = ( LENGTH_UNIT() NAMED_UNIT(*) SI_UNIT(.MILLI.,.METRE.) );
#1628 = ( NAMED_UNIT(*) PLANE_ANGLE_UNIT() SI_UNIT($,.RADIAN.) );
#1629 = ( NAMED_UNIT(*) SI_UNIT($,.STERADIAN.) SOLID_ANGLE_UNIT() );
#1630 = UNCERTAINTY_MEASURE_WITH_UNIT(LENGTH_MEASURE(1.E-07),#1627,
  'distance_accuracy_value','confusion accuracy');
#1631 = CONTEXT_DEPENDENT_SHAPE_REPRESENTATION(#1632,#1634);
#1632 = ( REPRESENTATION_RELATIONSHIP('','',#1475,#10) 
REPRESENTATION_RELATIONSHIP_WITH_TRANSFORMATION(#1633) 
SHAPE_REPRESENTATION_RELATIONSHIP() );
#1633 = ITEM_DEFINED_TRANSFORMATION('','',#11,#51);
#1634 = PRODUCT_DEFINITION_SHAPE('Placement','Placement of an item',
  #1635);
#1635 = NEXT_ASSEMBLY_USAGE_OCCURRENCE('10','folha1_placa_b','',#5,#1470
  ,$);
#1636 = PRODUCT_RELATED_PRODUCT_CATEGORY('part',$,(#1472));
#1637 = SHAPE_DEFINITION_REPRESENTATION(#1638,#1644);
#1638 = PRODUCT_DEFINITION_SHAPE('','',#1639);
#1639 = PRODUCT_DEFINITION('design','',#1640,#1643);
#1640 = PRODUCT_DEFINITION_FORMATION('','',#1641);
#1641 = PRODUCT('folha2_mont_a','folha2_mont_a','',(#1642));
#1642 = PRODUCT_CONTEXT('',#2,'mechanical');
#1643 = PRODUCT_DEFINITION_CONTEXT('part definition',#2,'design');
#1644 = ADVANCED_BREP_SHAPE_REPRESENTATION('',(#11,#1645),#1795);
#1645 = MANIFOLD_SOLID_BREP('',#1646);
#1646 = CLOSED_SHELL('',(#1647,#1687,#1727,#1749,#1771,#1783));
#1647 = ADVANCED_FACE('',(#1648),#1682,.F.);
#1648 = FACE_BOUND('',#1649,.F.);
#1649 = EDGE_LOOP('',(#1650,#1660,#1668,#1676));
#1650 = ORIENTED_EDGE('',*,*,#1651,.F.);
#1651 = EDGE_CURVE('',#1652,#1654,#1656,.T.);
#1652 = VERTEX_POINT('',#1653);
#1653 = CARTESIAN_POINT('',(892.5,-2.009618943233,100.));
#1654 = VERTEX_POINT('',#1655);
#1655 = CARTESIAN_POINT('',(892.5,-2.009618943233,1.7E+03));
#1656 = LINE('',#1657,#1658);
#1657 = CARTESIAN_POINT('',(892.5,-2.009618943233,100.));
#1658 = VECTOR('',#1659,1.);
#1659 = DIRECTION('',(0.,0.,1.));
#1660 = ORIENTED_EDGE('',*,*,#1661,.T.);
#1661 = EDGE_CURVE('',#1652,#1662,#1664,.T.);
#1662 = VERTEX_POINT('',#1663);
#1663 = CARTESIAN_POINT('',(892.5,27.990381056767,100.));
#1664 = LINE('',#1665,#1666);
#1665 = CARTESIAN_POINT('',(892.5,-2.009618943233,100.));
#1666 = VECTOR('',#1667,1.);
#1667 = DIRECTION('',(-0.,1.,0.));
#1668 = ORIENTED_EDGE('',*,*,#1669,.T.);
#1669 = EDGE_CURVE('',#1662,#1670,#1672,.T.);
#1670 = VERTEX_POINT('',#1671);
#1671 = CARTESIAN_POINT('',(892.5,27.990381056767,1.7E+03));
#1672 = LINE('',#1673,#1674);
#1673 = CARTESIAN_POINT('',(892.5,27.990381056767,100.));
#1674 = VECTOR('',#1675,1.);
#1675 = DIRECTION('',(0.,0.,1.));
#1676 = ORIENTED_EDGE('',*,*,#1677,.F.);
#1677 = EDGE_CURVE('',#1654,#1670,#1678,.T.);
#1678 = LINE('',#1679,#1680);
#1679 = CARTESIAN_POINT('',(892.5,-2.009618943233,1.7E+03));
#1680 = VECTOR('',#1681,1.);
#1681 = DIRECTION('',(-0.,1.,0.));
#1682 = PLANE('',#1683);
#1683 = AXIS2_PLACEMENT_3D('',#1684,#1685,#1686);
#1684 = CARTESIAN_POINT('',(892.5,-2.009618943233,100.));
#1685 = DIRECTION('',(1.,0.,-0.));
#1686 = DIRECTION('',(0.,0.,1.));
#1687 = ADVANCED_FACE('',(#1688),#1722,.T.);
#1688 = FACE_BOUND('',#1689,.T.);
#1689 = EDGE_LOOP('',(#1690,#1700,#1708,#1716));
#1690 = ORIENTED_EDGE('',*,*,#1691,.F.);
#1691 = EDGE_CURVE('',#1692,#1694,#1696,.T.);
#1692 = VERTEX_POINT('',#1693);
#1693 = CARTESIAN_POINT('',(922.5,-2.009618943233,100.));
#1694 = VERTEX_POINT('',#1695);
#1695 = CARTESIAN_POINT('',(922.5,-2.009618943233,1.7E+03));
#1696 = LINE('',#1697,#1698);
#1697 = CARTESIAN_POINT('',(922.5,-2.009618943233,100.));
#1698 = VECTOR('',#1699,1.);
#1699 = DIRECTION('',(0.,0.,1.));
#1700 = ORIENTED_EDGE('',*,*,#1701,.T.);
#1701 = EDGE_CURVE('',#1692,#1702,#1704,.T.);
#1702 = VERTEX_POINT('',#1703);
#1703 = CARTESIAN_POINT('',(922.5,27.990381056767,100.));
#1704 = LINE('',#1705,#1706);
#1705 = CARTESIAN_POINT('',(922.5,-2.009618943233,100.));
#1706 = VECTOR('',#1707,1.);
#1707 = DIRECTION('',(-0.,1.,0.));
#1708 = ORIENTED_EDGE('',*,*,#1709,.T.);
#1709 = EDGE_CURVE('',#1702,#1710,#1712,.T.);
#1710 = VERTEX_POINT('',#1711);
#1711 = CARTESIAN_POINT('',(922.5,27.990381056767,1.7E+03));
#1712 = LINE('',#1713,#1714);
#1713 = CARTESIAN_POINT('',(922.5,27.990381056767,100.));
#1714 = VECTOR('',#1715,1.);
#1715 = DIRECTION('',(0.,0.,1.));
#1716 = ORIENTED_EDGE('',*,*,#1717,.F.);
#1717 = EDGE_CURVE('',#1694,#1710,#1718,.T.);
#1718 = LINE('',#1719,#1720);
#1719 = CARTESIAN_POINT('',(922.5,-2.009618943233,1.7E+03));
#1720 = VECTOR('',#1721,1.);
#1721 = DIRECTION('',(-0.,1.,0.));
#1722 = PLANE('',#1723);
#1723 = AXIS2_PLACEMENT_3D('',#1724,#1725,#1726);
#1724 = CARTESIAN_POINT('',(922.5,-2.009618943233,100.));
#1725 = DIRECTION('',(1.,0.,-0.));
#1726 = DIRECTION('',(0.,0.,1.));
#1727 = ADVANCED_FACE('',(#1728),#1744,.F.);
#1728 = FACE_BOUND('',#1729,.F.);
#1729 = EDGE_LOOP('',(#1730,#1736,#1737,#1743));
#1730 = ORIENTED_EDGE('',*,*,#1731,.F.);
#1731 = EDGE_CURVE('',#1652,#1692,#1732,.T.);
#1732 = LINE('',#1733,#1734);
#1733 = CARTESIAN_POINT('',(892.5,-2.009618943233,100.));
#1734 = VECTOR('',#1735,1.);
#1735 = DIRECTION('',(1.,0.,-0.));
#1736 = ORIENTED_EDGE('',*,*,#1651,.T.);
#1737 = ORIENTED_EDGE('',*,*,#1738,.T.);
#1738 = EDGE_CURVE('',#1654,#1694,#1739,.T.);
#1739 = LINE('',#1740,#1741);
#1740 = CARTESIAN_POINT('',(892.5,-2.009618943233,1.7E+03));
#1741 = VECTOR('',#1742,1.);
#1742 = DIRECTION('',(1.,0.,-0.));
#1743 = ORIENTED_EDGE('',*,*,#1691,.F.);
#1744 = PLANE('',#1745);
#1745 = AXIS2_PLACEMENT_3D('',#1746,#1747,#1748);
#1746 = CARTESIAN_POINT('',(892.5,-2.009618943233,100.));
#1747 = DIRECTION('',(-0.,1.,0.));
#1748 = DIRECTION('',(0.,0.,1.));
#1749 = ADVANCED_FACE('',(#1750),#1766,.T.);
#1750 = FACE_BOUND('',#1751,.T.);
#1751 = EDGE_LOOP('',(#1752,#1758,#1759,#1765));
#1752 = ORIENTED_EDGE('',*,*,#1753,.F.);
#1753 = EDGE_CURVE('',#1662,#1702,#1754,.T.);
#1754 = LINE('',#1755,#1756);
#1755 = CARTESIAN_POINT('',(892.5,27.990381056767,100.));
#1756 = VECTOR('',#1757,1.);
#1757 = DIRECTION('',(1.,0.,-0.));
#1758 = ORIENTED_EDGE('',*,*,#1669,.T.);
#1759 = ORIENTED_EDGE('',*,*,#1760,.T.);
#1760 = EDGE_CURVE('',#1670,#1710,#1761,.T.);
#1761 = LINE('',#1762,#1763);
#1762 = CARTESIAN_POINT('',(892.5,27.990381056767,1.7E+03));
#1763 = VECTOR('',#1764,1.);
#1764 = DIRECTION('',(1.,0.,-0.));
#1765 = ORIENTED_EDGE('',*,*,#1709,.F.);
#1766 = PLANE('',#1767);
#1767 = AXIS2_PLACEMENT_3D('',#1768,#1769,#1770);
#1768 = CARTESIAN_POINT('',(892.5,27.990381056767,100.));
#1769 = DIRECTION('',(-0.,1.,0.));
#1770 = DIRECTION('',(0.,0.,1.));
#1771 = ADVANCED_FACE('',(#1772),#1778,.F.);
#1772 = FACE_BOUND('',#1773,.F.);
#1773 = EDGE_LOOP('',(#1774,#1775,#1776,#1777));
#1774 = ORIENTED_EDGE('',*,*,#1661,.F.);
#1775 = ORIENTED_EDGE('',*,*,#1731,.T.);
#1776 = ORIENTED_EDGE('',*,*,#1701,.T.);
#1777 = ORIENTED_EDGE('',*,*,#1753,.F.);
#1778 = PLANE('',#1779);
#1779 = AXIS2_PLACEMENT_3D('',#1780,#1781,#1782);
#1780 = CARTESIAN_POINT('',(892.5,-2.009618943233,100.));
#1781 = DIRECTION('',(0.,0.,1.));
#1782 = DIRECTION('',(1.,0.,-0.));
#1783 = ADVANCED_FACE('',(#1784),#1790,.T.);
#1784 = FACE_BOUND('',#1785,.T.);
#1785 = EDGE_LOOP('',(#1786,#1787,#1788,#1789));
#1786 = ORIENTED_EDGE('',*,*,#1677,.F.);
#1787 = ORIENTED_EDGE('',*,*,#1738,.T.);
#1788 = ORIENTED_EDGE('',*,*,#1717,.T.);
#1789 = ORIENTED_EDGE('',*,*,#1760,.F.);
#1790 = PLANE('',#1791);
#1791 = AXIS2_PLACEMENT_3D('',#1792,#1793,#1794);
#1792 = CARTESIAN_POINT('',(892.5,-2.009618943233,1.7E+03));
#1793 = DIRECTION('',(0.,0.,1.));
#1794 = DIRECTION('',(1.,0.,-0.));
#1795 = ( GEOMETRIC_REPRESENTATION_CONTEXT(3) 
GLOBAL_UNCERTAINTY_ASSIGNED_CONTEXT((#1799)) 
GLOBAL_UNIT_ASSIGNED_CONTEXT((#1796,#1797,#1798)) REPRESENTATION_CONTEXT
('Context #1','3D Context with UNIT and UNCERTAINTY') );
#1796 = ( LENGTH_UNIT() NAMED_UNIT(*) SI_UNIT(.MILLI.,.METRE.) );
#1797 = ( NAMED_UNIT(*) PLANE_ANGLE_UNIT() SI_UNIT($,.RADIAN.) );
#1798 = ( NAMED_UNIT(*) SI_UNIT($,.STERADIAN.) SOLID_ANGLE_UNIT() );
#1799 = UNCERTAINTY_MEASURE_WITH_UNIT(LENGTH_MEASURE(1.E-07),#1796,
  'distance_accuracy_value','confusion accuracy');
#1800 = CONTEXT_DEPENDENT_SHAPE_REPRESENTATION(#1801,#1803);
#1801 = ( REPRESENTATION_RELATIONSHIP('','',#1644,#10) 
REPRESENTATION_RELATIONSHIP_WITH_TRANSFORMATION(#1802) 
SHAPE_REPRESENTATION_RELATIONSHIP() );
#1802 = ITEM_DEFINED_TRANSFORMATION('','',#11,#55);
#1803 = PRODUCT_DEFINITION_SHAPE('Placement','Placement of an item',
  #1804);
#1804 = NEXT_ASSEMBLY_USAGE_OCCURRENCE('11','folha2_mont_a','',#5,#1639,
  $);
#1805 = PRODUCT_RELATED_PRODUCT_CATEGORY('part',$,(#1641));
#1806 = SHAPE_DEFINITION_REPRESENTATION(#1807,#1813);
#1807 = PRODUCT_DEFINITION_SHAPE('','',#1808);
#1808 = PRODUCT_DEFINITION('design','',#1809,#1812);
#1809 = PRODUCT_DEFINITION_FORMATION('','',#1810);
#1810 = PRODUCT('folha2_mont_b','folha2_mont_b','',(#1811));
#1811 = PRODUCT_CONTEXT('',#2,'mechanical');
#1812 = PRODUCT_DEFINITION_CONTEXT('part definition',#2,'design');
#1813 = ADVANCED_BREP_SHAPE_REPRESENTATION('',(#11,#1814),#1964);
#1814 = MANIFOLD_SOLID_BREP('',#1815);
#1815 = CLOSED_SHELL('',(#1816,#1856,#1896,#1918,#1940,#1952));
#1816 = ADVANCED_FACE('',(#1817),#1851,.F.);
#1817 = FACE_BOUND('',#1818,.F.);
#1818 = EDGE_LOOP('',(#1819,#1829,#1837,#1845));
#1819 = ORIENTED_EDGE('',*,*,#1820,.F.);
#1820 = EDGE_CURVE('',#1821,#1823,#1825,.T.);
#1821 = VERTEX_POINT('',#1822);
#1822 = CARTESIAN_POINT('',(1.3275E+03,751.43248234922,100.));
#1823 = VERTEX_POINT('',#1824);
#1824 = CARTESIAN_POINT('',(1.3275E+03,751.43248234922,1.7E+03));
#1825 = LINE('',#1826,#1827);
#1826 = CARTESIAN_POINT('',(1.3275E+03,751.43248234922,100.));
#1827 = VECTOR('',#1828,1.);
#1828 = DIRECTION('',(0.,0.,1.));
#1829 = ORIENTED_EDGE('',*,*,#1830,.T.);
#1830 = EDGE_CURVE('',#1821,#1831,#1833,.T.);
#1831 = VERTEX_POINT('',#1832);
#1832 = CARTESIAN_POINT('',(1.3275E+03,781.43248234922,100.));
#1833 = LINE('',#1834,#1835);
#1834 = CARTESIAN_POINT('',(1.3275E+03,751.43248234922,100.));
#1835 = VECTOR('',#1836,1.);
#1836 = DIRECTION('',(-0.,1.,0.));
#1837 = ORIENTED_EDGE('',*,*,#1838,.T.);
#1838 = EDGE_CURVE('',#1831,#1839,#1841,.T.);
#1839 = VERTEX_POINT('',#1840);
#1840 = CARTESIAN_POINT('',(1.3275E+03,781.43248234922,1.7E+03));
#1841 = LINE('',#1842,#1843);
#1842 = CARTESIAN_POINT('',(1.3275E+03,781.43248234922,100.));
#1843 = VECTOR('',#1844,1.);
#1844 = DIRECTION('',(0.,0.,1.));
#1845 = ORIENTED_EDGE('',*,*,#1846,.F.);
#1846 = EDGE_CURVE('',#1823,#1839,#1847,.T.);
#1847 = LINE('',#1848,#1849);
#1848 = CARTESIAN_POINT('',(1.3275E+03,751.43248234922,1.7E+03));
#1849 = VECTOR('',#1850,1.);
#1850 = DIRECTION('',(-0.,1.,0.));
#1851 = PLANE('',#1852);
#1852 = AXIS2_PLACEMENT_3D('',#1853,#1854,#1855);
#1853 = CARTESIAN_POINT('',(1.3275E+03,751.43248234922,100.));
#1854 = DIRECTION('',(1.,0.,-0.));
#1855 = DIRECTION('',(0.,0.,1.));
#1856 = ADVANCED_FACE('',(#1857),#1891,.T.);
#1857 = FACE_BOUND('',#1858,.T.);
#1858 = EDGE_LOOP('',(#1859,#1869,#1877,#1885));
#1859 = ORIENTED_EDGE('',*,*,#1860,.F.);
#1860 = EDGE_CURVE('',#1861,#1863,#1865,.T.);
#1861 = VERTEX_POINT('',#1862);
#1862 = CARTESIAN_POINT('',(1.3575E+03,751.43248234922,100.));
#1863 = VERTEX_POINT('',#1864);
#1864 = CARTESIAN_POINT('',(1.3575E+03,751.43248234922,1.7E+03));
#1865 = LINE('',#1866,#1867);
#1866 = CARTESIAN_POINT('',(1.3575E+03,751.43248234922,100.));
#1867 = VECTOR('',#1868,1.);
#1868 = DIRECTION('',(0.,0.,1.));
#1869 = ORIENTED_EDGE('',*,*,#1870,.T.);
#1870 = EDGE_CURVE('',#1861,#1871,#1873,.T.);
#1871 = VERTEX_POINT('',#1872);
#1872 = CARTESIAN_POINT('',(1.3575E+03,781.43248234922,100.));
#1873 = LINE('',#1874,#1875);
#1874 = CARTESIAN_POINT('',(1.3575E+03,751.43248234922,100.));
#1875 = VECTOR('',#1876,1.);
#1876 = DIRECTION('',(-0.,1.,0.));
#1877 = ORIENTED_EDGE('',*,*,#1878,.T.);
#1878 = EDGE_CURVE('',#1871,#1879,#1881,.T.);
#1879 = VERTEX_POINT('',#1880);
#1880 = CARTESIAN_POINT('',(1.3575E+03,781.43248234922,1.7E+03));
#1881 = LINE('',#1882,#1883);
#1882 = CARTESIAN_POINT('',(1.3575E+03,781.43248234922,100.));
#1883 = VECTOR('',#1884,1.);
#1884 = DIRECTION('',(0.,0.,1.));
#1885 = ORIENTED_EDGE('',*,*,#1886,.F.);
#1886 = EDGE_CURVE('',#1863,#1879,#1887,.T.);
#1887 = LINE('',#1888,#1889);
#1888 = CARTESIAN_POINT('',(1.3575E+03,751.43248234922,1.7E+03));
#1889 = VECTOR('',#1890,1.);
#1890 = DIRECTION('',(-0.,1.,0.));
#1891 = PLANE('',#1892);
#1892 = AXIS2_PLACEMENT_3D('',#1893,#1894,#1895);
#1893 = CARTESIAN_POINT('',(1.3575E+03,751.43248234922,100.));
#1894 = DIRECTION('',(1.,0.,-0.));
#1895 = DIRECTION('',(0.,0.,1.));
#1896 = ADVANCED_FACE('',(#1897),#1913,.F.);
#1897 = FACE_BOUND('',#1898,.F.);
#1898 = EDGE_LOOP('',(#1899,#1905,#1906,#1912));
#1899 = ORIENTED_EDGE('',*,*,#1900,.F.);
#1900 = EDGE_CURVE('',#1821,#1861,#1901,.T.);
#1901 = LINE('',#1902,#1903);
#1902 = CARTESIAN_POINT('',(1.3275E+03,751.43248234922,100.));
#1903 = VECTOR('',#1904,1.);
#1904 = DIRECTION('',(1.,0.,-0.));
#1905 = ORIENTED_EDGE('',*,*,#1820,.T.);
#1906 = ORIENTED_EDGE('',*,*,#1907,.T.);
#1907 = EDGE_CURVE('',#1823,#1863,#1908,.T.);
#1908 = LINE('',#1909,#1910);
#1909 = CARTESIAN_POINT('',(1.3275E+03,751.43248234922,1.7E+03));
#1910 = VECTOR('',#1911,1.);
#1911 = DIRECTION('',(1.,0.,-0.));
#1912 = ORIENTED_EDGE('',*,*,#1860,.F.);
#1913 = PLANE('',#1914);
#1914 = AXIS2_PLACEMENT_3D('',#1915,#1916,#1917);
#1915 = CARTESIAN_POINT('',(1.3275E+03,751.43248234922,100.));
#1916 = DIRECTION('',(-0.,1.,0.));
#1917 = DIRECTION('',(0.,0.,1.));
#1918 = ADVANCED_FACE('',(#1919),#1935,.T.);
#1919 = FACE_BOUND('',#1920,.T.);
#1920 = EDGE_LOOP('',(#1921,#1927,#1928,#1934));
#1921 = ORIENTED_EDGE('',*,*,#1922,.F.);
#1922 = EDGE_CURVE('',#1831,#1871,#1923,.T.);
#1923 = LINE('',#1924,#1925);
#1924 = CARTESIAN_POINT('',(1.3275E+03,781.43248234922,100.));
#1925 = VECTOR('',#1926,1.);
#1926 = DIRECTION('',(1.,0.,-0.));
#1927 = ORIENTED_EDGE('',*,*,#1838,.T.);
#1928 = ORIENTED_EDGE('',*,*,#1929,.T.);
#1929 = EDGE_CURVE('',#1839,#1879,#1930,.T.);
#1930 = LINE('',#1931,#1932);
#1931 = CARTESIAN_POINT('',(1.3275E+03,781.43248234922,1.7E+03));
#1932 = VECTOR('',#1933,1.);
#1933 = DIRECTION('',(1.,0.,-0.));
#1934 = ORIENTED_EDGE('',*,*,#1878,.F.);
#1935 = PLANE('',#1936);
#1936 = AXIS2_PLACEMENT_3D('',#1937,#1938,#1939);
#1937 = CARTESIAN_POINT('',(1.3275E+03,781.43248234922,100.));
#1938 = DIRECTION('',(-0.,1.,0.));
#1939 = DIRECTION('',(0.,0.,1.));
#1940 = ADVANCED_FACE('',(#1941),#1947,.F.);
#1941 = FACE_BOUND('',#1942,.F.);
#1942 = EDGE_LOOP('',(#1943,#1944,#1945,#1946));
#1943 = ORIENTED_EDGE('',*,*,#1830,.F.);
#1944 = ORIENTED_EDGE('',*,*,#1900,.T.);
#1945 = ORIENTED_EDGE('',*,*,#1870,.T.);
#1946 = ORIENTED_EDGE('',*,*,#1922,.F.);
#1947 = PLANE('',#1948);
#1948 = AXIS2_PLACEMENT_3D('',#1949,#1950,#1951);
#1949 = CARTESIAN_POINT('',(1.3275E+03,751.43248234922,100.));
#1950 = DIRECTION('',(0.,0.,1.));
#1951 = DIRECTION('',(1.,0.,-0.));
#1952 = ADVANCED_FACE('',(#1953),#1959,.T.);
#1953 = FACE_BOUND('',#1954,.T.);
#1954 = EDGE_LOOP('',(#1955,#1956,#1957,#1958));
#1955 = ORIENTED_EDGE('',*,*,#1846,.F.);
#1956 = ORIENTED_EDGE('',*,*,#1907,.T.);
#1957 = ORIENTED_EDGE('',*,*,#1886,.T.);
#1958 = ORIENTED_EDGE('',*,*,#1929,.F.);
#1959 = PLANE('',#1960);
#1960 = AXIS2_PLACEMENT_3D('',#1961,#1962,#1963);
#1961 = CARTESIAN_POINT('',(1.3275E+03,751.43248234922,1.7E+03));
#1962 = DIRECTION('',(0.,0.,1.));
#1963 = DIRECTION('',(1.,0.,-0.));
#1964 = ( GEOMETRIC_REPRESENTATION_CONTEXT(3) 
GLOBAL_UNCERTAINTY_ASSIGNED_CONTEXT((#1968)) 
GLOBAL_UNIT_ASSIGNED_CONTEXT((#1965,#1966,#1967)) REPRESENTATION_CONTEXT
('Context #1','3D Context with UNIT and UNCERTAINTY') );
#1965 = ( LENGTH_UNIT() NAMED_UNIT(*) SI_UNIT(.MILLI.,.METRE.) );
#1966 = ( NAMED_UNIT(*) PLANE_ANGLE_UNIT() SI_UNIT($,.RADIAN.) );
#1967 = ( NAMED_UNIT(*) SI_UNIT($,.STERADIAN.) SOLID_ANGLE_UNIT() );
#1968 = UNCERTAINTY_MEASURE_WITH_UNIT(LENGTH_MEASURE(1.E-07),#1965,
  'distance_accuracy_value','confusion accuracy');
#1969 = CONTEXT_DEPENDENT_SHAPE_REPRESENTATION(#1970,#1972);
#1970 = ( REPRESENTATION_RELATIONSHIP('','',#1813,#10) 
REPRESENTATION_RELATIONSHIP_WITH_TRANSFORMATION(#1971) 
SHAPE_REPRESENTATION_RELATIONSHIP() );
#1971 = ITEM_DEFINED_TRANSFORMATION('','',#11,#59);
#1972 = PRODUCT_DEFINITION_SHAPE('Placement','Placement of an item',
  #1973);
#1973 = NEXT_ASSEMBLY_USAGE_OCCURRENCE('12','folha2_mont_b','',#5,#1808,
  $);
#1974 = PRODUCT_RELATED_PRODUCT_CATEGORY('part',$,(#1810));
#1975 = SHAPE_DEFINITION_REPRESENTATION(#1976,#1982);
#1976 = PRODUCT_DEFINITION_SHAPE('','',#1977);
#1977 = PRODUCT_DEFINITION('design','',#1978,#1981);
#1978 = PRODUCT_DEFINITION_FORMATION('','',#1979);
#1979 = PRODUCT('folha2_trav_inf','folha2_trav_inf','',(#1980));
#1980 = PRODUCT_CONTEXT('',#2,'mechanical');
#1981 = PRODUCT_DEFINITION_CONTEXT('part definition',#2,'design');
#1982 = ADVANCED_BREP_SHAPE_REPRESENTATION('',(#11,#1983),#2133);
#1983 = MANIFOLD_SOLID_BREP('',#1984);
#1984 = CLOSED_SHELL('',(#1985,#2025,#2065,#2087,#2109,#2121));
#1985 = ADVANCED_FACE('',(#1986),#2020,.F.);
#1986 = FACE_BOUND('',#1987,.F.);
#1987 = EDGE_LOOP('',(#1988,#1998,#2006,#2014));
#1988 = ORIENTED_EDGE('',*,*,#1989,.F.);
#1989 = EDGE_CURVE('',#1990,#1992,#1994,.T.);
#1990 = VERTEX_POINT('',#1991);
#1991 = CARTESIAN_POINT('',(0.,-15.,-15.));
#1992 = VERTEX_POINT('',#1993);
#1993 = CARTESIAN_POINT('',(0.,-15.,15.));
#1994 = LINE('',#1995,#1996);
#1995 = CARTESIAN_POINT('',(0.,-15.,-15.));
#1996 = VECTOR('',#1997,1.);
#1997 = DIRECTION('',(0.,0.,1.));
#1998 = ORIENTED_EDGE('',*,*,#1999,.T.);
#1999 = EDGE_CURVE('',#1990,#2000,#2002,.T.);
#2000 = VERTEX_POINT('',#2001);
#2001 = CARTESIAN_POINT('',(0.,15.,-15.));
#2002 = LINE('',#2003,#2004);
#2003 = CARTESIAN_POINT('',(0.,-15.,-15.));
#2004 = VECTOR('',#2005,1.);
#2005 = DIRECTION('',(-0.,1.,0.));
#2006 = ORIENTED_EDGE('',*,*,#2007,.T.);
#2007 = EDGE_CURVE('',#2000,#2008,#2010,.T.);
#2008 = VERTEX_POINT('',#2009);
#2009 = CARTESIAN_POINT('',(0.,15.,15.));
#2010 = LINE('',#2011,#2012);
#2011 = CARTESIAN_POINT('',(0.,15.,-15.));
#2012 = VECTOR('',#2013,1.);
#2013 = DIRECTION('',(0.,0.,1.));
#2014 = ORIENTED_EDGE('',*,*,#2015,.F.);
#2015 = EDGE_CURVE('',#1992,#2008,#2016,.T.);
#2016 = LINE('',#2017,#2018);
#2017 = CARTESIAN_POINT('',(0.,-15.,15.));
#2018 = VECTOR('',#2019,1.);
#2019 = DIRECTION('',(-0.,1.,0.));
#2020 = PLANE('',#2021);
#2021 = AXIS2_PLACEMENT_3D('',#2022,#2023,#2024);
#2022 = CARTESIAN_POINT('',(0.,-15.,-15.));
#2023 = DIRECTION('',(1.,0.,-0.));
#2024 = DIRECTION('',(0.,0.,1.));
#2025 = ADVANCED_FACE('',(#2026),#2060,.T.);
#2026 = FACE_BOUND('',#2027,.T.);
#2027 = EDGE_LOOP('',(#2028,#2038,#2046,#2054));
#2028 = ORIENTED_EDGE('',*,*,#2029,.F.);
#2029 = EDGE_CURVE('',#2030,#2032,#2034,.T.);
#2030 = VERTEX_POINT('',#2031);
#2031 = CARTESIAN_POINT('',(840.,-15.,-15.));
#2032 = VERTEX_POINT('',#2033);
#2033 = CARTESIAN_POINT('',(840.,-15.,15.));
#2034 = LINE('',#2035,#2036);
#2035 = CARTESIAN_POINT('',(840.,-15.,-15.));
#2036 = VECTOR('',#2037,1.);
#2037 = DIRECTION('',(0.,0.,1.));
#2038 = ORIENTED_EDGE('',*,*,#2039,.T.);
#2039 = EDGE_CURVE('',#2030,#2040,#2042,.T.);
#2040 = VERTEX_POINT('',#2041);
#2041 = CARTESIAN_POINT('',(840.,15.,-15.));
#2042 = LINE('',#2043,#2044);
#2043 = CARTESIAN_POINT('',(840.,-15.,-15.));
#2044 = VECTOR('',#2045,1.);
#2045 = DIRECTION('',(-0.,1.,0.));
#2046 = ORIENTED_EDGE('',*,*,#2047,.T.);
#2047 = EDGE_CURVE('',#2040,#2048,#2050,.T.);
#2048 = VERTEX_POINT('',#2049);
#2049 = CARTESIAN_POINT('',(840.,15.,15.));
#2050 = LINE('',#2051,#2052);
#2051 = CARTESIAN_POINT('',(840.,15.,-15.));
#2052 = VECTOR('',#2053,1.);
#2053 = DIRECTION('',(0.,0.,1.));
#2054 = ORIENTED_EDGE('',*,*,#2055,.F.);
#2055 = EDGE_CURVE('',#2032,#2048,#2056,.T.);
#2056 = LINE('',#2057,#2058);
#2057 = CARTESIAN_POINT('',(840.,-15.,15.));
#2058 = VECTOR('',#2059,1.);
#2059 = DIRECTION('',(-0.,1.,0.));
#2060 = PLANE('',#2061);
#2061 = AXIS2_PLACEMENT_3D('',#2062,#2063,#2064);
#2062 = CARTESIAN_POINT('',(840.,-15.,-15.));
#2063 = DIRECTION('',(1.,0.,-0.));
#2064 = DIRECTION('',(0.,0.,1.));
#2065 = ADVANCED_FACE('',(#2066),#2082,.F.);
#2066 = FACE_BOUND('',#2067,.F.);
#2067 = EDGE_LOOP('',(#2068,#2074,#2075,#2081));
#2068 = ORIENTED_EDGE('',*,*,#2069,.F.);
#2069 = EDGE_CURVE('',#1990,#2030,#2070,.T.);
#2070 = LINE('',#2071,#2072);
#2071 = CARTESIAN_POINT('',(0.,-15.,-15.));
#2072 = VECTOR('',#2073,1.);
#2073 = DIRECTION('',(1.,0.,-0.));
#2074 = ORIENTED_EDGE('',*,*,#1989,.T.);
#2075 = ORIENTED_EDGE('',*,*,#2076,.T.);
#2076 = EDGE_CURVE('',#1992,#2032,#2077,.T.);
#2077 = LINE('',#2078,#2079);
#2078 = CARTESIAN_POINT('',(0.,-15.,15.));
#2079 = VECTOR('',#2080,1.);
#2080 = DIRECTION('',(1.,0.,-0.));
#2081 = ORIENTED_EDGE('',*,*,#2029,.F.);
#2082 = PLANE('',#2083);
#2083 = AXIS2_PLACEMENT_3D('',#2084,#2085,#2086);
#2084 = CARTESIAN_POINT('',(0.,-15.,-15.));
#2085 = DIRECTION('',(-0.,1.,0.));
#2086 = DIRECTION('',(0.,0.,1.));
#2087 = ADVANCED_FACE('',(#2088),#2104,.T.);
#2088 = FACE_BOUND('',#2089,.T.);
#2089 = EDGE_LOOP('',(#2090,#2096,#2097,#2103));
#2090 = ORIENTED_EDGE('',*,*,#2091,.F.);
#2091 = EDGE_CURVE('',#2000,#2040,#2092,.T.);
#2092 = LINE('',#2093,#2094);
#2093 = CARTESIAN_POINT('',(0.,15.,-15.));
#2094 = VECTOR('',#2095,1.);
#2095 = DIRECTION('',(1.,0.,-0.));
#2096 = ORIENTED_EDGE('',*,*,#2007,.T.);
#2097 = ORIENTED_EDGE('',*,*,#2098,.T.);
#2098 = EDGE_CURVE('',#2008,#2048,#2099,.T.);
#2099 = LINE('',#2100,#2101);
#2100 = CARTESIAN_POINT('',(0.,15.,15.));
#2101 = VECTOR('',#2102,1.);
#2102 = DIRECTION('',(1.,0.,-0.));
#2103 = ORIENTED_EDGE('',*,*,#2047,.F.);
#2104 = PLANE('',#2105);
#2105 = AXIS2_PLACEMENT_3D('',#2106,#2107,#2108);
#2106 = CARTESIAN_POINT('',(0.,15.,-15.));
#2107 = DIRECTION('',(-0.,1.,0.));
#2108 = DIRECTION('',(0.,0.,1.));
#2109 = ADVANCED_FACE('',(#2110),#2116,.F.);
#2110 = FACE_BOUND('',#2111,.F.);
#2111 = EDGE_LOOP('',(#2112,#2113,#2114,#2115));
#2112 = ORIENTED_EDGE('',*,*,#1999,.F.);
#2113 = ORIENTED_EDGE('',*,*,#2069,.T.);
#2114 = ORIENTED_EDGE('',*,*,#2039,.T.);
#2115 = ORIENTED_EDGE('',*,*,#2091,.F.);
#2116 = PLANE('',#2117);
#2117 = AXIS2_PLACEMENT_3D('',#2118,#2119,#2120);
#2118 = CARTESIAN_POINT('',(0.,-15.,-15.));
#2119 = DIRECTION('',(0.,0.,1.));
#2120 = DIRECTION('',(1.,0.,-0.));
#2121 = ADVANCED_FACE('',(#2122),#2128,.T.);
#2122 = FACE_BOUND('',#2123,.T.);
#2123 = EDGE_LOOP('',(#2124,#2125,#2126,#2127));
#2124 = ORIENTED_EDGE('',*,*,#2015,.F.);
#2125 = ORIENTED_EDGE('',*,*,#2076,.T.);
#2126 = ORIENTED_EDGE('',*,*,#2055,.T.);
#2127 = ORIENTED_EDGE('',*,*,#2098,.F.);
#2128 = PLANE('',#2129);
#2129 = AXIS2_PLACEMENT_3D('',#2130,#2131,#2132);
#2130 = CARTESIAN_POINT('',(0.,-15.,15.));
#2131 = DIRECTION('',(0.,0.,1.));
#2132 = DIRECTION('',(1.,0.,-0.));
#2133 = ( GEOMETRIC_REPRESENTATION_CONTEXT(3) 
GLOBAL_UNCERTAINTY_ASSIGNED_CONTEXT((#2137)) 
GLOBAL_UNIT_ASSIGNED_CONTEXT((#2134,#2135,#2136)) REPRESENTATION_CONTEXT
('Context #1','3D Context with UNIT and UNCERTAINTY') );
#2134 = ( LENGTH_UNIT() NAMED_UNIT(*) SI_UNIT(.MILLI.,.METRE.) );
#2135 = ( NAMED_UNIT(*) PLANE_ANGLE_UNIT() SI_UNIT($,.RADIAN.) );
#2136 = ( NAMED_UNIT(*) SI_UNIT($,.STERADIAN.) SOLID_ANGLE_UNIT() );
#2137 = UNCERTAINTY_MEASURE_WITH_UNIT(LENGTH_MEASURE(1.E-07),#2134,
  'distance_accuracy_value','confusion accuracy');
#2138 = CONTEXT_DEPENDENT_SHAPE_REPRESENTATION(#2139,#2141);
#2139 = ( REPRESENTATION_RELATIONSHIP('','',#1982,#10) 
REPRESENTATION_RELATIONSHIP_WITH_TRANSFORMATION(#2140) 
SHAPE_REPRESENTATION_RELATIONSHIP() );
#2140 = ITEM_DEFINED_TRANSFORMATION('','',#11,#63);
#2141 = PRODUCT_DEFINITION_SHAPE('Placement','Placement of an item',
  #2142);
#2142 = NEXT_ASSEMBLY_USAGE_OCCURRENCE('13','folha2_trav_inf','',#5,
  #1977,$);
#2143 = PRODUCT_RELATED_PRODUCT_CATEGORY('part',$,(#1979));
#2144 = SHAPE_DEFINITION_REPRESENTATION(#2145,#2151);
#2145 = PRODUCT_DEFINITION_SHAPE('','',#2146);
#2146 = PRODUCT_DEFINITION('design','',#2147,#2150);
#2147 = PRODUCT_DEFINITION_FORMATION('','',#2148);
#2148 = PRODUCT('folha2_trav_sup','folha2_trav_sup','',(#2149));
#2149 = PRODUCT_CONTEXT('',#2,'mechanical');
#2150 = PRODUCT_DEFINITION_CONTEXT('part definition',#2,'design');
#2151 = ADVANCED_BREP_SHAPE_REPRESENTATION('',(#11,#2152),#2302);
#2152 = MANIFOLD_SOLID_BREP('',#2153);
#2153 = CLOSED_SHELL('',(#2154,#2194,#2234,#2256,#2278,#2290));
#2154 = ADVANCED_FACE('',(#2155),#2189,.F.);
#2155 = FACE_BOUND('',#2156,.F.);
#2156 = EDGE_LOOP('',(#2157,#2167,#2175,#2183));
#2157 = ORIENTED_EDGE('',*,*,#2158,.F.);
#2158 = EDGE_CURVE('',#2159,#2161,#2163,.T.);
#2159 = VERTEX_POINT('',#2160);
#2160 = CARTESIAN_POINT('',(0.,-15.,-15.));
#2161 = VERTEX_POINT('',#2162);
#2162 = CARTESIAN_POINT('',(0.,-15.,15.));
#2163 = LINE('',#2164,#2165);
#2164 = CARTESIAN_POINT('',(0.,-15.,-15.));
#2165 = VECTOR('',#2166,1.);
#2166 = DIRECTION('',(0.,0.,1.));
#2167 = ORIENTED_EDGE('',*,*,#2168,.T.);
#2168 = EDGE_CURVE('',#2159,#2169,#2171,.T.);
#2169 = VERTEX_POINT('',#2170);
#2170 = CARTESIAN_POINT('',(0.,15.,-15.));
#2171 = LINE('',#2172,#2173);
#2172 = CARTESIAN_POINT('',(0.,-15.,-15.));
#2173 = VECTOR('',#2174,1.);
#2174 = DIRECTION('',(-0.,1.,0.));
#2175 = ORIENTED_EDGE('',*,*,#2176,.T.);
#2176 = EDGE_CURVE('',#2169,#2177,#2179,.T.);
#2177 = VERTEX_POINT('',#2178);
#2178 = CARTESIAN_POINT('',(0.,15.,15.));
#2179 = LINE('',#2180,#2181);
#2180 = CARTESIAN_POINT('',(0.,15.,-15.));
#2181 = VECTOR('',#2182,1.);
#2182 = DIRECTION('',(0.,0.,1.));
#2183 = ORIENTED_EDGE('',*,*,#2184,.F.);
#2184 = EDGE_CURVE('',#2161,#2177,#2185,.T.);
#2185 = LINE('',#2186,#2187);
#2186 = CARTESIAN_POINT('',(0.,-15.,15.));
#2187 = VECTOR('',#2188,1.);
#2188 = DIRECTION('',(-0.,1.,0.));
#2189 = PLANE('',#2190);
#2190 = AXIS2_PLACEMENT_3D('',#2191,#2192,#2193);
#2191 = CARTESIAN_POINT('',(0.,-15.,-15.));
#2192 = DIRECTION('',(1.,0.,-0.));
#2193 = DIRECTION('',(0.,0.,1.));
#2194 = ADVANCED_FACE('',(#2195),#2229,.T.);
#2195 = FACE_BOUND('',#2196,.T.);
#2196 = EDGE_LOOP('',(#2197,#2207,#2215,#2223));
#2197 = ORIENTED_EDGE('',*,*,#2198,.F.);
#2198 = EDGE_CURVE('',#2199,#2201,#2203,.T.);
#2199 = VERTEX_POINT('',#2200);
#2200 = CARTESIAN_POINT('',(840.,-15.,-15.));
#2201 = VERTEX_POINT('',#2202);
#2202 = CARTESIAN_POINT('',(840.,-15.,15.));
#2203 = LINE('',#2204,#2205);
#2204 = CARTESIAN_POINT('',(840.,-15.,-15.));
#2205 = VECTOR('',#2206,1.);
#2206 = DIRECTION('',(0.,0.,1.));
#2207 = ORIENTED_EDGE('',*,*,#2208,.T.);
#2208 = EDGE_CURVE('',#2199,#2209,#2211,.T.);
#2209 = VERTEX_POINT('',#2210);
#2210 = CARTESIAN_POINT('',(840.,15.,-15.));
#2211 = LINE('',#2212,#2213);
#2212 = CARTESIAN_POINT('',(840.,-15.,-15.));
#2213 = VECTOR('',#2214,1.);
#2214 = DIRECTION('',(-0.,1.,0.));
#2215 = ORIENTED_EDGE('',*,*,#2216,.T.);
#2216 = EDGE_CURVE('',#2209,#2217,#2219,.T.);
#2217 = VERTEX_POINT('',#2218);
#2218 = CARTESIAN_POINT('',(840.,15.,15.));
#2219 = LINE('',#2220,#2221);
#2220 = CARTESIAN_POINT('',(840.,15.,-15.));
#2221 = VECTOR('',#2222,1.);
#2222 = DIRECTION('',(0.,0.,1.));
#2223 = ORIENTED_EDGE('',*,*,#2224,.F.);
#2224 = EDGE_CURVE('',#2201,#2217,#2225,.T.);
#2225 = LINE('',#2226,#2227);
#2226 = CARTESIAN_POINT('',(840.,-15.,15.));
#2227 = VECTOR('',#2228,1.);
#2228 = DIRECTION('',(-0.,1.,0.));
#2229 = PLANE('',#2230);
#2230 = AXIS2_PLACEMENT_3D('',#2231,#2232,#2233);
#2231 = CARTESIAN_POINT('',(840.,-15.,-15.));
#2232 = DIRECTION('',(1.,0.,-0.));
#2233 = DIRECTION('',(0.,0.,1.));
#2234 = ADVANCED_FACE('',(#2235),#2251,.F.);
#2235 = FACE_BOUND('',#2236,.F.);
#2236 = EDGE_LOOP('',(#2237,#2243,#2244,#2250));
#2237 = ORIENTED_EDGE('',*,*,#2238,.F.);
#2238 = EDGE_CURVE('',#2159,#2199,#2239,.T.);
#2239 = LINE('',#2240,#2241);
#2240 = CARTESIAN_POINT('',(0.,-15.,-15.));
#2241 = VECTOR('',#2242,1.);
#2242 = DIRECTION('',(1.,0.,-0.));
#2243 = ORIENTED_EDGE('',*,*,#2158,.T.);
#2244 = ORIENTED_EDGE('',*,*,#2245,.T.);
#2245 = EDGE_CURVE('',#2161,#2201,#2246,.T.);
#2246 = LINE('',#2247,#2248);
#2247 = CARTESIAN_POINT('',(0.,-15.,15.));
#2248 = VECTOR('',#2249,1.);
#2249 = DIRECTION('',(1.,0.,-0.));
#2250 = ORIENTED_EDGE('',*,*,#2198,.F.);
#2251 = PLANE('',#2252);
#2252 = AXIS2_PLACEMENT_3D('',#2253,#2254,#2255);
#2253 = CARTESIAN_POINT('',(0.,-15.,-15.));
#2254 = DIRECTION('',(-0.,1.,0.));
#2255 = DIRECTION('',(0.,0.,1.));
#2256 = ADVANCED_FACE('',(#2257),#2273,.T.);
#2257 = FACE_BOUND('',#2258,.T.);
#2258 = EDGE_LOOP('',(#2259,#2265,#2266,#2272));
#2259 = ORIENTED_EDGE('',*,*,#2260,.F.);
#2260 = EDGE_CURVE('',#2169,#2209,#2261,.T.);
#2261 = LINE('',#2262,#2263);
#2262 = CARTESIAN_POINT('',(0.,15.,-15.));
#2263 = VECTOR('',#2264,1.);
#2264 = DIRECTION('',(1.,0.,-0.));
#2265 = ORIENTED_EDGE('',*,*,#2176,.T.);
#2266 = ORIENTED_EDGE('',*,*,#2267,.T.);
#2267 = EDGE_CURVE('',#2177,#2217,#2268,.T.);
#2268 = LINE('',#2269,#2270);
#2269 = CARTESIAN_POINT('',(0.,15.,15.));
#2270 = VECTOR('',#2271,1.);
#2271 = DIRECTION('',(1.,0.,-0.));
#2272 = ORIENTED_EDGE('',*,*,#2216,.F.);
#2273 = PLANE('',#2274);
#2274 = AXIS2_PLACEMENT_3D('',#2275,#2276,#2277);
#2275 = CARTESIAN_POINT('',(0.,15.,-15.));
#2276 = DIRECTION('',(-0.,1.,0.));
#2277 = DIRECTION('',(0.,0.,1.));
#2278 = ADVANCED_FACE('',(#2279),#2285,.F.);
#2279 = FACE_BOUND('',#2280,.F.);
#2280 = EDGE_LOOP('',(#2281,#2282,#2283,#2284));
#2281 = ORIENTED_EDGE('',*,*,#2168,.F.);
#2282 = ORIENTED_EDGE('',*,*,#2238,.T.);
#2283 = ORIENTED_EDGE('',*,*,#2208,.T.);
#2284 = ORIENTED_EDGE('',*,*,#2260,.F.);
#2285 = PLANE('',#2286);
#2286 = AXIS2_PLACEMENT_3D('',#2287,#2288,#2289);
#2287 = CARTESIAN_POINT('',(0.,-15.,-15.));
#2288 = DIRECTION('',(0.,0.,1.));
#2289 = DIRECTION('',(1.,0.,-0.));
#2290 = ADVANCED_FACE('',(#2291),#2297,.T.);
#2291 = FACE_BOUND('',#2292,.T.);
#2292 = EDGE_LOOP('',(#2293,#2294,#2295,#2296));
#2293 = ORIENTED_EDGE('',*,*,#2184,.F.);
#2294 = ORIENTED_EDGE('',*,*,#2245,.T.);
#2295 = ORIENTED_EDGE('',*,*,#2224,.T.);
#2296 = ORIENTED_EDGE('',*,*,#2267,.F.);
#2297 = PLANE('',#2298);
#2298 = AXIS2_PLACEMENT_3D('',#2299,#2300,#2301);
#2299 = CARTESIAN_POINT('',(0.,-15.,15.));
#2300 = DIRECTION('',(0.,0.,1.));
#2301 = DIRECTION('',(1.,0.,-0.));
#2302 = ( GEOMETRIC_REPRESENTATION_CONTEXT(3) 
GLOBAL_UNCERTAINTY_ASSIGNED_CONTEXT((#2306)) 
GLOBAL_UNIT_ASSIGNED_CONTEXT((#2303,#2304,#2305)) REPRESENTATION_CONTEXT
('Context #1','3D Context with UNIT and UNCERTAINTY') );
#2303 = ( LENGTH_UNIT() NAMED_UNIT(*) SI_UNIT(.MILLI.,.METRE.) );
#2304 = ( NAMED_UNIT(*) PLANE_ANGLE_UNIT() SI_UNIT($,.RADIAN.) );
#2305 = ( NAMED_UNIT(*) SI_UNIT($,.STERADIAN.) SOLID_ANGLE_UNIT() );
#2306 = UNCERTAINTY_MEASURE_WITH_UNIT(LENGTH_MEASURE(1.E-07),#2303,
  'distance_accuracy_value','confusion accuracy');
#2307 = CONTEXT_DEPENDENT_SHAPE_REPRESENTATION(#2308,#2310);
#2308 = ( REPRESENTATION_RELATIONSHIP('','',#2151,#10) 
REPRESENTATION_RELATIONSHIP_WITH_TRANSFORMATION(#2309) 
SHAPE_REPRESENTATION_RELATIONSHIP() );
#2309 = ITEM_DEFINED_TRANSFORMATION('','',#11,#67);
#2310 = PRODUCT_DEFINITION_SHAPE('Placement','Placement of an item',
  #2311);
#2311 = NEXT_ASSEMBLY_USAGE_OCCURRENCE('14','folha2_trav_sup','',#5,
  #2146,$);
#2312 = PRODUCT_RELATED_PRODUCT_CATEGORY('part',$,(#2148));
#2313 = SHAPE_DEFINITION_REPRESENTATION(#2314,#2320);
#2314 = PRODUCT_DEFINITION_SHAPE('','',#2315);
#2315 = PRODUCT_DEFINITION('design','',#2316,#2319);
#2316 = PRODUCT_DEFINITION_FORMATION('','',#2317);
#2317 = PRODUCT('folha2_roda_a','folha2_roda_a','',(#2318));
#2318 = PRODUCT_CONTEXT('',#2,'mechanical');
#2319 = PRODUCT_DEFINITION_CONTEXT('part definition',#2,'design');
#2320 = ADVANCED_BREP_SHAPE_REPRESENTATION('',(#11,#2321),#2374);
#2321 = MANIFOLD_SOLID_BREP('',#2322);
#2322 = CLOSED_SHELL('',(#2323,#2356,#2365));
#2323 = ADVANCED_FACE('',(#2324),#2351,.T.);
#2324 = FACE_BOUND('',#2325,.T.);
#2325 = EDGE_LOOP('',(#2326,#2335,#2343,#2350));
#2326 = ORIENTED_EDGE('',*,*,#2327,.F.);
#2327 = EDGE_CURVE('',#2328,#2328,#2330,.T.);
#2328 = VERTEX_POINT('',#2329);
#2329 = CARTESIAN_POINT('',(-9.E-15,16.,37.5));
#2330 = CIRCLE('',#2331,37.5);
#2331 = AXIS2_PLACEMENT_3D('',#2332,#2333,#2334);
#2332 = CARTESIAN_POINT('',(0.,16.,0.));
#2333 = DIRECTION('',(0.,1.,0.));
#2334 = DIRECTION('',(0.,-0.,1.));
#2335 = ORIENTED_EDGE('',*,*,#2336,.F.);
#2336 = EDGE_CURVE('',#2337,#2328,#2339,.T.);
#2337 = VERTEX_POINT('',#2338);
#2338 = CARTESIAN_POINT('',(-9.E-15,-16.,37.5));
#2339 = LINE('',#2340,#2341);
#2340 = CARTESIAN_POINT('',(-9.18E-15,-16.,37.5));
#2341 = VECTOR('',#2342,1.);
#2342 = DIRECTION('',(0.,1.,0.));
#2343 = ORIENTED_EDGE('',*,*,#2344,.T.);
#2344 = EDGE_CURVE('',#2337,#2337,#2345,.T.);
#2345 = CIRCLE('',#2346,37.5);
#2346 = AXIS2_PLACEMENT_3D('',#2347,#2348,#2349);
#2347 = CARTESIAN_POINT('',(0.,-16.,0.));
#2348 = DIRECTION('',(0.,1.,0.));
#2349 = DIRECTION('',(0.,-0.,1.));
#2350 = ORIENTED_EDGE('',*,*,#2336,.T.);
#2351 = CYLINDRICAL_SURFACE('',#2352,37.5);
#2352 = AXIS2_PLACEMENT_3D('',#2353,#2354,#2355);
#2353 = CARTESIAN_POINT('',(0.,-16.,0.));
#2354 = DIRECTION('',(0.,1.,0.));
#2355 = DIRECTION('',(0.,-0.,1.));
#2356 = ADVANCED_FACE('',(#2357),#2360,.T.);
#2357 = FACE_BOUND('',#2358,.T.);
#2358 = EDGE_LOOP('',(#2359));
#2359 = ORIENTED_EDGE('',*,*,#2327,.T.);
#2360 = PLANE('',#2361);
#2361 = AXIS2_PLACEMENT_3D('',#2362,#2363,#2364);
#2362 = CARTESIAN_POINT('',(0.,16.,0.));
#2363 = DIRECTION('',(0.,1.,0.));
#2364 = DIRECTION('',(0.,-0.,1.));
#2365 = ADVANCED_FACE('',(#2366),#2369,.F.);
#2366 = FACE_BOUND('',#2367,.T.);
#2367 = EDGE_LOOP('',(#2368));
#2368 = ORIENTED_EDGE('',*,*,#2344,.F.);
#2369 = PLANE('',#2370);
#2370 = AXIS2_PLACEMENT_3D('',#2371,#2372,#2373);
#2371 = CARTESIAN_POINT('',(0.,-16.,0.));
#2372 = DIRECTION('',(0.,1.,0.));
#2373 = DIRECTION('',(0.,-0.,1.));
#2374 = ( GEOMETRIC_REPRESENTATION_CONTEXT(3) 
GLOBAL_UNCERTAINTY_ASSIGNED_CONTEXT((#2378)) 
GLOBAL_UNIT_ASSIGNED_CONTEXT((#2375,#2376,#2377)) REPRESENTATION_CONTEXT
('Context #1','3D Context with UNIT and UNCERTAINTY') );
#2375 = ( LENGTH_UNIT() NAMED_UNIT(*) SI_UNIT(.MILLI.,.METRE.) );
#2376 = ( NAMED_UNIT(*) PLANE_ANGLE_UNIT() SI_UNIT($,.RADIAN.) );
#2377 = ( NAMED_UNIT(*) SI_UNIT($,.STERADIAN.) SOLID_ANGLE_UNIT() );
#2378 = UNCERTAINTY_MEASURE_WITH_UNIT(LENGTH_MEASURE(1.E-07),#2375,
  'distance_accuracy_value','confusion accuracy');
#2379 = CONTEXT_DEPENDENT_SHAPE_REPRESENTATION(#2380,#2382);
#2380 = ( REPRESENTATION_RELATIONSHIP('','',#2320,#10) 
REPRESENTATION_RELATIONSHIP_WITH_TRANSFORMATION(#2381) 
SHAPE_REPRESENTATION_RELATIONSHIP() );
#2381 = ITEM_DEFINED_TRANSFORMATION('','',#11,#71);
#2382 = PRODUCT_DEFINITION_SHAPE('Placement','Placement of an item',
  #2383);
#2383 = NEXT_ASSEMBLY_USAGE_OCCURRENCE('15','folha2_roda_a','',#5,#2315,
  $);
#2384 = PRODUCT_RELATED_PRODUCT_CATEGORY('part',$,(#2317));
#2385 = SHAPE_DEFINITION_REPRESENTATION(#2386,#2392);
#2386 = PRODUCT_DEFINITION_SHAPE('','',#2387);
#2387 = PRODUCT_DEFINITION('design','',#2388,#2391);
#2388 = PRODUCT_DEFINITION_FORMATION('','',#2389);
#2389 = PRODUCT('folha2_garfo_a','folha2_garfo_a','',(#2390));
#2390 = PRODUCT_CONTEXT('',#2,'mechanical');
#2391 = PRODUCT_DEFINITION_CONTEXT('part definition',#2,'design');
#2392 = ADVANCED_BREP_SHAPE_REPRESENTATION('',(#11,#2393),#2543);
#2393 = MANIFOLD_SOLID_BREP('',#2394);
#2394 = CLOSED_SHELL('',(#2395,#2435,#2475,#2497,#2519,#2531));
#2395 = ADVANCED_FACE('',(#2396),#2430,.F.);
#2396 = FACE_BOUND('',#2397,.F.);
#2397 = EDGE_LOOP('',(#2398,#2408,#2416,#2424));
#2398 = ORIENTED_EDGE('',*,*,#2399,.F.);
#2399 = EDGE_CURVE('',#2400,#2402,#2404,.T.);
#2400 = VERTEX_POINT('',#2401);
#2401 = CARTESIAN_POINT('',(-23.,-18.,0.));
#2402 = VERTEX_POINT('',#2403);
#2403 = CARTESIAN_POINT('',(-23.,-18.,30.));
#2404 = LINE('',#2405,#2406);
#2405 = CARTESIAN_POINT('',(-23.,-18.,0.));
#2406 = VECTOR('',#2407,1.);
#2407 = DIRECTION('',(0.,0.,1.));
#2408 = ORIENTED_EDGE('',*,*,#2409,.T.);
#2409 = EDGE_CURVE('',#2400,#2410,#2412,.T.);
#2410 = VERTEX_POINT('',#2411);
#2411 = CARTESIAN_POINT('',(-23.,18.,0.));
#2412 = LINE('',#2413,#2414);
#2413 = CARTESIAN_POINT('',(-23.,-18.,0.));
#2414 = VECTOR('',#2415,1.);
#2415 = DIRECTION('',(-0.,1.,0.));
#2416 = ORIENTED_EDGE('',*,*,#2417,.T.);
#2417 = EDGE_CURVE('',#2410,#2418,#2420,.T.);
#2418 = VERTEX_POINT('',#2419);
#2419 = CARTESIAN_POINT('',(-23.,18.,30.));
#2420 = LINE('',#2421,#2422);
#2421 = CARTESIAN_POINT('',(-23.,18.,0.));
#2422 = VECTOR('',#2423,1.);
#2423 = DIRECTION('',(0.,0.,1.));
#2424 = ORIENTED_EDGE('',*,*,#2425,.F.);
#2425 = EDGE_CURVE('',#2402,#2418,#2426,.T.);
#2426 = LINE('',#2427,#2428);
#2427 = CARTESIAN_POINT('',(-23.,-18.,30.));
#2428 = VECTOR('',#2429,1.);
#2429 = DIRECTION('',(-0.,1.,0.));
#2430 = PLANE('',#2431);
#2431 = AXIS2_PLACEMENT_3D('',#2432,#2433,#2434);
#2432 = CARTESIAN_POINT('',(-23.,-18.,0.));
#2433 = DIRECTION('',(1.,0.,-0.));
#2434 = DIRECTION('',(0.,0.,1.));
#2435 = ADVANCED_FACE('',(#2436),#2470,.T.);
#2436 = FACE_BOUND('',#2437,.T.);
#2437 = EDGE_LOOP('',(#2438,#2448,#2456,#2464));
#2438 = ORIENTED_EDGE('',*,*,#2439,.F.);
#2439 = EDGE_CURVE('',#2440,#2442,#2444,.T.);
#2440 = VERTEX_POINT('',#2441);
#2441 = CARTESIAN_POINT('',(23.,-18.,0.));
#2442 = VERTEX_POINT('',#2443);
#2443 = CARTESIAN_POINT('',(23.,-18.,30.));
#2444 = LINE('',#2445,#2446);
#2445 = CARTESIAN_POINT('',(23.,-18.,0.));
#2446 = VECTOR('',#2447,1.);
#2447 = DIRECTION('',(0.,0.,1.));
#2448 = ORIENTED_EDGE('',*,*,#2449,.T.);
#2449 = EDGE_CURVE('',#2440,#2450,#2452,.T.);
#2450 = VERTEX_POINT('',#2451);
#2451 = CARTESIAN_POINT('',(23.,18.,0.));
#2452 = LINE('',#2453,#2454);
#2453 = CARTESIAN_POINT('',(23.,-18.,0.));
#2454 = VECTOR('',#2455,1.);
#2455 = DIRECTION('',(-0.,1.,0.));
#2456 = ORIENTED_EDGE('',*,*,#2457,.T.);
#2457 = EDGE_CURVE('',#2450,#2458,#2460,.T.);
#2458 = VERTEX_POINT('',#2459);
#2459 = CARTESIAN_POINT('',(23.,18.,30.));
#2460 = LINE('',#2461,#2462);
#2461 = CARTESIAN_POINT('',(23.,18.,0.));
#2462 = VECTOR('',#2463,1.);
#2463 = DIRECTION('',(0.,0.,1.));
#2464 = ORIENTED_EDGE('',*,*,#2465,.F.);
#2465 = EDGE_CURVE('',#2442,#2458,#2466,.T.);
#2466 = LINE('',#2467,#2468);
#2467 = CARTESIAN_POINT('',(23.,-18.,30.));
#2468 = VECTOR('',#2469,1.);
#2469 = DIRECTION('',(-0.,1.,0.));
#2470 = PLANE('',#2471);
#2471 = AXIS2_PLACEMENT_3D('',#2472,#2473,#2474);
#2472 = CARTESIAN_POINT('',(23.,-18.,0.));
#2473 = DIRECTION('',(1.,0.,-0.));
#2474 = DIRECTION('',(0.,0.,1.));
#2475 = ADVANCED_FACE('',(#2476),#2492,.F.);
#2476 = FACE_BOUND('',#2477,.F.);
#2477 = EDGE_LOOP('',(#2478,#2484,#2485,#2491));
#2478 = ORIENTED_EDGE('',*,*,#2479,.F.);
#2479 = EDGE_CURVE('',#2400,#2440,#2480,.T.);
#2480 = LINE('',#2481,#2482);
#2481 = CARTESIAN_POINT('',(-23.,-18.,0.));
#2482 = VECTOR('',#2483,1.);
#2483 = DIRECTION('',(1.,0.,-0.));
#2484 = ORIENTED_EDGE('',*,*,#2399,.T.);
#2485 = ORIENTED_EDGE('',*,*,#2486,.T.);
#2486 = EDGE_CURVE('',#2402,#2442,#2487,.T.);
#2487 = LINE('',#2488,#2489);
#2488 = CARTESIAN_POINT('',(-23.,-18.,30.));
#2489 = VECTOR('',#2490,1.);
#2490 = DIRECTION('',(1.,0.,-0.));
#2491 = ORIENTED_EDGE('',*,*,#2439,.F.);
#2492 = PLANE('',#2493);
#2493 = AXIS2_PLACEMENT_3D('',#2494,#2495,#2496);
#2494 = CARTESIAN_POINT('',(-23.,-18.,0.));
#2495 = DIRECTION('',(-0.,1.,0.));
#2496 = DIRECTION('',(0.,0.,1.));
#2497 = ADVANCED_FACE('',(#2498),#2514,.T.);
#2498 = FACE_BOUND('',#2499,.T.);
#2499 = EDGE_LOOP('',(#2500,#2506,#2507,#2513));
#2500 = ORIENTED_EDGE('',*,*,#2501,.F.);
#2501 = EDGE_CURVE('',#2410,#2450,#2502,.T.);
#2502 = LINE('',#2503,#2504);
#2503 = CARTESIAN_POINT('',(-23.,18.,0.));
#2504 = VECTOR('',#2505,1.);
#2505 = DIRECTION('',(1.,0.,-0.));
#2506 = ORIENTED_EDGE('',*,*,#2417,.T.);
#2507 = ORIENTED_EDGE('',*,*,#2508,.T.);
#2508 = EDGE_CURVE('',#2418,#2458,#2509,.T.);
#2509 = LINE('',#2510,#2511);
#2510 = CARTESIAN_POINT('',(-23.,18.,30.));
#2511 = VECTOR('',#2512,1.);
#2512 = DIRECTION('',(1.,0.,-0.));
#2513 = ORIENTED_EDGE('',*,*,#2457,.F.);
#2514 = PLANE('',#2515);
#2515 = AXIS2_PLACEMENT_3D('',#2516,#2517,#2518);
#2516 = CARTESIAN_POINT('',(-23.,18.,0.));
#2517 = DIRECTION('',(-0.,1.,0.));
#2518 = DIRECTION('',(0.,0.,1.));
#2519 = ADVANCED_FACE('',(#2520),#2526,.F.);
#2520 = FACE_BOUND('',#2521,.F.);
#2521 = EDGE_LOOP('',(#2522,#2523,#2524,#2525));
#2522 = ORIENTED_EDGE('',*,*,#2409,.F.);
#2523 = ORIENTED_EDGE('',*,*,#2479,.T.);
#2524 = ORIENTED_EDGE('',*,*,#2449,.T.);
#2525 = ORIENTED_EDGE('',*,*,#2501,.F.);
#2526 = PLANE('',#2527);
#2527 = AXIS2_PLACEMENT_3D('',#2528,#2529,#2530);
#2528 = CARTESIAN_POINT('',(-23.,-18.,0.));
#2529 = DIRECTION('',(0.,0.,1.));
#2530 = DIRECTION('',(1.,0.,-0.));
#2531 = ADVANCED_FACE('',(#2532),#2538,.T.);
#2532 = FACE_BOUND('',#2533,.T.);
#2533 = EDGE_LOOP('',(#2534,#2535,#2536,#2537));
#2534 = ORIENTED_EDGE('',*,*,#2425,.F.);
#2535 = ORIENTED_EDGE('',*,*,#2486,.T.);
#2536 = ORIENTED_EDGE('',*,*,#2465,.T.);
#2537 = ORIENTED_EDGE('',*,*,#2508,.F.);
#2538 = PLANE('',#2539);
#2539 = AXIS2_PLACEMENT_3D('',#2540,#2541,#2542);
#2540 = CARTESIAN_POINT('',(-23.,-18.,30.));
#2541 = DIRECTION('',(0.,0.,1.));
#2542 = DIRECTION('',(1.,0.,-0.));
#2543 = ( GEOMETRIC_REPRESENTATION_CONTEXT(3) 
GLOBAL_UNCERTAINTY_ASSIGNED_CONTEXT((#2547)) 
GLOBAL_UNIT_ASSIGNED_CONTEXT((#2544,#2545,#2546)) REPRESENTATION_CONTEXT
('Context #1','3D Context with UNIT and UNCERTAINTY') );
#2544 = ( LENGTH_UNIT() NAMED_UNIT(*) SI_UNIT(.MILLI.,.METRE.) );
#2545 = ( NAMED_UNIT(*) PLANE_ANGLE_UNIT() SI_UNIT($,.RADIAN.) );
#2546 = ( NAMED_UNIT(*) SI_UNIT($,.STERADIAN.) SOLID_ANGLE_UNIT() );
#2547 = UNCERTAINTY_MEASURE_WITH_UNIT(LENGTH_MEASURE(1.E-07),#2544,
  'distance_accuracy_value','confusion accuracy');
#2548 = CONTEXT_DEPENDENT_SHAPE_REPRESENTATION(#2549,#2551);
#2549 = ( REPRESENTATION_RELATIONSHIP('','',#2392,#10) 
REPRESENTATION_RELATIONSHIP_WITH_TRANSFORMATION(#2550) 
SHAPE_REPRESENTATION_RELATIONSHIP() );
#2550 = ITEM_DEFINED_TRANSFORMATION('','',#11,#75);
#2551 = PRODUCT_DEFINITION_SHAPE('Placement','Placement of an item',
  #2552);
#2552 = NEXT_ASSEMBLY_USAGE_OCCURRENCE('16','folha2_garfo_a','',#5,#2387
  ,$);
#2553 = PRODUCT_RELATED_PRODUCT_CATEGORY('part',$,(#2389));
#2554 = SHAPE_DEFINITION_REPRESENTATION(#2555,#2561);
#2555 = PRODUCT_DEFINITION_SHAPE('','',#2556);
#2556 = PRODUCT_DEFINITION('design','',#2557,#2560);
#2557 = PRODUCT_DEFINITION_FORMATION('','',#2558);
#2558 = PRODUCT('folha2_placa_a','folha2_placa_a','',(#2559));
#2559 = PRODUCT_CONTEXT('',#2,'mechanical');
#2560 = PRODUCT_DEFINITION_CONTEXT('part definition',#2,'design');
#2561 = ADVANCED_BREP_SHAPE_REPRESENTATION('',(#11,#2562),#2712);
#2562 = MANIFOLD_SOLID_BREP('',#2563);
#2563 = CLOSED_SHELL('',(#2564,#2604,#2644,#2666,#2688,#2700));
#2564 = ADVANCED_FACE('',(#2565),#2599,.F.);
#2565 = FACE_BOUND('',#2566,.F.);
#2566 = EDGE_LOOP('',(#2567,#2577,#2585,#2593));
#2567 = ORIENTED_EDGE('',*,*,#2568,.F.);
#2568 = EDGE_CURVE('',#2569,#2571,#2573,.T.);
#2569 = VERTEX_POINT('',#2570);
#2570 = CARTESIAN_POINT('',(-45.,-35.,0.));
#2571 = VERTEX_POINT('',#2572);
#2572 = CARTESIAN_POINT('',(-45.,-35.,4.));
#2573 = LINE('',#2574,#2575);
#2574 = CARTESIAN_POINT('',(-45.,-35.,0.));
#2575 = VECTOR('',#2576,1.);
#2576 = DIRECTION('',(0.,0.,1.));
#2577 = ORIENTED_EDGE('',*,*,#2578,.T.);
#2578 = EDGE_CURVE('',#2569,#2579,#2581,.T.);
#2579 = VERTEX_POINT('',#2580);
#2580 = CARTESIAN_POINT('',(-45.,35.,0.));
#2581 = LINE('',#2582,#2583);
#2582 = CARTESIAN_POINT('',(-45.,-35.,0.));
#2583 = VECTOR('',#2584,1.);
#2584 = DIRECTION('',(-0.,1.,0.));
#2585 = ORIENTED_EDGE('',*,*,#2586,.T.);
#2586 = EDGE_CURVE('',#2579,#2587,#2589,.T.);
#2587 = VERTEX_POINT('',#2588);
#2588 = CARTESIAN_POINT('',(-45.,35.,4.));
#2589 = LINE('',#2590,#2591);
#2590 = CARTESIAN_POINT('',(-45.,35.,0.));
#2591 = VECTOR('',#2592,1.);
#2592 = DIRECTION('',(0.,0.,1.));
#2593 = ORIENTED_EDGE('',*,*,#2594,.F.);
#2594 = EDGE_CURVE('',#2571,#2587,#2595,.T.);
#2595 = LINE('',#2596,#2597);
#2596 = CARTESIAN_POINT('',(-45.,-35.,4.));
#2597 = VECTOR('',#2598,1.);
#2598 = DIRECTION('',(-0.,1.,0.));
#2599 = PLANE('',#2600);
#2600 = AXIS2_PLACEMENT_3D('',#2601,#2602,#2603);
#2601 = CARTESIAN_POINT('',(-45.,-35.,0.));
#2602 = DIRECTION('',(1.,0.,-0.));
#2603 = DIRECTION('',(0.,0.,1.));
#2604 = ADVANCED_FACE('',(#2605),#2639,.T.);
#2605 = FACE_BOUND('',#2606,.T.);
#2606 = EDGE_LOOP('',(#2607,#2617,#2625,#2633));
#2607 = ORIENTED_EDGE('',*,*,#2608,.F.);
#2608 = EDGE_CURVE('',#2609,#2611,#2613,.T.);
#2609 = VERTEX_POINT('',#2610);
#2610 = CARTESIAN_POINT('',(45.,-35.,0.));
#2611 = VERTEX_POINT('',#2612);
#2612 = CARTESIAN_POINT('',(45.,-35.,4.));
#2613 = LINE('',#2614,#2615);
#2614 = CARTESIAN_POINT('',(45.,-35.,0.));
#2615 = VECTOR('',#2616,1.);
#2616 = DIRECTION('',(0.,0.,1.));
#2617 = ORIENTED_EDGE('',*,*,#2618,.T.);
#2618 = EDGE_CURVE('',#2609,#2619,#2621,.T.);
#2619 = VERTEX_POINT('',#2620);
#2620 = CARTESIAN_POINT('',(45.,35.,0.));
#2621 = LINE('',#2622,#2623);
#2622 = CARTESIAN_POINT('',(45.,-35.,0.));
#2623 = VECTOR('',#2624,1.);
#2624 = DIRECTION('',(-0.,1.,0.));
#2625 = ORIENTED_EDGE('',*,*,#2626,.T.);
#2626 = EDGE_CURVE('',#2619,#2627,#2629,.T.);
#2627 = VERTEX_POINT('',#2628);
#2628 = CARTESIAN_POINT('',(45.,35.,4.));
#2629 = LINE('',#2630,#2631);
#2630 = CARTESIAN_POINT('',(45.,35.,0.));
#2631 = VECTOR('',#2632,1.);
#2632 = DIRECTION('',(0.,0.,1.));
#2633 = ORIENTED_EDGE('',*,*,#2634,.F.);
#2634 = EDGE_CURVE('',#2611,#2627,#2635,.T.);
#2635 = LINE('',#2636,#2637);
#2636 = CARTESIAN_POINT('',(45.,-35.,4.));
#2637 = VECTOR('',#2638,1.);
#2638 = DIRECTION('',(-0.,1.,0.));
#2639 = PLANE('',#2640);
#2640 = AXIS2_PLACEMENT_3D('',#2641,#2642,#2643);
#2641 = CARTESIAN_POINT('',(45.,-35.,0.));
#2642 = DIRECTION('',(1.,0.,-0.));
#2643 = DIRECTION('',(0.,0.,1.));
#2644 = ADVANCED_FACE('',(#2645),#2661,.F.);
#2645 = FACE_BOUND('',#2646,.F.);
#2646 = EDGE_LOOP('',(#2647,#2653,#2654,#2660));
#2647 = ORIENTED_EDGE('',*,*,#2648,.F.);
#2648 = EDGE_CURVE('',#2569,#2609,#2649,.T.);
#2649 = LINE('',#2650,#2651);
#2650 = CARTESIAN_POINT('',(-45.,-35.,0.));
#2651 = VECTOR('',#2652,1.);
#2652 = DIRECTION('',(1.,0.,-0.));
#2653 = ORIENTED_EDGE('',*,*,#2568,.T.);
#2654 = ORIENTED_EDGE('',*,*,#2655,.T.);
#2655 = EDGE_CURVE('',#2571,#2611,#2656,.T.);
#2656 = LINE('',#2657,#2658);
#2657 = CARTESIAN_POINT('',(-45.,-35.,4.));
#2658 = VECTOR('',#2659,1.);
#2659 = DIRECTION('',(1.,0.,-0.));
#2660 = ORIENTED_EDGE('',*,*,#2608,.F.);
#2661 = PLANE('',#2662);
#2662 = AXIS2_PLACEMENT_3D('',#2663,#2664,#2665);
#2663 = CARTESIAN_POINT('',(-45.,-35.,0.));
#2664 = DIRECTION('',(-0.,1.,0.));
#2665 = DIRECTION('',(0.,0.,1.));
#2666 = ADVANCED_FACE('',(#2667),#2683,.T.);
#2667 = FACE_BOUND('',#2668,.T.);
#2668 = EDGE_LOOP('',(#2669,#2675,#2676,#2682));
#2669 = ORIENTED_EDGE('',*,*,#2670,.F.);
#2670 = EDGE_CURVE('',#2579,#2619,#2671,.T.);
#2671 = LINE('',#2672,#2673);
#2672 = CARTESIAN_POINT('',(-45.,35.,0.));
#2673 = VECTOR('',#2674,1.);
#2674 = DIRECTION('',(1.,0.,-0.));
#2675 = ORIENTED_EDGE('',*,*,#2586,.T.);
#2676 = ORIENTED_EDGE('',*,*,#2677,.T.);
#2677 = EDGE_CURVE('',#2587,#2627,#2678,.T.);
#2678 = LINE('',#2679,#2680);
#2679 = CARTESIAN_POINT('',(-45.,35.,4.));
#2680 = VECTOR('',#2681,1.);
#2681 = DIRECTION('',(1.,0.,-0.));
#2682 = ORIENTED_EDGE('',*,*,#2626,.F.);
#2683 = PLANE('',#2684);
#2684 = AXIS2_PLACEMENT_3D('',#2685,#2686,#2687);
#2685 = CARTESIAN_POINT('',(-45.,35.,0.));
#2686 = DIRECTION('',(-0.,1.,0.));
#2687 = DIRECTION('',(0.,0.,1.));
#2688 = ADVANCED_FACE('',(#2689),#2695,.F.);
#2689 = FACE_BOUND('',#2690,.F.);
#2690 = EDGE_LOOP('',(#2691,#2692,#2693,#2694));
#2691 = ORIENTED_EDGE('',*,*,#2578,.F.);
#2692 = ORIENTED_EDGE('',*,*,#2648,.T.);
#2693 = ORIENTED_EDGE('',*,*,#2618,.T.);
#2694 = ORIENTED_EDGE('',*,*,#2670,.F.);
#2695 = PLANE('',#2696);
#2696 = AXIS2_PLACEMENT_3D('',#2697,#2698,#2699);
#2697 = CARTESIAN_POINT('',(-45.,-35.,0.));
#2698 = DIRECTION('',(0.,0.,1.));
#2699 = DIRECTION('',(1.,0.,-0.));
#2700 = ADVANCED_FACE('',(#2701),#2707,.T.);
#2701 = FACE_BOUND('',#2702,.T.);
#2702 = EDGE_LOOP('',(#2703,#2704,#2705,#2706));
#2703 = ORIENTED_EDGE('',*,*,#2594,.F.);
#2704 = ORIENTED_EDGE('',*,*,#2655,.T.);
#2705 = ORIENTED_EDGE('',*,*,#2634,.T.);
#2706 = ORIENTED_EDGE('',*,*,#2677,.F.);
#2707 = PLANE('',#2708);
#2708 = AXIS2_PLACEMENT_3D('',#2709,#2710,#2711);
#2709 = CARTESIAN_POINT('',(-45.,-35.,4.));
#2710 = DIRECTION('',(0.,0.,1.));
#2711 = DIRECTION('',(1.,0.,-0.));
#2712 = ( GEOMETRIC_REPRESENTATION_CONTEXT(3) 
GLOBAL_UNCERTAINTY_ASSIGNED_CONTEXT((#2716)) 
GLOBAL_UNIT_ASSIGNED_CONTEXT((#2713,#2714,#2715)) REPRESENTATION_CONTEXT
('Context #1','3D Context with UNIT and UNCERTAINTY') );
#2713 = ( LENGTH_UNIT() NAMED_UNIT(*) SI_UNIT(.MILLI.,.METRE.) );
#2714 = ( NAMED_UNIT(*) PLANE_ANGLE_UNIT() SI_UNIT($,.RADIAN.) );
#2715 = ( NAMED_UNIT(*) SI_UNIT($,.STERADIAN.) SOLID_ANGLE_UNIT() );
#2716 = UNCERTAINTY_MEASURE_WITH_UNIT(LENGTH_MEASURE(1.E-07),#2713,
  'distance_accuracy_value','confusion accuracy');
#2717 = CONTEXT_DEPENDENT_SHAPE_REPRESENTATION(#2718,#2720);
#2718 = ( REPRESENTATION_RELATIONSHIP('','',#2561,#10) 
REPRESENTATION_RELATIONSHIP_WITH_TRANSFORMATION(#2719) 
SHAPE_REPRESENTATION_RELATIONSHIP() );
#2719 = ITEM_DEFINED_TRANSFORMATION('','',#11,#79);
#2720 = PRODUCT_DEFINITION_SHAPE('Placement','Placement of an item',
  #2721);
#2721 = NEXT_ASSEMBLY_USAGE_OCCURRENCE('17','folha2_placa_a','',#5,#2556
  ,$);
#2722 = PRODUCT_RELATED_PRODUCT_CATEGORY('part',$,(#2558));
#2723 = SHAPE_DEFINITION_REPRESENTATION(#2724,#2730);
#2724 = PRODUCT_DEFINITION_SHAPE('','',#2725);
#2725 = PRODUCT_DEFINITION('design','',#2726,#2729);
#2726 = PRODUCT_DEFINITION_FORMATION('','',#2727);
#2727 = PRODUCT('folha2_roda_b','folha2_roda_b','',(#2728));
#2728 = PRODUCT_CONTEXT('',#2,'mechanical');
#2729 = PRODUCT_DEFINITION_CONTEXT('part definition',#2,'design');
#2730 = ADVANCED_BREP_SHAPE_REPRESENTATION('',(#11,#2731),#2784);
#2731 = MANIFOLD_SOLID_BREP('',#2732);
#2732 = CLOSED_SHELL('',(#2733,#2766,#2775));
#2733 = ADVANCED_FACE('',(#2734),#2761,.T.);
#2734 = FACE_BOUND('',#2735,.T.);
#2735 = EDGE_LOOP('',(#2736,#2745,#2753,#2760));
#2736 = ORIENTED_EDGE('',*,*,#2737,.F.);
#2737 = EDGE_CURVE('',#2738,#2738,#2740,.T.);
#2738 = VERTEX_POINT('',#2739);
#2739 = CARTESIAN_POINT('',(-9.E-15,16.,37.5));
#2740 = CIRCLE('',#2741,37.5);
#2741 = AXIS2_PLACEMENT_3D('',#2742,#2743,#2744);
#2742 = CARTESIAN_POINT('',(0.,16.,0.));
#2743 = DIRECTION('',(0.,1.,0.));
#2744 = DIRECTION('',(0.,-0.,1.));
#2745 = ORIENTED_EDGE('',*,*,#2746,.F.);
#2746 = EDGE_CURVE('',#2747,#2738,#2749,.T.);
#2747 = VERTEX_POINT('',#2748);
#2748 = CARTESIAN_POINT('',(-9.E-15,-16.,37.5));
#2749 = LINE('',#2750,#2751);
#2750 = CARTESIAN_POINT('',(-9.18E-15,-16.,37.5));
#2751 = VECTOR('',#2752,1.);
#2752 = DIRECTION('',(0.,1.,0.));
#2753 = ORIENTED_EDGE('',*,*,#2754,.T.);
#2754 = EDGE_CURVE('',#2747,#2747,#2755,.T.);
#2755 = CIRCLE('',#2756,37.5);
#2756 = AXIS2_PLACEMENT_3D('',#2757,#2758,#2759);
#2757 = CARTESIAN_POINT('',(0.,-16.,0.));
#2758 = DIRECTION('',(0.,1.,0.));
#2759 = DIRECTION('',(0.,-0.,1.));
#2760 = ORIENTED_EDGE('',*,*,#2746,.T.);
#2761 = CYLINDRICAL_SURFACE('',#2762,37.5);
#2762 = AXIS2_PLACEMENT_3D('',#2763,#2764,#2765);
#2763 = CARTESIAN_POINT('',(0.,-16.,0.));
#2764 = DIRECTION('',(0.,1.,0.));
#2765 = DIRECTION('',(0.,-0.,1.));
#2766 = ADVANCED_FACE('',(#2767),#2770,.T.);
#2767 = FACE_BOUND('',#2768,.T.);
#2768 = EDGE_LOOP('',(#2769));
#2769 = ORIENTED_EDGE('',*,*,#2737,.T.);
#2770 = PLANE('',#2771);
#2771 = AXIS2_PLACEMENT_3D('',#2772,#2773,#2774);
#2772 = CARTESIAN_POINT('',(0.,16.,0.));
#2773 = DIRECTION('',(0.,1.,0.));
#2774 = DIRECTION('',(0.,-0.,1.));
#2775 = ADVANCED_FACE('',(#2776),#2779,.F.);
#2776 = FACE_BOUND('',#2777,.T.);
#2777 = EDGE_LOOP('',(#2778));
#2778 = ORIENTED_EDGE('',*,*,#2754,.F.);
#2779 = PLANE('',#2780);
#2780 = AXIS2_PLACEMENT_3D('',#2781,#2782,#2783);
#2781 = CARTESIAN_POINT('',(0.,-16.,0.));
#2782 = DIRECTION('',(0.,1.,0.));
#2783 = DIRECTION('',(0.,-0.,1.));
#2784 = ( GEOMETRIC_REPRESENTATION_CONTEXT(3) 
GLOBAL_UNCERTAINTY_ASSIGNED_CONTEXT((#2788)) 
GLOBAL_UNIT_ASSIGNED_CONTEXT((#2785,#2786,#2787)) REPRESENTATION_CONTEXT
('Context #1','3D Context with UNIT and UNCERTAINTY') );
#2785 = ( LENGTH_UNIT() NAMED_UNIT(*) SI_UNIT(.MILLI.,.METRE.) );
#2786 = ( NAMED_UNIT(*) PLANE_ANGLE_UNIT() SI_UNIT($,.RADIAN.) );
#2787 = ( NAMED_UNIT(*) SI_UNIT($,.STERADIAN.) SOLID_ANGLE_UNIT() );
#2788 = UNCERTAINTY_MEASURE_WITH_UNIT(LENGTH_MEASURE(1.E-07),#2785,
  'distance_accuracy_value','confusion accuracy');
#2789 = CONTEXT_DEPENDENT_SHAPE_REPRESENTATION(#2790,#2792);
#2790 = ( REPRESENTATION_RELATIONSHIP('','',#2730,#10) 
REPRESENTATION_RELATIONSHIP_WITH_TRANSFORMATION(#2791) 
SHAPE_REPRESENTATION_RELATIONSHIP() );
#2791 = ITEM_DEFINED_TRANSFORMATION('','',#11,#83);
#2792 = PRODUCT_DEFINITION_SHAPE('Placement','Placement of an item',
  #2793);
#2793 = NEXT_ASSEMBLY_USAGE_OCCURRENCE('18','folha2_roda_b','',#5,#2725,
  $);
#2794 = PRODUCT_RELATED_PRODUCT_CATEGORY('part',$,(#2727));
#2795 = SHAPE_DEFINITION_REPRESENTATION(#2796,#2802);
#2796 = PRODUCT_DEFINITION_SHAPE('','',#2797);
#2797 = PRODUCT_DEFINITION('design','',#2798,#2801);
#2798 = PRODUCT_DEFINITION_FORMATION('','',#2799);
#2799 = PRODUCT('folha2_garfo_b','folha2_garfo_b','',(#2800));
#2800 = PRODUCT_CONTEXT('',#2,'mechanical');
#2801 = PRODUCT_DEFINITION_CONTEXT('part definition',#2,'design');
#2802 = ADVANCED_BREP_SHAPE_REPRESENTATION('',(#11,#2803),#2953);
#2803 = MANIFOLD_SOLID_BREP('',#2804);
#2804 = CLOSED_SHELL('',(#2805,#2845,#2885,#2907,#2929,#2941));
#2805 = ADVANCED_FACE('',(#2806),#2840,.F.);
#2806 = FACE_BOUND('',#2807,.F.);
#2807 = EDGE_LOOP('',(#2808,#2818,#2826,#2834));
#2808 = ORIENTED_EDGE('',*,*,#2809,.F.);
#2809 = EDGE_CURVE('',#2810,#2812,#2814,.T.);
#2810 = VERTEX_POINT('',#2811);
#2811 = CARTESIAN_POINT('',(-23.,-18.,0.));
#2812 = VERTEX_POINT('',#2813);
#2813 = CARTESIAN_POINT('',(-23.,-18.,30.));
#2814 = LINE('',#2815,#2816);
#2815 = CARTESIAN_POINT('',(-23.,-18.,0.));
#2816 = VECTOR('',#2817,1.);
#2817 = DIRECTION('',(0.,0.,1.));
#2818 = ORIENTED_EDGE('',*,*,#2819,.T.);
#2819 = EDGE_CURVE('',#2810,#2820,#2822,.T.);
#2820 = VERTEX_POINT('',#2821);
#2821 = CARTESIAN_POINT('',(-23.,18.,0.));
#2822 = LINE('',#2823,#2824);
#2823 = CARTESIAN_POINT('',(-23.,-18.,0.));
#2824 = VECTOR('',#2825,1.);
#2825 = DIRECTION('',(-0.,1.,0.));
#2826 = ORIENTED_EDGE('',*,*,#2827,.T.);
#2827 = EDGE_CURVE('',#2820,#2828,#2830,.T.);
#2828 = VERTEX_POINT('',#2829);
#2829 = CARTESIAN_POINT('',(-23.,18.,30.));
#2830 = LINE('',#2831,#2832);
#2831 = CARTESIAN_POINT('',(-23.,18.,0.));
#2832 = VECTOR('',#2833,1.);
#2833 = DIRECTION('',(0.,0.,1.));
#2834 = ORIENTED_EDGE('',*,*,#2835,.F.);
#2835 = EDGE_CURVE('',#2812,#2828,#2836,.T.);
#2836 = LINE('',#2837,#2838);
#2837 = CARTESIAN_POINT('',(-23.,-18.,30.));
#2838 = VECTOR('',#2839,1.);
#2839 = DIRECTION('',(-0.,1.,0.));
#2840 = PLANE('',#2841);
#2841 = AXIS2_PLACEMENT_3D('',#2842,#2843,#2844);
#2842 = CARTESIAN_POINT('',(-23.,-18.,0.));
#2843 = DIRECTION('',(1.,0.,-0.));
#2844 = DIRECTION('',(0.,0.,1.));
#2845 = ADVANCED_FACE('',(#2846),#2880,.T.);
#2846 = FACE_BOUND('',#2847,.T.);
#2847 = EDGE_LOOP('',(#2848,#2858,#2866,#2874));
#2848 = ORIENTED_EDGE('',*,*,#2849,.F.);
#2849 = EDGE_CURVE('',#2850,#2852,#2854,.T.);
#2850 = VERTEX_POINT('',#2851);
#2851 = CARTESIAN_POINT('',(23.,-18.,0.));
#2852 = VERTEX_POINT('',#2853);
#2853 = CARTESIAN_POINT('',(23.,-18.,30.));
#2854 = LINE('',#2855,#2856);
#2855 = CARTESIAN_POINT('',(23.,-18.,0.));
#2856 = VECTOR('',#2857,1.);
#2857 = DIRECTION('',(0.,0.,1.));
#2858 = ORIENTED_EDGE('',*,*,#2859,.T.);
#2859 = EDGE_CURVE('',#2850,#2860,#2862,.T.);
#2860 = VERTEX_POINT('',#2861);
#2861 = CARTESIAN_POINT('',(23.,18.,0.));
#2862 = LINE('',#2863,#2864);
#2863 = CARTESIAN_POINT('',(23.,-18.,0.));
#2864 = VECTOR('',#2865,1.);
#2865 = DIRECTION('',(-0.,1.,0.));
#2866 = ORIENTED_EDGE('',*,*,#2867,.T.);
#2867 = EDGE_CURVE('',#2860,#2868,#2870,.T.);
#2868 = VERTEX_POINT('',#2869);
#2869 = CARTESIAN_POINT('',(23.,18.,30.));
#2870 = LINE('',#2871,#2872);
#2871 = CARTESIAN_POINT('',(23.,18.,0.));
#2872 = VECTOR('',#2873,1.);
#2873 = DIRECTION('',(0.,0.,1.));
#2874 = ORIENTED_EDGE('',*,*,#2875,.F.);
#2875 = EDGE_CURVE('',#2852,#2868,#2876,.T.);
#2876 = LINE('',#2877,#2878);
#2877 = CARTESIAN_POINT('',(23.,-18.,30.));
#2878 = VECTOR('',#2879,1.);
#2879 = DIRECTION('',(-0.,1.,0.));
#2880 = PLANE('',#2881);
#2881 = AXIS2_PLACEMENT_3D('',#2882,#2883,#2884);
#2882 = CARTESIAN_POINT('',(23.,-18.,0.));
#2883 = DIRECTION('',(1.,0.,-0.));
#2884 = DIRECTION('',(0.,0.,1.));
#2885 = ADVANCED_FACE('',(#2886),#2902,.F.);
#2886 = FACE_BOUND('',#2887,.F.);
#2887 = EDGE_LOOP('',(#2888,#2894,#2895,#2901));
#2888 = ORIENTED_EDGE('',*,*,#2889,.F.);
#2889 = EDGE_CURVE('',#2810,#2850,#2890,.T.);
#2890 = LINE('',#2891,#2892);
#2891 = CARTESIAN_POINT('',(-23.,-18.,0.));
#2892 = VECTOR('',#2893,1.);
#2893 = DIRECTION('',(1.,0.,-0.));
#2894 = ORIENTED_EDGE('',*,*,#2809,.T.);
#2895 = ORIENTED_EDGE('',*,*,#2896,.T.);
#2896 = EDGE_CURVE('',#2812,#2852,#2897,.T.);
#2897 = LINE('',#2898,#2899);
#2898 = CARTESIAN_POINT('',(-23.,-18.,30.));
#2899 = VECTOR('',#2900,1.);
#2900 = DIRECTION('',(1.,0.,-0.));
#2901 = ORIENTED_EDGE('',*,*,#2849,.F.);
#2902 = PLANE('',#2903);
#2903 = AXIS2_PLACEMENT_3D('',#2904,#2905,#2906);
#2904 = CARTESIAN_POINT('',(-23.,-18.,0.));
#2905 = DIRECTION('',(-0.,1.,0.));
#2906 = DIRECTION('',(0.,0.,1.));
#2907 = ADVANCED_FACE('',(#2908),#2924,.T.);
#2908 = FACE_BOUND('',#2909,.T.);
#2909 = EDGE_LOOP('',(#2910,#2916,#2917,#2923));
#2910 = ORIENTED_EDGE('',*,*,#2911,.F.);
#2911 = EDGE_CURVE('',#2820,#2860,#2912,.T.);
#2912 = LINE('',#2913,#2914);
#2913 = CARTESIAN_POINT('',(-23.,18.,0.));
#2914 = VECTOR('',#2915,1.);
#2915 = DIRECTION('',(1.,0.,-0.));
#2916 = ORIENTED_EDGE('',*,*,#2827,.T.);
#2917 = ORIENTED_EDGE('',*,*,#2918,.T.);
#2918 = EDGE_CURVE('',#2828,#2868,#2919,.T.);
#2919 = LINE('',#2920,#2921);
#2920 = CARTESIAN_POINT('',(-23.,18.,30.));
#2921 = VECTOR('',#2922,1.);
#2922 = DIRECTION('',(1.,0.,-0.));
#2923 = ORIENTED_EDGE('',*,*,#2867,.F.);
#2924 = PLANE('',#2925);
#2925 = AXIS2_PLACEMENT_3D('',#2926,#2927,#2928);
#2926 = CARTESIAN_POINT('',(-23.,18.,0.));
#2927 = DIRECTION('',(-0.,1.,0.));
#2928 = DIRECTION('',(0.,0.,1.));
#2929 = ADVANCED_FACE('',(#2930),#2936,.F.);
#2930 = FACE_BOUND('',#2931,.F.);
#2931 = EDGE_LOOP('',(#2932,#2933,#2934,#2935));
#2932 = ORIENTED_EDGE('',*,*,#2819,.F.);
#2933 = ORIENTED_EDGE('',*,*,#2889,.T.);
#2934 = ORIENTED_EDGE('',*,*,#2859,.T.);
#2935 = ORIENTED_EDGE('',*,*,#2911,.F.);
#2936 = PLANE('',#2937);
#2937 = AXIS2_PLACEMENT_3D('',#2938,#2939,#2940);
#2938 = CARTESIAN_POINT('',(-23.,-18.,0.));
#2939 = DIRECTION('',(0.,0.,1.));
#2940 = DIRECTION('',(1.,0.,-0.));
#2941 = ADVANCED_FACE('',(#2942),#2948,.T.);
#2942 = FACE_BOUND('',#2943,.T.);
#2943 = EDGE_LOOP('',(#2944,#2945,#2946,#2947));
#2944 = ORIENTED_EDGE('',*,*,#2835,.F.);
#2945 = ORIENTED_EDGE('',*,*,#2896,.T.);
#2946 = ORIENTED_EDGE('',*,*,#2875,.T.);
#2947 = ORIENTED_EDGE('',*,*,#2918,.F.);
#2948 = PLANE('',#2949);
#2949 = AXIS2_PLACEMENT_3D('',#2950,#2951,#2952);
#2950 = CARTESIAN_POINT('',(-23.,-18.,30.));
#2951 = DIRECTION('',(0.,0.,1.));
#2952 = DIRECTION('',(1.,0.,-0.));
#2953 = ( GEOMETRIC_REPRESENTATION_CONTEXT(3) 
GLOBAL_UNCERTAINTY_ASSIGNED_CONTEXT((#2957)) 
GLOBAL_UNIT_ASSIGNED_CONTEXT((#2954,#2955,#2956)) REPRESENTATION_CONTEXT
('Context #1','3D Context with UNIT and UNCERTAINTY') );
#2954 = ( LENGTH_UNIT() NAMED_UNIT(*) SI_UNIT(.MILLI.,.METRE.) );
#2955 = ( NAMED_UNIT(*) PLANE_ANGLE_UNIT() SI_UNIT($,.RADIAN.) );
#2956 = ( NAMED_UNIT(*) SI_UNIT($,.STERADIAN.) SOLID_ANGLE_UNIT() );
#2957 = UNCERTAINTY_MEASURE_WITH_UNIT(LENGTH_MEASURE(1.E-07),#2954,
  'distance_accuracy_value','confusion accuracy');
#2958 = CONTEXT_DEPENDENT_SHAPE_REPRESENTATION(#2959,#2961);
#2959 = ( REPRESENTATION_RELATIONSHIP('','',#2802,#10) 
REPRESENTATION_RELATIONSHIP_WITH_TRANSFORMATION(#2960) 
SHAPE_REPRESENTATION_RELATIONSHIP() );
#2960 = ITEM_DEFINED_TRANSFORMATION('','',#11,#87);
#2961 = PRODUCT_DEFINITION_SHAPE('Placement','Placement of an item',
  #2962);
#2962 = NEXT_ASSEMBLY_USAGE_OCCURRENCE('19','folha2_garfo_b','',#5,#2797
  ,$);
#2963 = PRODUCT_RELATED_PRODUCT_CATEGORY('part',$,(#2799));
#2964 = SHAPE_DEFINITION_REPRESENTATION(#2965,#2971);
#2965 = PRODUCT_DEFINITION_SHAPE('','',#2966);
#2966 = PRODUCT_DEFINITION('design','',#2967,#2970);
#2967 = PRODUCT_DEFINITION_FORMATION('','',#2968);
#2968 = PRODUCT('folha2_placa_b','folha2_placa_b','',(#2969));
#2969 = PRODUCT_CONTEXT('',#2,'mechanical');
#2970 = PRODUCT_DEFINITION_CONTEXT('part definition',#2,'design');
#2971 = ADVANCED_BREP_SHAPE_REPRESENTATION('',(#11,#2972),#3122);
#2972 = MANIFOLD_SOLID_BREP('',#2973);
#2973 = CLOSED_SHELL('',(#2974,#3014,#3054,#3076,#3098,#3110));
#2974 = ADVANCED_FACE('',(#2975),#3009,.F.);
#2975 = FACE_BOUND('',#2976,.F.);
#2976 = EDGE_LOOP('',(#2977,#2987,#2995,#3003));
#2977 = ORIENTED_EDGE('',*,*,#2978,.F.);
#2978 = EDGE_CURVE('',#2979,#2981,#2983,.T.);
#2979 = VERTEX_POINT('',#2980);
#2980 = CARTESIAN_POINT('',(-45.,-35.,0.));
#2981 = VERTEX_POINT('',#2982);
#2982 = CARTESIAN_POINT('',(-45.,-35.,4.));
#2983 = LINE('',#2984,#2985);
#2984 = CARTESIAN_POINT('',(-45.,-35.,0.));
#2985 = VECTOR('',#2986,1.);
#2986 = DIRECTION('',(0.,0.,1.));
#2987 = ORIENTED_EDGE('',*,*,#2988,.T.);
#2988 = EDGE_CURVE('',#2979,#2989,#2991,.T.);
#2989 = VERTEX_POINT('',#2990);
#2990 = CARTESIAN_POINT('',(-45.,35.,0.));
#2991 = LINE('',#2992,#2993);
#2992 = CARTESIAN_POINT('',(-45.,-35.,0.));
#2993 = VECTOR('',#2994,1.);
#2994 = DIRECTION('',(-0.,1.,0.));
#2995 = ORIENTED_EDGE('',*,*,#2996,.T.);
#2996 = EDGE_CURVE('',#2989,#2997,#2999,.T.);
#2997 = VERTEX_POINT('',#2998);
#2998 = CARTESIAN_POINT('',(-45.,35.,4.));
#2999 = LINE('',#3000,#3001);
#3000 = CARTESIAN_POINT('',(-45.,35.,0.));
#3001 = VECTOR('',#3002,1.);
#3002 = DIRECTION('',(0.,0.,1.));
#3003 = ORIENTED_EDGE('',*,*,#3004,.F.);
#3004 = EDGE_CURVE('',#2981,#2997,#3005,.T.);
#3005 = LINE('',#3006,#3007);
#3006 = CARTESIAN_POINT('',(-45.,-35.,4.));
#3007 = VECTOR('',#3008,1.);
#3008 = DIRECTION('',(-0.,1.,0.));
#3009 = PLANE('',#3010);
#3010 = AXIS2_PLACEMENT_3D('',#3011,#3012,#3013);
#3011 = CARTESIAN_POINT('',(-45.,-35.,0.));
#3012 = DIRECTION('',(1.,0.,-0.));
#3013 = DIRECTION('',(0.,0.,1.));
#3014 = ADVANCED_FACE('',(#3015),#3049,.T.);
#3015 = FACE_BOUND('',#3016,.T.);
#3016 = EDGE_LOOP('',(#3017,#3027,#3035,#3043));
#3017 = ORIENTED_EDGE('',*,*,#3018,.F.);
#3018 = EDGE_CURVE('',#3019,#3021,#3023,.T.);
#3019 = VERTEX_POINT('',#3020);
#3020 = CARTESIAN_POINT('',(45.,-35.,0.));
#3021 = VERTEX_POINT('',#3022);
#3022 = CARTESIAN_POINT('',(45.,-35.,4.));
#3023 = LINE('',#3024,#3025);
#3024 = CARTESIAN_POINT('',(45.,-35.,0.));
#3025 = VECTOR('',#3026,1.);
#3026 = DIRECTION('',(0.,0.,1.));
#3027 = ORIENTED_EDGE('',*,*,#3028,.T.);
#3028 = EDGE_CURVE('',#3019,#3029,#3031,.T.);
#3029 = VERTEX_POINT('',#3030);
#3030 = CARTESIAN_POINT('',(45.,35.,0.));
#3031 = LINE('',#3032,#3033);
#3032 = CARTESIAN_POINT('',(45.,-35.,0.));
#3033 = VECTOR('',#3034,1.);
#3034 = DIRECTION('',(-0.,1.,0.));
#3035 = ORIENTED_EDGE('',*,*,#3036,.T.);
#3036 = EDGE_CURVE('',#3029,#3037,#3039,.T.);
#3037 = VERTEX_POINT('',#3038);
#3038 = CARTESIAN_POINT('',(45.,35.,4.));
#3039 = LINE('',#3040,#3041);
#3040 = CARTESIAN_POINT('',(45.,35.,0.));
#3041 = VECTOR('',#3042,1.);
#3042 = DIRECTION('',(0.,0.,1.));
#3043 = ORIENTED_EDGE('',*,*,#3044,.F.);
#3044 = EDGE_CURVE('',#3021,#3037,#3045,.T.);
#3045 = LINE('',#3046,#3047);
#3046 = CARTESIAN_POINT('',(45.,-35.,4.));
#3047 = VECTOR('',#3048,1.);
#3048 = DIRECTION('',(-0.,1.,0.));
#3049 = PLANE('',#3050);
#3050 = AXIS2_PLACEMENT_3D('',#3051,#3052,#3053);
#3051 = CARTESIAN_POINT('',(45.,-35.,0.));
#3052 = DIRECTION('',(1.,0.,-0.));
#3053 = DIRECTION('',(0.,0.,1.));
#3054 = ADVANCED_FACE('',(#3055),#3071,.F.);
#3055 = FACE_BOUND('',#3056,.F.);
#3056 = EDGE_LOOP('',(#3057,#3063,#3064,#3070));
#3057 = ORIENTED_EDGE('',*,*,#3058,.F.);
#3058 = EDGE_CURVE('',#2979,#3019,#3059,.T.);
#3059 = LINE('',#3060,#3061);
#3060 = CARTESIAN_POINT('',(-45.,-35.,0.));
#3061 = VECTOR('',#3062,1.);
#3062 = DIRECTION('',(1.,0.,-0.));
#3063 = ORIENTED_EDGE('',*,*,#2978,.T.);
#3064 = ORIENTED_EDGE('',*,*,#3065,.T.);
#3065 = EDGE_CURVE('',#2981,#3021,#3066,.T.);
#3066 = LINE('',#3067,#3068);
#3067 = CARTESIAN_POINT('',(-45.,-35.,4.));
#3068 = VECTOR('',#3069,1.);
#3069 = DIRECTION('',(1.,0.,-0.));
#3070 = ORIENTED_EDGE('',*,*,#3018,.F.);
#3071 = PLANE('',#3072);
#3072 = AXIS2_PLACEMENT_3D('',#3073,#3074,#3075);
#3073 = CARTESIAN_POINT('',(-45.,-35.,0.));
#3074 = DIRECTION('',(-0.,1.,0.));
#3075 = DIRECTION('',(0.,0.,1.));
#3076 = ADVANCED_FACE('',(#3077),#3093,.T.);
#3077 = FACE_BOUND('',#3078,.T.);
#3078 = EDGE_LOOP('',(#3079,#3085,#3086,#3092));
#3079 = ORIENTED_EDGE('',*,*,#3080,.F.);
#3080 = EDGE_CURVE('',#2989,#3029,#3081,.T.);
#3081 = LINE('',#3082,#3083);
#3082 = CARTESIAN_POINT('',(-45.,35.,0.));
#3083 = VECTOR('',#3084,1.);
#3084 = DIRECTION('',(1.,0.,-0.));
#3085 = ORIENTED_EDGE('',*,*,#2996,.T.);
#3086 = ORIENTED_EDGE('',*,*,#3087,.T.);
#3087 = EDGE_CURVE('',#2997,#3037,#3088,.T.);
#3088 = LINE('',#3089,#3090);
#3089 = CARTESIAN_POINT('',(-45.,35.,4.));
#3090 = VECTOR('',#3091,1.);
#3091 = DIRECTION('',(1.,0.,-0.));
#3092 = ORIENTED_EDGE('',*,*,#3036,.F.);
#3093 = PLANE('',#3094);
#3094 = AXIS2_PLACEMENT_3D('',#3095,#3096,#3097);
#3095 = CARTESIAN_POINT('',(-45.,35.,0.));
#3096 = DIRECTION('',(-0.,1.,0.));
#3097 = DIRECTION('',(0.,0.,1.));
#3098 = ADVANCED_FACE('',(#3099),#3105,.F.);
#3099 = FACE_BOUND('',#3100,.F.);
#3100 = EDGE_LOOP('',(#3101,#3102,#3103,#3104));
#3101 = ORIENTED_EDGE('',*,*,#2988,.F.);
#3102 = ORIENTED_EDGE('',*,*,#3058,.T.);
#3103 = ORIENTED_EDGE('',*,*,#3028,.T.);
#3104 = ORIENTED_EDGE('',*,*,#3080,.F.);
#3105 = PLANE('',#3106);
#3106 = AXIS2_PLACEMENT_3D('',#3107,#3108,#3109);
#3107 = CARTESIAN_POINT('',(-45.,-35.,0.));
#3108 = DIRECTION('',(0.,0.,1.));
#3109 = DIRECTION('',(1.,0.,-0.));
#3110 = ADVANCED_FACE('',(#3111),#3117,.T.);
#3111 = FACE_BOUND('',#3112,.T.);
#3112 = EDGE_LOOP('',(#3113,#3114,#3115,#3116));
#3113 = ORIENTED_EDGE('',*,*,#3004,.F.);
#3114 = ORIENTED_EDGE('',*,*,#3065,.T.);
#3115 = ORIENTED_EDGE('',*,*,#3044,.T.);
#3116 = ORIENTED_EDGE('',*,*,#3087,.F.);
#3117 = PLANE('',#3118);
#3118 = AXIS2_PLACEMENT_3D('',#3119,#3120,#3121);
#3119 = CARTESIAN_POINT('',(-45.,-35.,4.));
#3120 = DIRECTION('',(0.,0.,1.));
#3121 = DIRECTION('',(1.,0.,-0.));
#3122 = ( GEOMETRIC_REPRESENTATION_CONTEXT(3) 
GLOBAL_UNCERTAINTY_ASSIGNED_CONTEXT((#3126)) 
GLOBAL_UNIT_ASSIGNED_CONTEXT((#3123,#3124,#3125)) REPRESENTATION_CONTEXT
('Context #1','3D Context with UNIT and UNCERTAINTY') );
#3123 = ( LENGTH_UNIT() NAMED_UNIT(*) SI_UNIT(.MILLI.,.METRE.) );
#3124 = ( NAMED_UNIT(*) PLANE_ANGLE_UNIT() SI_UNIT($,.RADIAN.) );
#3125 = ( NAMED_UNIT(*) SI_UNIT($,.STERADIAN.) SOLID_ANGLE_UNIT() );
#3126 = UNCERTAINTY_MEASURE_WITH_UNIT(LENGTH_MEASURE(1.E-07),#3123,
  'distance_accuracy_value','confusion accuracy');
#3127 = CONTEXT_DEPENDENT_SHAPE_REPRESENTATION(#3128,#3130);
#3128 = ( REPRESENTATION_RELATIONSHIP('','',#2971,#10) 
REPRESENTATION_RELATIONSHIP_WITH_TRANSFORMATION(#3129) 
SHAPE_REPRESENTATION_RELATIONSHIP() );
#3129 = ITEM_DEFINED_TRANSFORMATION('','',#11,#91);
#3130 = PRODUCT_DEFINITION_SHAPE('Placement','Placement of an item',
  #3131);
#3131 = NEXT_ASSEMBLY_USAGE_OCCURRENCE('20','folha2_placa_b','',#5,#2966
  ,$);
#3132 = PRODUCT_RELATED_PRODUCT_CATEGORY('part',$,(#2968));
#3133 = SHAPE_DEFINITION_REPRESENTATION(#3134,#3140);
#3134 = PRODUCT_DEFINITION_SHAPE('','',#3135);
#3135 = PRODUCT_DEFINITION('design','',#3136,#3139);
#3136 = PRODUCT_DEFINITION_FORMATION('','',#3137);
#3137 = PRODUCT('folha3_mont_a','folha3_mont_a','',(#3138));
#3138 = PRODUCT_CONTEXT('',#2,'mechanical');
#3139 = PRODUCT_DEFINITION_CONTEXT('part definition',#2,'design');
#3140 = ADVANCED_BREP_SHAPE_REPRESENTATION('',(#11,#3141),#3291);
#3141 = MANIFOLD_SOLID_BREP('',#3142);
#3142 = CLOSED_SHELL('',(#3143,#3183,#3223,#3245,#3267,#3279));
#3143 = ADVANCED_FACE('',(#3144),#3178,.F.);
#3144 = FACE_BOUND('',#3145,.F.);
#3145 = EDGE_LOOP('',(#3146,#3156,#3164,#3172));
#3146 = ORIENTED_EDGE('',*,*,#3147,.F.);
#3147 = EDGE_CURVE('',#3148,#3150,#3152,.T.);
#3148 = VERTEX_POINT('',#3149);
#3149 = CARTESIAN_POINT('',(1.3275E+03,777.41324446276,100.));
#3150 = VERTEX_POINT('',#3151);
#3151 = CARTESIAN_POINT('',(1.3275E+03,777.41324446276,1.7E+03));
#3152 = LINE('',#3153,#3154);
#3153 = CARTESIAN_POINT('',(1.3275E+03,777.41324446276,100.));
#3154 = VECTOR('',#3155,1.);
#3155 = DIRECTION('',(0.,0.,1.));
#3156 = ORIENTED_EDGE('',*,*,#3157,.T.);
#3157 = EDGE_CURVE('',#3148,#3158,#3160,.T.);
#3158 = VERTEX_POINT('',#3159);
#3159 = CARTESIAN_POINT('',(1.3275E+03,807.41324446276,100.));
#3160 = LINE('',#3161,#3162);
#3161 = CARTESIAN_POINT('',(1.3275E+03,777.41324446276,100.));
#3162 = VECTOR('',#3163,1.);
#3163 = DIRECTION('',(-0.,1.,0.));
#3164 = ORIENTED_EDGE('',*,*,#3165,.T.);
#3165 = EDGE_CURVE('',#3158,#3166,#3168,.T.);
#3166 = VERTEX_POINT('',#3167);
#3167 = CARTESIAN_POINT('',(1.3275E+03,807.41324446276,1.7E+03));
#3168 = LINE('',#3169,#3170);
#3169 = CARTESIAN_POINT('',(1.3275E+03,807.41324446276,100.));
#3170 = VECTOR('',#3171,1.);
#3171 = DIRECTION('',(0.,0.,1.));
#3172 = ORIENTED_EDGE('',*,*,#3173,.F.);
#3173 = EDGE_CURVE('',#3150,#3166,#3174,.T.);
#3174 = LINE('',#3175,#3176);
#3175 = CARTESIAN_POINT('',(1.3275E+03,777.41324446276,1.7E+03));
#3176 = VECTOR('',#3177,1.);
#3177 = DIRECTION('',(-0.,1.,0.));
#3178 = PLANE('',#3179);
#3179 = AXIS2_PLACEMENT_3D('',#3180,#3181,#3182);
#3180 = CARTESIAN_POINT('',(1.3275E+03,777.41324446276,100.));
#3181 = DIRECTION('',(1.,0.,-0.));
#3182 = DIRECTION('',(0.,0.,1.));
#3183 = ADVANCED_FACE('',(#3184),#3218,.T.);
#3184 = FACE_BOUND('',#3185,.T.);
#3185 = EDGE_LOOP('',(#3186,#3196,#3204,#3212));
#3186 = ORIENTED_EDGE('',*,*,#3187,.F.);
#3187 = EDGE_CURVE('',#3188,#3190,#3192,.T.);
#3188 = VERTEX_POINT('',#3189);
#3189 = CARTESIAN_POINT('',(1.3575E+03,777.41324446276,100.));
#3190 = VERTEX_POINT('',#3191);
#3191 = CARTESIAN_POINT('',(1.3575E+03,777.41324446276,1.7E+03));
#3192 = LINE('',#3193,#3194);
#3193 = CARTESIAN_POINT('',(1.3575E+03,777.41324446276,100.));
#3194 = VECTOR('',#3195,1.);
#3195 = DIRECTION('',(0.,0.,1.));
#3196 = ORIENTED_EDGE('',*,*,#3197,.T.);
#3197 = EDGE_CURVE('',#3188,#3198,#3200,.T.);
#3198 = VERTEX_POINT('',#3199);
#3199 = CARTESIAN_POINT('',(1.3575E+03,807.41324446276,100.));
#3200 = LINE('',#3201,#3202);
#3201 = CARTESIAN_POINT('',(1.3575E+03,777.41324446276,100.));
#3202 = VECTOR('',#3203,1.);
#3203 = DIRECTION('',(-0.,1.,0.));
#3204 = ORIENTED_EDGE('',*,*,#3205,.T.);
#3205 = EDGE_CURVE('',#3198,#3206,#3208,.T.);
#3206 = VERTEX_POINT('',#3207);
#3207 = CARTESIAN_POINT('',(1.3575E+03,807.41324446276,1.7E+03));
#3208 = LINE('',#3209,#3210);
#3209 = CARTESIAN_POINT('',(1.3575E+03,807.41324446276,100.));
#3210 = VECTOR('',#3211,1.);
#3211 = DIRECTION('',(0.,0.,1.));
#3212 = ORIENTED_EDGE('',*,*,#3213,.F.);
#3213 = EDGE_CURVE('',#3190,#3206,#3214,.T.);
#3214 = LINE('',#3215,#3216);
#3215 = CARTESIAN_POINT('',(1.3575E+03,777.41324446276,1.7E+03));
#3216 = VECTOR('',#3217,1.);
#3217 = DIRECTION('',(-0.,1.,0.));
#3218 = PLANE('',#3219);
#3219 = AXIS2_PLACEMENT_3D('',#3220,#3221,#3222);
#3220 = CARTESIAN_POINT('',(1.3575E+03,777.41324446276,100.));
#3221 = DIRECTION('',(1.,0.,-0.));
#3222 = DIRECTION('',(0.,0.,1.));
#3223 = ADVANCED_FACE('',(#3224),#3240,.F.);
#3224 = FACE_BOUND('',#3225,.F.);
#3225 = EDGE_LOOP('',(#3226,#3232,#3233,#3239));
#3226 = ORIENTED_EDGE('',*,*,#3227,.F.);
#3227 = EDGE_CURVE('',#3148,#3188,#3228,.T.);
#3228 = LINE('',#3229,#3230);
#3229 = CARTESIAN_POINT('',(1.3275E+03,777.41324446276,100.));
#3230 = VECTOR('',#3231,1.);
#3231 = DIRECTION('',(1.,0.,-0.));
#3232 = ORIENTED_EDGE('',*,*,#3147,.T.);
#3233 = ORIENTED_EDGE('',*,*,#3234,.T.);
#3234 = EDGE_CURVE('',#3150,#3190,#3235,.T.);
#3235 = LINE('',#3236,#3237);
#3236 = CARTESIAN_POINT('',(1.3275E+03,777.41324446276,1.7E+03));
#3237 = VECTOR('',#3238,1.);
#3238 = DIRECTION('',(1.,0.,-0.));
#3239 = ORIENTED_EDGE('',*,*,#3187,.F.);
#3240 = PLANE('',#3241);
#3241 = AXIS2_PLACEMENT_3D('',#3242,#3243,#3244);
#3242 = CARTESIAN_POINT('',(1.3275E+03,777.41324446276,100.));
#3243 = DIRECTION('',(-0.,1.,0.));
#3244 = DIRECTION('',(0.,0.,1.));
#3245 = ADVANCED_FACE('',(#3246),#3262,.T.);
#3246 = FACE_BOUND('',#3247,.T.);
#3247 = EDGE_LOOP('',(#3248,#3254,#3255,#3261));
#3248 = ORIENTED_EDGE('',*,*,#3249,.F.);
#3249 = EDGE_CURVE('',#3158,#3198,#3250,.T.);
#3250 = LINE('',#3251,#3252);
#3251 = CARTESIAN_POINT('',(1.3275E+03,807.41324446276,100.));
#3252 = VECTOR('',#3253,1.);
#3253 = DIRECTION('',(1.,0.,-0.));
#3254 = ORIENTED_EDGE('',*,*,#3165,.T.);
#3255 = ORIENTED_EDGE('',*,*,#3256,.T.);
#3256 = EDGE_CURVE('',#3166,#3206,#3257,.T.);
#3257 = LINE('',#3258,#3259);
#3258 = CARTESIAN_POINT('',(1.3275E+03,807.41324446276,1.7E+03));
#3259 = VECTOR('',#3260,1.);
#3260 = DIRECTION('',(1.,0.,-0.));
#3261 = ORIENTED_EDGE('',*,*,#3205,.F.);
#3262 = PLANE('',#3263);
#3263 = AXIS2_PLACEMENT_3D('',#3264,#3265,#3266);
#3264 = CARTESIAN_POINT('',(1.3275E+03,807.41324446276,100.));
#3265 = DIRECTION('',(-0.,1.,0.));
#3266 = DIRECTION('',(0.,0.,1.));
#3267 = ADVANCED_FACE('',(#3268),#3274,.F.);
#3268 = FACE_BOUND('',#3269,.F.);
#3269 = EDGE_LOOP('',(#3270,#3271,#3272,#3273));
#3270 = ORIENTED_EDGE('',*,*,#3157,.F.);
#3271 = ORIENTED_EDGE('',*,*,#3227,.T.);
#3272 = ORIENTED_EDGE('',*,*,#3197,.T.);
#3273 = ORIENTED_EDGE('',*,*,#3249,.F.);
#3274 = PLANE('',#3275);
#3275 = AXIS2_PLACEMENT_3D('',#3276,#3277,#3278);
#3276 = CARTESIAN_POINT('',(1.3275E+03,777.41324446276,100.));
#3277 = DIRECTION('',(0.,0.,1.));
#3278 = DIRECTION('',(1.,0.,-0.));
#3279 = ADVANCED_FACE('',(#3280),#3286,.T.);
#3280 = FACE_BOUND('',#3281,.T.);
#3281 = EDGE_LOOP('',(#3282,#3283,#3284,#3285));
#3282 = ORIENTED_EDGE('',*,*,#3173,.F.);
#3283 = ORIENTED_EDGE('',*,*,#3234,.T.);
#3284 = ORIENTED_EDGE('',*,*,#3213,.T.);
#3285 = ORIENTED_EDGE('',*,*,#3256,.F.);
#3286 = PLANE('',#3287);
#3287 = AXIS2_PLACEMENT_3D('',#3288,#3289,#3290);
#3288 = CARTESIAN_POINT('',(1.3275E+03,777.41324446276,1.7E+03));
#3289 = DIRECTION('',(0.,0.,1.));
#3290 = DIRECTION('',(1.,0.,-0.));
#3291 = ( GEOMETRIC_REPRESENTATION_CONTEXT(3) 
GLOBAL_UNCERTAINTY_ASSIGNED_CONTEXT((#3295)) 
GLOBAL_UNIT_ASSIGNED_CONTEXT((#3292,#3293,#3294)) REPRESENTATION_CONTEXT
('Context #1','3D Context with UNIT and UNCERTAINTY') );
#3292 = ( LENGTH_UNIT() NAMED_UNIT(*) SI_UNIT(.MILLI.,.METRE.) );
#3293 = ( NAMED_UNIT(*) PLANE_ANGLE_UNIT() SI_UNIT($,.RADIAN.) );
#3294 = ( NAMED_UNIT(*) SI_UNIT($,.STERADIAN.) SOLID_ANGLE_UNIT() );
#3295 = UNCERTAINTY_MEASURE_WITH_UNIT(LENGTH_MEASURE(1.E-07),#3292,
  'distance_accuracy_value','confusion accuracy');
#3296 = CONTEXT_DEPENDENT_SHAPE_REPRESENTATION(#3297,#3299);
#3297 = ( REPRESENTATION_RELATIONSHIP('','',#3140,#10) 
REPRESENTATION_RELATIONSHIP_WITH_TRANSFORMATION(#3298) 
SHAPE_REPRESENTATION_RELATIONSHIP() );
#3298 = ITEM_DEFINED_TRANSFORMATION('','',#11,#95);
#3299 = PRODUCT_DEFINITION_SHAPE('Placement','Placement of an item',
  #3300);
#3300 = NEXT_ASSEMBLY_USAGE_OCCURRENCE('21','folha3_mont_a','',#5,#3135,
  $);
#3301 = PRODUCT_RELATED_PRODUCT_CATEGORY('part',$,(#3137));
#3302 = SHAPE_DEFINITION_REPRESENTATION(#3303,#3309);
#3303 = PRODUCT_DEFINITION_SHAPE('','',#3304);
#3304 = PRODUCT_DEFINITION('design','',#3305,#3308);
#3305 = PRODUCT_DEFINITION_FORMATION('','',#3306);
#3306 = PRODUCT('folha3_mont_b','folha3_mont_b','',(#3307));
#3307 = PRODUCT_CONTEXT('',#2,'mechanical');
#3308 = PRODUCT_DEFINITION_CONTEXT('part definition',#2,'design');
#3309 = ADVANCED_BREP_SHAPE_REPRESENTATION('',(#11,#3310),#3460);
#3310 = MANIFOLD_SOLID_BREP('',#3311);
#3311 = CLOSED_SHELL('',(#3312,#3352,#3392,#3414,#3436,#3448));
#3312 = ADVANCED_FACE('',(#3313),#3347,.F.);
#3313 = FACE_BOUND('',#3314,.F.);
#3314 = EDGE_LOOP('',(#3315,#3325,#3333,#3341));
#3315 = ORIENTED_EDGE('',*,*,#3316,.F.);
#3316 = EDGE_CURVE('',#3317,#3319,#3321,.T.);
#3317 = VERTEX_POINT('',#3318);
#3318 = CARTESIAN_POINT('',(892.5,1.530855345755E+03,100.));
#3319 = VERTEX_POINT('',#3320);
#3320 = CARTESIAN_POINT('',(892.5,1.530855345755E+03,1.7E+03));
#3321 = LINE('',#3322,#3323);
#3322 = CARTESIAN_POINT('',(892.5,1.530855345755E+03,100.));
#3323 = VECTOR('',#3324,1.);
#3324 = DIRECTION('',(0.,0.,1.));
#3325 = ORIENTED_EDGE('',*,*,#3326,.T.);
#3326 = EDGE_CURVE('',#3317,#3327,#3329,.T.);
#3327 = VERTEX_POINT('',#3328);
#3328 = CARTESIAN_POINT('',(892.5,1.560855345755E+03,100.));
#3329 = LINE('',#3330,#3331);
#3330 = CARTESIAN_POINT('',(892.5,1.530855345755E+03,100.));
#3331 = VECTOR('',#3332,1.);
#3332 = DIRECTION('',(-0.,1.,0.));
#3333 = ORIENTED_EDGE('',*,*,#3334,.T.);
#3334 = EDGE_CURVE('',#3327,#3335,#3337,.T.);
#3335 = VERTEX_POINT('',#3336);
#3336 = CARTESIAN_POINT('',(892.5,1.560855345755E+03,1.7E+03));
#3337 = LINE('',#3338,#3339);
#3338 = CARTESIAN_POINT('',(892.5,1.560855345755E+03,100.));
#3339 = VECTOR('',#3340,1.);
#3340 = DIRECTION('',(0.,0.,1.));
#3341 = ORIENTED_EDGE('',*,*,#3342,.F.);
#3342 = EDGE_CURVE('',#3319,#3335,#3343,.T.);
#3343 = LINE('',#3344,#3345);
#3344 = CARTESIAN_POINT('',(892.5,1.530855345755E+03,1.7E+03));
#3345 = VECTOR('',#3346,1.);
#3346 = DIRECTION('',(-0.,1.,0.));
#3347 = PLANE('',#3348);
#3348 = AXIS2_PLACEMENT_3D('',#3349,#3350,#3351);
#3349 = CARTESIAN_POINT('',(892.5,1.530855345755E+03,100.));
#3350 = DIRECTION('',(1.,0.,-0.));
#3351 = DIRECTION('',(0.,0.,1.));
#3352 = ADVANCED_FACE('',(#3353),#3387,.T.);
#3353 = FACE_BOUND('',#3354,.T.);
#3354 = EDGE_LOOP('',(#3355,#3365,#3373,#3381));
#3355 = ORIENTED_EDGE('',*,*,#3356,.F.);
#3356 = EDGE_CURVE('',#3357,#3359,#3361,.T.);
#3357 = VERTEX_POINT('',#3358);
#3358 = CARTESIAN_POINT('',(922.5,1.530855345755E+03,100.));
#3359 = VERTEX_POINT('',#3360);
#3360 = CARTESIAN_POINT('',(922.5,1.530855345755E+03,1.7E+03));
#3361 = LINE('',#3362,#3363);
#3362 = CARTESIAN_POINT('',(922.5,1.530855345755E+03,100.));
#3363 = VECTOR('',#3364,1.);
#3364 = DIRECTION('',(0.,0.,1.));
#3365 = ORIENTED_EDGE('',*,*,#3366,.T.);
#3366 = EDGE_CURVE('',#3357,#3367,#3369,.T.);
#3367 = VERTEX_POINT('',#3368);
#3368 = CARTESIAN_POINT('',(922.5,1.560855345755E+03,100.));
#3369 = LINE('',#3370,#3371);
#3370 = CARTESIAN_POINT('',(922.5,1.530855345755E+03,100.));
#3371 = VECTOR('',#3372,1.);
#3372 = DIRECTION('',(-0.,1.,0.));
#3373 = ORIENTED_EDGE('',*,*,#3374,.T.);
#3374 = EDGE_CURVE('',#3367,#3375,#3377,.T.);
#3375 = VERTEX_POINT('',#3376);
#3376 = CARTESIAN_POINT('',(922.5,1.560855345755E+03,1.7E+03));
#3377 = LINE('',#3378,#3379);
#3378 = CARTESIAN_POINT('',(922.5,1.560855345755E+03,100.));
#3379 = VECTOR('',#3380,1.);
#3380 = DIRECTION('',(0.,0.,1.));
#3381 = ORIENTED_EDGE('',*,*,#3382,.F.);
#3382 = EDGE_CURVE('',#3359,#3375,#3383,.T.);
#3383 = LINE('',#3384,#3385);
#3384 = CARTESIAN_POINT('',(922.5,1.530855345755E+03,1.7E+03));
#3385 = VECTOR('',#3386,1.);
#3386 = DIRECTION('',(-0.,1.,0.));
#3387 = PLANE('',#3388);
#3388 = AXIS2_PLACEMENT_3D('',#3389,#3390,#3391);
#3389 = CARTESIAN_POINT('',(922.5,1.530855345755E+03,100.));
#3390 = DIRECTION('',(1.,0.,-0.));
#3391 = DIRECTION('',(0.,0.,1.));
#3392 = ADVANCED_FACE('',(#3393),#3409,.F.);
#3393 = FACE_BOUND('',#3394,.F.);
#3394 = EDGE_LOOP('',(#3395,#3401,#3402,#3408));
#3395 = ORIENTED_EDGE('',*,*,#3396,.F.);
#3396 = EDGE_CURVE('',#3317,#3357,#3397,.T.);
#3397 = LINE('',#3398,#3399);
#3398 = CARTESIAN_POINT('',(892.5,1.530855345755E+03,100.));
#3399 = VECTOR('',#3400,1.);
#3400 = DIRECTION('',(1.,0.,-0.));
#3401 = ORIENTED_EDGE('',*,*,#3316,.T.);
#3402 = ORIENTED_EDGE('',*,*,#3403,.T.);
#3403 = EDGE_CURVE('',#3319,#3359,#3404,.T.);
#3404 = LINE('',#3405,#3406);
#3405 = CARTESIAN_POINT('',(892.5,1.530855345755E+03,1.7E+03));
#3406 = VECTOR('',#3407,1.);
#3407 = DIRECTION('',(1.,0.,-0.));
#3408 = ORIENTED_EDGE('',*,*,#3356,.F.);
#3409 = PLANE('',#3410);
#3410 = AXIS2_PLACEMENT_3D('',#3411,#3412,#3413);
#3411 = CARTESIAN_POINT('',(892.5,1.530855345755E+03,100.));
#3412 = DIRECTION('',(-0.,1.,0.));
#3413 = DIRECTION('',(0.,0.,1.));
#3414 = ADVANCED_FACE('',(#3415),#3431,.T.);
#3415 = FACE_BOUND('',#3416,.T.);
#3416 = EDGE_LOOP('',(#3417,#3423,#3424,#3430));
#3417 = ORIENTED_EDGE('',*,*,#3418,.F.);
#3418 = EDGE_CURVE('',#3327,#3367,#3419,.T.);
#3419 = LINE('',#3420,#3421);
#3420 = CARTESIAN_POINT('',(892.5,1.560855345755E+03,100.));
#3421 = VECTOR('',#3422,1.);
#3422 = DIRECTION('',(1.,0.,-0.));
#3423 = ORIENTED_EDGE('',*,*,#3334,.T.);
#3424 = ORIENTED_EDGE('',*,*,#3425,.T.);
#3425 = EDGE_CURVE('',#3335,#3375,#3426,.T.);
#3426 = LINE('',#3427,#3428);
#3427 = CARTESIAN_POINT('',(892.5,1.560855345755E+03,1.7E+03));
#3428 = VECTOR('',#3429,1.);
#3429 = DIRECTION('',(1.,0.,-0.));
#3430 = ORIENTED_EDGE('',*,*,#3374,.F.);
#3431 = PLANE('',#3432);
#3432 = AXIS2_PLACEMENT_3D('',#3433,#3434,#3435);
#3433 = CARTESIAN_POINT('',(892.5,1.560855345755E+03,100.));
#3434 = DIRECTION('',(-0.,1.,0.));
#3435 = DIRECTION('',(0.,0.,1.));
#3436 = ADVANCED_FACE('',(#3437),#3443,.F.);
#3437 = FACE_BOUND('',#3438,.F.);
#3438 = EDGE_LOOP('',(#3439,#3440,#3441,#3442));
#3439 = ORIENTED_EDGE('',*,*,#3326,.F.);
#3440 = ORIENTED_EDGE('',*,*,#3396,.T.);
#3441 = ORIENTED_EDGE('',*,*,#3366,.T.);
#3442 = ORIENTED_EDGE('',*,*,#3418,.F.);
#3443 = PLANE('',#3444);
#3444 = AXIS2_PLACEMENT_3D('',#3445,#3446,#3447);
#3445 = CARTESIAN_POINT('',(892.5,1.530855345755E+03,100.));
#3446 = DIRECTION('',(0.,0.,1.));
#3447 = DIRECTION('',(1.,0.,-0.));
#3448 = ADVANCED_FACE('',(#3449),#3455,.T.);
#3449 = FACE_BOUND('',#3450,.T.);
#3450 = EDGE_LOOP('',(#3451,#3452,#3453,#3454));
#3451 = ORIENTED_EDGE('',*,*,#3342,.F.);
#3452 = ORIENTED_EDGE('',*,*,#3403,.T.);
#3453 = ORIENTED_EDGE('',*,*,#3382,.T.);
#3454 = ORIENTED_EDGE('',*,*,#3425,.F.);
#3455 = PLANE('',#3456);
#3456 = AXIS2_PLACEMENT_3D('',#3457,#3458,#3459);
#3457 = CARTESIAN_POINT('',(892.5,1.530855345755E+03,1.7E+03));
#3458 = DIRECTION('',(0.,0.,1.));
#3459 = DIRECTION('',(1.,0.,-0.));
#3460 = ( GEOMETRIC_REPRESENTATION_CONTEXT(3) 
GLOBAL_UNCERTAINTY_ASSIGNED_CONTEXT((#3464)) 
GLOBAL_UNIT_ASSIGNED_CONTEXT((#3461,#3462,#3463)) REPRESENTATION_CONTEXT
('Context #1','3D Context with UNIT and UNCERTAINTY') );
#3461 = ( LENGTH_UNIT() NAMED_UNIT(*) SI_UNIT(.MILLI.,.METRE.) );
#3462 = ( NAMED_UNIT(*) PLANE_ANGLE_UNIT() SI_UNIT($,.RADIAN.) );
#3463 = ( NAMED_UNIT(*) SI_UNIT($,.STERADIAN.) SOLID_ANGLE_UNIT() );
#3464 = UNCERTAINTY_MEASURE_WITH_UNIT(LENGTH_MEASURE(1.E-07),#3461,
  'distance_accuracy_value','confusion accuracy');
#3465 = CONTEXT_DEPENDENT_SHAPE_REPRESENTATION(#3466,#3468);
#3466 = ( REPRESENTATION_RELATIONSHIP('','',#3309,#10) 
REPRESENTATION_RELATIONSHIP_WITH_TRANSFORMATION(#3467) 
SHAPE_REPRESENTATION_RELATIONSHIP() );
#3467 = ITEM_DEFINED_TRANSFORMATION('','',#11,#99);
#3468 = PRODUCT_DEFINITION_SHAPE('Placement','Placement of an item',
  #3469);
#3469 = NEXT_ASSEMBLY_USAGE_OCCURRENCE('22','folha3_mont_b','',#5,#3304,
  $);
#3470 = PRODUCT_RELATED_PRODUCT_CATEGORY('part',$,(#3306));
#3471 = SHAPE_DEFINITION_REPRESENTATION(#3472,#3478);
#3472 = PRODUCT_DEFINITION_SHAPE('','',#3473);
#3473 = PRODUCT_DEFINITION('design','',#3474,#3477);
#3474 = PRODUCT_DEFINITION_FORMATION('','',#3475);
#3475 = PRODUCT('folha3_trav_inf','folha3_trav_inf','',(#3476));
#3476 = PRODUCT_CONTEXT('',#2,'mechanical');
#3477 = PRODUCT_DEFINITION_CONTEXT('part definition',#2,'design');
#3478 = ADVANCED_BREP_SHAPE_REPRESENTATION('',(#11,#3479),#3629);
#3479 = MANIFOLD_SOLID_BREP('',#3480);
#3480 = CLOSED_SHELL('',(#3481,#3521,#3561,#3583,#3605,#3617));
#3481 = ADVANCED_FACE('',(#3482),#3516,.F.);
#3482 = FACE_BOUND('',#3483,.F.);
#3483 = EDGE_LOOP('',(#3484,#3494,#3502,#3510));
#3484 = ORIENTED_EDGE('',*,*,#3485,.F.);
#3485 = EDGE_CURVE('',#3486,#3488,#3490,.T.);
#3486 = VERTEX_POINT('',#3487);
#3487 = CARTESIAN_POINT('',(0.,-15.,-15.));
#3488 = VERTEX_POINT('',#3489);
#3489 = CARTESIAN_POINT('',(0.,-15.,15.));
#3490 = LINE('',#3491,#3492);
#3491 = CARTESIAN_POINT('',(0.,-15.,-15.));
#3492 = VECTOR('',#3493,1.);
#3493 = DIRECTION('',(0.,0.,1.));
#3494 = ORIENTED_EDGE('',*,*,#3495,.T.);
#3495 = EDGE_CURVE('',#3486,#3496,#3498,.T.);
#3496 = VERTEX_POINT('',#3497);
#3497 = CARTESIAN_POINT('',(0.,15.,-15.));
#3498 = LINE('',#3499,#3500);
#3499 = CARTESIAN_POINT('',(0.,-15.,-15.));
#3500 = VECTOR('',#3501,1.);
#3501 = DIRECTION('',(-0.,1.,0.));
#3502 = ORIENTED_EDGE('',*,*,#3503,.T.);
#3503 = EDGE_CURVE('',#3496,#3504,#3506,.T.);
#3504 = VERTEX_POINT('',#3505);
#3505 = CARTESIAN_POINT('',(0.,15.,15.));
#3506 = LINE('',#3507,#3508);
#3507 = CARTESIAN_POINT('',(0.,15.,-15.));
#3508 = VECTOR('',#3509,1.);
#3509 = DIRECTION('',(0.,0.,1.));
#3510 = ORIENTED_EDGE('',*,*,#3511,.F.);
#3511 = EDGE_CURVE('',#3488,#3504,#3512,.T.);
#3512 = LINE('',#3513,#3514);
#3513 = CARTESIAN_POINT('',(0.,-15.,15.));
#3514 = VECTOR('',#3515,1.);
#3515 = DIRECTION('',(-0.,1.,0.));
#3516 = PLANE('',#3517);
#3517 = AXIS2_PLACEMENT_3D('',#3518,#3519,#3520);
#3518 = CARTESIAN_POINT('',(0.,-15.,-15.));
#3519 = DIRECTION('',(1.,0.,-0.));
#3520 = DIRECTION('',(0.,0.,1.));
#3521 = ADVANCED_FACE('',(#3522),#3556,.T.);
#3522 = FACE_BOUND('',#3523,.T.);
#3523 = EDGE_LOOP('',(#3524,#3534,#3542,#3550));
#3524 = ORIENTED_EDGE('',*,*,#3525,.F.);
#3525 = EDGE_CURVE('',#3526,#3528,#3530,.T.);
#3526 = VERTEX_POINT('',#3527);
#3527 = CARTESIAN_POINT('',(840.,-15.,-15.));
#3528 = VERTEX_POINT('',#3529);
#3529 = CARTESIAN_POINT('',(840.,-15.,15.));
#3530 = LINE('',#3531,#3532);
#3531 = CARTESIAN_POINT('',(840.,-15.,-15.));
#3532 = VECTOR('',#3533,1.);
#3533 = DIRECTION('',(0.,0.,1.));
#3534 = ORIENTED_EDGE('',*,*,#3535,.T.);
#3535 = EDGE_CURVE('',#3526,#3536,#3538,.T.);
#3536 = VERTEX_POINT('',#3537);
#3537 = CARTESIAN_POINT('',(840.,15.,-15.));
#3538 = LINE('',#3539,#3540);
#3539 = CARTESIAN_POINT('',(840.,-15.,-15.));
#3540 = VECTOR('',#3541,1.);
#3541 = DIRECTION('',(-0.,1.,0.));
#3542 = ORIENTED_EDGE('',*,*,#3543,.T.);
#3543 = EDGE_CURVE('',#3536,#3544,#3546,.T.);
#3544 = VERTEX_POINT('',#3545);
#3545 = CARTESIAN_POINT('',(840.,15.,15.));
#3546 = LINE('',#3547,#3548);
#3547 = CARTESIAN_POINT('',(840.,15.,-15.));
#3548 = VECTOR('',#3549,1.);
#3549 = DIRECTION('',(0.,0.,1.));
#3550 = ORIENTED_EDGE('',*,*,#3551,.F.);
#3551 = EDGE_CURVE('',#3528,#3544,#3552,.T.);
#3552 = LINE('',#3553,#3554);
#3553 = CARTESIAN_POINT('',(840.,-15.,15.));
#3554 = VECTOR('',#3555,1.);
#3555 = DIRECTION('',(-0.,1.,0.));
#3556 = PLANE('',#3557);
#3557 = AXIS2_PLACEMENT_3D('',#3558,#3559,#3560);
#3558 = CARTESIAN_POINT('',(840.,-15.,-15.));
#3559 = DIRECTION('',(1.,0.,-0.));
#3560 = DIRECTION('',(0.,0.,1.));
#3561 = ADVANCED_FACE('',(#3562),#3578,.F.);
#3562 = FACE_BOUND('',#3563,.F.);
#3563 = EDGE_LOOP('',(#3564,#3570,#3571,#3577));
#3564 = ORIENTED_EDGE('',*,*,#3565,.F.);
#3565 = EDGE_CURVE('',#3486,#3526,#3566,.T.);
#3566 = LINE('',#3567,#3568);
#3567 = CARTESIAN_POINT('',(0.,-15.,-15.));
#3568 = VECTOR('',#3569,1.);
#3569 = DIRECTION('',(1.,0.,-0.));
#3570 = ORIENTED_EDGE('',*,*,#3485,.T.);
#3571 = ORIENTED_EDGE('',*,*,#3572,.T.);
#3572 = EDGE_CURVE('',#3488,#3528,#3573,.T.);
#3573 = LINE('',#3574,#3575);
#3574 = CARTESIAN_POINT('',(0.,-15.,15.));
#3575 = VECTOR('',#3576,1.);
#3576 = DIRECTION('',(1.,0.,-0.));
#3577 = ORIENTED_EDGE('',*,*,#3525,.F.);
#3578 = PLANE('',#3579);
#3579 = AXIS2_PLACEMENT_3D('',#3580,#3581,#3582);
#3580 = CARTESIAN_POINT('',(0.,-15.,-15.));
#3581 = DIRECTION('',(-0.,1.,0.));
#3582 = DIRECTION('',(0.,0.,1.));
#3583 = ADVANCED_FACE('',(#3584),#3600,.T.);
#3584 = FACE_BOUND('',#3585,.T.);
#3585 = EDGE_LOOP('',(#3586,#3592,#3593,#3599));
#3586 = ORIENTED_EDGE('',*,*,#3587,.F.);
#3587 = EDGE_CURVE('',#3496,#3536,#3588,.T.);
#3588 = LINE('',#3589,#3590);
#3589 = CARTESIAN_POINT('',(0.,15.,-15.));
#3590 = VECTOR('',#3591,1.);
#3591 = DIRECTION('',(1.,0.,-0.));
#3592 = ORIENTED_EDGE('',*,*,#3503,.T.);
#3593 = ORIENTED_EDGE('',*,*,#3594,.T.);
#3594 = EDGE_CURVE('',#3504,#3544,#3595,.T.);
#3595 = LINE('',#3596,#3597);
#3596 = CARTESIAN_POINT('',(0.,15.,15.));
#3597 = VECTOR('',#3598,1.);
#3598 = DIRECTION('',(1.,0.,-0.));
#3599 = ORIENTED_EDGE('',*,*,#3543,.F.);
#3600 = PLANE('',#3601);
#3601 = AXIS2_PLACEMENT_3D('',#3602,#3603,#3604);
#3602 = CARTESIAN_POINT('',(0.,15.,-15.));
#3603 = DIRECTION('',(-0.,1.,0.));
#3604 = DIRECTION('',(0.,0.,1.));
#3605 = ADVANCED_FACE('',(#3606),#3612,.F.);
#3606 = FACE_BOUND('',#3607,.F.);
#3607 = EDGE_LOOP('',(#3608,#3609,#3610,#3611));
#3608 = ORIENTED_EDGE('',*,*,#3495,.F.);
#3609 = ORIENTED_EDGE('',*,*,#3565,.T.);
#3610 = ORIENTED_EDGE('',*,*,#3535,.T.);
#3611 = ORIENTED_EDGE('',*,*,#3587,.F.);
#3612 = PLANE('',#3613);
#3613 = AXIS2_PLACEMENT_3D('',#3614,#3615,#3616);
#3614 = CARTESIAN_POINT('',(0.,-15.,-15.));
#3615 = DIRECTION('',(0.,0.,1.));
#3616 = DIRECTION('',(1.,0.,-0.));
#3617 = ADVANCED_FACE('',(#3618),#3624,.T.);
#3618 = FACE_BOUND('',#3619,.T.);
#3619 = EDGE_LOOP('',(#3620,#3621,#3622,#3623));
#3620 = ORIENTED_EDGE('',*,*,#3511,.F.);
#3621 = ORIENTED_EDGE('',*,*,#3572,.T.);
#3622 = ORIENTED_EDGE('',*,*,#3551,.T.);
#3623 = ORIENTED_EDGE('',*,*,#3594,.F.);
#3624 = PLANE('',#3625);
#3625 = AXIS2_PLACEMENT_3D('',#3626,#3627,#3628);
#3626 = CARTESIAN_POINT('',(0.,-15.,15.));
#3627 = DIRECTION('',(0.,0.,1.));
#3628 = DIRECTION('',(1.,0.,-0.));
#3629 = ( GEOMETRIC_REPRESENTATION_CONTEXT(3) 
GLOBAL_UNCERTAINTY_ASSIGNED_CONTEXT((#3633)) 
GLOBAL_UNIT_ASSIGNED_CONTEXT((#3630,#3631,#3632)) REPRESENTATION_CONTEXT
('Context #1','3D Context with UNIT and UNCERTAINTY') );
#3630 = ( LENGTH_UNIT() NAMED_UNIT(*) SI_UNIT(.MILLI.,.METRE.) );
#3631 = ( NAMED_UNIT(*) PLANE_ANGLE_UNIT() SI_UNIT($,.RADIAN.) );
#3632 = ( NAMED_UNIT(*) SI_UNIT($,.STERADIAN.) SOLID_ANGLE_UNIT() );
#3633 = UNCERTAINTY_MEASURE_WITH_UNIT(LENGTH_MEASURE(1.E-07),#3630,
  'distance_accuracy_value','confusion accuracy');
#3634 = CONTEXT_DEPENDENT_SHAPE_REPRESENTATION(#3635,#3637);
#3635 = ( REPRESENTATION_RELATIONSHIP('','',#3478,#10) 
REPRESENTATION_RELATIONSHIP_WITH_TRANSFORMATION(#3636) 
SHAPE_REPRESENTATION_RELATIONSHIP() );
#3636 = ITEM_DEFINED_TRANSFORMATION('','',#11,#103);
#3637 = PRODUCT_DEFINITION_SHAPE('Placement','Placement of an item',
  #3638);
#3638 = NEXT_ASSEMBLY_USAGE_OCCURRENCE('23','folha3_trav_inf','',#5,
  #3473,$);
#3639 = PRODUCT_RELATED_PRODUCT_CATEGORY('part',$,(#3475));
#3640 = SHAPE_DEFINITION_REPRESENTATION(#3641,#3647);
#3641 = PRODUCT_DEFINITION_SHAPE('','',#3642);
#3642 = PRODUCT_DEFINITION('design','',#3643,#3646);
#3643 = PRODUCT_DEFINITION_FORMATION('','',#3644);
#3644 = PRODUCT('folha3_trav_sup','folha3_trav_sup','',(#3645));
#3645 = PRODUCT_CONTEXT('',#2,'mechanical');
#3646 = PRODUCT_DEFINITION_CONTEXT('part definition',#2,'design');
#3647 = ADVANCED_BREP_SHAPE_REPRESENTATION('',(#11,#3648),#3798);
#3648 = MANIFOLD_SOLID_BREP('',#3649);
#3649 = CLOSED_SHELL('',(#3650,#3690,#3730,#3752,#3774,#3786));
#3650 = ADVANCED_FACE('',(#3651),#3685,.F.);
#3651 = FACE_BOUND('',#3652,.F.);
#3652 = EDGE_LOOP('',(#3653,#3663,#3671,#3679));
#3653 = ORIENTED_EDGE('',*,*,#3654,.F.);
#3654 = EDGE_CURVE('',#3655,#3657,#3659,.T.);
#3655 = VERTEX_POINT('',#3656);
#3656 = CARTESIAN_POINT('',(0.,-15.,-15.));
#3657 = VERTEX_POINT('',#3658);
#3658 = CARTESIAN_POINT('',(0.,-15.,15.));
#3659 = LINE('',#3660,#3661);
#3660 = CARTESIAN_POINT('',(0.,-15.,-15.));
#3661 = VECTOR('',#3662,1.);
#3662 = DIRECTION('',(0.,0.,1.));
#3663 = ORIENTED_EDGE('',*,*,#3664,.T.);
#3664 = EDGE_CURVE('',#3655,#3665,#3667,.T.);
#3665 = VERTEX_POINT('',#3666);
#3666 = CARTESIAN_POINT('',(0.,15.,-15.));
#3667 = LINE('',#3668,#3669);
#3668 = CARTESIAN_POINT('',(0.,-15.,-15.));
#3669 = VECTOR('',#3670,1.);
#3670 = DIRECTION('',(-0.,1.,0.));
#3671 = ORIENTED_EDGE('',*,*,#3672,.T.);
#3672 = EDGE_CURVE('',#3665,#3673,#3675,.T.);
#3673 = VERTEX_POINT('',#3674);
#3674 = CARTESIAN_POINT('',(0.,15.,15.));
#3675 = LINE('',#3676,#3677);
#3676 = CARTESIAN_POINT('',(0.,15.,-15.));
#3677 = VECTOR('',#3678,1.);
#3678 = DIRECTION('',(0.,0.,1.));
#3679 = ORIENTED_EDGE('',*,*,#3680,.F.);
#3680 = EDGE_CURVE('',#3657,#3673,#3681,.T.);
#3681 = LINE('',#3682,#3683);
#3682 = CARTESIAN_POINT('',(0.,-15.,15.));
#3683 = VECTOR('',#3684,1.);
#3684 = DIRECTION('',(-0.,1.,0.));
#3685 = PLANE('',#3686);
#3686 = AXIS2_PLACEMENT_3D('',#3687,#3688,#3689);
#3687 = CARTESIAN_POINT('',(0.,-15.,-15.));
#3688 = DIRECTION('',(1.,0.,-0.));
#3689 = DIRECTION('',(0.,0.,1.));
#3690 = ADVANCED_FACE('',(#3691),#3725,.T.);
#3691 = FACE_BOUND('',#3692,.T.);
#3692 = EDGE_LOOP('',(#3693,#3703,#3711,#3719));
#3693 = ORIENTED_EDGE('',*,*,#3694,.F.);
#3694 = EDGE_CURVE('',#3695,#3697,#3699,.T.);
#3695 = VERTEX_POINT('',#3696);
#3696 = CARTESIAN_POINT('',(840.,-15.,-15.));
#3697 = VERTEX_POINT('',#3698);
#3698 = CARTESIAN_POINT('',(840.,-15.,15.));
#3699 = LINE('',#3700,#3701);
#3700 = CARTESIAN_POINT('',(840.,-15.,-15.));
#3701 = VECTOR('',#3702,1.);
#3702 = DIRECTION('',(0.,0.,1.));
#3703 = ORIENTED_EDGE('',*,*,#3704,.T.);
#3704 = EDGE_CURVE('',#3695,#3705,#3707,.T.);
#3705 = VERTEX_POINT('',#3706);
#3706 = CARTESIAN_POINT('',(840.,15.,-15.));
#3707 = LINE('',#3708,#3709);
#3708 = CARTESIAN_POINT('',(840.,-15.,-15.));
#3709 = VECTOR('',#3710,1.);
#3710 = DIRECTION('',(-0.,1.,0.));
#3711 = ORIENTED_EDGE('',*,*,#3712,.T.);
#3712 = EDGE_CURVE('',#3705,#3713,#3715,.T.);
#3713 = VERTEX_POINT('',#3714);
#3714 = CARTESIAN_POINT('',(840.,15.,15.));
#3715 = LINE('',#3716,#3717);
#3716 = CARTESIAN_POINT('',(840.,15.,-15.));
#3717 = VECTOR('',#3718,1.);
#3718 = DIRECTION('',(0.,0.,1.));
#3719 = ORIENTED_EDGE('',*,*,#3720,.F.);
#3720 = EDGE_CURVE('',#3697,#3713,#3721,.T.);
#3721 = LINE('',#3722,#3723);
#3722 = CARTESIAN_POINT('',(840.,-15.,15.));
#3723 = VECTOR('',#3724,1.);
#3724 = DIRECTION('',(-0.,1.,0.));
#3725 = PLANE('',#3726);
#3726 = AXIS2_PLACEMENT_3D('',#3727,#3728,#3729);
#3727 = CARTESIAN_POINT('',(840.,-15.,-15.));
#3728 = DIRECTION('',(1.,0.,-0.));
#3729 = DIRECTION('',(0.,0.,1.));
#3730 = ADVANCED_FACE('',(#3731),#3747,.F.);
#3731 = FACE_BOUND('',#3732,.F.);
#3732 = EDGE_LOOP('',(#3733,#3739,#3740,#3746));
#3733 = ORIENTED_EDGE('',*,*,#3734,.F.);
#3734 = EDGE_CURVE('',#3655,#3695,#3735,.T.);
#3735 = LINE('',#3736,#3737);
#3736 = CARTESIAN_POINT('',(0.,-15.,-15.));
#3737 = VECTOR('',#3738,1.);
#3738 = DIRECTION('',(1.,0.,-0.));
#3739 = ORIENTED_EDGE('',*,*,#3654,.T.);
#3740 = ORIENTED_EDGE('',*,*,#3741,.T.);
#3741 = EDGE_CURVE('',#3657,#3697,#3742,.T.);
#3742 = LINE('',#3743,#3744);
#3743 = CARTESIAN_POINT('',(0.,-15.,15.));
#3744 = VECTOR('',#3745,1.);
#3745 = DIRECTION('',(1.,0.,-0.));
#3746 = ORIENTED_EDGE('',*,*,#3694,.F.);
#3747 = PLANE('',#3748);
#3748 = AXIS2_PLACEMENT_3D('',#3749,#3750,#3751);
#3749 = CARTESIAN_POINT('',(0.,-15.,-15.));
#3750 = DIRECTION('',(-0.,1.,0.));
#3751 = DIRECTION('',(0.,0.,1.));
#3752 = ADVANCED_FACE('',(#3753),#3769,.T.);
#3753 = FACE_BOUND('',#3754,.T.);
#3754 = EDGE_LOOP('',(#3755,#3761,#3762,#3768));
#3755 = ORIENTED_EDGE('',*,*,#3756,.F.);
#3756 = EDGE_CURVE('',#3665,#3705,#3757,.T.);
#3757 = LINE('',#3758,#3759);
#3758 = CARTESIAN_POINT('',(0.,15.,-15.));
#3759 = VECTOR('',#3760,1.);
#3760 = DIRECTION('',(1.,0.,-0.));
#3761 = ORIENTED_EDGE('',*,*,#3672,.T.);
#3762 = ORIENTED_EDGE('',*,*,#3763,.T.);
#3763 = EDGE_CURVE('',#3673,#3713,#3764,.T.);
#3764 = LINE('',#3765,#3766);
#3765 = CARTESIAN_POINT('',(0.,15.,15.));
#3766 = VECTOR('',#3767,1.);
#3767 = DIRECTION('',(1.,0.,-0.));
#3768 = ORIENTED_EDGE('',*,*,#3712,.F.);
#3769 = PLANE('',#3770);
#3770 = AXIS2_PLACEMENT_3D('',#3771,#3772,#3773);
#3771 = CARTESIAN_POINT('',(0.,15.,-15.));
#3772 = DIRECTION('',(-0.,1.,0.));
#3773 = DIRECTION('',(0.,0.,1.));
#3774 = ADVANCED_FACE('',(#3775),#3781,.F.);
#3775 = FACE_BOUND('',#3776,.F.);
#3776 = EDGE_LOOP('',(#3777,#3778,#3779,#3780));
#3777 = ORIENTED_EDGE('',*,*,#3664,.F.);
#3778 = ORIENTED_EDGE('',*,*,#3734,.T.);
#3779 = ORIENTED_EDGE('',*,*,#3704,.T.);
#3780 = ORIENTED_EDGE('',*,*,#3756,.F.);
#3781 = PLANE('',#3782);
#3782 = AXIS2_PLACEMENT_3D('',#3783,#3784,#3785);
#3783 = CARTESIAN_POINT('',(0.,-15.,-15.));
#3784 = DIRECTION('',(0.,0.,1.));
#3785 = DIRECTION('',(1.,0.,-0.));
#3786 = ADVANCED_FACE('',(#3787),#3793,.T.);
#3787 = FACE_BOUND('',#3788,.T.);
#3788 = EDGE_LOOP('',(#3789,#3790,#3791,#3792));
#3789 = ORIENTED_EDGE('',*,*,#3680,.F.);
#3790 = ORIENTED_EDGE('',*,*,#3741,.T.);
#3791 = ORIENTED_EDGE('',*,*,#3720,.T.);
#3792 = ORIENTED_EDGE('',*,*,#3763,.F.);
#3793 = PLANE('',#3794);
#3794 = AXIS2_PLACEMENT_3D('',#3795,#3796,#3797);
#3795 = CARTESIAN_POINT('',(0.,-15.,15.));
#3796 = DIRECTION('',(0.,0.,1.));
#3797 = DIRECTION('',(1.,0.,-0.));
#3798 = ( GEOMETRIC_REPRESENTATION_CONTEXT(3) 
GLOBAL_UNCERTAINTY_ASSIGNED_CONTEXT((#3802)) 
GLOBAL_UNIT_ASSIGNED_CONTEXT((#3799,#3800,#3801)) REPRESENTATION_CONTEXT
('Context #1','3D Context with UNIT and UNCERTAINTY') );
#3799 = ( LENGTH_UNIT() NAMED_UNIT(*) SI_UNIT(.MILLI.,.METRE.) );
#3800 = ( NAMED_UNIT(*) PLANE_ANGLE_UNIT() SI_UNIT($,.RADIAN.) );
#3801 = ( NAMED_UNIT(*) SI_UNIT($,.STERADIAN.) SOLID_ANGLE_UNIT() );
#3802 = UNCERTAINTY_MEASURE_WITH_UNIT(LENGTH_MEASURE(1.E-07),#3799,
  'distance_accuracy_value','confusion accuracy');
#3803 = CONTEXT_DEPENDENT_SHAPE_REPRESENTATION(#3804,#3806);
#3804 = ( REPRESENTATION_RELATIONSHIP('','',#3647,#10) 
REPRESENTATION_RELATIONSHIP_WITH_TRANSFORMATION(#3805) 
SHAPE_REPRESENTATION_RELATIONSHIP() );
#3805 = ITEM_DEFINED_TRANSFORMATION('','',#11,#107);
#3806 = PRODUCT_DEFINITION_SHAPE('Placement','Placement of an item',
  #3807);
#3807 = NEXT_ASSEMBLY_USAGE_OCCURRENCE('24','folha3_trav_sup','',#5,
  #3642,$);
#3808 = PRODUCT_RELATED_PRODUCT_CATEGORY('part',$,(#3644));
#3809 = SHAPE_DEFINITION_REPRESENTATION(#3810,#3816);
#3810 = PRODUCT_DEFINITION_SHAPE('','',#3811);
#3811 = PRODUCT_DEFINITION('design','',#3812,#3815);
#3812 = PRODUCT_DEFINITION_FORMATION('','',#3813);
#3813 = PRODUCT('folha3_roda_a','folha3_roda_a','',(#3814));
#3814 = PRODUCT_CONTEXT('',#2,'mechanical');
#3815 = PRODUCT_DEFINITION_CONTEXT('part definition',#2,'design');
#3816 = ADVANCED_BREP_SHAPE_REPRESENTATION('',(#11,#3817),#3870);
#3817 = MANIFOLD_SOLID_BREP('',#3818);
#3818 = CLOSED_SHELL('',(#3819,#3852,#3861));
#3819 = ADVANCED_FACE('',(#3820),#3847,.T.);
#3820 = FACE_BOUND('',#3821,.T.);
#3821 = EDGE_LOOP('',(#3822,#3831,#3839,#3846));
#3822 = ORIENTED_EDGE('',*,*,#3823,.F.);
#3823 = EDGE_CURVE('',#3824,#3824,#3826,.T.);
#3824 = VERTEX_POINT('',#3825);
#3825 = CARTESIAN_POINT('',(-9.E-15,16.,37.5));
#3826 = CIRCLE('',#3827,37.5);
#3827 = AXIS2_PLACEMENT_3D('',#3828,#3829,#3830);
#3828 = CARTESIAN_POINT('',(0.,16.,0.));
#3829 = DIRECTION('',(0.,1.,0.));
#3830 = DIRECTION('',(0.,-0.,1.));
#3831 = ORIENTED_EDGE('',*,*,#3832,.F.);
#3832 = EDGE_CURVE('',#3833,#3824,#3835,.T.);
#3833 = VERTEX_POINT('',#3834);
#3834 = CARTESIAN_POINT('',(-9.E-15,-16.,37.5));
#3835 = LINE('',#3836,#3837);
#3836 = CARTESIAN_POINT('',(-9.18E-15,-16.,37.5));
#3837 = VECTOR('',#3838,1.);
#3838 = DIRECTION('',(0.,1.,0.));
#3839 = ORIENTED_EDGE('',*,*,#3840,.T.);
#3840 = EDGE_CURVE('',#3833,#3833,#3841,.T.);
#3841 = CIRCLE('',#3842,37.5);
#3842 = AXIS2_PLACEMENT_3D('',#3843,#3844,#3845);
#3843 = CARTESIAN_POINT('',(0.,-16.,0.));
#3844 = DIRECTION('',(0.,1.,0.));
#3845 = DIRECTION('',(0.,-0.,1.));
#3846 = ORIENTED_EDGE('',*,*,#3832,.T.);
#3847 = CYLINDRICAL_SURFACE('',#3848,37.5);
#3848 = AXIS2_PLACEMENT_3D('',#3849,#3850,#3851);
#3849 = CARTESIAN_POINT('',(0.,-16.,0.));
#3850 = DIRECTION('',(0.,1.,0.));
#3851 = DIRECTION('',(0.,-0.,1.));
#3852 = ADVANCED_FACE('',(#3853),#3856,.T.);
#3853 = FACE_BOUND('',#3854,.T.);
#3854 = EDGE_LOOP('',(#3855));
#3855 = ORIENTED_EDGE('',*,*,#3823,.T.);
#3856 = PLANE('',#3857);
#3857 = AXIS2_PLACEMENT_3D('',#3858,#3859,#3860);
#3858 = CARTESIAN_POINT('',(0.,16.,0.));
#3859 = DIRECTION('',(0.,1.,0.));
#3860 = DIRECTION('',(0.,-0.,1.));
#3861 = ADVANCED_FACE('',(#3862),#3865,.F.);
#3862 = FACE_BOUND('',#3863,.T.);
#3863 = EDGE_LOOP('',(#3864));
#3864 = ORIENTED_EDGE('',*,*,#3840,.F.);
#3865 = PLANE('',#3866);
#3866 = AXIS2_PLACEMENT_3D('',#3867,#3868,#3869);
#3867 = CARTESIAN_POINT('',(0.,-16.,0.));
#3868 = DIRECTION('',(0.,1.,0.));
#3869 = DIRECTION('',(0.,-0.,1.));
#3870 = ( GEOMETRIC_REPRESENTATION_CONTEXT(3) 
GLOBAL_UNCERTAINTY_ASSIGNED_CONTEXT((#3874)) 
GLOBAL_UNIT_ASSIGNED_CONTEXT((#3871,#3872,#3873)) REPRESENTATION_CONTEXT
('Context #1','3D Context with UNIT and UNCERTAINTY') );
#3871 = ( LENGTH_UNIT() NAMED_UNIT(*) SI_UNIT(.MILLI.,.METRE.) );
#3872 = ( NAMED_UNIT(*) PLANE_ANGLE_UNIT() SI_UNIT($,.RADIAN.) );
#3873 = ( NAMED_UNIT(*) SI_UNIT($,.STERADIAN.) SOLID_ANGLE_UNIT() );
#3874 = UNCERTAINTY_MEASURE_WITH_UNIT(LENGTH_MEASURE(1.E-07),#3871,
  'distance_accuracy_value','confusion accuracy');
#3875 = CONTEXT_DEPENDENT_SHAPE_REPRESENTATION(#3876,#3878);
#3876 = ( REPRESENTATION_RELATIONSHIP('','',#3816,#10) 
REPRESENTATION_RELATIONSHIP_WITH_TRANSFORMATION(#3877) 
SHAPE_REPRESENTATION_RELATIONSHIP() );
#3877 = ITEM_DEFINED_TRANSFORMATION('','',#11,#111);
#3878 = PRODUCT_DEFINITION_SHAPE('Placement','Placement of an item',
  #3879);
#3879 = NEXT_ASSEMBLY_USAGE_OCCURRENCE('25','folha3_roda_a','',#5,#3811,
  $);
#3880 = PRODUCT_RELATED_PRODUCT_CATEGORY('part',$,(#3813));
#3881 = SHAPE_DEFINITION_REPRESENTATION(#3882,#3888);
#3882 = PRODUCT_DEFINITION_SHAPE('','',#3883);
#3883 = PRODUCT_DEFINITION('design','',#3884,#3887);
#3884 = PRODUCT_DEFINITION_FORMATION('','',#3885);
#3885 = PRODUCT('folha3_garfo_a','folha3_garfo_a','',(#3886));
#3886 = PRODUCT_CONTEXT('',#2,'mechanical');
#3887 = PRODUCT_DEFINITION_CONTEXT('part definition',#2,'design');
#3888 = ADVANCED_BREP_SHAPE_REPRESENTATION('',(#11,#3889),#4039);
#3889 = MANIFOLD_SOLID_BREP('',#3890);
#3890 = CLOSED_SHELL('',(#3891,#3931,#3971,#3993,#4015,#4027));
#3891 = ADVANCED_FACE('',(#3892),#3926,.F.);
#3892 = FACE_BOUND('',#3893,.F.);
#3893 = EDGE_LOOP('',(#3894,#3904,#3912,#3920));
#3894 = ORIENTED_EDGE('',*,*,#3895,.F.);
#3895 = EDGE_CURVE('',#3896,#3898,#3900,.T.);
#3896 = VERTEX_POINT('',#3897);
#3897 = CARTESIAN_POINT('',(-23.,-18.,0.));
#3898 = VERTEX_POINT('',#3899);
#3899 = CARTESIAN_POINT('',(-23.,-18.,30.));
#3900 = LINE('',#3901,#3902);
#3901 = CARTESIAN_POINT('',(-23.,-18.,0.));
#3902 = VECTOR('',#3903,1.);
#3903 = DIRECTION('',(0.,0.,1.));
#3904 = ORIENTED_EDGE('',*,*,#3905,.T.);
#3905 = EDGE_CURVE('',#3896,#3906,#3908,.T.);
#3906 = VERTEX_POINT('',#3907);
#3907 = CARTESIAN_POINT('',(-23.,18.,0.));
#3908 = LINE('',#3909,#3910);
#3909 = CARTESIAN_POINT('',(-23.,-18.,0.));
#3910 = VECTOR('',#3911,1.);
#3911 = DIRECTION('',(-0.,1.,0.));
#3912 = ORIENTED_EDGE('',*,*,#3913,.T.);
#3913 = EDGE_CURVE('',#3906,#3914,#3916,.T.);
#3914 = VERTEX_POINT('',#3915);
#3915 = CARTESIAN_POINT('',(-23.,18.,30.));
#3916 = LINE('',#3917,#3918);
#3917 = CARTESIAN_POINT('',(-23.,18.,0.));
#3918 = VECTOR('',#3919,1.);
#3919 = DIRECTION('',(0.,0.,1.));
#3920 = ORIENTED_EDGE('',*,*,#3921,.F.);
#3921 = EDGE_CURVE('',#3898,#3914,#3922,.T.);
#3922 = LINE('',#3923,#3924);
#3923 = CARTESIAN_POINT('',(-23.,-18.,30.));
#3924 = VECTOR('',#3925,1.);
#3925 = DIRECTION('',(-0.,1.,0.));
#3926 = PLANE('',#3927);
#3927 = AXIS2_PLACEMENT_3D('',#3928,#3929,#3930);
#3928 = CARTESIAN_POINT('',(-23.,-18.,0.));
#3929 = DIRECTION('',(1.,0.,-0.));
#3930 = DIRECTION('',(0.,0.,1.));
#3931 = ADVANCED_FACE('',(#3932),#3966,.T.);
#3932 = FACE_BOUND('',#3933,.T.);
#3933 = EDGE_LOOP('',(#3934,#3944,#3952,#3960));
#3934 = ORIENTED_EDGE('',*,*,#3935,.F.);
#3935 = EDGE_CURVE('',#3936,#3938,#3940,.T.);
#3936 = VERTEX_POINT('',#3937);
#3937 = CARTESIAN_POINT('',(23.,-18.,0.));
#3938 = VERTEX_POINT('',#3939);
#3939 = CARTESIAN_POINT('',(23.,-18.,30.));
#3940 = LINE('',#3941,#3942);
#3941 = CARTESIAN_POINT('',(23.,-18.,0.));
#3942 = VECTOR('',#3943,1.);
#3943 = DIRECTION('',(0.,0.,1.));
#3944 = ORIENTED_EDGE('',*,*,#3945,.T.);
#3945 = EDGE_CURVE('',#3936,#3946,#3948,.T.);
#3946 = VERTEX_POINT('',#3947);
#3947 = CARTESIAN_POINT('',(23.,18.,0.));
#3948 = LINE('',#3949,#3950);
#3949 = CARTESIAN_POINT('',(23.,-18.,0.));
#3950 = VECTOR('',#3951,1.);
#3951 = DIRECTION('',(-0.,1.,0.));
#3952 = ORIENTED_EDGE('',*,*,#3953,.T.);
#3953 = EDGE_CURVE('',#3946,#3954,#3956,.T.);
#3954 = VERTEX_POINT('',#3955);
#3955 = CARTESIAN_POINT('',(23.,18.,30.));
#3956 = LINE('',#3957,#3958);
#3957 = CARTESIAN_POINT('',(23.,18.,0.));
#3958 = VECTOR('',#3959,1.);
#3959 = DIRECTION('',(0.,0.,1.));
#3960 = ORIENTED_EDGE('',*,*,#3961,.F.);
#3961 = EDGE_CURVE('',#3938,#3954,#3962,.T.);
#3962 = LINE('',#3963,#3964);
#3963 = CARTESIAN_POINT('',(23.,-18.,30.));
#3964 = VECTOR('',#3965,1.);
#3965 = DIRECTION('',(-0.,1.,0.));
#3966 = PLANE('',#3967);
#3967 = AXIS2_PLACEMENT_3D('',#3968,#3969,#3970);
#3968 = CARTESIAN_POINT('',(23.,-18.,0.));
#3969 = DIRECTION('',(1.,0.,-0.));
#3970 = DIRECTION('',(0.,0.,1.));
#3971 = ADVANCED_FACE('',(#3972),#3988,.F.);
#3972 = FACE_BOUND('',#3973,.F.);
#3973 = EDGE_LOOP('',(#3974,#3980,#3981,#3987));
#3974 = ORIENTED_EDGE('',*,*,#3975,.F.);
#3975 = EDGE_CURVE('',#3896,#3936,#3976,.T.);
#3976 = LINE('',#3977,#3978);
#3977 = CARTESIAN_POINT('',(-23.,-18.,0.));
#3978 = VECTOR('',#3979,1.);
#3979 = DIRECTION('',(1.,0.,-0.));
#3980 = ORIENTED_EDGE('',*,*,#3895,.T.);
#3981 = ORIENTED_EDGE('',*,*,#3982,.T.);
#3982 = EDGE_CURVE('',#3898,#3938,#3983,.T.);
#3983 = LINE('',#3984,#3985);
#3984 = CARTESIAN_POINT('',(-23.,-18.,30.));
#3985 = VECTOR('',#3986,1.);
#3986 = DIRECTION('',(1.,0.,-0.));
#3987 = ORIENTED_EDGE('',*,*,#3935,.F.);
#3988 = PLANE('',#3989);
#3989 = AXIS2_PLACEMENT_3D('',#3990,#3991,#3992);
#3990 = CARTESIAN_POINT('',(-23.,-18.,0.));
#3991 = DIRECTION('',(-0.,1.,0.));
#3992 = DIRECTION('',(0.,0.,1.));
#3993 = ADVANCED_FACE('',(#3994),#4010,.T.);
#3994 = FACE_BOUND('',#3995,.T.);
#3995 = EDGE_LOOP('',(#3996,#4002,#4003,#4009));
#3996 = ORIENTED_EDGE('',*,*,#3997,.F.);
#3997 = EDGE_CURVE('',#3906,#3946,#3998,.T.);
#3998 = LINE('',#3999,#4000);
#3999 = CARTESIAN_POINT('',(-23.,18.,0.));
#4000 = VECTOR('',#4001,1.);
#4001 = DIRECTION('',(1.,0.,-0.));
#4002 = ORIENTED_EDGE('',*,*,#3913,.T.);
#4003 = ORIENTED_EDGE('',*,*,#4004,.T.);
#4004 = EDGE_CURVE('',#3914,#3954,#4005,.T.);
#4005 = LINE('',#4006,#4007);
#4006 = CARTESIAN_POINT('',(-23.,18.,30.));
#4007 = VECTOR('',#4008,1.);
#4008 = DIRECTION('',(1.,0.,-0.));
#4009 = ORIENTED_EDGE('',*,*,#3953,.F.);
#4010 = PLANE('',#4011);
#4011 = AXIS2_PLACEMENT_3D('',#4012,#4013,#4014);
#4012 = CARTESIAN_POINT('',(-23.,18.,0.));
#4013 = DIRECTION('',(-0.,1.,0.));
#4014 = DIRECTION('',(0.,0.,1.));
#4015 = ADVANCED_FACE('',(#4016),#4022,.F.);
#4016 = FACE_BOUND('',#4017,.F.);
#4017 = EDGE_LOOP('',(#4018,#4019,#4020,#4021));
#4018 = ORIENTED_EDGE('',*,*,#3905,.F.);
#4019 = ORIENTED_EDGE('',*,*,#3975,.T.);
#4020 = ORIENTED_EDGE('',*,*,#3945,.T.);
#4021 = ORIENTED_EDGE('',*,*,#3997,.F.);
#4022 = PLANE('',#4023);
#4023 = AXIS2_PLACEMENT_3D('',#4024,#4025,#4026);
#4024 = CARTESIAN_POINT('',(-23.,-18.,0.));
#4025 = DIRECTION('',(0.,0.,1.));
#4026 = DIRECTION('',(1.,0.,-0.));
#4027 = ADVANCED_FACE('',(#4028),#4034,.T.);
#4028 = FACE_BOUND('',#4029,.T.);
#4029 = EDGE_LOOP('',(#4030,#4031,#4032,#4033));
#4030 = ORIENTED_EDGE('',*,*,#3921,.F.);
#4031 = ORIENTED_EDGE('',*,*,#3982,.T.);
#4032 = ORIENTED_EDGE('',*,*,#3961,.T.);
#4033 = ORIENTED_EDGE('',*,*,#4004,.F.);
#4034 = PLANE('',#4035);
#4035 = AXIS2_PLACEMENT_3D('',#4036,#4037,#4038);
#4036 = CARTESIAN_POINT('',(-23.,-18.,30.));
#4037 = DIRECTION('',(0.,0.,1.));
#4038 = DIRECTION('',(1.,0.,-0.));
#4039 = ( GEOMETRIC_REPRESENTATION_CONTEXT(3) 
GLOBAL_UNCERTAINTY_ASSIGNED_CONTEXT((#4043)) 
GLOBAL_UNIT_ASSIGNED_CONTEXT((#4040,#4041,#4042)) REPRESENTATION_CONTEXT
('Context #1','3D Context with UNIT and UNCERTAINTY') );
#4040 = ( LENGTH_UNIT() NAMED_UNIT(*) SI_UNIT(.MILLI.,.METRE.) );
#4041 = ( NAMED_UNIT(*) PLANE_ANGLE_UNIT() SI_UNIT($,.RADIAN.) );
#4042 = ( NAMED_UNIT(*) SI_UNIT($,.STERADIAN.) SOLID_ANGLE_UNIT() );
#4043 = UNCERTAINTY_MEASURE_WITH_UNIT(LENGTH_MEASURE(1.E-07),#4040,
  'distance_accuracy_value','confusion accuracy');
#4044 = CONTEXT_DEPENDENT_SHAPE_REPRESENTATION(#4045,#4047);
#4045 = ( REPRESENTATION_RELATIONSHIP('','',#3888,#10) 
REPRESENTATION_RELATIONSHIP_WITH_TRANSFORMATION(#4046) 
SHAPE_REPRESENTATION_RELATIONSHIP() );
#4046 = ITEM_DEFINED_TRANSFORMATION('','',#11,#115);
#4047 = PRODUCT_DEFINITION_SHAPE('Placement','Placement of an item',
  #4048);
#4048 = NEXT_ASSEMBLY_USAGE_OCCURRENCE('26','folha3_garfo_a','',#5,#3883
  ,$);
#4049 = PRODUCT_RELATED_PRODUCT_CATEGORY('part',$,(#3885));
#4050 = SHAPE_DEFINITION_REPRESENTATION(#4051,#4057);
#4051 = PRODUCT_DEFINITION_SHAPE('','',#4052);
#4052 = PRODUCT_DEFINITION('design','',#4053,#4056);
#4053 = PRODUCT_DEFINITION_FORMATION('','',#4054);
#4054 = PRODUCT('folha3_placa_a','folha3_placa_a','',(#4055));
#4055 = PRODUCT_CONTEXT('',#2,'mechanical');
#4056 = PRODUCT_DEFINITION_CONTEXT('part definition',#2,'design');
#4057 = ADVANCED_BREP_SHAPE_REPRESENTATION('',(#11,#4058),#4208);
#4058 = MANIFOLD_SOLID_BREP('',#4059);
#4059 = CLOSED_SHELL('',(#4060,#4100,#4140,#4162,#4184,#4196));
#4060 = ADVANCED_FACE('',(#4061),#4095,.F.);
#4061 = FACE_BOUND('',#4062,.F.);
#4062 = EDGE_LOOP('',(#4063,#4073,#4081,#4089));
#4063 = ORIENTED_EDGE('',*,*,#4064,.F.);
#4064 = EDGE_CURVE('',#4065,#4067,#4069,.T.);
#4065 = VERTEX_POINT('',#4066);
#4066 = CARTESIAN_POINT('',(-45.,-35.,0.));
#4067 = VERTEX_POINT('',#4068);
#4068 = CARTESIAN_POINT('',(-45.,-35.,4.));
#4069 = LINE('',#4070,#4071);
#4070 = CARTESIAN_POINT('',(-45.,-35.,0.));
#4071 = VECTOR('',#4072,1.);
#4072 = DIRECTION('',(0.,0.,1.));
#4073 = ORIENTED_EDGE('',*,*,#4074,.T.);
#4074 = EDGE_CURVE('',#4065,#4075,#4077,.T.);
#4075 = VERTEX_POINT('',#4076);
#4076 = CARTESIAN_POINT('',(-45.,35.,0.));
#4077 = LINE('',#4078,#4079);
#4078 = CARTESIAN_POINT('',(-45.,-35.,0.));
#4079 = VECTOR('',#4080,1.);
#4080 = DIRECTION('',(-0.,1.,0.));
#4081 = ORIENTED_EDGE('',*,*,#4082,.T.);
#4082 = EDGE_CURVE('',#4075,#4083,#4085,.T.);
#4083 = VERTEX_POINT('',#4084);
#4084 = CARTESIAN_POINT('',(-45.,35.,4.));
#4085 = LINE('',#4086,#4087);
#4086 = CARTESIAN_POINT('',(-45.,35.,0.));
#4087 = VECTOR('',#4088,1.);
#4088 = DIRECTION('',(0.,0.,1.));
#4089 = ORIENTED_EDGE('',*,*,#4090,.F.);
#4090 = EDGE_CURVE('',#4067,#4083,#4091,.T.);
#4091 = LINE('',#4092,#4093);
#4092 = CARTESIAN_POINT('',(-45.,-35.,4.));
#4093 = VECTOR('',#4094,1.);
#4094 = DIRECTION('',(-0.,1.,0.));
#4095 = PLANE('',#4096);
#4096 = AXIS2_PLACEMENT_3D('',#4097,#4098,#4099);
#4097 = CARTESIAN_POINT('',(-45.,-35.,0.));
#4098 = DIRECTION('',(1.,0.,-0.));
#4099 = DIRECTION('',(0.,0.,1.));
#4100 = ADVANCED_FACE('',(#4101),#4135,.T.);
#4101 = FACE_BOUND('',#4102,.T.);
#4102 = EDGE_LOOP('',(#4103,#4113,#4121,#4129));
#4103 = ORIENTED_EDGE('',*,*,#4104,.F.);
#4104 = EDGE_CURVE('',#4105,#4107,#4109,.T.);
#4105 = VERTEX_POINT('',#4106);
#4106 = CARTESIAN_POINT('',(45.,-35.,0.));
#4107 = VERTEX_POINT('',#4108);
#4108 = CARTESIAN_POINT('',(45.,-35.,4.));
#4109 = LINE('',#4110,#4111);
#4110 = CARTESIAN_POINT('',(45.,-35.,0.));
#4111 = VECTOR('',#4112,1.);
#4112 = DIRECTION('',(0.,0.,1.));
#4113 = ORIENTED_EDGE('',*,*,#4114,.T.);
#4114 = EDGE_CURVE('',#4105,#4115,#4117,.T.);
#4115 = VERTEX_POINT('',#4116);
#4116 = CARTESIAN_POINT('',(45.,35.,0.));
#4117 = LINE('',#4118,#4119);
#4118 = CARTESIAN_POINT('',(45.,-35.,0.));
#4119 = VECTOR('',#4120,1.);
#4120 = DIRECTION('',(-0.,1.,0.));
#4121 = ORIENTED_EDGE('',*,*,#4122,.T.);
#4122 = EDGE_CURVE('',#4115,#4123,#4125,.T.);
#4123 = VERTEX_POINT('',#4124);
#4124 = CARTESIAN_POINT('',(45.,35.,4.));
#4125 = LINE('',#4126,#4127);
#4126 = CARTESIAN_POINT('',(45.,35.,0.));
#4127 = VECTOR('',#4128,1.);
#4128 = DIRECTION('',(0.,0.,1.));
#4129 = ORIENTED_EDGE('',*,*,#4130,.F.);
#4130 = EDGE_CURVE('',#4107,#4123,#4131,.T.);
#4131 = LINE('',#4132,#4133);
#4132 = CARTESIAN_POINT('',(45.,-35.,4.));
#4133 = VECTOR('',#4134,1.);
#4134 = DIRECTION('',(-0.,1.,0.));
#4135 = PLANE('',#4136);
#4136 = AXIS2_PLACEMENT_3D('',#4137,#4138,#4139);
#4137 = CARTESIAN_POINT('',(45.,-35.,0.));
#4138 = DIRECTION('',(1.,0.,-0.));
#4139 = DIRECTION('',(0.,0.,1.));
#4140 = ADVANCED_FACE('',(#4141),#4157,.F.);
#4141 = FACE_BOUND('',#4142,.F.);
#4142 = EDGE_LOOP('',(#4143,#4149,#4150,#4156));
#4143 = ORIENTED_EDGE('',*,*,#4144,.F.);
#4144 = EDGE_CURVE('',#4065,#4105,#4145,.T.);
#4145 = LINE('',#4146,#4147);
#4146 = CARTESIAN_POINT('',(-45.,-35.,0.));
#4147 = VECTOR('',#4148,1.);
#4148 = DIRECTION('',(1.,0.,-0.));
#4149 = ORIENTED_EDGE('',*,*,#4064,.T.);
#4150 = ORIENTED_EDGE('',*,*,#4151,.T.);
#4151 = EDGE_CURVE('',#4067,#4107,#4152,.T.);
#4152 = LINE('',#4153,#4154);
#4153 = CARTESIAN_POINT('',(-45.,-35.,4.));
#4154 = VECTOR('',#4155,1.);
#4155 = DIRECTION('',(1.,0.,-0.));
#4156 = ORIENTED_EDGE('',*,*,#4104,.F.);
#4157 = PLANE('',#4158);
#4158 = AXIS2_PLACEMENT_3D('',#4159,#4160,#4161);
#4159 = CARTESIAN_POINT('',(-45.,-35.,0.));
#4160 = DIRECTION('',(-0.,1.,0.));
#4161 = DIRECTION('',(0.,0.,1.));
#4162 = ADVANCED_FACE('',(#4163),#4179,.T.);
#4163 = FACE_BOUND('',#4164,.T.);
#4164 = EDGE_LOOP('',(#4165,#4171,#4172,#4178));
#4165 = ORIENTED_EDGE('',*,*,#4166,.F.);
#4166 = EDGE_CURVE('',#4075,#4115,#4167,.T.);
#4167 = LINE('',#4168,#4169);
#4168 = CARTESIAN_POINT('',(-45.,35.,0.));
#4169 = VECTOR('',#4170,1.);
#4170 = DIRECTION('',(1.,0.,-0.));
#4171 = ORIENTED_EDGE('',*,*,#4082,.T.);
#4172 = ORIENTED_EDGE('',*,*,#4173,.T.);
#4173 = EDGE_CURVE('',#4083,#4123,#4174,.T.);
#4174 = LINE('',#4175,#4176);
#4175 = CARTESIAN_POINT('',(-45.,35.,4.));
#4176 = VECTOR('',#4177,1.);
#4177 = DIRECTION('',(1.,0.,-0.));
#4178 = ORIENTED_EDGE('',*,*,#4122,.F.);
#4179 = PLANE('',#4180);
#4180 = AXIS2_PLACEMENT_3D('',#4181,#4182,#4183);
#4181 = CARTESIAN_POINT('',(-45.,35.,0.));
#4182 = DIRECTION('',(-0.,1.,0.));
#4183 = DIRECTION('',(0.,0.,1.));
#4184 = ADVANCED_FACE('',(#4185),#4191,.F.);
#4185 = FACE_BOUND('',#4186,.F.);
#4186 = EDGE_LOOP('',(#4187,#4188,#4189,#4190));
#4187 = ORIENTED_EDGE('',*,*,#4074,.F.);
#4188 = ORIENTED_EDGE('',*,*,#4144,.T.);
#4189 = ORIENTED_EDGE('',*,*,#4114,.T.);
#4190 = ORIENTED_EDGE('',*,*,#4166,.F.);
#4191 = PLANE('',#4192);
#4192 = AXIS2_PLACEMENT_3D('',#4193,#4194,#4195);
#4193 = CARTESIAN_POINT('',(-45.,-35.,0.));
#4194 = DIRECTION('',(0.,0.,1.));
#4195 = DIRECTION('',(1.,0.,-0.));
#4196 = ADVANCED_FACE('',(#4197),#4203,.T.);
#4197 = FACE_BOUND('',#4198,.T.);
#4198 = EDGE_LOOP('',(#4199,#4200,#4201,#4202));
#4199 = ORIENTED_EDGE('',*,*,#4090,.F.);
#4200 = ORIENTED_EDGE('',*,*,#4151,.T.);
#4201 = ORIENTED_EDGE('',*,*,#4130,.T.);
#4202 = ORIENTED_EDGE('',*,*,#4173,.F.);
#4203 = PLANE('',#4204);
#4204 = AXIS2_PLACEMENT_3D('',#4205,#4206,#4207);
#4205 = CARTESIAN_POINT('',(-45.,-35.,4.));
#4206 = DIRECTION('',(0.,0.,1.));
#4207 = DIRECTION('',(1.,0.,-0.));
#4208 = ( GEOMETRIC_REPRESENTATION_CONTEXT(3) 
GLOBAL_UNCERTAINTY_ASSIGNED_CONTEXT((#4212)) 
GLOBAL_UNIT_ASSIGNED_CONTEXT((#4209,#4210,#4211)) REPRESENTATION_CONTEXT
('Context #1','3D Context with UNIT and UNCERTAINTY') );
#4209 = ( LENGTH_UNIT() NAMED_UNIT(*) SI_UNIT(.MILLI.,.METRE.) );
#4210 = ( NAMED_UNIT(*) PLANE_ANGLE_UNIT() SI_UNIT($,.RADIAN.) );
#4211 = ( NAMED_UNIT(*) SI_UNIT($,.STERADIAN.) SOLID_ANGLE_UNIT() );
#4212 = UNCERTAINTY_MEASURE_WITH_UNIT(LENGTH_MEASURE(1.E-07),#4209,
  'distance_accuracy_value','confusion accuracy');
#4213 = CONTEXT_DEPENDENT_SHAPE_REPRESENTATION(#4214,#4216);
#4214 = ( REPRESENTATION_RELATIONSHIP('','',#4057,#10) 
REPRESENTATION_RELATIONSHIP_WITH_TRANSFORMATION(#4215) 
SHAPE_REPRESENTATION_RELATIONSHIP() );
#4215 = ITEM_DEFINED_TRANSFORMATION('','',#11,#119);
#4216 = PRODUCT_DEFINITION_SHAPE('Placement','Placement of an item',
  #4217);
#4217 = NEXT_ASSEMBLY_USAGE_OCCURRENCE('27','folha3_placa_a','',#5,#4052
  ,$);
#4218 = PRODUCT_RELATED_PRODUCT_CATEGORY('part',$,(#4054));
#4219 = SHAPE_DEFINITION_REPRESENTATION(#4220,#4226);
#4220 = PRODUCT_DEFINITION_SHAPE('','',#4221);
#4221 = PRODUCT_DEFINITION('design','',#4222,#4225);
#4222 = PRODUCT_DEFINITION_FORMATION('','',#4223);
#4223 = PRODUCT('folha3_roda_b','folha3_roda_b','',(#4224));
#4224 = PRODUCT_CONTEXT('',#2,'mechanical');
#4225 = PRODUCT_DEFINITION_CONTEXT('part definition',#2,'design');
#4226 = ADVANCED_BREP_SHAPE_REPRESENTATION('',(#11,#4227),#4280);
#4227 = MANIFOLD_SOLID_BREP('',#4228);
#4228 = CLOSED_SHELL('',(#4229,#4262,#4271));
#4229 = ADVANCED_FACE('',(#4230),#4257,.T.);
#4230 = FACE_BOUND('',#4231,.T.);
#4231 = EDGE_LOOP('',(#4232,#4241,#4249,#4256));
#4232 = ORIENTED_EDGE('',*,*,#4233,.F.);
#4233 = EDGE_CURVE('',#4234,#4234,#4236,.T.);
#4234 = VERTEX_POINT('',#4235);
#4235 = CARTESIAN_POINT('',(-9.E-15,16.,37.5));
#4236 = CIRCLE('',#4237,37.5);
#4237 = AXIS2_PLACEMENT_3D('',#4238,#4239,#4240);
#4238 = CARTESIAN_POINT('',(0.,16.,0.));
#4239 = DIRECTION('',(0.,1.,0.));
#4240 = DIRECTION('',(0.,-0.,1.));
#4241 = ORIENTED_EDGE('',*,*,#4242,.F.);
#4242 = EDGE_CURVE('',#4243,#4234,#4245,.T.);
#4243 = VERTEX_POINT('',#4244);
#4244 = CARTESIAN_POINT('',(-9.E-15,-16.,37.5));
#4245 = LINE('',#4246,#4247);
#4246 = CARTESIAN_POINT('',(-9.18E-15,-16.,37.5));
#4247 = VECTOR('',#4248,1.);
#4248 = DIRECTION('',(0.,1.,0.));
#4249 = ORIENTED_EDGE('',*,*,#4250,.T.);
#4250 = EDGE_CURVE('',#4243,#4243,#4251,.T.);
#4251 = CIRCLE('',#4252,37.5);
#4252 = AXIS2_PLACEMENT_3D('',#4253,#4254,#4255);
#4253 = CARTESIAN_POINT('',(0.,-16.,0.));
#4254 = DIRECTION('',(0.,1.,0.));
#4255 = DIRECTION('',(0.,-0.,1.));
#4256 = ORIENTED_EDGE('',*,*,#4242,.T.);
#4257 = CYLINDRICAL_SURFACE('',#4258,37.5);
#4258 = AXIS2_PLACEMENT_3D('',#4259,#4260,#4261);
#4259 = CARTESIAN_POINT('',(0.,-16.,0.));
#4260 = DIRECTION('',(0.,1.,0.));
#4261 = DIRECTION('',(0.,-0.,1.));
#4262 = ADVANCED_FACE('',(#4263),#4266,.T.);
#4263 = FACE_BOUND('',#4264,.T.);
#4264 = EDGE_LOOP('',(#4265));
#4265 = ORIENTED_EDGE('',*,*,#4233,.T.);
#4266 = PLANE('',#4267);
#4267 = AXIS2_PLACEMENT_3D('',#4268,#4269,#4270);
#4268 = CARTESIAN_POINT('',(0.,16.,0.));
#4269 = DIRECTION('',(0.,1.,0.));
#4270 = DIRECTION('',(0.,-0.,1.));
#4271 = ADVANCED_FACE('',(#4272),#4275,.F.);
#4272 = FACE_BOUND('',#4273,.T.);
#4273 = EDGE_LOOP('',(#4274));
#4274 = ORIENTED_EDGE('',*,*,#4250,.F.);
#4275 = PLANE('',#4276);
#4276 = AXIS2_PLACEMENT_3D('',#4277,#4278,#4279);
#4277 = CARTESIAN_POINT('',(0.,-16.,0.));
#4278 = DIRECTION('',(0.,1.,0.));
#4279 = DIRECTION('',(0.,-0.,1.));
#4280 = ( GEOMETRIC_REPRESENTATION_CONTEXT(3) 
GLOBAL_UNCERTAINTY_ASSIGNED_CONTEXT((#4284)) 
GLOBAL_UNIT_ASSIGNED_CONTEXT((#4281,#4282,#4283)) REPRESENTATION_CONTEXT
('Context #1','3D Context with UNIT and UNCERTAINTY') );
#4281 = ( LENGTH_UNIT() NAMED_UNIT(*) SI_UNIT(.MILLI.,.METRE.) );
#4282 = ( NAMED_UNIT(*) PLANE_ANGLE_UNIT() SI_UNIT($,.RADIAN.) );
#4283 = ( NAMED_UNIT(*) SI_UNIT($,.STERADIAN.) SOLID_ANGLE_UNIT() );
#4284 = UNCERTAINTY_MEASURE_WITH_UNIT(LENGTH_MEASURE(1.E-07),#4281,
  'distance_accuracy_value','confusion accuracy');
#4285 = CONTEXT_DEPENDENT_SHAPE_REPRESENTATION(#4286,#4288);
#4286 = ( REPRESENTATION_RELATIONSHIP('','',#4226,#10) 
REPRESENTATION_RELATIONSHIP_WITH_TRANSFORMATION(#4287) 
SHAPE_REPRESENTATION_RELATIONSHIP() );
#4287 = ITEM_DEFINED_TRANSFORMATION('','',#11,#123);
#4288 = PRODUCT_DEFINITION_SHAPE('Placement','Placement of an item',
  #4289);
#4289 = NEXT_ASSEMBLY_USAGE_OCCURRENCE('28','folha3_roda_b','',#5,#4221,
  $);
#4290 = PRODUCT_RELATED_PRODUCT_CATEGORY('part',$,(#4223));
#4291 = SHAPE_DEFINITION_REPRESENTATION(#4292,#4298);
#4292 = PRODUCT_DEFINITION_SHAPE('','',#4293);
#4293 = PRODUCT_DEFINITION('design','',#4294,#4297);
#4294 = PRODUCT_DEFINITION_FORMATION('','',#4295);
#4295 = PRODUCT('folha3_garfo_b','folha3_garfo_b','',(#4296));
#4296 = PRODUCT_CONTEXT('',#2,'mechanical');
#4297 = PRODUCT_DEFINITION_CONTEXT('part definition',#2,'design');
#4298 = ADVANCED_BREP_SHAPE_REPRESENTATION('',(#11,#4299),#4449);
#4299 = MANIFOLD_SOLID_BREP('',#4300);
#4300 = CLOSED_SHELL('',(#4301,#4341,#4381,#4403,#4425,#4437));
#4301 = ADVANCED_FACE('',(#4302),#4336,.F.);
#4302 = FACE_BOUND('',#4303,.F.);
#4303 = EDGE_LOOP('',(#4304,#4314,#4322,#4330));
#4304 = ORIENTED_EDGE('',*,*,#4305,.F.);
#4305 = EDGE_CURVE('',#4306,#4308,#4310,.T.);
#4306 = VERTEX_POINT('',#4307);
#4307 = CARTESIAN_POINT('',(-23.,-18.,0.));
#4308 = VERTEX_POINT('',#4309);
#4309 = CARTESIAN_POINT('',(-23.,-18.,30.));
#4310 = LINE('',#4311,#4312);
#4311 = CARTESIAN_POINT('',(-23.,-18.,0.));
#4312 = VECTOR('',#4313,1.);
#4313 = DIRECTION('',(0.,0.,1.));
#4314 = ORIENTED_EDGE('',*,*,#4315,.T.);
#4315 = EDGE_CURVE('',#4306,#4316,#4318,.T.);
#4316 = VERTEX_POINT('',#4317);
#4317 = CARTESIAN_POINT('',(-23.,18.,0.));
#4318 = LINE('',#4319,#4320);
#4319 = CARTESIAN_POINT('',(-23.,-18.,0.));
#4320 = VECTOR('',#4321,1.);
#4321 = DIRECTION('',(-0.,1.,0.));
#4322 = ORIENTED_EDGE('',*,*,#4323,.T.);
#4323 = EDGE_CURVE('',#4316,#4324,#4326,.T.);
#4324 = VERTEX_POINT('',#4325);
#4325 = CARTESIAN_POINT('',(-23.,18.,30.));
#4326 = LINE('',#4327,#4328);
#4327 = CARTESIAN_POINT('',(-23.,18.,0.));
#4328 = VECTOR('',#4329,1.);
#4329 = DIRECTION('',(0.,0.,1.));
#4330 = ORIENTED_EDGE('',*,*,#4331,.F.);
#4331 = EDGE_CURVE('',#4308,#4324,#4332,.T.);
#4332 = LINE('',#4333,#4334);
#4333 = CARTESIAN_POINT('',(-23.,-18.,30.));
#4334 = VECTOR('',#4335,1.);
#4335 = DIRECTION('',(-0.,1.,0.));
#4336 = PLANE('',#4337);
#4337 = AXIS2_PLACEMENT_3D('',#4338,#4339,#4340);
#4338 = CARTESIAN_POINT('',(-23.,-18.,0.));
#4339 = DIRECTION('',(1.,0.,-0.));
#4340 = DIRECTION('',(0.,0.,1.));
#4341 = ADVANCED_FACE('',(#4342),#4376,.T.);
#4342 = FACE_BOUND('',#4343,.T.);
#4343 = EDGE_LOOP('',(#4344,#4354,#4362,#4370));
#4344 = ORIENTED_EDGE('',*,*,#4345,.F.);
#4345 = EDGE_CURVE('',#4346,#4348,#4350,.T.);
#4346 = VERTEX_POINT('',#4347);
#4347 = CARTESIAN_POINT('',(23.,-18.,0.));
#4348 = VERTEX_POINT('',#4349);
#4349 = CARTESIAN_POINT('',(23.,-18.,30.));
#4350 = LINE('',#4351,#4352);
#4351 = CARTESIAN_POINT('',(23.,-18.,0.));
#4352 = VECTOR('',#4353,1.);
#4353 = DIRECTION('',(0.,0.,1.));
#4354 = ORIENTED_EDGE('',*,*,#4355,.T.);
#4355 = EDGE_CURVE('',#4346,#4356,#4358,.T.);
#4356 = VERTEX_POINT('',#4357);
#4357 = CARTESIAN_POINT('',(23.,18.,0.));
#4358 = LINE('',#4359,#4360);
#4359 = CARTESIAN_POINT('',(23.,-18.,0.));
#4360 = VECTOR('',#4361,1.);
#4361 = DIRECTION('',(-0.,1.,0.));
#4362 = ORIENTED_EDGE('',*,*,#4363,.T.);
#4363 = EDGE_CURVE('',#4356,#4364,#4366,.T.);
#4364 = VERTEX_POINT('',#4365);
#4365 = CARTESIAN_POINT('',(23.,18.,30.));
#4366 = LINE('',#4367,#4368);
#4367 = CARTESIAN_POINT('',(23.,18.,0.));
#4368 = VECTOR('',#4369,1.);
#4369 = DIRECTION('',(0.,0.,1.));
#4370 = ORIENTED_EDGE('',*,*,#4371,.F.);
#4371 = EDGE_CURVE('',#4348,#4364,#4372,.T.);
#4372 = LINE('',#4373,#4374);
#4373 = CARTESIAN_POINT('',(23.,-18.,30.));
#4374 = VECTOR('',#4375,1.);
#4375 = DIRECTION('',(-0.,1.,0.));
#4376 = PLANE('',#4377);
#4377 = AXIS2_PLACEMENT_3D('',#4378,#4379,#4380);
#4378 = CARTESIAN_POINT('',(23.,-18.,0.));
#4379 = DIRECTION('',(1.,0.,-0.));
#4380 = DIRECTION('',(0.,0.,1.));
#4381 = ADVANCED_FACE('',(#4382),#4398,.F.);
#4382 = FACE_BOUND('',#4383,.F.);
#4383 = EDGE_LOOP('',(#4384,#4390,#4391,#4397));
#4384 = ORIENTED_EDGE('',*,*,#4385,.F.);
#4385 = EDGE_CURVE('',#4306,#4346,#4386,.T.);
#4386 = LINE('',#4387,#4388);
#4387 = CARTESIAN_POINT('',(-23.,-18.,0.));
#4388 = VECTOR('',#4389,1.);
#4389 = DIRECTION('',(1.,0.,-0.));
#4390 = ORIENTED_EDGE('',*,*,#4305,.T.);
#4391 = ORIENTED_EDGE('',*,*,#4392,.T.);
#4392 = EDGE_CURVE('',#4308,#4348,#4393,.T.);
#4393 = LINE('',#4394,#4395);
#4394 = CARTESIAN_POINT('',(-23.,-18.,30.));
#4395 = VECTOR('',#4396,1.);
#4396 = DIRECTION('',(1.,0.,-0.));
#4397 = ORIENTED_EDGE('',*,*,#4345,.F.);
#4398 = PLANE('',#4399);
#4399 = AXIS2_PLACEMENT_3D('',#4400,#4401,#4402);
#4400 = CARTESIAN_POINT('',(-23.,-18.,0.));
#4401 = DIRECTION('',(-0.,1.,0.));
#4402 = DIRECTION('',(0.,0.,1.));
#4403 = ADVANCED_FACE('',(#4404),#4420,.T.);
#4404 = FACE_BOUND('',#4405,.T.);
#4405 = EDGE_LOOP('',(#4406,#4412,#4413,#4419));
#4406 = ORIENTED_EDGE('',*,*,#4407,.F.);
#4407 = EDGE_CURVE('',#4316,#4356,#4408,.T.);
#4408 = LINE('',#4409,#4410);
#4409 = CARTESIAN_POINT('',(-23.,18.,0.));
#4410 = VECTOR('',#4411,1.);
#4411 = DIRECTION('',(1.,0.,-0.));
#4412 = ORIENTED_EDGE('',*,*,#4323,.T.);
#4413 = ORIENTED_EDGE('',*,*,#4414,.T.);
#4414 = EDGE_CURVE('',#4324,#4364,#4415,.T.);
#4415 = LINE('',#4416,#4417);
#4416 = CARTESIAN_POINT('',(-23.,18.,30.));
#4417 = VECTOR('',#4418,1.);
#4418 = DIRECTION('',(1.,0.,-0.));
#4419 = ORIENTED_EDGE('',*,*,#4363,.F.);
#4420 = PLANE('',#4421);
#4421 = AXIS2_PLACEMENT_3D('',#4422,#4423,#4424);
#4422 = CARTESIAN_POINT('',(-23.,18.,0.));
#4423 = DIRECTION('',(-0.,1.,0.));
#4424 = DIRECTION('',(0.,0.,1.));
#4425 = ADVANCED_FACE('',(#4426),#4432,.F.);
#4426 = FACE_BOUND('',#4427,.F.);
#4427 = EDGE_LOOP('',(#4428,#4429,#4430,#4431));
#4428 = ORIENTED_EDGE('',*,*,#4315,.F.);
#4429 = ORIENTED_EDGE('',*,*,#4385,.T.);
#4430 = ORIENTED_EDGE('',*,*,#4355,.T.);
#4431 = ORIENTED_EDGE('',*,*,#4407,.F.);
#4432 = PLANE('',#4433);
#4433 = AXIS2_PLACEMENT_3D('',#4434,#4435,#4436);
#4434 = CARTESIAN_POINT('',(-23.,-18.,0.));
#4435 = DIRECTION('',(0.,0.,1.));
#4436 = DIRECTION('',(1.,0.,-0.));
#4437 = ADVANCED_FACE('',(#4438),#4444,.T.);
#4438 = FACE_BOUND('',#4439,.T.);
#4439 = EDGE_LOOP('',(#4440,#4441,#4442,#4443));
#4440 = ORIENTED_EDGE('',*,*,#4331,.F.);
#4441 = ORIENTED_EDGE('',*,*,#4392,.T.);
#4442 = ORIENTED_EDGE('',*,*,#4371,.T.);
#4443 = ORIENTED_EDGE('',*,*,#4414,.F.);
#4444 = PLANE('',#4445);
#4445 = AXIS2_PLACEMENT_3D('',#4446,#4447,#4448);
#4446 = CARTESIAN_POINT('',(-23.,-18.,30.));
#4447 = DIRECTION('',(0.,0.,1.));
#4448 = DIRECTION('',(1.,0.,-0.));
#4449 = ( GEOMETRIC_REPRESENTATION_CONTEXT(3) 
GLOBAL_UNCERTAINTY_ASSIGNED_CONTEXT((#4453)) 
GLOBAL_UNIT_ASSIGNED_CONTEXT((#4450,#4451,#4452)) REPRESENTATION_CONTEXT
('Context #1','3D Context with UNIT and UNCERTAINTY') );
#4450 = ( LENGTH_UNIT() NAMED_UNIT(*) SI_UNIT(.MILLI.,.METRE.) );
#4451 = ( NAMED_UNIT(*) PLANE_ANGLE_UNIT() SI_UNIT($,.RADIAN.) );
#4452 = ( NAMED_UNIT(*) SI_UNIT($,.STERADIAN.) SOLID_ANGLE_UNIT() );
#4453 = UNCERTAINTY_MEASURE_WITH_UNIT(LENGTH_MEASURE(1.E-07),#4450,
  'distance_accuracy_value','confusion accuracy');
#4454 = CONTEXT_DEPENDENT_SHAPE_REPRESENTATION(#4455,#4457);
#4455 = ( REPRESENTATION_RELATIONSHIP('','',#4298,#10) 
REPRESENTATION_RELATIONSHIP_WITH_TRANSFORMATION(#4456) 
SHAPE_REPRESENTATION_RELATIONSHIP() );
#4456 = ITEM_DEFINED_TRANSFORMATION('','',#11,#127);
#4457 = PRODUCT_DEFINITION_SHAPE('Placement','Placement of an item',
  #4458);
#4458 = NEXT_ASSEMBLY_USAGE_OCCURRENCE('29','folha3_garfo_b','',#5,#4293
  ,$);
#4459 = PRODUCT_RELATED_PRODUCT_CATEGORY('part',$,(#4295));
#4460 = SHAPE_DEFINITION_REPRESENTATION(#4461,#4467);
#4461 = PRODUCT_DEFINITION_SHAPE('','',#4462);
#4462 = PRODUCT_DEFINITION('design','',#4463,#4466);
#4463 = PRODUCT_DEFINITION_FORMATION('','',#4464);
#4464 = PRODUCT('folha3_placa_b','folha3_placa_b','',(#4465));
#4465 = PRODUCT_CONTEXT('',#2,'mechanical');
#4466 = PRODUCT_DEFINITION_CONTEXT('part definition',#2,'design');
#4467 = ADVANCED_BREP_SHAPE_REPRESENTATION('',(#11,#4468),#4618);
#4468 = MANIFOLD_SOLID_BREP('',#4469);
#4469 = CLOSED_SHELL('',(#4470,#4510,#4550,#4572,#4594,#4606));
#4470 = ADVANCED_FACE('',(#4471),#4505,.F.);
#4471 = FACE_BOUND('',#4472,.F.);
#4472 = EDGE_LOOP('',(#4473,#4483,#4491,#4499));
#4473 = ORIENTED_EDGE('',*,*,#4474,.F.);
#4474 = EDGE_CURVE('',#4475,#4477,#4479,.T.);
#4475 = VERTEX_POINT('',#4476);
#4476 = CARTESIAN_POINT('',(-45.,-35.,0.));
#4477 = VERTEX_POINT('',#4478);
#4478 = CARTESIAN_POINT('',(-45.,-35.,4.));
#4479 = LINE('',#4480,#4481);
#4480 = CARTESIAN_POINT('',(-45.,-35.,0.));
#4481 = VECTOR('',#4482,1.);
#4482 = DIRECTION('',(0.,0.,1.));
#4483 = ORIENTED_EDGE('',*,*,#4484,.T.);
#4484 = EDGE_CURVE('',#4475,#4485,#4487,.T.);
#4485 = VERTEX_POINT('',#4486);
#4486 = CARTESIAN_POINT('',(-45.,35.,0.));
#4487 = LINE('',#4488,#4489);
#4488 = CARTESIAN_POINT('',(-45.,-35.,0.));
#4489 = VECTOR('',#4490,1.);
#4490 = DIRECTION('',(-0.,1.,0.));
#4491 = ORIENTED_EDGE('',*,*,#4492,.T.);
#4492 = EDGE_CURVE('',#4485,#4493,#4495,.T.);
#4493 = VERTEX_POINT('',#4494);
#4494 = CARTESIAN_POINT('',(-45.,35.,4.));
#4495 = LINE('',#4496,#4497);
#4496 = CARTESIAN_POINT('',(-45.,35.,0.));
#4497 = VECTOR('',#4498,1.);
#4498 = DIRECTION('',(0.,0.,1.));
#4499 = ORIENTED_EDGE('',*,*,#4500,.F.);
#4500 = EDGE_CURVE('',#4477,#4493,#4501,.T.);
#4501 = LINE('',#4502,#4503);
#4502 = CARTESIAN_POINT('',(-45.,-35.,4.));
#4503 = VECTOR('',#4504,1.);
#4504 = DIRECTION('',(-0.,1.,0.));
#4505 = PLANE('',#4506);
#4506 = AXIS2_PLACEMENT_3D('',#4507,#4508,#4509);
#4507 = CARTESIAN_POINT('',(-45.,-35.,0.));
#4508 = DIRECTION('',(1.,0.,-0.));
#4509 = DIRECTION('',(0.,0.,1.));
#4510 = ADVANCED_FACE('',(#4511),#4545,.T.);
#4511 = FACE_BOUND('',#4512,.T.);
#4512 = EDGE_LOOP('',(#4513,#4523,#4531,#4539));
#4513 = ORIENTED_EDGE('',*,*,#4514,.F.);
#4514 = EDGE_CURVE('',#4515,#4517,#4519,.T.);
#4515 = VERTEX_POINT('',#4516);
#4516 = CARTESIAN_POINT('',(45.,-35.,0.));
#4517 = VERTEX_POINT('',#4518);
#4518 = CARTESIAN_POINT('',(45.,-35.,4.));
#4519 = LINE('',#4520,#4521);
#4520 = CARTESIAN_POINT('',(45.,-35.,0.));
#4521 = VECTOR('',#4522,1.);
#4522 = DIRECTION('',(0.,0.,1.));
#4523 = ORIENTED_EDGE('',*,*,#4524,.T.);
#4524 = EDGE_CURVE('',#4515,#4525,#4527,.T.);
#4525 = VERTEX_POINT('',#4526);
#4526 = CARTESIAN_POINT('',(45.,35.,0.));
#4527 = LINE('',#4528,#4529);
#4528 = CARTESIAN_POINT('',(45.,-35.,0.));
#4529 = VECTOR('',#4530,1.);
#4530 = DIRECTION('',(-0.,1.,0.));
#4531 = ORIENTED_EDGE('',*,*,#4532,.T.);
#4532 = EDGE_CURVE('',#4525,#4533,#4535,.T.);
#4533 = VERTEX_POINT('',#4534);
#4534 = CARTESIAN_POINT('',(45.,35.,4.));
#4535 = LINE('',#4536,#4537);
#4536 = CARTESIAN_POINT('',(45.,35.,0.));
#4537 = VECTOR('',#4538,1.);
#4538 = DIRECTION('',(0.,0.,1.));
#4539 = ORIENTED_EDGE('',*,*,#4540,.F.);
#4540 = EDGE_CURVE('',#4517,#4533,#4541,.T.);
#4541 = LINE('',#4542,#4543);
#4542 = CARTESIAN_POINT('',(45.,-35.,4.));
#4543 = VECTOR('',#4544,1.);
#4544 = DIRECTION('',(-0.,1.,0.));
#4545 = PLANE('',#4546);
#4546 = AXIS2_PLACEMENT_3D('',#4547,#4548,#4549);
#4547 = CARTESIAN_POINT('',(45.,-35.,0.));
#4548 = DIRECTION('',(1.,0.,-0.));
#4549 = DIRECTION('',(0.,0.,1.));
#4550 = ADVANCED_FACE('',(#4551),#4567,.F.);
#4551 = FACE_BOUND('',#4552,.F.);
#4552 = EDGE_LOOP('',(#4553,#4559,#4560,#4566));
#4553 = ORIENTED_EDGE('',*,*,#4554,.F.);
#4554 = EDGE_CURVE('',#4475,#4515,#4555,.T.);
#4555 = LINE('',#4556,#4557);
#4556 = CARTESIAN_POINT('',(-45.,-35.,0.));
#4557 = VECTOR('',#4558,1.);
#4558 = DIRECTION('',(1.,0.,-0.));
#4559 = ORIENTED_EDGE('',*,*,#4474,.T.);
#4560 = ORIENTED_EDGE('',*,*,#4561,.T.);
#4561 = EDGE_CURVE('',#4477,#4517,#4562,.T.);
#4562 = LINE('',#4563,#4564);
#4563 = CARTESIAN_POINT('',(-45.,-35.,4.));
#4564 = VECTOR('',#4565,1.);
#4565 = DIRECTION('',(1.,0.,-0.));
#4566 = ORIENTED_EDGE('',*,*,#4514,.F.);
#4567 = PLANE('',#4568);
#4568 = AXIS2_PLACEMENT_3D('',#4569,#4570,#4571);
#4569 = CARTESIAN_POINT('',(-45.,-35.,0.));
#4570 = DIRECTION('',(-0.,1.,0.));
#4571 = DIRECTION('',(0.,0.,1.));
#4572 = ADVANCED_FACE('',(#4573),#4589,.T.);
#4573 = FACE_BOUND('',#4574,.T.);
#4574 = EDGE_LOOP('',(#4575,#4581,#4582,#4588));
#4575 = ORIENTED_EDGE('',*,*,#4576,.F.);
#4576 = EDGE_CURVE('',#4485,#4525,#4577,.T.);
#4577 = LINE('',#4578,#4579);
#4578 = CARTESIAN_POINT('',(-45.,35.,0.));
#4579 = VECTOR('',#4580,1.);
#4580 = DIRECTION('',(1.,0.,-0.));
#4581 = ORIENTED_EDGE('',*,*,#4492,.T.);
#4582 = ORIENTED_EDGE('',*,*,#4583,.T.);
#4583 = EDGE_CURVE('',#4493,#4533,#4584,.T.);
#4584 = LINE('',#4585,#4586);
#4585 = CARTESIAN_POINT('',(-45.,35.,4.));
#4586 = VECTOR('',#4587,1.);
#4587 = DIRECTION('',(1.,0.,-0.));
#4588 = ORIENTED_EDGE('',*,*,#4532,.F.);
#4589 = PLANE('',#4590);
#4590 = AXIS2_PLACEMENT_3D('',#4591,#4592,#4593);
#4591 = CARTESIAN_POINT('',(-45.,35.,0.));
#4592 = DIRECTION('',(-0.,1.,0.));
#4593 = DIRECTION('',(0.,0.,1.));
#4594 = ADVANCED_FACE('',(#4595),#4601,.F.);
#4595 = FACE_BOUND('',#4596,.F.);
#4596 = EDGE_LOOP('',(#4597,#4598,#4599,#4600));
#4597 = ORIENTED_EDGE('',*,*,#4484,.F.);
#4598 = ORIENTED_EDGE('',*,*,#4554,.T.);
#4599 = ORIENTED_EDGE('',*,*,#4524,.T.);
#4600 = ORIENTED_EDGE('',*,*,#4576,.F.);
#4601 = PLANE('',#4602);
#4602 = AXIS2_PLACEMENT_3D('',#4603,#4604,#4605);
#4603 = CARTESIAN_POINT('',(-45.,-35.,0.));
#4604 = DIRECTION('',(0.,0.,1.));
#4605 = DIRECTION('',(1.,0.,-0.));
#4606 = ADVANCED_FACE('',(#4607),#4613,.T.);
#4607 = FACE_BOUND('',#4608,.T.);
#4608 = EDGE_LOOP('',(#4609,#4610,#4611,#4612));
#4609 = ORIENTED_EDGE('',*,*,#4500,.F.);
#4610 = ORIENTED_EDGE('',*,*,#4561,.T.);
#4611 = ORIENTED_EDGE('',*,*,#4540,.T.);
#4612 = ORIENTED_EDGE('',*,*,#4583,.F.);
#4613 = PLANE('',#4614);
#4614 = AXIS2_PLACEMENT_3D('',#4615,#4616,#4617);
#4615 = CARTESIAN_POINT('',(-45.,-35.,4.));
#4616 = DIRECTION('',(0.,0.,1.));
#4617 = DIRECTION('',(1.,0.,-0.));
#4618 = ( GEOMETRIC_REPRESENTATION_CONTEXT(3) 
GLOBAL_UNCERTAINTY_ASSIGNED_CONTEXT((#4622)) 
GLOBAL_UNIT_ASSIGNED_CONTEXT((#4619,#4620,#4621)) REPRESENTATION_CONTEXT
('Context #1','3D Context with UNIT and UNCERTAINTY') );
#4619 = ( LENGTH_UNIT() NAMED_UNIT(*) SI_UNIT(.MILLI.,.METRE.) );
#4620 = ( NAMED_UNIT(*) PLANE_ANGLE_UNIT() SI_UNIT($,.RADIAN.) );
#4621 = ( NAMED_UNIT(*) SI_UNIT($,.STERADIAN.) SOLID_ANGLE_UNIT() );
#4622 = UNCERTAINTY_MEASURE_WITH_UNIT(LENGTH_MEASURE(1.E-07),#4619,
  'distance_accuracy_value','confusion accuracy');
#4623 = CONTEXT_DEPENDENT_SHAPE_REPRESENTATION(#4624,#4626);
#4624 = ( REPRESENTATION_RELATIONSHIP('','',#4467,#10) 
REPRESENTATION_RELATIONSHIP_WITH_TRANSFORMATION(#4625) 
SHAPE_REPRESENTATION_RELATIONSHIP() );
#4625 = ITEM_DEFINED_TRANSFORMATION('','',#11,#131);
#4626 = PRODUCT_DEFINITION_SHAPE('Placement','Placement of an item',
  #4627);
#4627 = NEXT_ASSEMBLY_USAGE_OCCURRENCE('30','folha3_placa_b','',#5,#4462
  ,$);
#4628 = PRODUCT_RELATED_PRODUCT_CATEGORY('part',$,(#4464));
ENDSEC;
END-ISO-10303-21;
