ISO-10303-21;
HEADER;
FILE_DESCRIPTION(('FreeCAD Model'),'2;1');
FILE_NAME('Open CASCADE Shape Model','2026-09-18T11:07:04',(''),(''),
  'Open CASCADE STEP processor 7.9','FreeCAD','Unknown');
FILE_SCHEMA(('AUTOMOTIVE_DESIGN { 1 0 10303 214 1 1 1 1 }'));
ENDSEC;
DATA;
#1 = APPLICATION_PROTOCOL_DEFINITION('international standard',
  'automotive_design',2000,#2);
#2 = APPLICATION_CONTEXT(
  'core data for automotive mechanical design processes');
#3 = SHAPE_DEFINITION_REPRESENTATION(#4,#10);
#4 = PRODUCT_DEFINITION_SHAPE('','',#5);
#5 = PRODUCT_DEFINITION('design','',#6,#9);
#6 = PRODUCT_DEFINITION_FORMATION('','',#7);
#7 = PRODUCT('passo1b_biombo','passo1b_biombo','',(#8));
#8 = PRODUCT_CONTEXT('',#2,'mechanical');
#9 = PRODUCT_DEFINITION_CONTEXT('part definition',#2,'design');
#10 = SHAPE_REPRESENTATION('',(#11,#15,#19,#23,#27,#31,#35,#39,#43,#47,
    #51,#55,#59,#63,#67,#71,#75,#79,#83,#87,#91,#95,#99,#103,#107,#111,
    #115,#119,#123),#127);
#11 = AXIS2_PLACEMENT_3D('',#12,#13,#14);
#12 = CARTESIAN_POINT('',(0.,0.,0.));
#13 = DIRECTION('',(0.,0.,1.));
#14 = DIRECTION('',(1.,0.,-0.));
#15 = AXIS2_PLACEMENT_3D('',#16,#17,#18);
#16 = CARTESIAN_POINT('',(0.,0.,0.));
#17 = DIRECTION('',(0.,0.,1.));
#18 = DIRECTION('',(1.,0.,0.));
#19 = AXIS2_PLACEMENT_3D('',#20,#21,#22);
#20 = CARTESIAN_POINT('',(0.,0.,0.));
#21 = DIRECTION('',(0.,0.,1.));
#22 = DIRECTION('',(1.,0.,0.));
#23 = AXIS2_PLACEMENT_3D('',#24,#25,#26);
#24 = CARTESIAN_POINT('',(30.,0.,121.));
#25 = DIRECTION('',(0.,0.,1.));
#26 = DIRECTION('',(1.,0.,0.));
#27 = AXIS2_PLACEMENT_3D('',#28,#29,#30);
#28 = CARTESIAN_POINT('',(30.,0.,1.691E+03));
#29 = DIRECTION('',(0.,0.,1.));
#30 = DIRECTION('',(1.,0.,0.));
#31 = AXIS2_PLACEMENT_3D('',#32,#33,#34);
#32 = CARTESIAN_POINT('',(100.,0.,102.));
#33 = DIRECTION('',(0.,0.,1.));
#34 = DIRECTION('',(1.,0.,0.));
#35 = AXIS2_PLACEMENT_3D('',#36,#37,#38);
#36 = CARTESIAN_POINT('',(100.,0.,37.5));
#37 = DIRECTION('',(0.,0.,1.));
#38 = DIRECTION('',(1.,0.,0.));
#39 = AXIS2_PLACEMENT_3D('',#40,#41,#42);
#40 = CARTESIAN_POINT('',(100.,0.,75.));
#41 = DIRECTION('',(0.,0.,1.));
#42 = DIRECTION('',(1.,0.,0.));
#43 = AXIS2_PLACEMENT_3D('',#44,#45,#46);
#44 = CARTESIAN_POINT('',(100.,0.,98.));
#45 = DIRECTION('',(0.,0.,1.));
#46 = DIRECTION('',(1.,0.,0.));
#47 = AXIS2_PLACEMENT_3D('',#48,#49,#50);
#48 = CARTESIAN_POINT('',(800.,0.,102.));
#49 = DIRECTION('',(0.,0.,1.));
#50 = DIRECTION('',(1.,0.,0.));
#51 = AXIS2_PLACEMENT_3D('',#52,#53,#54);
#52 = CARTESIAN_POINT('',(800.,0.,37.5));
#53 = DIRECTION('',(0.,0.,1.));
#54 = DIRECTION('',(1.,0.,0.));
#55 = AXIS2_PLACEMENT_3D('',#56,#57,#58);
#56 = CARTESIAN_POINT('',(800.,0.,75.));
#57 = DIRECTION('',(0.,0.,1.));
#58 = DIRECTION('',(1.,0.,0.));
#59 = AXIS2_PLACEMENT_3D('',#60,#61,#62);
#60 = CARTESIAN_POINT('',(800.,0.,98.));
#61 = DIRECTION('',(0.,0.,1.));
#62 = DIRECTION('',(1.,0.,0.));
#63 = AXIS2_PLACEMENT_3D('',#64,#65,#66);
#64 = CARTESIAN_POINT('',(0.,0.,0.));
#65 = DIRECTION('',(0.,0.,1.));
#66 = DIRECTION('',(1.,0.,0.));
#67 = AXIS2_PLACEMENT_3D('',#68,#69,#70);
#68 = CARTESIAN_POINT('',(0.,0.,0.));
#69 = DIRECTION('',(0.,0.,1.));
#70 = DIRECTION('',(1.,0.,0.));
#71 = AXIS2_PLACEMENT_3D('',#72,#73,#74);
#72 = CARTESIAN_POINT('',(915.,25.980762113533,121.));
#73 = DIRECTION('',(0.,-0.,1.));
#74 = DIRECTION('',(0.5,0.866025403784,0.));
#75 = AXIS2_PLACEMENT_3D('',#76,#77,#78);
#76 = CARTESIAN_POINT('',(915.,25.980762113533,1.691E+03));
#77 = DIRECTION('',(0.,-0.,1.));
#78 = DIRECTION('',(0.5,0.866025403784,0.));
#79 = AXIS2_PLACEMENT_3D('',#80,#81,#82);
#80 = CARTESIAN_POINT('',(0.,0.,0.));
#81 = DIRECTION('',(0.,0.,1.));
#82 = DIRECTION('',(1.,0.,0.));
#83 = AXIS2_PLACEMENT_3D('',#84,#85,#86);
#84 = CARTESIAN_POINT('',(0.,0.,0.));
#85 = DIRECTION('',(0.,0.,1.));
#86 = DIRECTION('',(1.,0.,0.));
#87 = AXIS2_PLACEMENT_3D('',#88,#89,#90);
#88 = CARTESIAN_POINT('',(1.335E+03,805.40362551952,121.));
#89 = DIRECTION('',(0.,0.,1.));
#90 = DIRECTION('',(-0.5,0.866025403784,0.));
#91 = AXIS2_PLACEMENT_3D('',#92,#93,#94);
#92 = CARTESIAN_POINT('',(1.335E+03,805.40362551952,1.691E+03));
#93 = DIRECTION('',(0.,0.,1.));
#94 = DIRECTION('',(-0.5,0.866025403784,0.));
#95 = AXIS2_PLACEMENT_3D('',#96,#97,#98);
#96 = CARTESIAN_POINT('',(1.3E+03,866.02540378443,102.));
#97 = DIRECTION('',(0.,0.,1.));
#98 = DIRECTION('',(-0.5,0.866025403784,0.));
#99 = AXIS2_PLACEMENT_3D('',#100,#101,#102);
#100 = CARTESIAN_POINT('',(1.3E+03,866.02540378443,37.5));
#101 = DIRECTION('',(0.,0.,1.));
#102 = DIRECTION('',(-0.5,0.866025403784,0.));
#103 = AXIS2_PLACEMENT_3D('',#104,#105,#106);
#104 = CARTESIAN_POINT('',(1.3E+03,866.02540378443,75.));
#105 = DIRECTION('',(0.,0.,1.));
#106 = DIRECTION('',(-0.5,0.866025403784,0.));
#107 = AXIS2_PLACEMENT_3D('',#108,#109,#110);
#108 = CARTESIAN_POINT('',(1.3E+03,866.02540378443,98.));
#109 = DIRECTION('',(0.,0.,1.));
#110 = DIRECTION('',(-0.5,0.866025403784,0.));
#111 = AXIS2_PLACEMENT_3D('',#112,#113,#114);
#112 = CARTESIAN_POINT('',(950.,1.472243186434E+03,102.));
#113 = DIRECTION('',(0.,0.,1.));
#114 = DIRECTION('',(-0.5,0.866025403784,0.));
#115 = AXIS2_PLACEMENT_3D('',#116,#117,#118);
#116 = CARTESIAN_POINT('',(950.,1.472243186434E+03,37.5));
#117 = DIRECTION('',(0.,0.,1.));
#118 = DIRECTION('',(-0.5,0.866025403784,0.));
#119 = AXIS2_PLACEMENT_3D('',#120,#121,#122);
#120 = CARTESIAN_POINT('',(950.,1.472243186434E+03,75.));
#121 = DIRECTION('',(0.,0.,1.));
#122 = DIRECTION('',(-0.5,0.866025403784,0.));
#123 = AXIS2_PLACEMENT_3D('',#124,#125,#126);
#124 = CARTESIAN_POINT('',(950.,1.472243186434E+03,98.));
#125 = DIRECTION('',(0.,0.,1.));
#126 = DIRECTION('',(-0.5,0.866025403784,0.));
#127 = ( GEOMETRIC_REPRESENTATION_CONTEXT(3) 
GLOBAL_UNCERTAINTY_ASSIGNED_CONTEXT((#131)) GLOBAL_UNIT_ASSIGNED_CONTEXT
((#128,#129,#130)) REPRESENTATION_CONTEXT('Context #1',
  '3D Context with UNIT and UNCERTAINTY') );
#128 = ( LENGTH_UNIT() NAMED_UNIT(*) SI_UNIT(.MILLI.,.METRE.) );
#129 = ( NAMED_UNIT(*) PLANE_ANGLE_UNIT() SI_UNIT($,.RADIAN.) );
#130 = ( NAMED_UNIT(*) SI_UNIT($,.STERADIAN.) SOLID_ANGLE_UNIT() );
#131 = UNCERTAINTY_MEASURE_WITH_UNIT(LENGTH_MEASURE(1.E-07),#128,
  'distance_accuracy_value','confusion accuracy');
#132 = PRODUCT_RELATED_PRODUCT_CATEGORY('part',$,(#7));
#133 = SHAPE_DEFINITION_REPRESENTATION(#134,#140);
#134 = PRODUCT_DEFINITION_SHAPE('','',#135);
#135 = PRODUCT_DEFINITION('design','',#136,#139);
#136 = PRODUCT_DEFINITION_FORMATION('','',#137);
#137 = PRODUCT('folha1_mont_a','folha1_mont_a','',(#138));
#138 = PRODUCT_CONTEXT('',#2,'mechanical');
#139 = PRODUCT_DEFINITION_CONTEXT('part definition',#2,'design');
#140 = ADVANCED_BREP_SHAPE_REPRESENTATION('',(#11,#141),#291);
#141 = MANIFOLD_SOLID_BREP('',#142);
#142 = CLOSED_SHELL('',(#143,#183,#223,#245,#267,#279));
#143 = ADVANCED_FACE('',(#144),#178,.F.);
#144 = FACE_BOUND('',#145,.F.);
#145 = EDGE_LOOP('',(#146,#156,#164,#172));
#146 = ORIENTED_EDGE('',*,*,#147,.F.);
#147 = EDGE_CURVE('',#148,#150,#152,.T.);
#148 = VERTEX_POINT('',#149);
#149 = CARTESIAN_POINT('',(0.,-15.,106.));
#150 = VERTEX_POINT('',#151);
#151 = CARTESIAN_POINT('',(0.,-15.,1.706E+03));
#152 = LINE('',#153,#154);
#153 = CARTESIAN_POINT('',(0.,-15.,106.));
#154 = VECTOR('',#155,1.);
#155 = DIRECTION('',(0.,0.,1.));
#156 = ORIENTED_EDGE('',*,*,#157,.T.);
#157 = EDGE_CURVE('',#148,#158,#160,.T.);
#158 = VERTEX_POINT('',#159);
#159 = CARTESIAN_POINT('',(0.,15.,106.));
#160 = LINE('',#161,#162);
#161 = CARTESIAN_POINT('',(0.,-15.,106.));
#162 = VECTOR('',#163,1.);
#163 = DIRECTION('',(-0.,1.,0.));
#164 = ORIENTED_EDGE('',*,*,#165,.T.);
#165 = EDGE_CURVE('',#158,#166,#168,.T.);
#166 = VERTEX_POINT('',#167);
#167 = CARTESIAN_POINT('',(0.,15.,1.706E+03));
#168 = LINE('',#169,#170);
#169 = CARTESIAN_POINT('',(0.,15.,106.));
#170 = VECTOR('',#171,1.);
#171 = DIRECTION('',(0.,0.,1.));
#172 = ORIENTED_EDGE('',*,*,#173,.F.);
#173 = EDGE_CURVE('',#150,#166,#174,.T.);
#174 = LINE('',#175,#176);
#175 = CARTESIAN_POINT('',(0.,-15.,1.706E+03));
#176 = VECTOR('',#177,1.);
#177 = DIRECTION('',(-0.,1.,0.));
#178 = PLANE('',#179);
#179 = AXIS2_PLACEMENT_3D('',#180,#181,#182);
#180 = CARTESIAN_POINT('',(0.,-15.,106.));
#181 = DIRECTION('',(1.,0.,-0.));
#182 = DIRECTION('',(0.,0.,1.));
#183 = ADVANCED_FACE('',(#184),#218,.T.);
#184 = FACE_BOUND('',#185,.T.);
#185 = EDGE_LOOP('',(#186,#196,#204,#212));
#186 = ORIENTED_EDGE('',*,*,#187,.F.);
#187 = EDGE_CURVE('',#188,#190,#192,.T.);
#188 = VERTEX_POINT('',#189);
#189 = CARTESIAN_POINT('',(30.,-15.,106.));
#190 = VERTEX_POINT('',#191);
#191 = CARTESIAN_POINT('',(30.,-15.,1.706E+03));
#192 = LINE('',#193,#194);
#193 = CARTESIAN_POINT('',(30.,-15.,106.));
#194 = VECTOR('',#195,1.);
#195 = DIRECTION('',(0.,0.,1.));
#196 = ORIENTED_EDGE('',*,*,#197,.T.);
#197 = EDGE_CURVE('',#188,#198,#200,.T.);
#198 = VERTEX_POINT('',#199);
#199 = CARTESIAN_POINT('',(30.,15.,106.));
#200 = LINE('',#201,#202);
#201 = CARTESIAN_POINT('',(30.,-15.,106.));
#202 = VECTOR('',#203,1.);
#203 = DIRECTION('',(-0.,1.,0.));
#204 = ORIENTED_EDGE('',*,*,#205,.T.);
#205 = EDGE_CURVE('',#198,#206,#208,.T.);
#206 = VERTEX_POINT('',#207);
#207 = CARTESIAN_POINT('',(30.,15.,1.706E+03));
#208 = LINE('',#209,#210);
#209 = CARTESIAN_POINT('',(30.,15.,106.));
#210 = VECTOR('',#211,1.);
#211 = DIRECTION('',(0.,0.,1.));
#212 = ORIENTED_EDGE('',*,*,#213,.F.);
#213 = EDGE_CURVE('',#190,#206,#214,.T.);
#214 = LINE('',#215,#216);
#215 = CARTESIAN_POINT('',(30.,-15.,1.706E+03));
#216 = VECTOR('',#217,1.);
#217 = DIRECTION('',(-0.,1.,0.));
#218 = PLANE('',#219);
#219 = AXIS2_PLACEMENT_3D('',#220,#221,#222);
#220 = CARTESIAN_POINT('',(30.,-15.,106.));
#221 = DIRECTION('',(1.,0.,-0.));
#222 = DIRECTION('',(0.,0.,1.));
#223 = ADVANCED_FACE('',(#224),#240,.F.);
#224 = FACE_BOUND('',#225,.F.);
#225 = EDGE_LOOP('',(#226,#232,#233,#239));
#226 = ORIENTED_EDGE('',*,*,#227,.F.);
#227 = EDGE_CURVE('',#148,#188,#228,.T.);
#228 = LINE('',#229,#230);
#229 = CARTESIAN_POINT('',(0.,-15.,106.));
#230 = VECTOR('',#231,1.);
#231 = DIRECTION('',(1.,0.,-0.));
#232 = ORIENTED_EDGE('',*,*,#147,.T.);
#233 = ORIENTED_EDGE('',*,*,#234,.T.);
#234 = EDGE_CURVE('',#150,#190,#235,.T.);
#235 = LINE('',#236,#237);
#236 = CARTESIAN_POINT('',(0.,-15.,1.706E+03));
#237 = VECTOR('',#238,1.);
#238 = DIRECTION('',(1.,0.,-0.));
#239 = ORIENTED_EDGE('',*,*,#187,.F.);
#240 = PLANE('',#241);
#241 = AXIS2_PLACEMENT_3D('',#242,#243,#244);
#242 = CARTESIAN_POINT('',(0.,-15.,106.));
#243 = DIRECTION('',(-0.,1.,0.));
#244 = DIRECTION('',(0.,0.,1.));
#245 = ADVANCED_FACE('',(#246),#262,.T.);
#246 = FACE_BOUND('',#247,.T.);
#247 = EDGE_LOOP('',(#248,#254,#255,#261));
#248 = ORIENTED_EDGE('',*,*,#249,.F.);
#249 = EDGE_CURVE('',#158,#198,#250,.T.);
#250 = LINE('',#251,#252);
#251 = CARTESIAN_POINT('',(0.,15.,106.));
#252 = VECTOR('',#253,1.);
#253 = DIRECTION('',(1.,0.,-0.));
#254 = ORIENTED_EDGE('',*,*,#165,.T.);
#255 = ORIENTED_EDGE('',*,*,#256,.T.);
#256 = EDGE_CURVE('',#166,#206,#257,.T.);
#257 = LINE('',#258,#259);
#258 = CARTESIAN_POINT('',(0.,15.,1.706E+03));
#259 = VECTOR('',#260,1.);
#260 = DIRECTION('',(1.,0.,-0.));
#261 = ORIENTED_EDGE('',*,*,#205,.F.);
#262 = PLANE('',#263);
#263 = AXIS2_PLACEMENT_3D('',#264,#265,#266);
#264 = CARTESIAN_POINT('',(0.,15.,106.));
#265 = DIRECTION('',(-0.,1.,0.));
#266 = DIRECTION('',(0.,0.,1.));
#267 = ADVANCED_FACE('',(#268),#274,.F.);
#268 = FACE_BOUND('',#269,.F.);
#269 = EDGE_LOOP('',(#270,#271,#272,#273));
#270 = ORIENTED_EDGE('',*,*,#157,.F.);
#271 = ORIENTED_EDGE('',*,*,#227,.T.);
#272 = ORIENTED_EDGE('',*,*,#197,.T.);
#273 = ORIENTED_EDGE('',*,*,#249,.F.);
#274 = PLANE('',#275);
#275 = AXIS2_PLACEMENT_3D('',#276,#277,#278);
#276 = CARTESIAN_POINT('',(0.,-15.,106.));
#277 = DIRECTION('',(0.,0.,1.));
#278 = DIRECTION('',(1.,0.,-0.));
#279 = ADVANCED_FACE('',(#280),#286,.T.);
#280 = FACE_BOUND('',#281,.T.);
#281 = EDGE_LOOP('',(#282,#283,#284,#285));
#282 = ORIENTED_EDGE('',*,*,#173,.F.);
#283 = ORIENTED_EDGE('',*,*,#234,.T.);
#284 = ORIENTED_EDGE('',*,*,#213,.T.);
#285 = ORIENTED_EDGE('',*,*,#256,.F.);
#286 = PLANE('',#287);
#287 = AXIS2_PLACEMENT_3D('',#288,#289,#290);
#288 = CARTESIAN_POINT('',(0.,-15.,1.706E+03));
#289 = DIRECTION('',(0.,0.,1.));
#290 = DIRECTION('',(1.,0.,-0.));
#291 = ( GEOMETRIC_REPRESENTATION_CONTEXT(3) 
GLOBAL_UNCERTAINTY_ASSIGNED_CONTEXT((#295)) GLOBAL_UNIT_ASSIGNED_CONTEXT
((#292,#293,#294)) REPRESENTATION_CONTEXT('Context #1',
  '3D Context with UNIT and UNCERTAINTY') );
#292 = ( LENGTH_UNIT() NAMED_UNIT(*) SI_UNIT(.MILLI.,.METRE.) );
#293 = ( NAMED_UNIT(*) PLANE_ANGLE_UNIT() SI_UNIT($,.RADIAN.) );
#294 = ( NAMED_UNIT(*) SI_UNIT($,.STERADIAN.) SOLID_ANGLE_UNIT() );
#295 = UNCERTAINTY_MEASURE_WITH_UNIT(LENGTH_MEASURE(1.E-07),#292,
  'distance_accuracy_value','confusion accuracy');
#296 = CONTEXT_DEPENDENT_SHAPE_REPRESENTATION(#297,#299);
#297 = ( REPRESENTATION_RELATIONSHIP('','',#140,#10) 
REPRESENTATION_RELATIONSHIP_WITH_TRANSFORMATION(#298) 
SHAPE_REPRESENTATION_RELATIONSHIP() );
#298 = ITEM_DEFINED_TRANSFORMATION('','',#11,#15);
#299 = PRODUCT_DEFINITION_SHAPE('Placement','Placement of an item',#300
  );
#300 = NEXT_ASSEMBLY_USAGE_OCCURRENCE('1','folha1_mont_a','',#5,#135,$);
#301 = PRODUCT_RELATED_PRODUCT_CATEGORY('part',$,(#137));
#302 = SHAPE_DEFINITION_REPRESENTATION(#303,#309);
#303 = PRODUCT_DEFINITION_SHAPE('','',#304);
#304 = PRODUCT_DEFINITION('design','',#305,#308);
#305 = PRODUCT_DEFINITION_FORMATION('','',#306);
#306 = PRODUCT('folha1_mont_b','folha1_mont_b','',(#307));
#307 = PRODUCT_CONTEXT('',#2,'mechanical');
#308 = PRODUCT_DEFINITION_CONTEXT('part definition',#2,'design');
#309 = ADVANCED_BREP_SHAPE_REPRESENTATION('',(#11,#310),#460);
#310 = MANIFOLD_SOLID_BREP('',#311);
#311 = CLOSED_SHELL('',(#312,#352,#392,#414,#436,#448));
#312 = ADVANCED_FACE('',(#313),#347,.F.);
#313 = FACE_BOUND('',#314,.F.);
#314 = EDGE_LOOP('',(#315,#325,#333,#341));
#315 = ORIENTED_EDGE('',*,*,#316,.F.);
#316 = EDGE_CURVE('',#317,#319,#321,.T.);
#317 = VERTEX_POINT('',#318);
#318 = CARTESIAN_POINT('',(870.,-15.,106.));
#319 = VERTEX_POINT('',#320);
#320 = CARTESIAN_POINT('',(870.,-15.,1.706E+03));
#321 = LINE('',#322,#323);
#322 = CARTESIAN_POINT('',(870.,-15.,106.));
#323 = VECTOR('',#324,1.);
#324 = DIRECTION('',(0.,0.,1.));
#325 = ORIENTED_EDGE('',*,*,#326,.T.);
#326 = EDGE_CURVE('',#317,#327,#329,.T.);
#327 = VERTEX_POINT('',#328);
#328 = CARTESIAN_POINT('',(870.,15.,106.));
#329 = LINE('',#330,#331);
#330 = CARTESIAN_POINT('',(870.,-15.,106.));
#331 = VECTOR('',#332,1.);
#332 = DIRECTION('',(-0.,1.,0.));
#333 = ORIENTED_EDGE('',*,*,#334,.T.);
#334 = EDGE_CURVE('',#327,#335,#337,.T.);
#335 = VERTEX_POINT('',#336);
#336 = CARTESIAN_POINT('',(870.,15.,1.706E+03));
#337 = LINE('',#338,#339);
#338 = CARTESIAN_POINT('',(870.,15.,106.));
#339 = VECTOR('',#340,1.);
#340 = DIRECTION('',(0.,0.,1.));
#341 = ORIENTED_EDGE('',*,*,#342,.F.);
#342 = EDGE_CURVE('',#319,#335,#343,.T.);
#343 = LINE('',#344,#345);
#344 = CARTESIAN_POINT('',(870.,-15.,1.706E+03));
#345 = VECTOR('',#346,1.);
#346 = DIRECTION('',(-0.,1.,0.));
#347 = PLANE('',#348);
#348 = AXIS2_PLACEMENT_3D('',#349,#350,#351);
#349 = CARTESIAN_POINT('',(870.,-15.,106.));
#350 = DIRECTION('',(1.,0.,-0.));
#351 = DIRECTION('',(0.,0.,1.));
#352 = ADVANCED_FACE('',(#353),#387,.T.);
#353 = FACE_BOUND('',#354,.T.);
#354 = EDGE_LOOP('',(#355,#365,#373,#381));
#355 = ORIENTED_EDGE('',*,*,#356,.F.);
#356 = EDGE_CURVE('',#357,#359,#361,.T.);
#357 = VERTEX_POINT('',#358);
#358 = CARTESIAN_POINT('',(900.,-15.,106.));
#359 = VERTEX_POINT('',#360);
#360 = CARTESIAN_POINT('',(900.,-15.,1.706E+03));
#361 = LINE('',#362,#363);
#362 = CARTESIAN_POINT('',(900.,-15.,106.));
#363 = VECTOR('',#364,1.);
#364 = DIRECTION('',(0.,0.,1.));
#365 = ORIENTED_EDGE('',*,*,#366,.T.);
#366 = EDGE_CURVE('',#357,#367,#369,.T.);
#367 = VERTEX_POINT('',#368);
#368 = CARTESIAN_POINT('',(900.,15.,106.));
#369 = LINE('',#370,#371);
#370 = CARTESIAN_POINT('',(900.,-15.,106.));
#371 = VECTOR('',#372,1.);
#372 = DIRECTION('',(-0.,1.,0.));
#373 = ORIENTED_EDGE('',*,*,#374,.T.);
#374 = EDGE_CURVE('',#367,#375,#377,.T.);
#375 = VERTEX_POINT('',#376);
#376 = CARTESIAN_POINT('',(900.,15.,1.706E+03));
#377 = LINE('',#378,#379);
#378 = CARTESIAN_POINT('',(900.,15.,106.));
#379 = VECTOR('',#380,1.);
#380 = DIRECTION('',(0.,0.,1.));
#381 = ORIENTED_EDGE('',*,*,#382,.F.);
#382 = EDGE_CURVE('',#359,#375,#383,.T.);
#383 = LINE('',#384,#385);
#384 = CARTESIAN_POINT('',(900.,-15.,1.706E+03));
#385 = VECTOR('',#386,1.);
#386 = DIRECTION('',(-0.,1.,0.));
#387 = PLANE('',#388);
#388 = AXIS2_PLACEMENT_3D('',#389,#390,#391);
#389 = CARTESIAN_POINT('',(900.,-15.,106.));
#390 = DIRECTION('',(1.,0.,-0.));
#391 = DIRECTION('',(0.,0.,1.));
#392 = ADVANCED_FACE('',(#393),#409,.F.);
#393 = FACE_BOUND('',#394,.F.);
#394 = EDGE_LOOP('',(#395,#401,#402,#408));
#395 = ORIENTED_EDGE('',*,*,#396,.F.);
#396 = EDGE_CURVE('',#317,#357,#397,.T.);
#397 = LINE('',#398,#399);
#398 = CARTESIAN_POINT('',(870.,-15.,106.));
#399 = VECTOR('',#400,1.);
#400 = DIRECTION('',(1.,0.,-0.));
#401 = ORIENTED_EDGE('',*,*,#316,.T.);
#402 = ORIENTED_EDGE('',*,*,#403,.T.);
#403 = EDGE_CURVE('',#319,#359,#404,.T.);
#404 = LINE('',#405,#406);
#405 = CARTESIAN_POINT('',(870.,-15.,1.706E+03));
#406 = VECTOR('',#407,1.);
#407 = DIRECTION('',(1.,0.,-0.));
#408 = ORIENTED_EDGE('',*,*,#356,.F.);
#409 = PLANE('',#410);
#410 = AXIS2_PLACEMENT_3D('',#411,#412,#413);
#411 = CARTESIAN_POINT('',(870.,-15.,106.));
#412 = DIRECTION('',(-0.,1.,0.));
#413 = DIRECTION('',(0.,0.,1.));
#414 = ADVANCED_FACE('',(#415),#431,.T.);
#415 = FACE_BOUND('',#416,.T.);
#416 = EDGE_LOOP('',(#417,#423,#424,#430));
#417 = ORIENTED_EDGE('',*,*,#418,.F.);
#418 = EDGE_CURVE('',#327,#367,#419,.T.);
#419 = LINE('',#420,#421);
#420 = CARTESIAN_POINT('',(870.,15.,106.));
#421 = VECTOR('',#422,1.);
#422 = DIRECTION('',(1.,0.,-0.));
#423 = ORIENTED_EDGE('',*,*,#334,.T.);
#424 = ORIENTED_EDGE('',*,*,#425,.T.);
#425 = EDGE_CURVE('',#335,#375,#426,.T.);
#426 = LINE('',#427,#428);
#427 = CARTESIAN_POINT('',(870.,15.,1.706E+03));
#428 = VECTOR('',#429,1.);
#429 = DIRECTION('',(1.,0.,-0.));
#430 = ORIENTED_EDGE('',*,*,#374,.F.);
#431 = PLANE('',#432);
#432 = AXIS2_PLACEMENT_3D('',#433,#434,#435);
#433 = CARTESIAN_POINT('',(870.,15.,106.));
#434 = DIRECTION('',(-0.,1.,0.));
#435 = DIRECTION('',(0.,0.,1.));
#436 = ADVANCED_FACE('',(#437),#443,.F.);
#437 = FACE_BOUND('',#438,.F.);
#438 = EDGE_LOOP('',(#439,#440,#441,#442));
#439 = ORIENTED_EDGE('',*,*,#326,.F.);
#440 = ORIENTED_EDGE('',*,*,#396,.T.);
#441 = ORIENTED_EDGE('',*,*,#366,.T.);
#442 = ORIENTED_EDGE('',*,*,#418,.F.);
#443 = PLANE('',#444);
#444 = AXIS2_PLACEMENT_3D('',#445,#446,#447);
#445 = CARTESIAN_POINT('',(870.,-15.,106.));
#446 = DIRECTION('',(0.,0.,1.));
#447 = DIRECTION('',(1.,0.,-0.));
#448 = ADVANCED_FACE('',(#449),#455,.T.);
#449 = FACE_BOUND('',#450,.T.);
#450 = EDGE_LOOP('',(#451,#452,#453,#454));
#451 = ORIENTED_EDGE('',*,*,#342,.F.);
#452 = ORIENTED_EDGE('',*,*,#403,.T.);
#453 = ORIENTED_EDGE('',*,*,#382,.T.);
#454 = ORIENTED_EDGE('',*,*,#425,.F.);
#455 = PLANE('',#456);
#456 = AXIS2_PLACEMENT_3D('',#457,#458,#459);
#457 = CARTESIAN_POINT('',(870.,-15.,1.706E+03));
#458 = DIRECTION('',(0.,0.,1.));
#459 = DIRECTION('',(1.,0.,-0.));
#460 = ( GEOMETRIC_REPRESENTATION_CONTEXT(3) 
GLOBAL_UNCERTAINTY_ASSIGNED_CONTEXT((#464)) GLOBAL_UNIT_ASSIGNED_CONTEXT
((#461,#462,#463)) REPRESENTATION_CONTEXT('Context #1',
  '3D Context with UNIT and UNCERTAINTY') );
#461 = ( LENGTH_UNIT() NAMED_UNIT(*) SI_UNIT(.MILLI.,.METRE.) );
#462 = ( NAMED_UNIT(*) PLANE_ANGLE_UNIT() SI_UNIT($,.RADIAN.) );
#463 = ( NAMED_UNIT(*) SI_UNIT($,.STERADIAN.) SOLID_ANGLE_UNIT() );
#464 = UNCERTAINTY_MEASURE_WITH_UNIT(LENGTH_MEASURE(1.E-07),#461,
  'distance_accuracy_value','confusion accuracy');
#465 = CONTEXT_DEPENDENT_SHAPE_REPRESENTATION(#466,#468);
#466 = ( REPRESENTATION_RELATIONSHIP('','',#309,#10) 
REPRESENTATION_RELATIONSHIP_WITH_TRANSFORMATION(#467) 
SHAPE_REPRESENTATION_RELATIONSHIP() );
#467 = ITEM_DEFINED_TRANSFORMATION('','',#11,#19);
#468 = PRODUCT_DEFINITION_SHAPE('Placement','Placement of an item',#469
  );
#469 = NEXT_ASSEMBLY_USAGE_OCCURRENCE('2','folha1_mont_b','',#5,#304,$);
#470 = PRODUCT_RELATED_PRODUCT_CATEGORY('part',$,(#306));
#471 = SHAPE_DEFINITION_REPRESENTATION(#472,#478);
#472 = PRODUCT_DEFINITION_SHAPE('','',#473);
#473 = PRODUCT_DEFINITION('design','',#474,#477);
#474 = PRODUCT_DEFINITION_FORMATION('','',#475);
#475 = PRODUCT('folha1_trav_inf','folha1_trav_inf','',(#476));
#476 = PRODUCT_CONTEXT('',#2,'mechanical');
#477 = PRODUCT_DEFINITION_CONTEXT('part definition',#2,'design');
#478 = ADVANCED_BREP_SHAPE_REPRESENTATION('',(#11,#479),#629);
#479 = MANIFOLD_SOLID_BREP('',#480);
#480 = CLOSED_SHELL('',(#481,#521,#561,#583,#605,#617));
#481 = ADVANCED_FACE('',(#482),#516,.F.);
#482 = FACE_BOUND('',#483,.F.);
#483 = EDGE_LOOP('',(#484,#494,#502,#510));
#484 = ORIENTED_EDGE('',*,*,#485,.F.);
#485 = EDGE_CURVE('',#486,#488,#490,.T.);
#486 = VERTEX_POINT('',#487);
#487 = CARTESIAN_POINT('',(0.,-15.,-15.));
#488 = VERTEX_POINT('',#489);
#489 = CARTESIAN_POINT('',(0.,-15.,15.));
#490 = LINE('',#491,#492);
#491 = CARTESIAN_POINT('',(0.,-15.,-15.));
#492 = VECTOR('',#493,1.);
#493 = DIRECTION('',(0.,0.,1.));
#494 = ORIENTED_EDGE('',*,*,#495,.T.);
#495 = EDGE_CURVE('',#486,#496,#498,.T.);
#496 = VERTEX_POINT('',#497);
#497 = CARTESIAN_POINT('',(0.,15.,-15.));
#498 = LINE('',#499,#500);
#499 = CARTESIAN_POINT('',(0.,-15.,-15.));
#500 = VECTOR('',#501,1.);
#501 = DIRECTION('',(-0.,1.,0.));
#502 = ORIENTED_EDGE('',*,*,#503,.T.);
#503 = EDGE_CURVE('',#496,#504,#506,.T.);
#504 = VERTEX_POINT('',#505);
#505 = CARTESIAN_POINT('',(0.,15.,15.));
#506 = LINE('',#507,#508);
#507 = CARTESIAN_POINT('',(0.,15.,-15.));
#508 = VECTOR('',#509,1.);
#509 = DIRECTION('',(0.,0.,1.));
#510 = ORIENTED_EDGE('',*,*,#511,.F.);
#511 = EDGE_CURVE('',#488,#504,#512,.T.);
#512 = LINE('',#513,#514);
#513 = CARTESIAN_POINT('',(0.,-15.,15.));
#514 = VECTOR('',#515,1.);
#515 = DIRECTION('',(-0.,1.,0.));
#516 = PLANE('',#517);
#517 = AXIS2_PLACEMENT_3D('',#518,#519,#520);
#518 = CARTESIAN_POINT('',(0.,-15.,-15.));
#519 = DIRECTION('',(1.,0.,-0.));
#520 = DIRECTION('',(0.,0.,1.));
#521 = ADVANCED_FACE('',(#522),#556,.T.);
#522 = FACE_BOUND('',#523,.T.);
#523 = EDGE_LOOP('',(#524,#534,#542,#550));
#524 = ORIENTED_EDGE('',*,*,#525,.F.);
#525 = EDGE_CURVE('',#526,#528,#530,.T.);
#526 = VERTEX_POINT('',#527);
#527 = CARTESIAN_POINT('',(840.,-15.,-15.));
#528 = VERTEX_POINT('',#529);
#529 = CARTESIAN_POINT('',(840.,-15.,15.));
#530 = LINE('',#531,#532);
#531 = CARTESIAN_POINT('',(840.,-15.,-15.));
#532 = VECTOR('',#533,1.);
#533 = DIRECTION('',(0.,0.,1.));
#534 = ORIENTED_EDGE('',*,*,#535,.T.);
#535 = EDGE_CURVE('',#526,#536,#538,.T.);
#536 = VERTEX_POINT('',#537);
#537 = CARTESIAN_POINT('',(840.,15.,-15.));
#538 = LINE('',#539,#540);
#539 = CARTESIAN_POINT('',(840.,-15.,-15.));
#540 = VECTOR('',#541,1.);
#541 = DIRECTION('',(-0.,1.,0.));
#542 = ORIENTED_EDGE('',*,*,#543,.T.);
#543 = EDGE_CURVE('',#536,#544,#546,.T.);
#544 = VERTEX_POINT('',#545);
#545 = CARTESIAN_POINT('',(840.,15.,15.));
#546 = LINE('',#547,#548);
#547 = CARTESIAN_POINT('',(840.,15.,-15.));
#548 = VECTOR('',#549,1.);
#549 = DIRECTION('',(0.,0.,1.));
#550 = ORIENTED_EDGE('',*,*,#551,.F.);
#551 = EDGE_CURVE('',#528,#544,#552,.T.);
#552 = LINE('',#553,#554);
#553 = CARTESIAN_POINT('',(840.,-15.,15.));
#554 = VECTOR('',#555,1.);
#555 = DIRECTION('',(-0.,1.,0.));
#556 = PLANE('',#557);
#557 = AXIS2_PLACEMENT_3D('',#558,#559,#560);
#558 = CARTESIAN_POINT('',(840.,-15.,-15.));
#559 = DIRECTION('',(1.,0.,-0.));
#560 = DIRECTION('',(0.,0.,1.));
#561 = ADVANCED_FACE('',(#562),#578,.F.);
#562 = FACE_BOUND('',#563,.F.);
#563 = EDGE_LOOP('',(#564,#570,#571,#577));
#564 = ORIENTED_EDGE('',*,*,#565,.F.);
#565 = EDGE_CURVE('',#486,#526,#566,.T.);
#566 = LINE('',#567,#568);
#567 = CARTESIAN_POINT('',(0.,-15.,-15.));
#568 = VECTOR('',#569,1.);
#569 = DIRECTION('',(1.,0.,-0.));
#570 = ORIENTED_EDGE('',*,*,#485,.T.);
#571 = ORIENTED_EDGE('',*,*,#572,.T.);
#572 = EDGE_CURVE('',#488,#528,#573,.T.);
#573 = LINE('',#574,#575);
#574 = CARTESIAN_POINT('',(0.,-15.,15.));
#575 = VECTOR('',#576,1.);
#576 = DIRECTION('',(1.,0.,-0.));
#577 = ORIENTED_EDGE('',*,*,#525,.F.);
#578 = PLANE('',#579);
#579 = AXIS2_PLACEMENT_3D('',#580,#581,#582);
#580 = CARTESIAN_POINT('',(0.,-15.,-15.));
#581 = DIRECTION('',(-0.,1.,0.));
#582 = DIRECTION('',(0.,0.,1.));
#583 = ADVANCED_FACE('',(#584),#600,.T.);
#584 = FACE_BOUND('',#585,.T.);
#585 = EDGE_LOOP('',(#586,#592,#593,#599));
#586 = ORIENTED_EDGE('',*,*,#587,.F.);
#587 = EDGE_CURVE('',#496,#536,#588,.T.);
#588 = LINE('',#589,#590);
#589 = CARTESIAN_POINT('',(0.,15.,-15.));
#590 = VECTOR('',#591,1.);
#591 = DIRECTION('',(1.,0.,-0.));
#592 = ORIENTED_EDGE('',*,*,#503,.T.);
#593 = ORIENTED_EDGE('',*,*,#594,.T.);
#594 = EDGE_CURVE('',#504,#544,#595,.T.);
#595 = LINE('',#596,#597);
#596 = CARTESIAN_POINT('',(0.,15.,15.));
#597 = VECTOR('',#598,1.);
#598 = DIRECTION('',(1.,0.,-0.));
#599 = ORIENTED_EDGE('',*,*,#543,.F.);
#600 = PLANE('',#601);
#601 = AXIS2_PLACEMENT_3D('',#602,#603,#604);
#602 = CARTESIAN_POINT('',(0.,15.,-15.));
#603 = DIRECTION('',(-0.,1.,0.));
#604 = DIRECTION('',(0.,0.,1.));
#605 = ADVANCED_FACE('',(#606),#612,.F.);
#606 = FACE_BOUND('',#607,.F.);
#607 = EDGE_LOOP('',(#608,#609,#610,#611));
#608 = ORIENTED_EDGE('',*,*,#495,.F.);
#609 = ORIENTED_EDGE('',*,*,#565,.T.);
#610 = ORIENTED_EDGE('',*,*,#535,.T.);
#611 = ORIENTED_EDGE('',*,*,#587,.F.);
#612 = PLANE('',#613);
#613 = AXIS2_PLACEMENT_3D('',#614,#615,#616);
#614 = CARTESIAN_POINT('',(0.,-15.,-15.));
#615 = DIRECTION('',(0.,0.,1.));
#616 = DIRECTION('',(1.,0.,-0.));
#617 = ADVANCED_FACE('',(#618),#624,.T.);
#618 = FACE_BOUND('',#619,.T.);
#619 = EDGE_LOOP('',(#620,#621,#622,#623));
#620 = ORIENTED_EDGE('',*,*,#511,.F.);
#621 = ORIENTED_EDGE('',*,*,#572,.T.);
#622 = ORIENTED_EDGE('',*,*,#551,.T.);
#623 = ORIENTED_EDGE('',*,*,#594,.F.);
#624 = PLANE('',#625);
#625 = AXIS2_PLACEMENT_3D('',#626,#627,#628);
#626 = CARTESIAN_POINT('',(0.,-15.,15.));
#627 = DIRECTION('',(0.,0.,1.));
#628 = DIRECTION('',(1.,0.,-0.));
#629 = ( GEOMETRIC_REPRESENTATION_CONTEXT(3) 
GLOBAL_UNCERTAINTY_ASSIGNED_CONTEXT((#633)) GLOBAL_UNIT_ASSIGNED_CONTEXT
((#630,#631,#632)) REPRESENTATION_CONTEXT('Context #1',
  '3D Context with UNIT and UNCERTAINTY') );
#630 = ( LENGTH_UNIT() NAMED_UNIT(*) SI_UNIT(.MILLI.,.METRE.) );
#631 = ( NAMED_UNIT(*) PLANE_ANGLE_UNIT() SI_UNIT($,.RADIAN.) );
#632 = ( NAMED_UNIT(*) SI_UNIT($,.STERADIAN.) SOLID_ANGLE_UNIT() );
#633 = UNCERTAINTY_MEASURE_WITH_UNIT(LENGTH_MEASURE(1.E-07),#630,
  'distance_accuracy_value','confusion accuracy');
#634 = CONTEXT_DEPENDENT_SHAPE_REPRESENTATION(#635,#637);
#635 = ( REPRESENTATION_RELATIONSHIP('','',#478,#10) 
REPRESENTATION_RELATIONSHIP_WITH_TRANSFORMATION(#636) 
SHAPE_REPRESENTATION_RELATIONSHIP() );
#636 = ITEM_DEFINED_TRANSFORMATION('','',#11,#23);
#637 = PRODUCT_DEFINITION_SHAPE('Placement','Placement of an item',#638
  );
#638 = NEXT_ASSEMBLY_USAGE_OCCURRENCE('3','folha1_trav_inf','',#5,#473,$
  );
#639 = PRODUCT_RELATED_PRODUCT_CATEGORY('part',$,(#475));
#640 = SHAPE_DEFINITION_REPRESENTATION(#641,#647);
#641 = PRODUCT_DEFINITION_SHAPE('','',#642);
#642 = PRODUCT_DEFINITION('design','',#643,#646);
#643 = PRODUCT_DEFINITION_FORMATION('','',#644);
#644 = PRODUCT('folha1_trav_sup','folha1_trav_sup','',(#645));
#645 = PRODUCT_CONTEXT('',#2,'mechanical');
#646 = PRODUCT_DEFINITION_CONTEXT('part definition',#2,'design');
#647 = ADVANCED_BREP_SHAPE_REPRESENTATION('',(#11,#648),#798);
#648 = MANIFOLD_SOLID_BREP('',#649);
#649 = CLOSED_SHELL('',(#650,#690,#730,#752,#774,#786));
#650 = ADVANCED_FACE('',(#651),#685,.F.);
#651 = FACE_BOUND('',#652,.F.);
#652 = EDGE_LOOP('',(#653,#663,#671,#679));
#653 = ORIENTED_EDGE('',*,*,#654,.F.);
#654 = EDGE_CURVE('',#655,#657,#659,.T.);
#655 = VERTEX_POINT('',#656);
#656 = CARTESIAN_POINT('',(0.,-15.,-15.));
#657 = VERTEX_POINT('',#658);
#658 = CARTESIAN_POINT('',(0.,-15.,15.));
#659 = LINE('',#660,#661);
#660 = CARTESIAN_POINT('',(0.,-15.,-15.));
#661 = VECTOR('',#662,1.);
#662 = DIRECTION('',(0.,0.,1.));
#663 = ORIENTED_EDGE('',*,*,#664,.T.);
#664 = EDGE_CURVE('',#655,#665,#667,.T.);
#665 = VERTEX_POINT('',#666);
#666 = CARTESIAN_POINT('',(0.,15.,-15.));
#667 = LINE('',#668,#669);
#668 = CARTESIAN_POINT('',(0.,-15.,-15.));
#669 = VECTOR('',#670,1.);
#670 = DIRECTION('',(-0.,1.,0.));
#671 = ORIENTED_EDGE('',*,*,#672,.T.);
#672 = EDGE_CURVE('',#665,#673,#675,.T.);
#673 = VERTEX_POINT('',#674);
#674 = CARTESIAN_POINT('',(0.,15.,15.));
#675 = LINE('',#676,#677);
#676 = CARTESIAN_POINT('',(0.,15.,-15.));
#677 = VECTOR('',#678,1.);
#678 = DIRECTION('',(0.,0.,1.));
#679 = ORIENTED_EDGE('',*,*,#680,.F.);
#680 = EDGE_CURVE('',#657,#673,#681,.T.);
#681 = LINE('',#682,#683);
#682 = CARTESIAN_POINT('',(0.,-15.,15.));
#683 = VECTOR('',#684,1.);
#684 = DIRECTION('',(-0.,1.,0.));
#685 = PLANE('',#686);
#686 = AXIS2_PLACEMENT_3D('',#687,#688,#689);
#687 = CARTESIAN_POINT('',(0.,-15.,-15.));
#688 = DIRECTION('',(1.,0.,-0.));
#689 = DIRECTION('',(0.,0.,1.));
#690 = ADVANCED_FACE('',(#691),#725,.T.);
#691 = FACE_BOUND('',#692,.T.);
#692 = EDGE_LOOP('',(#693,#703,#711,#719));
#693 = ORIENTED_EDGE('',*,*,#694,.F.);
#694 = EDGE_CURVE('',#695,#697,#699,.T.);
#695 = VERTEX_POINT('',#696);
#696 = CARTESIAN_POINT('',(840.,-15.,-15.));
#697 = VERTEX_POINT('',#698);
#698 = CARTESIAN_POINT('',(840.,-15.,15.));
#699 = LINE('',#700,#701);
#700 = CARTESIAN_POINT('',(840.,-15.,-15.));
#701 = VECTOR('',#702,1.);
#702 = DIRECTION('',(0.,0.,1.));
#703 = ORIENTED_EDGE('',*,*,#704,.T.);
#704 = EDGE_CURVE('',#695,#705,#707,.T.);
#705 = VERTEX_POINT('',#706);
#706 = CARTESIAN_POINT('',(840.,15.,-15.));
#707 = LINE('',#708,#709);
#708 = CARTESIAN_POINT('',(840.,-15.,-15.));
#709 = VECTOR('',#710,1.);
#710 = DIRECTION('',(-0.,1.,0.));
#711 = ORIENTED_EDGE('',*,*,#712,.T.);
#712 = EDGE_CURVE('',#705,#713,#715,.T.);
#713 = VERTEX_POINT('',#714);
#714 = CARTESIAN_POINT('',(840.,15.,15.));
#715 = LINE('',#716,#717);
#716 = CARTESIAN_POINT('',(840.,15.,-15.));
#717 = VECTOR('',#718,1.);
#718 = DIRECTION('',(0.,0.,1.));
#719 = ORIENTED_EDGE('',*,*,#720,.F.);
#720 = EDGE_CURVE('',#697,#713,#721,.T.);
#721 = LINE('',#722,#723);
#722 = CARTESIAN_POINT('',(840.,-15.,15.));
#723 = VECTOR('',#724,1.);
#724 = DIRECTION('',(-0.,1.,0.));
#725 = PLANE('',#726);
#726 = AXIS2_PLACEMENT_3D('',#727,#728,#729);
#727 = CARTESIAN_POINT('',(840.,-15.,-15.));
#728 = DIRECTION('',(1.,0.,-0.));
#729 = DIRECTION('',(0.,0.,1.));
#730 = ADVANCED_FACE('',(#731),#747,.F.);
#731 = FACE_BOUND('',#732,.F.);
#732 = EDGE_LOOP('',(#733,#739,#740,#746));
#733 = ORIENTED_EDGE('',*,*,#734,.F.);
#734 = EDGE_CURVE('',#655,#695,#735,.T.);
#735 = LINE('',#736,#737);
#736 = CARTESIAN_POINT('',(0.,-15.,-15.));
#737 = VECTOR('',#738,1.);
#738 = DIRECTION('',(1.,0.,-0.));
#739 = ORIENTED_EDGE('',*,*,#654,.T.);
#740 = ORIENTED_EDGE('',*,*,#741,.T.);
#741 = EDGE_CURVE('',#657,#697,#742,.T.);
#742 = LINE('',#743,#744);
#743 = CARTESIAN_POINT('',(0.,-15.,15.));
#744 = VECTOR('',#745,1.);
#745 = DIRECTION('',(1.,0.,-0.));
#746 = ORIENTED_EDGE('',*,*,#694,.F.);
#747 = PLANE('',#748);
#748 = AXIS2_PLACEMENT_3D('',#749,#750,#751);
#749 = CARTESIAN_POINT('',(0.,-15.,-15.));
#750 = DIRECTION('',(-0.,1.,0.));
#751 = DIRECTION('',(0.,0.,1.));
#752 = ADVANCED_FACE('',(#753),#769,.T.);
#753 = FACE_BOUND('',#754,.T.);
#754 = EDGE_LOOP('',(#755,#761,#762,#768));
#755 = ORIENTED_EDGE('',*,*,#756,.F.);
#756 = EDGE_CURVE('',#665,#705,#757,.T.);
#757 = LINE('',#758,#759);
#758 = CARTESIAN_POINT('',(0.,15.,-15.));
#759 = VECTOR('',#760,1.);
#760 = DIRECTION('',(1.,0.,-0.));
#761 = ORIENTED_EDGE('',*,*,#672,.T.);
#762 = ORIENTED_EDGE('',*,*,#763,.T.);
#763 = EDGE_CURVE('',#673,#713,#764,.T.);
#764 = LINE('',#765,#766);
#765 = CARTESIAN_POINT('',(0.,15.,15.));
#766 = VECTOR('',#767,1.);
#767 = DIRECTION('',(1.,0.,-0.));
#768 = ORIENTED_EDGE('',*,*,#712,.F.);
#769 = PLANE('',#770);
#770 = AXIS2_PLACEMENT_3D('',#771,#772,#773);
#771 = CARTESIAN_POINT('',(0.,15.,-15.));
#772 = DIRECTION('',(-0.,1.,0.));
#773 = DIRECTION('',(0.,0.,1.));
#774 = ADVANCED_FACE('',(#775),#781,.F.);
#775 = FACE_BOUND('',#776,.F.);
#776 = EDGE_LOOP('',(#777,#778,#779,#780));
#777 = ORIENTED_EDGE('',*,*,#664,.F.);
#778 = ORIENTED_EDGE('',*,*,#734,.T.);
#779 = ORIENTED_EDGE('',*,*,#704,.T.);
#780 = ORIENTED_EDGE('',*,*,#756,.F.);
#781 = PLANE('',#782);
#782 = AXIS2_PLACEMENT_3D('',#783,#784,#785);
#783 = CARTESIAN_POINT('',(0.,-15.,-15.));
#784 = DIRECTION('',(0.,0.,1.));
#785 = DIRECTION('',(1.,0.,-0.));
#786 = ADVANCED_FACE('',(#787),#793,.T.);
#787 = FACE_BOUND('',#788,.T.);
#788 = EDGE_LOOP('',(#789,#790,#791,#792));
#789 = ORIENTED_EDGE('',*,*,#680,.F.);
#790 = ORIENTED_EDGE('',*,*,#741,.T.);
#791 = ORIENTED_EDGE('',*,*,#720,.T.);
#792 = ORIENTED_EDGE('',*,*,#763,.F.);
#793 = PLANE('',#794);
#794 = AXIS2_PLACEMENT_3D('',#795,#796,#797);
#795 = CARTESIAN_POINT('',(0.,-15.,15.));
#796 = DIRECTION('',(0.,0.,1.));
#797 = DIRECTION('',(1.,0.,-0.));
#798 = ( GEOMETRIC_REPRESENTATION_CONTEXT(3) 
GLOBAL_UNCERTAINTY_ASSIGNED_CONTEXT((#802)) GLOBAL_UNIT_ASSIGNED_CONTEXT
((#799,#800,#801)) REPRESENTATION_CONTEXT('Context #1',
  '3D Context with UNIT and UNCERTAINTY') );
#799 = ( LENGTH_UNIT() NAMED_UNIT(*) SI_UNIT(.MILLI.,.METRE.) );
#800 = ( NAMED_UNIT(*) PLANE_ANGLE_UNIT() SI_UNIT($,.RADIAN.) );
#801 = ( NAMED_UNIT(*) SI_UNIT($,.STERADIAN.) SOLID_ANGLE_UNIT() );
#802 = UNCERTAINTY_MEASURE_WITH_UNIT(LENGTH_MEASURE(1.E-07),#799,
  'distance_accuracy_value','confusion accuracy');
#803 = CONTEXT_DEPENDENT_SHAPE_REPRESENTATION(#804,#806);
#804 = ( REPRESENTATION_RELATIONSHIP('','',#647,#10) 
REPRESENTATION_RELATIONSHIP_WITH_TRANSFORMATION(#805) 
SHAPE_REPRESENTATION_RELATIONSHIP() );
#805 = ITEM_DEFINED_TRANSFORMATION('','',#11,#27);
#806 = PRODUCT_DEFINITION_SHAPE('Placement','Placement of an item',#807
  );
#807 = NEXT_ASSEMBLY_USAGE_OCCURRENCE('4','folha1_trav_sup','',#5,#642,$
  );
#808 = PRODUCT_RELATED_PRODUCT_CATEGORY('part',$,(#644));
#809 = SHAPE_DEFINITION_REPRESENTATION(#810,#816);
#810 = PRODUCT_DEFINITION_SHAPE('','',#811);
#811 = PRODUCT_DEFINITION('design','',#812,#815);
#812 = PRODUCT_DEFINITION_FORMATION('','',#813);
#813 = PRODUCT('folha1_a_chapa','folha1_a_chapa','',(#814));
#814 = PRODUCT_CONTEXT('',#2,'mechanical');
#815 = PRODUCT_DEFINITION_CONTEXT('part definition',#2,'design');
#816 = ADVANCED_BREP_SHAPE_REPRESENTATION('',(#11,#817),#1511);
#817 = MANIFOLD_SOLID_BREP('',#818);
#818 = CLOSED_SHELL('',(#819,#859,#890,#1050,#1074,#1227,#1239,#1261,
    #1278,#1295,#1307,#1329,#1346,#1363,#1375,#1397,#1414,#1431,#1443,
    #1465,#1482,#1499));
#819 = ADVANCED_FACE('',(#820),#854,.F.);
#820 = FACE_BOUND('',#821,.F.);
#821 = EDGE_LOOP('',(#822,#832,#840,#848));
#822 = ORIENTED_EDGE('',*,*,#823,.F.);
#823 = EDGE_CURVE('',#824,#826,#828,.T.);
#824 = VERTEX_POINT('',#825);
#825 = CARTESIAN_POINT('',(-50.,-35.,0.));
#826 = VERTEX_POINT('',#827);
#827 = CARTESIAN_POINT('',(-50.,-35.,4.));
#828 = LINE('',#829,#830);
#829 = CARTESIAN_POINT('',(-50.,-35.,0.));
#830 = VECTOR('',#831,1.);
#831 = DIRECTION('',(0.,0.,1.));
#832 = ORIENTED_EDGE('',*,*,#833,.T.);
#833 = EDGE_CURVE('',#824,#834,#836,.T.);
#834 = VERTEX_POINT('',#835);
#835 = CARTESIAN_POINT('',(-50.,35.,0.));
#836 = LINE('',#837,#838);
#837 = CARTESIAN_POINT('',(-50.,-35.,0.));
#838 = VECTOR('',#839,1.);
#839 = DIRECTION('',(-0.,1.,0.));
#840 = ORIENTED_EDGE('',*,*,#841,.T.);
#841 = EDGE_CURVE('',#834,#842,#844,.T.);
#842 = VERTEX_POINT('',#843);
#843 = CARTESIAN_POINT('',(-50.,35.,4.));
#844 = LINE('',#845,#846);
#845 = CARTESIAN_POINT('',(-50.,35.,0.));
#846 = VECTOR('',#847,1.);
#847 = DIRECTION('',(0.,0.,1.));
#848 = ORIENTED_EDGE('',*,*,#849,.F.);
#849 = EDGE_CURVE('',#826,#842,#850,.T.);
#850 = LINE('',#851,#852);
#851 = CARTESIAN_POINT('',(-50.,-35.,4.));
#852 = VECTOR('',#853,1.);
#853 = DIRECTION('',(-0.,1.,0.));
#854 = PLANE('',#855);
#855 = AXIS2_PLACEMENT_3D('',#856,#857,#858);
#856 = CARTESIAN_POINT('',(-50.,-35.,0.));
#857 = DIRECTION('',(1.,0.,-0.));
#858 = DIRECTION('',(0.,0.,1.));
#859 = ADVANCED_FACE('',(#860),#885,.F.);
#860 = FACE_BOUND('',#861,.F.);
#861 = EDGE_LOOP('',(#862,#870,#871,#879));
#862 = ORIENTED_EDGE('',*,*,#863,.F.);
#863 = EDGE_CURVE('',#824,#864,#866,.T.);
#864 = VERTEX_POINT('',#865);
#865 = CARTESIAN_POINT('',(50.,-35.,0.));
#866 = LINE('',#867,#868);
#867 = CARTESIAN_POINT('',(-50.,-35.,0.));
#868 = VECTOR('',#869,1.);
#869 = DIRECTION('',(1.,0.,-0.));
#870 = ORIENTED_EDGE('',*,*,#823,.T.);
#871 = ORIENTED_EDGE('',*,*,#872,.T.);
#872 = EDGE_CURVE('',#826,#873,#875,.T.);
#873 = VERTEX_POINT('',#874);
#874 = CARTESIAN_POINT('',(50.,-35.,4.));
#875 = LINE('',#876,#877);
#876 = CARTESIAN_POINT('',(-50.,-35.,4.));
#877 = VECTOR('',#878,1.);
#878 = DIRECTION('',(1.,0.,-0.));
#879 = ORIENTED_EDGE('',*,*,#880,.F.);
#880 = EDGE_CURVE('',#864,#873,#881,.T.);
#881 = LINE('',#882,#883);
#882 = CARTESIAN_POINT('',(50.,-35.,0.));
#883 = VECTOR('',#884,1.);
#884 = DIRECTION('',(0.,0.,1.));
#885 = PLANE('',#886);
#886 = AXIS2_PLACEMENT_3D('',#887,#888,#889);
#887 = CARTESIAN_POINT('',(-50.,-35.,0.));
#888 = DIRECTION('',(-0.,1.,0.));
#889 = DIRECTION('',(0.,0.,1.));
#890 = ADVANCED_FACE('',(#891,#909,#943,#977,#1011),#1045,.T.);
#891 = FACE_BOUND('',#892,.T.);
#892 = EDGE_LOOP('',(#893,#894,#895,#903));
#893 = ORIENTED_EDGE('',*,*,#849,.F.);
#894 = ORIENTED_EDGE('',*,*,#872,.T.);
#895 = ORIENTED_EDGE('',*,*,#896,.T.);
#896 = EDGE_CURVE('',#873,#897,#899,.T.);
#897 = VERTEX_POINT('',#898);
#898 = CARTESIAN_POINT('',(50.,35.,4.));
#899 = LINE('',#900,#901);
#900 = CARTESIAN_POINT('',(50.,-35.,4.));
#901 = VECTOR('',#902,1.);
#902 = DIRECTION('',(-0.,1.,0.));
#903 = ORIENTED_EDGE('',*,*,#904,.F.);
#904 = EDGE_CURVE('',#842,#897,#905,.T.);
#905 = LINE('',#906,#907);
#906 = CARTESIAN_POINT('',(-50.,35.,4.));
#907 = VECTOR('',#908,1.);
#908 = DIRECTION('',(1.,0.,-0.));
#909 = FACE_BOUND('',#910,.T.);
#910 = EDGE_LOOP('',(#911,#921,#929,#937));
#911 = ORIENTED_EDGE('',*,*,#912,.T.);
#912 = EDGE_CURVE('',#913,#915,#917,.T.);
#913 = VERTEX_POINT('',#914);
#914 = CARTESIAN_POINT('',(-22.5,-24.5,4.));
#915 = VERTEX_POINT('',#916);
#916 = CARTESIAN_POINT('',(-47.5,-24.5,4.));
#917 = LINE('',#918,#919);
#918 = CARTESIAN_POINT('',(-48.75,-24.5,4.));
#919 = VECTOR('',#920,1.);
#920 = DIRECTION('',(-1.,-0.,0.));
#921 = ORIENTED_EDGE('',*,*,#922,.T.);
#922 = EDGE_CURVE('',#915,#923,#925,.T.);
#923 = VERTEX_POINT('',#924);
#924 = CARTESIAN_POINT('',(-47.5,-15.5,4.));
#925 = LINE('',#926,#927);
#926 = CARTESIAN_POINT('',(-47.5,-29.75,4.));
#927 = VECTOR('',#928,1.);
#928 = DIRECTION('',(-0.,1.,0.));
#929 = ORIENTED_EDGE('',*,*,#930,.F.);
#930 = EDGE_CURVE('',#931,#923,#933,.T.);
#931 = VERTEX_POINT('',#932);
#932 = CARTESIAN_POINT('',(-22.5,-15.5,4.));
#933 = LINE('',#934,#935);
#934 = CARTESIAN_POINT('',(-48.75,-15.5,4.));
#935 = VECTOR('',#936,1.);
#936 = DIRECTION('',(-1.,-0.,0.));
#937 = ORIENTED_EDGE('',*,*,#938,.F.);
#938 = EDGE_CURVE('',#913,#931,#939,.T.);
#939 = LINE('',#940,#941);
#940 = CARTESIAN_POINT('',(-22.5,-29.75,4.));
#941 = VECTOR('',#942,1.);
#942 = DIRECTION('',(-0.,1.,0.));
#943 = FACE_BOUND('',#944,.T.);
#944 = EDGE_LOOP('',(#945,#955,#963,#971));
#945 = ORIENTED_EDGE('',*,*,#946,.T.);
#946 = EDGE_CURVE('',#947,#949,#951,.T.);
#947 = VERTEX_POINT('',#948);
#948 = CARTESIAN_POINT('',(47.5,-24.5,4.));
#949 = VERTEX_POINT('',#950);
#950 = CARTESIAN_POINT('',(22.5,-24.5,4.));
#951 = LINE('',#952,#953);
#952 = CARTESIAN_POINT('',(-13.75,-24.5,4.));
#953 = VECTOR('',#954,1.);
#954 = DIRECTION('',(-1.,-0.,0.));
#955 = ORIENTED_EDGE('',*,*,#956,.T.);
#956 = EDGE_CURVE('',#949,#957,#959,.T.);
#957 = VERTEX_POINT('',#958);
#958 = CARTESIAN_POINT('',(22.5,-15.5,4.));
#959 = LINE('',#960,#961);
#960 = CARTESIAN_POINT('',(22.5,-29.75,4.));
#961 = VECTOR('',#962,1.);
#962 = DIRECTION('',(-0.,1.,0.));
#963 = ORIENTED_EDGE('',*,*,#964,.F.);
#964 = EDGE_CURVE('',#965,#957,#967,.T.);
#965 = VERTEX_POINT('',#966);
#966 = CARTESIAN_POINT('',(47.5,-15.5,4.));
#967 = LINE('',#968,#969);
#968 = CARTESIAN_POINT('',(-13.75,-15.5,4.));
#969 = VECTOR('',#970,1.);
#970 = DIRECTION('',(-1.,-0.,0.));
#971 = ORIENTED_EDGE('',*,*,#972,.F.);
#972 = EDGE_CURVE('',#947,#965,#973,.T.);
#973 = LINE('',#974,#975);
#974 = CARTESIAN_POINT('',(47.5,-29.75,4.));
#975 = VECTOR('',#976,1.);
#976 = DIRECTION('',(-0.,1.,0.));
#977 = FACE_BOUND('',#978,.T.);
#978 = EDGE_LOOP('',(#979,#989,#997,#1005));
#979 = ORIENTED_EDGE('',*,*,#980,.T.);
#980 = EDGE_CURVE('',#981,#983,#985,.T.);
#981 = VERTEX_POINT('',#982);
#982 = CARTESIAN_POINT('',(-22.5,15.5,4.));
#983 = VERTEX_POINT('',#984);
#984 = CARTESIAN_POINT('',(-47.5,15.5,4.));
#985 = LINE('',#986,#987);
#986 = CARTESIAN_POINT('',(-48.75,15.5,4.));
#987 = VECTOR('',#988,1.);
#988 = DIRECTION('',(-1.,-0.,0.));
#989 = ORIENTED_EDGE('',*,*,#990,.T.);
#990 = EDGE_CURVE('',#983,#991,#993,.T.);
#991 = VERTEX_POINT('',#992);
#992 = CARTESIAN_POINT('',(-47.5,24.5,4.));
#993 = LINE('',#994,#995);
#994 = CARTESIAN_POINT('',(-47.5,-9.75,4.));
#995 = VECTOR('',#996,1.);
#996 = DIRECTION('',(-0.,1.,0.));
#997 = ORIENTED_EDGE('',*,*,#998,.F.);
#998 = EDGE_CURVE('',#999,#991,#1001,.T.);
#999 = VERTEX_POINT('',#1000);
#1000 = CARTESIAN_POINT('',(-22.5,24.5,4.));
#1001 = LINE('',#1002,#1003);
#1002 = CARTESIAN_POINT('',(-48.75,24.5,4.));
#1003 = VECTOR('',#1004,1.);
#1004 = DIRECTION('',(-1.,-0.,0.));
#1005 = ORIENTED_EDGE('',*,*,#1006,.F.);
#1006 = EDGE_CURVE('',#981,#999,#1007,.T.);
#1007 = LINE('',#1008,#1009);
#1008 = CARTESIAN_POINT('',(-22.5,-9.75,4.));
#1009 = VECTOR('',#1010,1.);
#1010 = DIRECTION('',(-0.,1.,0.));
#1011 = FACE_BOUND('',#1012,.T.);
#1012 = EDGE_LOOP('',(#1013,#1023,#1031,#1039));
#1013 = ORIENTED_EDGE('',*,*,#1014,.T.);
#1014 = EDGE_CURVE('',#1015,#1017,#1019,.T.);
#1015 = VERTEX_POINT('',#1016);
#1016 = CARTESIAN_POINT('',(47.5,15.5,4.));
#1017 = VERTEX_POINT('',#1018);
#1018 = CARTESIAN_POINT('',(22.5,15.5,4.));
#1019 = LINE('',#1020,#1021);
#1020 = CARTESIAN_POINT('',(-13.75,15.5,4.));
#1021 = VECTOR('',#1022,1.);
#1022 = DIRECTION('',(-1.,-0.,0.));
#1023 = ORIENTED_EDGE('',*,*,#1024,.T.);
#1024 = EDGE_CURVE('',#1017,#1025,#1027,.T.);
#1025 = VERTEX_POINT('',#1026);
#1026 = CARTESIAN_POINT('',(22.5,24.5,4.));
#1027 = LINE('',#1028,#1029);
#1028 = CARTESIAN_POINT('',(22.5,-9.75,4.));
#1029 = VECTOR('',#1030,1.);
#1030 = DIRECTION('',(-0.,1.,0.));
#1031 = ORIENTED_EDGE('',*,*,#1032,.F.);
#1032 = EDGE_CURVE('',#1033,#1025,#1035,.T.);
#1033 = VERTEX_POINT('',#1034);
#1034 = CARTESIAN_POINT('',(47.5,24.5,4.));
#1035 = LINE('',#1036,#1037);
#1036 = CARTESIAN_POINT('',(-13.75,24.5,4.));
#1037 = VECTOR('',#1038,1.);
#1038 = DIRECTION('',(-1.,-0.,0.));
#1039 = ORIENTED_EDGE('',*,*,#1040,.F.);
#1040 = EDGE_CURVE('',#1015,#1033,#1041,.T.);
#1041 = LINE('',#1042,#1043);
#1042 = CARTESIAN_POINT('',(47.5,-9.75,4.));
#1043 = VECTOR('',#1044,1.);
#1044 = DIRECTION('',(-0.,1.,0.));
#1045 = PLANE('',#1046);
#1046 = AXIS2_PLACEMENT_3D('',#1047,#1048,#1049);
#1047 = CARTESIAN_POINT('',(-50.,-35.,4.));
#1048 = DIRECTION('',(0.,0.,1.));
#1049 = DIRECTION('',(1.,0.,-0.));
#1050 = ADVANCED_FACE('',(#1051),#1069,.T.);
#1051 = FACE_BOUND('',#1052,.T.);
#1052 = EDGE_LOOP('',(#1053,#1061,#1062,#1063));
#1053 = ORIENTED_EDGE('',*,*,#1054,.F.);
#1054 = EDGE_CURVE('',#834,#1055,#1057,.T.);
#1055 = VERTEX_POINT('',#1056);
#1056 = CARTESIAN_POINT('',(50.,35.,0.));
#1057 = LINE('',#1058,#1059);
#1058 = CARTESIAN_POINT('',(-50.,35.,0.));
#1059 = VECTOR('',#1060,1.);
#1060 = DIRECTION('',(1.,0.,-0.));
#1061 = ORIENTED_EDGE('',*,*,#841,.T.);
#1062 = ORIENTED_EDGE('',*,*,#904,.T.);
#1063 = ORIENTED_EDGE('',*,*,#1064,.F.);
#1064 = EDGE_CURVE('',#1055,#897,#1065,.T.);
#1065 = LINE('',#1066,#1067);
#1066 = CARTESIAN_POINT('',(50.,35.,0.));
#1067 = VECTOR('',#1068,1.);
#1068 = DIRECTION('',(0.,0.,1.));
#1069 = PLANE('',#1070);
#1070 = AXIS2_PLACEMENT_3D('',#1071,#1072,#1073);
#1071 = CARTESIAN_POINT('',(-50.,35.,0.));
#1072 = DIRECTION('',(-0.,1.,0.));
#1073 = DIRECTION('',(0.,0.,1.));
#1074 = ADVANCED_FACE('',(#1075,#1086,#1120,#1154,#1188),#1222,.F.);
#1075 = FACE_BOUND('',#1076,.F.);
#1076 = EDGE_LOOP('',(#1077,#1078,#1079,#1085));
#1077 = ORIENTED_EDGE('',*,*,#833,.F.);
#1078 = ORIENTED_EDGE('',*,*,#863,.T.);
#1079 = ORIENTED_EDGE('',*,*,#1080,.T.);
#1080 = EDGE_CURVE('',#864,#1055,#1081,.T.);
#1081 = LINE('',#1082,#1083);
#1082 = CARTESIAN_POINT('',(50.,-35.,0.));
#1083 = VECTOR('',#1084,1.);
#1084 = DIRECTION('',(-0.,1.,0.));
#1085 = ORIENTED_EDGE('',*,*,#1054,.F.);
#1086 = FACE_BOUND('',#1087,.F.);
#1087 = EDGE_LOOP('',(#1088,#1098,#1106,#1114));
#1088 = ORIENTED_EDGE('',*,*,#1089,.T.);
#1089 = EDGE_CURVE('',#1090,#1092,#1094,.T.);
#1090 = VERTEX_POINT('',#1091);
#1091 = CARTESIAN_POINT('',(-22.5,-24.5,0.));
#1092 = VERTEX_POINT('',#1093);
#1093 = CARTESIAN_POINT('',(-47.5,-24.5,0.));
#1094 = LINE('',#1095,#1096);
#1095 = CARTESIAN_POINT('',(-48.75,-24.5,0.));
#1096 = VECTOR('',#1097,1.);
#1097 = DIRECTION('',(-1.,-0.,0.));
#1098 = ORIENTED_EDGE('',*,*,#1099,.T.);
#1099 = EDGE_CURVE('',#1092,#1100,#1102,.T.);
#1100 = VERTEX_POINT('',#1101);
#1101 = CARTESIAN_POINT('',(-47.5,-15.5,0.));
#1102 = LINE('',#1103,#1104);
#1103 = CARTESIAN_POINT('',(-47.5,-29.75,0.));
#1104 = VECTOR('',#1105,1.);
#1105 = DIRECTION('',(-0.,1.,0.));
#1106 = ORIENTED_EDGE('',*,*,#1107,.F.);
#1107 = EDGE_CURVE('',#1108,#1100,#1110,.T.);
#1108 = VERTEX_POINT('',#1109);
#1109 = CARTESIAN_POINT('',(-22.5,-15.5,0.));
#1110 = LINE('',#1111,#1112);
#1111 = CARTESIAN_POINT('',(-48.75,-15.5,0.));
#1112 = VECTOR('',#1113,1.);
#1113 = DIRECTION('',(-1.,-0.,0.));
#1114 = ORIENTED_EDGE('',*,*,#1115,.F.);
#1115 = EDGE_CURVE('',#1090,#1108,#1116,.T.);
#1116 = LINE('',#1117,#1118);
#1117 = CARTESIAN_POINT('',(-22.5,-29.75,0.));
#1118 = VECTOR('',#1119,1.);
#1119 = DIRECTION('',(-0.,1.,0.));
#1120 = FACE_BOUND('',#1121,.F.);
#1121 = EDGE_LOOP('',(#1122,#1132,#1140,#1148));
#1122 = ORIENTED_EDGE('',*,*,#1123,.T.);
#1123 = EDGE_CURVE('',#1124,#1126,#1128,.T.);
#1124 = VERTEX_POINT('',#1125);
#1125 = CARTESIAN_POINT('',(47.5,-24.5,0.));
#1126 = VERTEX_POINT('',#1127);
#1127 = CARTESIAN_POINT('',(22.5,-24.5,0.));
#1128 = LINE('',#1129,#1130);
#1129 = CARTESIAN_POINT('',(-13.75,-24.5,0.));
#1130 = VECTOR('',#1131,1.);
#1131 = DIRECTION('',(-1.,-0.,0.));
#1132 = ORIENTED_EDGE('',*,*,#1133,.T.);
#1133 = EDGE_CURVE('',#1126,#1134,#1136,.T.);
#1134 = VERTEX_POINT('',#1135);
#1135 = CARTESIAN_POINT('',(22.5,-15.5,0.));
#1136 = LINE('',#1137,#1138);
#1137 = CARTESIAN_POINT('',(22.5,-29.75,0.));
#1138 = VECTOR('',#1139,1.);
#1139 = DIRECTION('',(-0.,1.,0.));
#1140 = ORIENTED_EDGE('',*,*,#1141,.F.);
#1141 = EDGE_CURVE('',#1142,#1134,#1144,.T.);
#1142 = VERTEX_POINT('',#1143);
#1143 = CARTESIAN_POINT('',(47.5,-15.5,0.));
#1144 = LINE('',#1145,#1146);
#1145 = CARTESIAN_POINT('',(-13.75,-15.5,0.));
#1146 = VECTOR('',#1147,1.);
#1147 = DIRECTION('',(-1.,-0.,0.));
#1148 = ORIENTED_EDGE('',*,*,#1149,.F.);
#1149 = EDGE_CURVE('',#1124,#1142,#1150,.T.);
#1150 = LINE('',#1151,#1152);
#1151 = CARTESIAN_POINT('',(47.5,-29.75,0.));
#1152 = VECTOR('',#1153,1.);
#1153 = DIRECTION('',(-0.,1.,0.));
#1154 = FACE_BOUND('',#1155,.F.);
#1155 = EDGE_LOOP('',(#1156,#1166,#1174,#1182));
#1156 = ORIENTED_EDGE('',*,*,#1157,.T.);
#1157 = EDGE_CURVE('',#1158,#1160,#1162,.T.);
#1158 = VERTEX_POINT('',#1159);
#1159 = CARTESIAN_POINT('',(-22.5,15.5,0.));
#1160 = VERTEX_POINT('',#1161);
#1161 = CARTESIAN_POINT('',(-47.5,15.5,0.));
#1162 = LINE('',#1163,#1164);
#1163 = CARTESIAN_POINT('',(-48.75,15.5,0.));
#1164 = VECTOR('',#1165,1.);
#1165 = DIRECTION('',(-1.,-0.,0.));
#1166 = ORIENTED_EDGE('',*,*,#1167,.T.);
#1167 = EDGE_CURVE('',#1160,#1168,#1170,.T.);
#1168 = VERTEX_POINT('',#1169);
#1169 = CARTESIAN_POINT('',(-47.5,24.5,0.));
#1170 = LINE('',#1171,#1172);
#1171 = CARTESIAN_POINT('',(-47.5,-9.75,0.));
#1172 = VECTOR('',#1173,1.);
#1173 = DIRECTION('',(-0.,1.,0.));
#1174 = ORIENTED_EDGE('',*,*,#1175,.F.);
#1175 = EDGE_CURVE('',#1176,#1168,#1178,.T.);
#1176 = VERTEX_POINT('',#1177);
#1177 = CARTESIAN_POINT('',(-22.5,24.5,0.));
#1178 = LINE('',#1179,#1180);
#1179 = CARTESIAN_POINT('',(-48.75,24.5,0.));
#1180 = VECTOR('',#1181,1.);
#1181 = DIRECTION('',(-1.,-0.,0.));
#1182 = ORIENTED_EDGE('',*,*,#1183,.F.);
#1183 = EDGE_CURVE('',#1158,#1176,#1184,.T.);
#1184 = LINE('',#1185,#1186);
#1185 = CARTESIAN_POINT('',(-22.5,-9.75,0.));
#1186 = VECTOR('',#1187,1.);
#1187 = DIRECTION('',(-0.,1.,0.));
#1188 = FACE_BOUND('',#1189,.F.);
#1189 = EDGE_LOOP('',(#1190,#1200,#1208,#1216));
#1190 = ORIENTED_EDGE('',*,*,#1191,.T.);
#1191 = EDGE_CURVE('',#1192,#1194,#1196,.T.);
#1192 = VERTEX_POINT('',#1193);
#1193 = CARTESIAN_POINT('',(47.5,15.5,0.));
#1194 = VERTEX_POINT('',#1195);
#1195 = CARTESIAN_POINT('',(22.5,15.5,0.));
#1196 = LINE('',#1197,#1198);
#1197 = CARTESIAN_POINT('',(-13.75,15.5,0.));
#1198 = VECTOR('',#1199,1.);
#1199 = DIRECTION('',(-1.,-0.,0.));
#1200 = ORIENTED_EDGE('',*,*,#1201,.T.);
#1201 = EDGE_CURVE('',#1194,#1202,#1204,.T.);
#1202 = VERTEX_POINT('',#1203);
#1203 = CARTESIAN_POINT('',(22.5,24.5,0.));
#1204 = LINE('',#1205,#1206);
#1205 = CARTESIAN_POINT('',(22.5,-9.75,0.));
#1206 = VECTOR('',#1207,1.);
#1207 = DIRECTION('',(-0.,1.,0.));
#1208 = ORIENTED_EDGE('',*,*,#1209,.F.);
#1209 = EDGE_CURVE('',#1210,#1202,#1212,.T.);
#1210 = VERTEX_POINT('',#1211);
#1211 = CARTESIAN_POINT('',(47.5,24.5,0.));
#1212 = LINE('',#1213,#1214);
#1213 = CARTESIAN_POINT('',(-13.75,24.5,0.));
#1214 = VECTOR('',#1215,1.);
#1215 = DIRECTION('',(-1.,-0.,0.));
#1216 = ORIENTED_EDGE('',*,*,#1217,.F.);
#1217 = EDGE_CURVE('',#1192,#1210,#1218,.T.);
#1218 = LINE('',#1219,#1220);
#1219 = CARTESIAN_POINT('',(47.5,-9.75,0.));
#1220 = VECTOR('',#1221,1.);
#1221 = DIRECTION('',(-0.,1.,0.));
#1222 = PLANE('',#1223);
#1223 = AXIS2_PLACEMENT_3D('',#1224,#1225,#1226);
#1224 = CARTESIAN_POINT('',(-50.,-35.,0.));
#1225 = DIRECTION('',(0.,0.,1.));
#1226 = DIRECTION('',(1.,0.,-0.));
#1227 = ADVANCED_FACE('',(#1228),#1234,.T.);
#1228 = FACE_BOUND('',#1229,.T.);
#1229 = EDGE_LOOP('',(#1230,#1231,#1232,#1233));
#1230 = ORIENTED_EDGE('',*,*,#880,.F.);
#1231 = ORIENTED_EDGE('',*,*,#1080,.T.);
#1232 = ORIENTED_EDGE('',*,*,#1064,.T.);
#1233 = ORIENTED_EDGE('',*,*,#896,.F.);
#1234 = PLANE('',#1235);
#1235 = AXIS2_PLACEMENT_3D('',#1236,#1237,#1238);
#1236 = CARTESIAN_POINT('',(50.,-35.,0.));
#1237 = DIRECTION('',(1.,0.,-0.));
#1238 = DIRECTION('',(0.,0.,1.));
#1239 = ADVANCED_FACE('',(#1240),#1256,.T.);
#1240 = FACE_BOUND('',#1241,.T.);
#1241 = EDGE_LOOP('',(#1242,#1248,#1249,#1255));
#1242 = ORIENTED_EDGE('',*,*,#1243,.F.);
#1243 = EDGE_CURVE('',#1090,#913,#1244,.T.);
#1244 = LINE('',#1245,#1246);
#1245 = CARTESIAN_POINT('',(-22.5,-24.5,-1.));
#1246 = VECTOR('',#1247,1.);
#1247 = DIRECTION('',(0.,0.,1.));
#1248 = ORIENTED_EDGE('',*,*,#1089,.T.);
#1249 = ORIENTED_EDGE('',*,*,#1250,.T.);
#1250 = EDGE_CURVE('',#1092,#915,#1251,.T.);
#1251 = LINE('',#1252,#1253);
#1252 = CARTESIAN_POINT('',(-47.5,-24.5,-1.));
#1253 = VECTOR('',#1254,1.);
#1254 = DIRECTION('',(0.,0.,1.));
#1255 = ORIENTED_EDGE('',*,*,#912,.F.);
#1256 = PLANE('',#1257);
#1257 = AXIS2_PLACEMENT_3D('',#1258,#1259,#1260);
#1258 = CARTESIAN_POINT('',(-47.5,-24.5,-1.));
#1259 = DIRECTION('',(-0.,1.,0.));
#1260 = DIRECTION('',(0.,0.,1.));
#1261 = ADVANCED_FACE('',(#1262),#1273,.F.);
#1262 = FACE_BOUND('',#1263,.F.);
#1263 = EDGE_LOOP('',(#1264,#1265,#1266,#1272));
#1264 = ORIENTED_EDGE('',*,*,#1243,.F.);
#1265 = ORIENTED_EDGE('',*,*,#1115,.T.);
#1266 = ORIENTED_EDGE('',*,*,#1267,.T.);
#1267 = EDGE_CURVE('',#1108,#931,#1268,.T.);
#1268 = LINE('',#1269,#1270);
#1269 = CARTESIAN_POINT('',(-22.5,-15.5,-1.));
#1270 = VECTOR('',#1271,1.);
#1271 = DIRECTION('',(0.,0.,1.));
#1272 = ORIENTED_EDGE('',*,*,#938,.F.);
#1273 = PLANE('',#1274);
#1274 = AXIS2_PLACEMENT_3D('',#1275,#1276,#1277);
#1275 = CARTESIAN_POINT('',(-22.5,-24.5,-1.));
#1276 = DIRECTION('',(1.,0.,-0.));
#1277 = DIRECTION('',(0.,0.,1.));
#1278 = ADVANCED_FACE('',(#1279),#1290,.T.);
#1279 = FACE_BOUND('',#1280,.T.);
#1280 = EDGE_LOOP('',(#1281,#1282,#1283,#1289));
#1281 = ORIENTED_EDGE('',*,*,#1250,.F.);
#1282 = ORIENTED_EDGE('',*,*,#1099,.T.);
#1283 = ORIENTED_EDGE('',*,*,#1284,.T.);
#1284 = EDGE_CURVE('',#1100,#923,#1285,.T.);
#1285 = LINE('',#1286,#1287);
#1286 = CARTESIAN_POINT('',(-47.5,-15.5,-1.));
#1287 = VECTOR('',#1288,1.);
#1288 = DIRECTION('',(0.,0.,1.));
#1289 = ORIENTED_EDGE('',*,*,#922,.F.);
#1290 = PLANE('',#1291);
#1291 = AXIS2_PLACEMENT_3D('',#1292,#1293,#1294);
#1292 = CARTESIAN_POINT('',(-47.5,-24.5,-1.));
#1293 = DIRECTION('',(1.,0.,-0.));
#1294 = DIRECTION('',(0.,0.,1.));
#1295 = ADVANCED_FACE('',(#1296),#1302,.F.);
#1296 = FACE_BOUND('',#1297,.F.);
#1297 = EDGE_LOOP('',(#1298,#1299,#1300,#1301));
#1298 = ORIENTED_EDGE('',*,*,#1267,.F.);
#1299 = ORIENTED_EDGE('',*,*,#1107,.T.);
#1300 = ORIENTED_EDGE('',*,*,#1284,.T.);
#1301 = ORIENTED_EDGE('',*,*,#930,.F.);
#1302 = PLANE('',#1303);
#1303 = AXIS2_PLACEMENT_3D('',#1304,#1305,#1306);
#1304 = CARTESIAN_POINT('',(-47.5,-15.5,-1.));
#1305 = DIRECTION('',(-0.,1.,0.));
#1306 = DIRECTION('',(0.,0.,1.));
#1307 = ADVANCED_FACE('',(#1308),#1324,.T.);
#1308 = FACE_BOUND('',#1309,.T.);
#1309 = EDGE_LOOP('',(#1310,#1316,#1317,#1323));
#1310 = ORIENTED_EDGE('',*,*,#1311,.F.);
#1311 = EDGE_CURVE('',#1124,#947,#1312,.T.);
#1312 = LINE('',#1313,#1314);
#1313 = CARTESIAN_POINT('',(47.5,-24.5,-1.));
#1314 = VECTOR('',#1315,1.);
#1315 = DIRECTION('',(0.,0.,1.));
#1316 = ORIENTED_EDGE('',*,*,#1123,.T.);
#1317 = ORIENTED_EDGE('',*,*,#1318,.T.);
#1318 = EDGE_CURVE('',#1126,#949,#1319,.T.);
#1319 = LINE('',#1320,#1321);
#1320 = CARTESIAN_POINT('',(22.5,-24.5,-1.));
#1321 = VECTOR('',#1322,1.);
#1322 = DIRECTION('',(0.,0.,1.));
#1323 = ORIENTED_EDGE('',*,*,#946,.F.);
#1324 = PLANE('',#1325);
#1325 = AXIS2_PLACEMENT_3D('',#1326,#1327,#1328);
#1326 = CARTESIAN_POINT('',(22.5,-24.5,-1.));
#1327 = DIRECTION('',(-0.,1.,0.));
#1328 = DIRECTION('',(0.,0.,1.));
#1329 = ADVANCED_FACE('',(#1330),#1341,.F.);
#1330 = FACE_BOUND('',#1331,.F.);
#1331 = EDGE_LOOP('',(#1332,#1333,#1334,#1340));
#1332 = ORIENTED_EDGE('',*,*,#1311,.F.);
#1333 = ORIENTED_EDGE('',*,*,#1149,.T.);
#1334 = ORIENTED_EDGE('',*,*,#1335,.T.);
#1335 = EDGE_CURVE('',#1142,#965,#1336,.T.);
#1336 = LINE('',#1337,#1338);
#1337 = CARTESIAN_POINT('',(47.5,-15.5,-1.));
#1338 = VECTOR('',#1339,1.);
#1339 = DIRECTION('',(0.,0.,1.));
#1340 = ORIENTED_EDGE('',*,*,#972,.F.);
#1341 = PLANE('',#1342);
#1342 = AXIS2_PLACEMENT_3D('',#1343,#1344,#1345);
#1343 = CARTESIAN_POINT('',(47.5,-24.5,-1.));
#1344 = DIRECTION('',(1.,0.,-0.));
#1345 = DIRECTION('',(0.,0.,1.));
#1346 = ADVANCED_FACE('',(#1347),#1358,.T.);
#1347 = FACE_BOUND('',#1348,.T.);
#1348 = EDGE_LOOP('',(#1349,#1350,#1351,#1357));
#1349 = ORIENTED_EDGE('',*,*,#1318,.F.);
#1350 = ORIENTED_EDGE('',*,*,#1133,.T.);
#1351 = ORIENTED_EDGE('',*,*,#1352,.T.);
#1352 = EDGE_CURVE('',#1134,#957,#1353,.T.);
#1353 = LINE('',#1354,#1355);
#1354 = CARTESIAN_POINT('',(22.5,-15.5,-1.));
#1355 = VECTOR('',#1356,1.);
#1356 = DIRECTION('',(0.,0.,1.));
#1357 = ORIENTED_EDGE('',*,*,#956,.F.);
#1358 = PLANE('',#1359);
#1359 = AXIS2_PLACEMENT_3D('',#1360,#1361,#1362);
#1360 = CARTESIAN_POINT('',(22.5,-24.5,-1.));
#1361 = DIRECTION('',(1.,0.,-0.));
#1362 = DIRECTION('',(0.,0.,1.));
#1363 = ADVANCED_FACE('',(#1364),#1370,.F.);
#1364 = FACE_BOUND('',#1365,.F.);
#1365 = EDGE_LOOP('',(#1366,#1367,#1368,#1369));
#1366 = ORIENTED_EDGE('',*,*,#1335,.F.);
#1367 = ORIENTED_EDGE('',*,*,#1141,.T.);
#1368 = ORIENTED_EDGE('',*,*,#1352,.T.);
#1369 = ORIENTED_EDGE('',*,*,#964,.F.);
#1370 = PLANE('',#1371);
#1371 = AXIS2_PLACEMENT_3D('',#1372,#1373,#1374);
#1372 = CARTESIAN_POINT('',(22.5,-15.5,-1.));
#1373 = DIRECTION('',(-0.,1.,0.));
#1374 = DIRECTION('',(0.,0.,1.));
#1375 = ADVANCED_FACE('',(#1376),#1392,.T.);
#1376 = FACE_BOUND('',#1377,.T.);
#1377 = EDGE_LOOP('',(#1378,#1384,#1385,#1391));
#1378 = ORIENTED_EDGE('',*,*,#1379,.F.);
#1379 = EDGE_CURVE('',#1158,#981,#1380,.T.);
#1380 = LINE('',#1381,#1382);
#1381 = CARTESIAN_POINT('',(-22.5,15.5,-1.));
#1382 = VECTOR('',#1383,1.);
#1383 = DIRECTION('',(0.,0.,1.));
#1384 = ORIENTED_EDGE('',*,*,#1157,.T.);
#1385 = ORIENTED_EDGE('',*,*,#1386,.T.);
#1386 = EDGE_CURVE('',#1160,#983,#1387,.T.);
#1387 = LINE('',#1388,#1389);
#1388 = CARTESIAN_POINT('',(-47.5,15.5,-1.));
#1389 = VECTOR('',#1390,1.);
#1390 = DIRECTION('',(0.,0.,1.));
#1391 = ORIENTED_EDGE('',*,*,#980,.F.);
#1392 = PLANE('',#1393);
#1393 = AXIS2_PLACEMENT_3D('',#1394,#1395,#1396);
#1394 = CARTESIAN_POINT('',(-47.5,15.5,-1.));
#1395 = DIRECTION('',(-0.,1.,0.));
#1396 = DIRECTION('',(0.,0.,1.));
#1397 = ADVANCED_FACE('',(#1398),#1409,.F.);
#1398 = FACE_BOUND('',#1399,.F.);
#1399 = EDGE_LOOP('',(#1400,#1401,#1402,#1408));
#1400 = ORIENTED_EDGE('',*,*,#1379,.F.);
#1401 = ORIENTED_EDGE('',*,*,#1183,.T.);
#1402 = ORIENTED_EDGE('',*,*,#1403,.T.);
#1403 = EDGE_CURVE('',#1176,#999,#1404,.T.);
#1404 = LINE('',#1405,#1406);
#1405 = CARTESIAN_POINT('',(-22.5,24.5,-1.));
#1406 = VECTOR('',#1407,1.);
#1407 = DIRECTION('',(0.,0.,1.));
#1408 = ORIENTED_EDGE('',*,*,#1006,.F.);
#1409 = PLANE('',#1410);
#1410 = AXIS2_PLACEMENT_3D('',#1411,#1412,#1413);
#1411 = CARTESIAN_POINT('',(-22.5,15.5,-1.));
#1412 = DIRECTION('',(1.,0.,-0.));
#1413 = DIRECTION('',(0.,0.,1.));
#1414 = ADVANCED_FACE('',(#1415),#1426,.T.);
#1415 = FACE_BOUND('',#1416,.T.);
#1416 = EDGE_LOOP('',(#1417,#1418,#1419,#1425));
#1417 = ORIENTED_EDGE('',*,*,#1386,.F.);
#1418 = ORIENTED_EDGE('',*,*,#1167,.T.);
#1419 = ORIENTED_EDGE('',*,*,#1420,.T.);
#1420 = EDGE_CURVE('',#1168,#991,#1421,.T.);
#1421 = LINE('',#1422,#1423);
#1422 = CARTESIAN_POINT('',(-47.5,24.5,-1.));
#1423 = VECTOR('',#1424,1.);
#1424 = DIRECTION('',(0.,0.,1.));
#1425 = ORIENTED_EDGE('',*,*,#990,.F.);
#1426 = PLANE('',#1427);
#1427 = AXIS2_PLACEMENT_3D('',#1428,#1429,#1430);
#1428 = CARTESIAN_POINT('',(-47.5,15.5,-1.));
#1429 = DIRECTION('',(1.,0.,-0.));
#1430 = DIRECTION('',(0.,0.,1.));
#1431 = ADVANCED_FACE('',(#1432),#1438,.F.);
#1432 = FACE_BOUND('',#1433,.F.);
#1433 = EDGE_LOOP('',(#1434,#1435,#1436,#1437));
#1434 = ORIENTED_EDGE('',*,*,#1403,.F.);
#1435 = ORIENTED_EDGE('',*,*,#1175,.T.);
#1436 = ORIENTED_EDGE('',*,*,#1420,.T.);
#1437 = ORIENTED_EDGE('',*,*,#998,.F.);
#1438 = PLANE('',#1439);
#1439 = AXIS2_PLACEMENT_3D('',#1440,#1441,#1442);
#1440 = CARTESIAN_POINT('',(-47.5,24.5,-1.));
#1441 = DIRECTION('',(-0.,1.,0.));
#1442 = DIRECTION('',(0.,0.,1.));
#1443 = ADVANCED_FACE('',(#1444),#1460,.T.);
#1444 = FACE_BOUND('',#1445,.T.);
#1445 = EDGE_LOOP('',(#1446,#1452,#1453,#1459));
#1446 = ORIENTED_EDGE('',*,*,#1447,.F.);
#1447 = EDGE_CURVE('',#1192,#1015,#1448,.T.);
#1448 = LINE('',#1449,#1450);
#1449 = CARTESIAN_POINT('',(47.5,15.5,-1.));
#1450 = VECTOR('',#1451,1.);
#1451 = DIRECTION('',(0.,0.,1.));
#1452 = ORIENTED_EDGE('',*,*,#1191,.T.);
#1453 = ORIENTED_EDGE('',*,*,#1454,.T.);
#1454 = EDGE_CURVE('',#1194,#1017,#1455,.T.);
#1455 = LINE('',#1456,#1457);
#1456 = CARTESIAN_POINT('',(22.5,15.5,-1.));
#1457 = VECTOR('',#1458,1.);
#1458 = DIRECTION('',(0.,0.,1.));
#1459 = ORIENTED_EDGE('',*,*,#1014,.F.);
#1460 = PLANE('',#1461);
#1461 = AXIS2_PLACEMENT_3D('',#1462,#1463,#1464);
#1462 = CARTESIAN_POINT('',(22.5,15.5,-1.));
#1463 = DIRECTION('',(-0.,1.,0.));
#1464 = DIRECTION('',(0.,0.,1.));
#1465 = ADVANCED_FACE('',(#1466),#1477,.F.);
#1466 = FACE_BOUND('',#1467,.F.);
#1467 = EDGE_LOOP('',(#1468,#1469,#1470,#1476));
#1468 = ORIENTED_EDGE('',*,*,#1447,.F.);
#1469 = ORIENTED_EDGE('',*,*,#1217,.T.);
#1470 = ORIENTED_EDGE('',*,*,#1471,.T.);
#1471 = EDGE_CURVE('',#1210,#1033,#1472,.T.);
#1472 = LINE('',#1473,#1474);
#1473 = CARTESIAN_POINT('',(47.5,24.5,-1.));
#1474 = VECTOR('',#1475,1.);
#1475 = DIRECTION('',(0.,0.,1.));
#1476 = ORIENTED_EDGE('',*,*,#1040,.F.);
#1477 = PLANE('',#1478);
#1478 = AXIS2_PLACEMENT_3D('',#1479,#1480,#1481);
#1479 = CARTESIAN_POINT('',(47.5,15.5,-1.));
#1480 = DIRECTION('',(1.,0.,-0.));
#1481 = DIRECTION('',(0.,0.,1.));
#1482 = ADVANCED_FACE('',(#1483),#1494,.F.);
#1483 = FACE_BOUND('',#1484,.F.);
#1484 = EDGE_LOOP('',(#1485,#1486,#1487,#1493));
#1485 = ORIENTED_EDGE('',*,*,#1471,.F.);
#1486 = ORIENTED_EDGE('',*,*,#1209,.T.);
#1487 = ORIENTED_EDGE('',*,*,#1488,.T.);
#1488 = EDGE_CURVE('',#1202,#1025,#1489,.T.);
#1489 = LINE('',#1490,#1491);
#1490 = CARTESIAN_POINT('',(22.5,24.5,-1.));
#1491 = VECTOR('',#1492,1.);
#1492 = DIRECTION('',(0.,0.,1.));
#1493 = ORIENTED_EDGE('',*,*,#1032,.F.);
#1494 = PLANE('',#1495);
#1495 = AXIS2_PLACEMENT_3D('',#1496,#1497,#1498);
#1496 = CARTESIAN_POINT('',(22.5,24.5,-1.));
#1497 = DIRECTION('',(-0.,1.,0.));
#1498 = DIRECTION('',(0.,0.,1.));
#1499 = ADVANCED_FACE('',(#1500),#1506,.T.);
#1500 = FACE_BOUND('',#1501,.T.);
#1501 = EDGE_LOOP('',(#1502,#1503,#1504,#1505));
#1502 = ORIENTED_EDGE('',*,*,#1454,.F.);
#1503 = ORIENTED_EDGE('',*,*,#1201,.T.);
#1504 = ORIENTED_EDGE('',*,*,#1488,.T.);
#1505 = ORIENTED_EDGE('',*,*,#1024,.F.);
#1506 = PLANE('',#1507);
#1507 = AXIS2_PLACEMENT_3D('',#1508,#1509,#1510);
#1508 = CARTESIAN_POINT('',(22.5,15.5,-1.));
#1509 = DIRECTION('',(1.,0.,-0.));
#1510 = DIRECTION('',(0.,0.,1.));
#1511 = ( GEOMETRIC_REPRESENTATION_CONTEXT(3) 
GLOBAL_UNCERTAINTY_ASSIGNED_CONTEXT((#1515)) 
GLOBAL_UNIT_ASSIGNED_CONTEXT((#1512,#1513,#1514)) REPRESENTATION_CONTEXT
('Context #1','3D Context with UNIT and UNCERTAINTY') );
#1512 = ( LENGTH_UNIT() NAMED_UNIT(*) SI_UNIT(.MILLI.,.METRE.) );
#1513 = ( NAMED_UNIT(*) PLANE_ANGLE_UNIT() SI_UNIT($,.RADIAN.) );
#1514 = ( NAMED_UNIT(*) SI_UNIT($,.STERADIAN.) SOLID_ANGLE_UNIT() );
#1515 = UNCERTAINTY_MEASURE_WITH_UNIT(LENGTH_MEASURE(2.E-07),#1512,
  'distance_accuracy_value','confusion accuracy');
#1516 = CONTEXT_DEPENDENT_SHAPE_REPRESENTATION(#1517,#1519);
#1517 = ( REPRESENTATION_RELATIONSHIP('','',#816,#10) 
REPRESENTATION_RELATIONSHIP_WITH_TRANSFORMATION(#1518) 
SHAPE_REPRESENTATION_RELATIONSHIP() );
#1518 = ITEM_DEFINED_TRANSFORMATION('','',#11,#31);
#1519 = PRODUCT_DEFINITION_SHAPE('Placement','Placement of an item',
  #1520);
#1520 = NEXT_ASSEMBLY_USAGE_OCCURRENCE('5','folha1_a_chapa','',#5,#811,$
  );
#1521 = PRODUCT_RELATED_PRODUCT_CATEGORY('part',$,(#813));
#1522 = SHAPE_DEFINITION_REPRESENTATION(#1523,#1529);
#1523 = PRODUCT_DEFINITION_SHAPE('','',#1524);
#1524 = PRODUCT_DEFINITION('design','',#1525,#1528);
#1525 = PRODUCT_DEFINITION_FORMATION('','',#1526);
#1526 = PRODUCT('folha1_a_roda','folha1_a_roda','',(#1527));
#1527 = PRODUCT_CONTEXT('',#2,'mechanical');
#1528 = PRODUCT_DEFINITION_CONTEXT('part definition',#2,'design');
#1529 = ADVANCED_BREP_SHAPE_REPRESENTATION('',(#11,#1530),#1583);
#1530 = MANIFOLD_SOLID_BREP('',#1531);
#1531 = CLOSED_SHELL('',(#1532,#1565,#1574));
#1532 = ADVANCED_FACE('',(#1533),#1560,.T.);
#1533 = FACE_BOUND('',#1534,.T.);
#1534 = EDGE_LOOP('',(#1535,#1544,#1552,#1559));
#1535 = ORIENTED_EDGE('',*,*,#1536,.F.);
#1536 = EDGE_CURVE('',#1537,#1537,#1539,.T.);
#1537 = VERTEX_POINT('',#1538);
#1538 = CARTESIAN_POINT('',(-9.E-15,16.,37.5));
#1539 = CIRCLE('',#1540,37.5);
#1540 = AXIS2_PLACEMENT_3D('',#1541,#1542,#1543);
#1541 = CARTESIAN_POINT('',(0.,16.,0.));
#1542 = DIRECTION('',(0.,1.,0.));
#1543 = DIRECTION('',(0.,-0.,1.));
#1544 = ORIENTED_EDGE('',*,*,#1545,.F.);
#1545 = EDGE_CURVE('',#1546,#1537,#1548,.T.);
#1546 = VERTEX_POINT('',#1547);
#1547 = CARTESIAN_POINT('',(-9.E-15,-16.,37.5));
#1548 = LINE('',#1549,#1550);
#1549 = CARTESIAN_POINT('',(-9.18E-15,-16.,37.5));
#1550 = VECTOR('',#1551,1.);
#1551 = DIRECTION('',(0.,1.,0.));
#1552 = ORIENTED_EDGE('',*,*,#1553,.T.);
#1553 = EDGE_CURVE('',#1546,#1546,#1554,.T.);
#1554 = CIRCLE('',#1555,37.5);
#1555 = AXIS2_PLACEMENT_3D('',#1556,#1557,#1558);
#1556 = CARTESIAN_POINT('',(0.,-16.,0.));
#1557 = DIRECTION('',(0.,1.,0.));
#1558 = DIRECTION('',(0.,-0.,1.));
#1559 = ORIENTED_EDGE('',*,*,#1545,.T.);
#1560 = CYLINDRICAL_SURFACE('',#1561,37.5);
#1561 = AXIS2_PLACEMENT_3D('',#1562,#1563,#1564);
#1562 = CARTESIAN_POINT('',(0.,-16.,0.));
#1563 = DIRECTION('',(0.,1.,0.));
#1564 = DIRECTION('',(0.,-0.,1.));
#1565 = ADVANCED_FACE('',(#1566),#1569,.T.);
#1566 = FACE_BOUND('',#1567,.T.);
#1567 = EDGE_LOOP('',(#1568));
#1568 = ORIENTED_EDGE('',*,*,#1536,.T.);
#1569 = PLANE('',#1570);
#1570 = AXIS2_PLACEMENT_3D('',#1571,#1572,#1573);
#1571 = CARTESIAN_POINT('',(0.,16.,0.));
#1572 = DIRECTION('',(0.,1.,0.));
#1573 = DIRECTION('',(0.,-0.,1.));
#1574 = ADVANCED_FACE('',(#1575),#1578,.F.);
#1575 = FACE_BOUND('',#1576,.T.);
#1576 = EDGE_LOOP('',(#1577));
#1577 = ORIENTED_EDGE('',*,*,#1553,.F.);
#1578 = PLANE('',#1579);
#1579 = AXIS2_PLACEMENT_3D('',#1580,#1581,#1582);
#1580 = CARTESIAN_POINT('',(0.,-16.,0.));
#1581 = DIRECTION('',(0.,1.,0.));
#1582 = DIRECTION('',(0.,-0.,1.));
#1583 = ( GEOMETRIC_REPRESENTATION_CONTEXT(3) 
GLOBAL_UNCERTAINTY_ASSIGNED_CONTEXT((#1587)) 
GLOBAL_UNIT_ASSIGNED_CONTEXT((#1584,#1585,#1586)) REPRESENTATION_CONTEXT
('Context #1','3D Context with UNIT and UNCERTAINTY') );
#1584 = ( LENGTH_UNIT() NAMED_UNIT(*) SI_UNIT(.MILLI.,.METRE.) );
#1585 = ( NAMED_UNIT(*) PLANE_ANGLE_UNIT() SI_UNIT($,.RADIAN.) );
#1586 = ( NAMED_UNIT(*) SI_UNIT($,.STERADIAN.) SOLID_ANGLE_UNIT() );
#1587 = UNCERTAINTY_MEASURE_WITH_UNIT(LENGTH_MEASURE(1.E-07),#1584,
  'distance_accuracy_value','confusion accuracy');
#1588 = CONTEXT_DEPENDENT_SHAPE_REPRESENTATION(#1589,#1591);
#1589 = ( REPRESENTATION_RELATIONSHIP('','',#1529,#10) 
REPRESENTATION_RELATIONSHIP_WITH_TRANSFORMATION(#1590) 
SHAPE_REPRESENTATION_RELATIONSHIP() );
#1590 = ITEM_DEFINED_TRANSFORMATION('','',#11,#35);
#1591 = PRODUCT_DEFINITION_SHAPE('Placement','Placement of an item',
  #1592);
#1592 = NEXT_ASSEMBLY_USAGE_OCCURRENCE('6','folha1_a_roda','',#5,#1524,$
  );
#1593 = PRODUCT_RELATED_PRODUCT_CATEGORY('part',$,(#1526));
#1594 = SHAPE_DEFINITION_REPRESENTATION(#1595,#1601);
#1595 = PRODUCT_DEFINITION_SHAPE('','',#1596);
#1596 = PRODUCT_DEFINITION('design','',#1597,#1600);
#1597 = PRODUCT_DEFINITION_FORMATION('','',#1598);
#1598 = PRODUCT('folha1_a_garfo','folha1_a_garfo','',(#1599));
#1599 = PRODUCT_CONTEXT('',#2,'mechanical');
#1600 = PRODUCT_DEFINITION_CONTEXT('part definition',#2,'design');
#1601 = ADVANCED_BREP_SHAPE_REPRESENTATION('',(#11,#1602),#1752);
#1602 = MANIFOLD_SOLID_BREP('',#1603);
#1603 = CLOSED_SHELL('',(#1604,#1644,#1684,#1706,#1728,#1740));
#1604 = ADVANCED_FACE('',(#1605),#1639,.F.);
#1605 = FACE_BOUND('',#1606,.F.);
#1606 = EDGE_LOOP('',(#1607,#1617,#1625,#1633));
#1607 = ORIENTED_EDGE('',*,*,#1608,.F.);
#1608 = EDGE_CURVE('',#1609,#1611,#1613,.T.);
#1609 = VERTEX_POINT('',#1610);
#1610 = CARTESIAN_POINT('',(-23.,-18.,0.));
#1611 = VERTEX_POINT('',#1612);
#1612 = CARTESIAN_POINT('',(-23.,-18.,23.));
#1613 = LINE('',#1614,#1615);
#1614 = CARTESIAN_POINT('',(-23.,-18.,0.));
#1615 = VECTOR('',#1616,1.);
#1616 = DIRECTION('',(0.,0.,1.));
#1617 = ORIENTED_EDGE('',*,*,#1618,.T.);
#1618 = EDGE_CURVE('',#1609,#1619,#1621,.T.);
#1619 = VERTEX_POINT('',#1620);
#1620 = CARTESIAN_POINT('',(-23.,18.,0.));
#1621 = LINE('',#1622,#1623);
#1622 = CARTESIAN_POINT('',(-23.,-18.,0.));
#1623 = VECTOR('',#1624,1.);
#1624 = DIRECTION('',(-0.,1.,0.));
#1625 = ORIENTED_EDGE('',*,*,#1626,.T.);
#1626 = EDGE_CURVE('',#1619,#1627,#1629,.T.);
#1627 = VERTEX_POINT('',#1628);
#1628 = CARTESIAN_POINT('',(-23.,18.,23.));
#1629 = LINE('',#1630,#1631);
#1630 = CARTESIAN_POINT('',(-23.,18.,0.));
#1631 = VECTOR('',#1632,1.);
#1632 = DIRECTION('',(0.,0.,1.));
#1633 = ORIENTED_EDGE('',*,*,#1634,.F.);
#1634 = EDGE_CURVE('',#1611,#1627,#1635,.T.);
#1635 = LINE('',#1636,#1637);
#1636 = CARTESIAN_POINT('',(-23.,-18.,23.));
#1637 = VECTOR('',#1638,1.);
#1638 = DIRECTION('',(-0.,1.,0.));
#1639 = PLANE('',#1640);
#1640 = AXIS2_PLACEMENT_3D('',#1641,#1642,#1643);
#1641 = CARTESIAN_POINT('',(-23.,-18.,0.));
#1642 = DIRECTION('',(1.,0.,-0.));
#1643 = DIRECTION('',(0.,0.,1.));
#1644 = ADVANCED_FACE('',(#1645),#1679,.T.);
#1645 = FACE_BOUND('',#1646,.T.);
#1646 = EDGE_LOOP('',(#1647,#1657,#1665,#1673));
#1647 = ORIENTED_EDGE('',*,*,#1648,.F.);
#1648 = EDGE_CURVE('',#1649,#1651,#1653,.T.);
#1649 = VERTEX_POINT('',#1650);
#1650 = CARTESIAN_POINT('',(23.,-18.,0.));
#1651 = VERTEX_POINT('',#1652);
#1652 = CARTESIAN_POINT('',(23.,-18.,23.));
#1653 = LINE('',#1654,#1655);
#1654 = CARTESIAN_POINT('',(23.,-18.,0.));
#1655 = VECTOR('',#1656,1.);
#1656 = DIRECTION('',(0.,0.,1.));
#1657 = ORIENTED_EDGE('',*,*,#1658,.T.);
#1658 = EDGE_CURVE('',#1649,#1659,#1661,.T.);
#1659 = VERTEX_POINT('',#1660);
#1660 = CARTESIAN_POINT('',(23.,18.,0.));
#1661 = LINE('',#1662,#1663);
#1662 = CARTESIAN_POINT('',(23.,-18.,0.));
#1663 = VECTOR('',#1664,1.);
#1664 = DIRECTION('',(-0.,1.,0.));
#1665 = ORIENTED_EDGE('',*,*,#1666,.T.);
#1666 = EDGE_CURVE('',#1659,#1667,#1669,.T.);
#1667 = VERTEX_POINT('',#1668);
#1668 = CARTESIAN_POINT('',(23.,18.,23.));
#1669 = LINE('',#1670,#1671);
#1670 = CARTESIAN_POINT('',(23.,18.,0.));
#1671 = VECTOR('',#1672,1.);
#1672 = DIRECTION('',(0.,0.,1.));
#1673 = ORIENTED_EDGE('',*,*,#1674,.F.);
#1674 = EDGE_CURVE('',#1651,#1667,#1675,.T.);
#1675 = LINE('',#1676,#1677);
#1676 = CARTESIAN_POINT('',(23.,-18.,23.));
#1677 = VECTOR('',#1678,1.);
#1678 = DIRECTION('',(-0.,1.,0.));
#1679 = PLANE('',#1680);
#1680 = AXIS2_PLACEMENT_3D('',#1681,#1682,#1683);
#1681 = CARTESIAN_POINT('',(23.,-18.,0.));
#1682 = DIRECTION('',(1.,0.,-0.));
#1683 = DIRECTION('',(0.,0.,1.));
#1684 = ADVANCED_FACE('',(#1685),#1701,.F.);
#1685 = FACE_BOUND('',#1686,.F.);
#1686 = EDGE_LOOP('',(#1687,#1693,#1694,#1700));
#1687 = ORIENTED_EDGE('',*,*,#1688,.F.);
#1688 = EDGE_CURVE('',#1609,#1649,#1689,.T.);
#1689 = LINE('',#1690,#1691);
#1690 = CARTESIAN_POINT('',(-23.,-18.,0.));
#1691 = VECTOR('',#1692,1.);
#1692 = DIRECTION('',(1.,0.,-0.));
#1693 = ORIENTED_EDGE('',*,*,#1608,.T.);
#1694 = ORIENTED_EDGE('',*,*,#1695,.T.);
#1695 = EDGE_CURVE('',#1611,#1651,#1696,.T.);
#1696 = LINE('',#1697,#1698);
#1697 = CARTESIAN_POINT('',(-23.,-18.,23.));
#1698 = VECTOR('',#1699,1.);
#1699 = DIRECTION('',(1.,0.,-0.));
#1700 = ORIENTED_EDGE('',*,*,#1648,.F.);
#1701 = PLANE('',#1702);
#1702 = AXIS2_PLACEMENT_3D('',#1703,#1704,#1705);
#1703 = CARTESIAN_POINT('',(-23.,-18.,0.));
#1704 = DIRECTION('',(-0.,1.,0.));
#1705 = DIRECTION('',(0.,0.,1.));
#1706 = ADVANCED_FACE('',(#1707),#1723,.T.);
#1707 = FACE_BOUND('',#1708,.T.);
#1708 = EDGE_LOOP('',(#1709,#1715,#1716,#1722));
#1709 = ORIENTED_EDGE('',*,*,#1710,.F.);
#1710 = EDGE_CURVE('',#1619,#1659,#1711,.T.);
#1711 = LINE('',#1712,#1713);
#1712 = CARTESIAN_POINT('',(-23.,18.,0.));
#1713 = VECTOR('',#1714,1.);
#1714 = DIRECTION('',(1.,0.,-0.));
#1715 = ORIENTED_EDGE('',*,*,#1626,.T.);
#1716 = ORIENTED_EDGE('',*,*,#1717,.T.);
#1717 = EDGE_CURVE('',#1627,#1667,#1718,.T.);
#1718 = LINE('',#1719,#1720);
#1719 = CARTESIAN_POINT('',(-23.,18.,23.));
#1720 = VECTOR('',#1721,1.);
#1721 = DIRECTION('',(1.,0.,-0.));
#1722 = ORIENTED_EDGE('',*,*,#1666,.F.);
#1723 = PLANE('',#1724);
#1724 = AXIS2_PLACEMENT_3D('',#1725,#1726,#1727);
#1725 = CARTESIAN_POINT('',(-23.,18.,0.));
#1726 = DIRECTION('',(-0.,1.,0.));
#1727 = DIRECTION('',(0.,0.,1.));
#1728 = ADVANCED_FACE('',(#1729),#1735,.F.);
#1729 = FACE_BOUND('',#1730,.F.);
#1730 = EDGE_LOOP('',(#1731,#1732,#1733,#1734));
#1731 = ORIENTED_EDGE('',*,*,#1618,.F.);
#1732 = ORIENTED_EDGE('',*,*,#1688,.T.);
#1733 = ORIENTED_EDGE('',*,*,#1658,.T.);
#1734 = ORIENTED_EDGE('',*,*,#1710,.F.);
#1735 = PLANE('',#1736);
#1736 = AXIS2_PLACEMENT_3D('',#1737,#1738,#1739);
#1737 = CARTESIAN_POINT('',(-23.,-18.,0.));
#1738 = DIRECTION('',(0.,0.,1.));
#1739 = DIRECTION('',(1.,0.,-0.));
#1740 = ADVANCED_FACE('',(#1741),#1747,.T.);
#1741 = FACE_BOUND('',#1742,.T.);
#1742 = EDGE_LOOP('',(#1743,#1744,#1745,#1746));
#1743 = ORIENTED_EDGE('',*,*,#1634,.F.);
#1744 = ORIENTED_EDGE('',*,*,#1695,.T.);
#1745 = ORIENTED_EDGE('',*,*,#1674,.T.);
#1746 = ORIENTED_EDGE('',*,*,#1717,.F.);
#1747 = PLANE('',#1748);
#1748 = AXIS2_PLACEMENT_3D('',#1749,#1750,#1751);
#1749 = CARTESIAN_POINT('',(-23.,-18.,23.));
#1750 = DIRECTION('',(0.,0.,1.));
#1751 = DIRECTION('',(1.,0.,-0.));
#1752 = ( GEOMETRIC_REPRESENTATION_CONTEXT(3) 
GLOBAL_UNCERTAINTY_ASSIGNED_CONTEXT((#1756)) 
GLOBAL_UNIT_ASSIGNED_CONTEXT((#1753,#1754,#1755)) REPRESENTATION_CONTEXT
('Context #1','3D Context with UNIT and UNCERTAINTY') );
#1753 = ( LENGTH_UNIT() NAMED_UNIT(*) SI_UNIT(.MILLI.,.METRE.) );
#1754 = ( NAMED_UNIT(*) PLANE_ANGLE_UNIT() SI_UNIT($,.RADIAN.) );
#1755 = ( NAMED_UNIT(*) SI_UNIT($,.STERADIAN.) SOLID_ANGLE_UNIT() );
#1756 = UNCERTAINTY_MEASURE_WITH_UNIT(LENGTH_MEASURE(1.E-07),#1753,
  'distance_accuracy_value','confusion accuracy');
#1757 = CONTEXT_DEPENDENT_SHAPE_REPRESENTATION(#1758,#1760);
#1758 = ( REPRESENTATION_RELATIONSHIP('','',#1601,#10) 
REPRESENTATION_RELATIONSHIP_WITH_TRANSFORMATION(#1759) 
SHAPE_REPRESENTATION_RELATIONSHIP() );
#1759 = ITEM_DEFINED_TRANSFORMATION('','',#11,#39);
#1760 = PRODUCT_DEFINITION_SHAPE('Placement','Placement of an item',
  #1761);
#1761 = NEXT_ASSEMBLY_USAGE_OCCURRENCE('7','folha1_a_garfo','',#5,#1596,
  $);
#1762 = PRODUCT_RELATED_PRODUCT_CATEGORY('part',$,(#1598));
#1763 = SHAPE_DEFINITION_REPRESENTATION(#1764,#1770);
#1764 = PRODUCT_DEFINITION_SHAPE('','',#1765);
#1765 = PRODUCT_DEFINITION('design','',#1766,#1769);
#1766 = PRODUCT_DEFINITION_FORMATION('','',#1767);
#1767 = PRODUCT('folha1_a_placa','folha1_a_placa','',(#1768));
#1768 = PRODUCT_CONTEXT('',#2,'mechanical');
#1769 = PRODUCT_DEFINITION_CONTEXT('part definition',#2,'design');
#1770 = ADVANCED_BREP_SHAPE_REPRESENTATION('',(#11,#1771),#1921);
#1771 = MANIFOLD_SOLID_BREP('',#1772);
#1772 = CLOSED_SHELL('',(#1773,#1813,#1853,#1875,#1897,#1909));
#1773 = ADVANCED_FACE('',(#1774),#1808,.F.);
#1774 = FACE_BOUND('',#1775,.F.);
#1775 = EDGE_LOOP('',(#1776,#1786,#1794,#1802));
#1776 = ORIENTED_EDGE('',*,*,#1777,.F.);
#1777 = EDGE_CURVE('',#1778,#1780,#1782,.T.);
#1778 = VERTEX_POINT('',#1779);
#1779 = CARTESIAN_POINT('',(-45.75,-30.,0.));
#1780 = VERTEX_POINT('',#1781);
#1781 = CARTESIAN_POINT('',(-45.75,-30.,4.));
#1782 = LINE('',#1783,#1784);
#1783 = CARTESIAN_POINT('',(-45.75,-30.,0.));
#1784 = VECTOR('',#1785,1.);
#1785 = DIRECTION('',(0.,0.,1.));
#1786 = ORIENTED_EDGE('',*,*,#1787,.T.);
#1787 = EDGE_CURVE('',#1778,#1788,#1790,.T.);
#1788 = VERTEX_POINT('',#1789);
#1789 = CARTESIAN_POINT('',(-45.75,30.,0.));
#1790 = LINE('',#1791,#1792);
#1791 = CARTESIAN_POINT('',(-45.75,-30.,0.));
#1792 = VECTOR('',#1793,1.);
#1793 = DIRECTION('',(-0.,1.,0.));
#1794 = ORIENTED_EDGE('',*,*,#1795,.T.);
#1795 = EDGE_CURVE('',#1788,#1796,#1798,.T.);
#1796 = VERTEX_POINT('',#1797);
#1797 = CARTESIAN_POINT('',(-45.75,30.,4.));
#1798 = LINE('',#1799,#1800);
#1799 = CARTESIAN_POINT('',(-45.75,30.,0.));
#1800 = VECTOR('',#1801,1.);
#1801 = DIRECTION('',(0.,0.,1.));
#1802 = ORIENTED_EDGE('',*,*,#1803,.F.);
#1803 = EDGE_CURVE('',#1780,#1796,#1804,.T.);
#1804 = LINE('',#1805,#1806);
#1805 = CARTESIAN_POINT('',(-45.75,-30.,4.));
#1806 = VECTOR('',#1807,1.);
#1807 = DIRECTION('',(-0.,1.,0.));
#1808 = PLANE('',#1809);
#1809 = AXIS2_PLACEMENT_3D('',#1810,#1811,#1812);
#1810 = CARTESIAN_POINT('',(-45.75,-30.,0.));
#1811 = DIRECTION('',(1.,0.,-0.));
#1812 = DIRECTION('',(0.,0.,1.));
#1813 = ADVANCED_FACE('',(#1814),#1848,.T.);
#1814 = FACE_BOUND('',#1815,.T.);
#1815 = EDGE_LOOP('',(#1816,#1826,#1834,#1842));
#1816 = ORIENTED_EDGE('',*,*,#1817,.F.);
#1817 = EDGE_CURVE('',#1818,#1820,#1822,.T.);
#1818 = VERTEX_POINT('',#1819);
#1819 = CARTESIAN_POINT('',(45.75,-30.,0.));
#1820 = VERTEX_POINT('',#1821);
#1821 = CARTESIAN_POINT('',(45.75,-30.,4.));
#1822 = LINE('',#1823,#1824);
#1823 = CARTESIAN_POINT('',(45.75,-30.,0.));
#1824 = VECTOR('',#1825,1.);
#1825 = DIRECTION('',(0.,0.,1.));
#1826 = ORIENTED_EDGE('',*,*,#1827,.T.);
#1827 = EDGE_CURVE('',#1818,#1828,#1830,.T.);
#1828 = VERTEX_POINT('',#1829);
#1829 = CARTESIAN_POINT('',(45.75,30.,0.));
#1830 = LINE('',#1831,#1832);
#1831 = CARTESIAN_POINT('',(45.75,-30.,0.));
#1832 = VECTOR('',#1833,1.);
#1833 = DIRECTION('',(-0.,1.,0.));
#1834 = ORIENTED_EDGE('',*,*,#1835,.T.);
#1835 = EDGE_CURVE('',#1828,#1836,#1838,.T.);
#1836 = VERTEX_POINT('',#1837);
#1837 = CARTESIAN_POINT('',(45.75,30.,4.));
#1838 = LINE('',#1839,#1840);
#1839 = CARTESIAN_POINT('',(45.75,30.,0.));
#1840 = VECTOR('',#1841,1.);
#1841 = DIRECTION('',(0.,0.,1.));
#1842 = ORIENTED_EDGE('',*,*,#1843,.F.);
#1843 = EDGE_CURVE('',#1820,#1836,#1844,.T.);
#1844 = LINE('',#1845,#1846);
#1845 = CARTESIAN_POINT('',(45.75,-30.,4.));
#1846 = VECTOR('',#1847,1.);
#1847 = DIRECTION('',(-0.,1.,0.));
#1848 = PLANE('',#1849);
#1849 = AXIS2_PLACEMENT_3D('',#1850,#1851,#1852);
#1850 = CARTESIAN_POINT('',(45.75,-30.,0.));
#1851 = DIRECTION('',(1.,0.,-0.));
#1852 = DIRECTION('',(0.,0.,1.));
#1853 = ADVANCED_FACE('',(#1854),#1870,.F.);
#1854 = FACE_BOUND('',#1855,.F.);
#1855 = EDGE_LOOP('',(#1856,#1862,#1863,#1869));
#1856 = ORIENTED_EDGE('',*,*,#1857,.F.);
#1857 = EDGE_CURVE('',#1778,#1818,#1858,.T.);
#1858 = LINE('',#1859,#1860);
#1859 = CARTESIAN_POINT('',(-45.75,-30.,0.));
#1860 = VECTOR('',#1861,1.);
#1861 = DIRECTION('',(1.,0.,-0.));
#1862 = ORIENTED_EDGE('',*,*,#1777,.T.);
#1863 = ORIENTED_EDGE('',*,*,#1864,.T.);
#1864 = EDGE_CURVE('',#1780,#1820,#1865,.T.);
#1865 = LINE('',#1866,#1867);
#1866 = CARTESIAN_POINT('',(-45.75,-30.,4.));
#1867 = VECTOR('',#1868,1.);
#1868 = DIRECTION('',(1.,0.,-0.));
#1869 = ORIENTED_EDGE('',*,*,#1817,.F.);
#1870 = PLANE('',#1871);
#1871 = AXIS2_PLACEMENT_3D('',#1872,#1873,#1874);
#1872 = CARTESIAN_POINT('',(-45.75,-30.,0.));
#1873 = DIRECTION('',(-0.,1.,0.));
#1874 = DIRECTION('',(0.,0.,1.));
#1875 = ADVANCED_FACE('',(#1876),#1892,.T.);
#1876 = FACE_BOUND('',#1877,.T.);
#1877 = EDGE_LOOP('',(#1878,#1884,#1885,#1891));
#1878 = ORIENTED_EDGE('',*,*,#1879,.F.);
#1879 = EDGE_CURVE('',#1788,#1828,#1880,.T.);
#1880 = LINE('',#1881,#1882);
#1881 = CARTESIAN_POINT('',(-45.75,30.,0.));
#1882 = VECTOR('',#1883,1.);
#1883 = DIRECTION('',(1.,0.,-0.));
#1884 = ORIENTED_EDGE('',*,*,#1795,.T.);
#1885 = ORIENTED_EDGE('',*,*,#1886,.T.);
#1886 = EDGE_CURVE('',#1796,#1836,#1887,.T.);
#1887 = LINE('',#1888,#1889);
#1888 = CARTESIAN_POINT('',(-45.75,30.,4.));
#1889 = VECTOR('',#1890,1.);
#1890 = DIRECTION('',(1.,0.,-0.));
#1891 = ORIENTED_EDGE('',*,*,#1835,.F.);
#1892 = PLANE('',#1893);
#1893 = AXIS2_PLACEMENT_3D('',#1894,#1895,#1896);
#1894 = CARTESIAN_POINT('',(-45.75,30.,0.));
#1895 = DIRECTION('',(-0.,1.,0.));
#1896 = DIRECTION('',(0.,0.,1.));
#1897 = ADVANCED_FACE('',(#1898),#1904,.F.);
#1898 = FACE_BOUND('',#1899,.F.);
#1899 = EDGE_LOOP('',(#1900,#1901,#1902,#1903));
#1900 = ORIENTED_EDGE('',*,*,#1787,.F.);
#1901 = ORIENTED_EDGE('',*,*,#1857,.T.);
#1902 = ORIENTED_EDGE('',*,*,#1827,.T.);
#1903 = ORIENTED_EDGE('',*,*,#1879,.F.);
#1904 = PLANE('',#1905);
#1905 = AXIS2_PLACEMENT_3D('',#1906,#1907,#1908);
#1906 = CARTESIAN_POINT('',(-45.75,-30.,0.));
#1907 = DIRECTION('',(0.,0.,1.));
#1908 = DIRECTION('',(1.,0.,-0.));
#1909 = ADVANCED_FACE('',(#1910),#1916,.T.);
#1910 = FACE_BOUND('',#1911,.T.);
#1911 = EDGE_LOOP('',(#1912,#1913,#1914,#1915));
#1912 = ORIENTED_EDGE('',*,*,#1803,.F.);
#1913 = ORIENTED_EDGE('',*,*,#1864,.T.);
#1914 = ORIENTED_EDGE('',*,*,#1843,.T.);
#1915 = ORIENTED_EDGE('',*,*,#1886,.F.);
#1916 = PLANE('',#1917);
#1917 = AXIS2_PLACEMENT_3D('',#1918,#1919,#1920);
#1918 = CARTESIAN_POINT('',(-45.75,-30.,4.));
#1919 = DIRECTION('',(0.,0.,1.));
#1920 = DIRECTION('',(1.,0.,-0.));
#1921 = ( GEOMETRIC_REPRESENTATION_CONTEXT(3) 
GLOBAL_UNCERTAINTY_ASSIGNED_CONTEXT((#1925)) 
GLOBAL_UNIT_ASSIGNED_CONTEXT((#1922,#1923,#1924)) REPRESENTATION_CONTEXT
('Context #1','3D Context with UNIT and UNCERTAINTY') );
#1922 = ( LENGTH_UNIT() NAMED_UNIT(*) SI_UNIT(.MILLI.,.METRE.) );
#1923 = ( NAMED_UNIT(*) PLANE_ANGLE_UNIT() SI_UNIT($,.RADIAN.) );
#1924 = ( NAMED_UNIT(*) SI_UNIT($,.STERADIAN.) SOLID_ANGLE_UNIT() );
#1925 = UNCERTAINTY_MEASURE_WITH_UNIT(LENGTH_MEASURE(1.E-07),#1922,
  'distance_accuracy_value','confusion accuracy');
#1926 = CONTEXT_DEPENDENT_SHAPE_REPRESENTATION(#1927,#1929);
#1927 = ( REPRESENTATION_RELATIONSHIP('','',#1770,#10) 
REPRESENTATION_RELATIONSHIP_WITH_TRANSFORMATION(#1928) 
SHAPE_REPRESENTATION_RELATIONSHIP() );
#1928 = ITEM_DEFINED_TRANSFORMATION('','',#11,#43);
#1929 = PRODUCT_DEFINITION_SHAPE('Placement','Placement of an item',
  #1930);
#1930 = NEXT_ASSEMBLY_USAGE_OCCURRENCE('8','folha1_a_placa','',#5,#1765,
  $);
#1931 = PRODUCT_RELATED_PRODUCT_CATEGORY('part',$,(#1767));
#1932 = SHAPE_DEFINITION_REPRESENTATION(#1933,#1939);
#1933 = PRODUCT_DEFINITION_SHAPE('','',#1934);
#1934 = PRODUCT_DEFINITION('design','',#1935,#1938);
#1935 = PRODUCT_DEFINITION_FORMATION('','',#1936);
#1936 = PRODUCT('folha1_b_chapa','folha1_b_chapa','',(#1937));
#1937 = PRODUCT_CONTEXT('',#2,'mechanical');
#1938 = PRODUCT_DEFINITION_CONTEXT('part definition',#2,'design');
#1939 = ADVANCED_BREP_SHAPE_REPRESENTATION('',(#11,#1940),#2634);
#1940 = MANIFOLD_SOLID_BREP('',#1941);
#1941 = CLOSED_SHELL('',(#1942,#1982,#2013,#2173,#2197,#2350,#2362,#2384
    ,#2401,#2418,#2430,#2452,#2469,#2486,#2498,#2520,#2537,#2554,#2566,
    #2588,#2605,#2622));
#1942 = ADVANCED_FACE('',(#1943),#1977,.F.);
#1943 = FACE_BOUND('',#1944,.F.);
#1944 = EDGE_LOOP('',(#1945,#1955,#1963,#1971));
#1945 = ORIENTED_EDGE('',*,*,#1946,.F.);
#1946 = EDGE_CURVE('',#1947,#1949,#1951,.T.);
#1947 = VERTEX_POINT('',#1948);
#1948 = CARTESIAN_POINT('',(-50.,-35.,0.));
#1949 = VERTEX_POINT('',#1950);
#1950 = CARTESIAN_POINT('',(-50.,-35.,4.));
#1951 = LINE('',#1952,#1953);
#1952 = CARTESIAN_POINT('',(-50.,-35.,0.));
#1953 = VECTOR('',#1954,1.);
#1954 = DIRECTION('',(0.,0.,1.));
#1955 = ORIENTED_EDGE('',*,*,#1956,.T.);
#1956 = EDGE_CURVE('',#1947,#1957,#1959,.T.);
#1957 = VERTEX_POINT('',#1958);
#1958 = CARTESIAN_POINT('',(-50.,35.,0.));
#1959 = LINE('',#1960,#1961);
#1960 = CARTESIAN_POINT('',(-50.,-35.,0.));
#1961 = VECTOR('',#1962,1.);
#1962 = DIRECTION('',(-0.,1.,0.));
#1963 = ORIENTED_EDGE('',*,*,#1964,.T.);
#1964 = EDGE_CURVE('',#1957,#1965,#1967,.T.);
#1965 = VERTEX_POINT('',#1966);
#1966 = CARTESIAN_POINT('',(-50.,35.,4.));
#1967 = LINE('',#1968,#1969);
#1968 = CARTESIAN_POINT('',(-50.,35.,0.));
#1969 = VECTOR('',#1970,1.);
#1970 = DIRECTION('',(0.,0.,1.));
#1971 = ORIENTED_EDGE('',*,*,#1972,.F.);
#1972 = EDGE_CURVE('',#1949,#1965,#1973,.T.);
#1973 = LINE('',#1974,#1975);
#1974 = CARTESIAN_POINT('',(-50.,-35.,4.));
#1975 = VECTOR('',#1976,1.);
#1976 = DIRECTION('',(-0.,1.,0.));
#1977 = PLANE('',#1978);
#1978 = AXIS2_PLACEMENT_3D('',#1979,#1980,#1981);
#1979 = CARTESIAN_POINT('',(-50.,-35.,0.));
#1980 = DIRECTION('',(1.,0.,-0.));
#1981 = DIRECTION('',(0.,0.,1.));
#1982 = ADVANCED_FACE('',(#1983),#2008,.F.);
#1983 = FACE_BOUND('',#1984,.F.);
#1984 = EDGE_LOOP('',(#1985,#1993,#1994,#2002));
#1985 = ORIENTED_EDGE('',*,*,#1986,.F.);
#1986 = EDGE_CURVE('',#1947,#1987,#1989,.T.);
#1987 = VERTEX_POINT('',#1988);
#1988 = CARTESIAN_POINT('',(50.,-35.,0.));
#1989 = LINE('',#1990,#1991);
#1990 = CARTESIAN_POINT('',(-50.,-35.,0.));
#1991 = VECTOR('',#1992,1.);
#1992 = DIRECTION('',(1.,0.,-0.));
#1993 = ORIENTED_EDGE('',*,*,#1946,.T.);
#1994 = ORIENTED_EDGE('',*,*,#1995,.T.);
#1995 = EDGE_CURVE('',#1949,#1996,#1998,.T.);
#1996 = VERTEX_POINT('',#1997);
#1997 = CARTESIAN_POINT('',(50.,-35.,4.));
#1998 = LINE('',#1999,#2000);
#1999 = CARTESIAN_POINT('',(-50.,-35.,4.));
#2000 = VECTOR('',#2001,1.);
#2001 = DIRECTION('',(1.,0.,-0.));
#2002 = ORIENTED_EDGE('',*,*,#2003,.F.);
#2003 = EDGE_CURVE('',#1987,#1996,#2004,.T.);
#2004 = LINE('',#2005,#2006);
#2005 = CARTESIAN_POINT('',(50.,-35.,0.));
#2006 = VECTOR('',#2007,1.);
#2007 = DIRECTION('',(0.,0.,1.));
#2008 = PLANE('',#2009);
#2009 = AXIS2_PLACEMENT_3D('',#2010,#2011,#2012);
#2010 = CARTESIAN_POINT('',(-50.,-35.,0.));
#2011 = DIRECTION('',(-0.,1.,0.));
#2012 = DIRECTION('',(0.,0.,1.));
#2013 = ADVANCED_FACE('',(#2014,#2032,#2066,#2100,#2134),#2168,.T.);
#2014 = FACE_BOUND('',#2015,.T.);
#2015 = EDGE_LOOP('',(#2016,#2017,#2018,#2026));
#2016 = ORIENTED_EDGE('',*,*,#1972,.F.);
#2017 = ORIENTED_EDGE('',*,*,#1995,.T.);
#2018 = ORIENTED_EDGE('',*,*,#2019,.T.);
#2019 = EDGE_CURVE('',#1996,#2020,#2022,.T.);
#2020 = VERTEX_POINT('',#2021);
#2021 = CARTESIAN_POINT('',(50.,35.,4.));
#2022 = LINE('',#2023,#2024);
#2023 = CARTESIAN_POINT('',(50.,-35.,4.));
#2024 = VECTOR('',#2025,1.);
#2025 = DIRECTION('',(-0.,1.,0.));
#2026 = ORIENTED_EDGE('',*,*,#2027,.F.);
#2027 = EDGE_CURVE('',#1965,#2020,#2028,.T.);
#2028 = LINE('',#2029,#2030);
#2029 = CARTESIAN_POINT('',(-50.,35.,4.));
#2030 = VECTOR('',#2031,1.);
#2031 = DIRECTION('',(1.,0.,-0.));
#2032 = FACE_BOUND('',#2033,.T.);
#2033 = EDGE_LOOP('',(#2034,#2044,#2052,#2060));
#2034 = ORIENTED_EDGE('',*,*,#2035,.T.);
#2035 = EDGE_CURVE('',#2036,#2038,#2040,.T.);
#2036 = VERTEX_POINT('',#2037);
#2037 = CARTESIAN_POINT('',(-22.5,-24.5,4.));
#2038 = VERTEX_POINT('',#2039);
#2039 = CARTESIAN_POINT('',(-47.5,-24.5,4.));
#2040 = LINE('',#2041,#2042);
#2041 = CARTESIAN_POINT('',(-48.75,-24.5,4.));
#2042 = VECTOR('',#2043,1.);
#2043 = DIRECTION('',(-1.,-0.,0.));
#2044 = ORIENTED_EDGE('',*,*,#2045,.T.);
#2045 = EDGE_CURVE('',#2038,#2046,#2048,.T.);
#2046 = VERTEX_POINT('',#2047);
#2047 = CARTESIAN_POINT('',(-47.5,-15.5,4.));
#2048 = LINE('',#2049,#2050);
#2049 = CARTESIAN_POINT('',(-47.5,-29.75,4.));
#2050 = VECTOR('',#2051,1.);
#2051 = DIRECTION('',(-0.,1.,0.));
#2052 = ORIENTED_EDGE('',*,*,#2053,.F.);
#2053 = EDGE_CURVE('',#2054,#2046,#2056,.T.);
#2054 = VERTEX_POINT('',#2055);
#2055 = CARTESIAN_POINT('',(-22.5,-15.5,4.));
#2056 = LINE('',#2057,#2058);
#2057 = CARTESIAN_POINT('',(-48.75,-15.5,4.));
#2058 = VECTOR('',#2059,1.);
#2059 = DIRECTION('',(-1.,-0.,0.));
#2060 = ORIENTED_EDGE('',*,*,#2061,.F.);
#2061 = EDGE_CURVE('',#2036,#2054,#2062,.T.);
#2062 = LINE('',#2063,#2064);
#2063 = CARTESIAN_POINT('',(-22.5,-29.75,4.));
#2064 = VECTOR('',#2065,1.);
#2065 = DIRECTION('',(-0.,1.,0.));
#2066 = FACE_BOUND('',#2067,.T.);
#2067 = EDGE_LOOP('',(#2068,#2078,#2086,#2094));
#2068 = ORIENTED_EDGE('',*,*,#2069,.T.);
#2069 = EDGE_CURVE('',#2070,#2072,#2074,.T.);
#2070 = VERTEX_POINT('',#2071);
#2071 = CARTESIAN_POINT('',(47.5,-24.5,4.));
#2072 = VERTEX_POINT('',#2073);
#2073 = CARTESIAN_POINT('',(22.5,-24.5,4.));
#2074 = LINE('',#2075,#2076);
#2075 = CARTESIAN_POINT('',(-13.75,-24.5,4.));
#2076 = VECTOR('',#2077,1.);
#2077 = DIRECTION('',(-1.,-0.,0.));
#2078 = ORIENTED_EDGE('',*,*,#2079,.T.);
#2079 = EDGE_CURVE('',#2072,#2080,#2082,.T.);
#2080 = VERTEX_POINT('',#2081);
#2081 = CARTESIAN_POINT('',(22.5,-15.5,4.));
#2082 = LINE('',#2083,#2084);
#2083 = CARTESIAN_POINT('',(22.5,-29.75,4.));
#2084 = VECTOR('',#2085,1.);
#2085 = DIRECTION('',(-0.,1.,0.));
#2086 = ORIENTED_EDGE('',*,*,#2087,.F.);
#2087 = EDGE_CURVE('',#2088,#2080,#2090,.T.);
#2088 = VERTEX_POINT('',#2089);
#2089 = CARTESIAN_POINT('',(47.5,-15.5,4.));
#2090 = LINE('',#2091,#2092);
#2091 = CARTESIAN_POINT('',(-13.75,-15.5,4.));
#2092 = VECTOR('',#2093,1.);
#2093 = DIRECTION('',(-1.,-0.,0.));
#2094 = ORIENTED_EDGE('',*,*,#2095,.F.);
#2095 = EDGE_CURVE('',#2070,#2088,#2096,.T.);
#2096 = LINE('',#2097,#2098);
#2097 = CARTESIAN_POINT('',(47.5,-29.75,4.));
#2098 = VECTOR('',#2099,1.);
#2099 = DIRECTION('',(-0.,1.,0.));
#2100 = FACE_BOUND('',#2101,.T.);
#2101 = EDGE_LOOP('',(#2102,#2112,#2120,#2128));
#2102 = ORIENTED_EDGE('',*,*,#2103,.T.);
#2103 = EDGE_CURVE('',#2104,#2106,#2108,.T.);
#2104 = VERTEX_POINT('',#2105);
#2105 = CARTESIAN_POINT('',(-22.5,15.5,4.));
#2106 = VERTEX_POINT('',#2107);
#2107 = CARTESIAN_POINT('',(-47.5,15.5,4.));
#2108 = LINE('',#2109,#2110);
#2109 = CARTESIAN_POINT('',(-48.75,15.5,4.));
#2110 = VECTOR('',#2111,1.);
#2111 = DIRECTION('',(-1.,-0.,0.));
#2112 = ORIENTED_EDGE('',*,*,#2113,.T.);
#2113 = EDGE_CURVE('',#2106,#2114,#2116,.T.);
#2114 = VERTEX_POINT('',#2115);
#2115 = CARTESIAN_POINT('',(-47.5,24.5,4.));
#2116 = LINE('',#2117,#2118);
#2117 = CARTESIAN_POINT('',(-47.5,-9.75,4.));
#2118 = VECTOR('',#2119,1.);
#2119 = DIRECTION('',(-0.,1.,0.));
#2120 = ORIENTED_EDGE('',*,*,#2121,.F.);
#2121 = EDGE_CURVE('',#2122,#2114,#2124,.T.);
#2122 = VERTEX_POINT('',#2123);
#2123 = CARTESIAN_POINT('',(-22.5,24.5,4.));
#2124 = LINE('',#2125,#2126);
#2125 = CARTESIAN_POINT('',(-48.75,24.5,4.));
#2126 = VECTOR('',#2127,1.);
#2127 = DIRECTION('',(-1.,-0.,0.));
#2128 = ORIENTED_EDGE('',*,*,#2129,.F.);
#2129 = EDGE_CURVE('',#2104,#2122,#2130,.T.);
#2130 = LINE('',#2131,#2132);
#2131 = CARTESIAN_POINT('',(-22.5,-9.75,4.));
#2132 = VECTOR('',#2133,1.);
#2133 = DIRECTION('',(-0.,1.,0.));
#2134 = FACE_BOUND('',#2135,.T.);
#2135 = EDGE_LOOP('',(#2136,#2146,#2154,#2162));
#2136 = ORIENTED_EDGE('',*,*,#2137,.T.);
#2137 = EDGE_CURVE('',#2138,#2140,#2142,.T.);
#2138 = VERTEX_POINT('',#2139);
#2139 = CARTESIAN_POINT('',(47.5,15.5,4.));
#2140 = VERTEX_POINT('',#2141);
#2141 = CARTESIAN_POINT('',(22.5,15.5,4.));
#2142 = LINE('',#2143,#2144);
#2143 = CARTESIAN_POINT('',(-13.75,15.5,4.));
#2144 = VECTOR('',#2145,1.);
#2145 = DIRECTION('',(-1.,-0.,0.));
#2146 = ORIENTED_EDGE('',*,*,#2147,.T.);
#2147 = EDGE_CURVE('',#2140,#2148,#2150,.T.);
#2148 = VERTEX_POINT('',#2149);
#2149 = CARTESIAN_POINT('',(22.5,24.5,4.));
#2150 = LINE('',#2151,#2152);
#2151 = CARTESIAN_POINT('',(22.5,-9.75,4.));
#2152 = VECTOR('',#2153,1.);
#2153 = DIRECTION('',(-0.,1.,0.));
#2154 = ORIENTED_EDGE('',*,*,#2155,.F.);
#2155 = EDGE_CURVE('',#2156,#2148,#2158,.T.);
#2156 = VERTEX_POINT('',#2157);
#2157 = CARTESIAN_POINT('',(47.5,24.5,4.));
#2158 = LINE('',#2159,#2160);
#2159 = CARTESIAN_POINT('',(-13.75,24.5,4.));
#2160 = VECTOR('',#2161,1.);
#2161 = DIRECTION('',(-1.,-0.,0.));
#2162 = ORIENTED_EDGE('',*,*,#2163,.F.);
#2163 = EDGE_CURVE('',#2138,#2156,#2164,.T.);
#2164 = LINE('',#2165,#2166);
#2165 = CARTESIAN_POINT('',(47.5,-9.75,4.));
#2166 = VECTOR('',#2167,1.);
#2167 = DIRECTION('',(-0.,1.,0.));
#2168 = PLANE('',#2169);
#2169 = AXIS2_PLACEMENT_3D('',#2170,#2171,#2172);
#2170 = CARTESIAN_POINT('',(-50.,-35.,4.));
#2171 = DIRECTION('',(0.,0.,1.));
#2172 = DIRECTION('',(1.,0.,-0.));
#2173 = ADVANCED_FACE('',(#2174),#2192,.T.);
#2174 = FACE_BOUND('',#2175,.T.);
#2175 = EDGE_LOOP('',(#2176,#2184,#2185,#2186));
#2176 = ORIENTED_EDGE('',*,*,#2177,.F.);
#2177 = EDGE_CURVE('',#1957,#2178,#2180,.T.);
#2178 = VERTEX_POINT('',#2179);
#2179 = CARTESIAN_POINT('',(50.,35.,0.));
#2180 = LINE('',#2181,#2182);
#2181 = CARTESIAN_POINT('',(-50.,35.,0.));
#2182 = VECTOR('',#2183,1.);
#2183 = DIRECTION('',(1.,0.,-0.));
#2184 = ORIENTED_EDGE('',*,*,#1964,.T.);
#2185 = ORIENTED_EDGE('',*,*,#2027,.T.);
#2186 = ORIENTED_EDGE('',*,*,#2187,.F.);
#2187 = EDGE_CURVE('',#2178,#2020,#2188,.T.);
#2188 = LINE('',#2189,#2190);
#2189 = CARTESIAN_POINT('',(50.,35.,0.));
#2190 = VECTOR('',#2191,1.);
#2191 = DIRECTION('',(0.,0.,1.));
#2192 = PLANE('',#2193);
#2193 = AXIS2_PLACEMENT_3D('',#2194,#2195,#2196);
#2194 = CARTESIAN_POINT('',(-50.,35.,0.));
#2195 = DIRECTION('',(-0.,1.,0.));
#2196 = DIRECTION('',(0.,0.,1.));
#2197 = ADVANCED_FACE('',(#2198,#2209,#2243,#2277,#2311),#2345,.F.);
#2198 = FACE_BOUND('',#2199,.F.);
#2199 = EDGE_LOOP('',(#2200,#2201,#2202,#2208));
#2200 = ORIENTED_EDGE('',*,*,#1956,.F.);
#2201 = ORIENTED_EDGE('',*,*,#1986,.T.);
#2202 = ORIENTED_EDGE('',*,*,#2203,.T.);
#2203 = EDGE_CURVE('',#1987,#2178,#2204,.T.);
#2204 = LINE('',#2205,#2206);
#2205 = CARTESIAN_POINT('',(50.,-35.,0.));
#2206 = VECTOR('',#2207,1.);
#2207 = DIRECTION('',(-0.,1.,0.));
#2208 = ORIENTED_EDGE('',*,*,#2177,.F.);
#2209 = FACE_BOUND('',#2210,.F.);
#2210 = EDGE_LOOP('',(#2211,#2221,#2229,#2237));
#2211 = ORIENTED_EDGE('',*,*,#2212,.T.);
#2212 = EDGE_CURVE('',#2213,#2215,#2217,.T.);
#2213 = VERTEX_POINT('',#2214);
#2214 = CARTESIAN_POINT('',(-22.5,-24.5,0.));
#2215 = VERTEX_POINT('',#2216);
#2216 = CARTESIAN_POINT('',(-47.5,-24.5,0.));
#2217 = LINE('',#2218,#2219);
#2218 = CARTESIAN_POINT('',(-48.75,-24.5,0.));
#2219 = VECTOR('',#2220,1.);
#2220 = DIRECTION('',(-1.,-0.,0.));
#2221 = ORIENTED_EDGE('',*,*,#2222,.T.);
#2222 = EDGE_CURVE('',#2215,#2223,#2225,.T.);
#2223 = VERTEX_POINT('',#2224);
#2224 = CARTESIAN_POINT('',(-47.5,-15.5,0.));
#2225 = LINE('',#2226,#2227);
#2226 = CARTESIAN_POINT('',(-47.5,-29.75,0.));
#2227 = VECTOR('',#2228,1.);
#2228 = DIRECTION('',(-0.,1.,0.));
#2229 = ORIENTED_EDGE('',*,*,#2230,.F.);
#2230 = EDGE_CURVE('',#2231,#2223,#2233,.T.);
#2231 = VERTEX_POINT('',#2232);
#2232 = CARTESIAN_POINT('',(-22.5,-15.5,0.));
#2233 = LINE('',#2234,#2235);
#2234 = CARTESIAN_POINT('',(-48.75,-15.5,0.));
#2235 = VECTOR('',#2236,1.);
#2236 = DIRECTION('',(-1.,-0.,0.));
#2237 = ORIENTED_EDGE('',*,*,#2238,.F.);
#2238 = EDGE_CURVE('',#2213,#2231,#2239,.T.);
#2239 = LINE('',#2240,#2241);
#2240 = CARTESIAN_POINT('',(-22.5,-29.75,0.));
#2241 = VECTOR('',#2242,1.);
#2242 = DIRECTION('',(-0.,1.,0.));
#2243 = FACE_BOUND('',#2244,.F.);
#2244 = EDGE_LOOP('',(#2245,#2255,#2263,#2271));
#2245 = ORIENTED_EDGE('',*,*,#2246,.T.);
#2246 = EDGE_CURVE('',#2247,#2249,#2251,.T.);
#2247 = VERTEX_POINT('',#2248);
#2248 = CARTESIAN_POINT('',(47.5,-24.5,0.));
#2249 = VERTEX_POINT('',#2250);
#2250 = CARTESIAN_POINT('',(22.5,-24.5,0.));
#2251 = LINE('',#2252,#2253);
#2252 = CARTESIAN_POINT('',(-13.75,-24.5,0.));
#2253 = VECTOR('',#2254,1.);
#2254 = DIRECTION('',(-1.,-0.,0.));
#2255 = ORIENTED_EDGE('',*,*,#2256,.T.);
#2256 = EDGE_CURVE('',#2249,#2257,#2259,.T.);
#2257 = VERTEX_POINT('',#2258);
#2258 = CARTESIAN_POINT('',(22.5,-15.5,0.));
#2259 = LINE('',#2260,#2261);
#2260 = CARTESIAN_POINT('',(22.5,-29.75,0.));
#2261 = VECTOR('',#2262,1.);
#2262 = DIRECTION('',(-0.,1.,0.));
#2263 = ORIENTED_EDGE('',*,*,#2264,.F.);
#2264 = EDGE_CURVE('',#2265,#2257,#2267,.T.);
#2265 = VERTEX_POINT('',#2266);
#2266 = CARTESIAN_POINT('',(47.5,-15.5,0.));
#2267 = LINE('',#2268,#2269);
#2268 = CARTESIAN_POINT('',(-13.75,-15.5,0.));
#2269 = VECTOR('',#2270,1.);
#2270 = DIRECTION('',(-1.,-0.,0.));
#2271 = ORIENTED_EDGE('',*,*,#2272,.F.);
#2272 = EDGE_CURVE('',#2247,#2265,#2273,.T.);
#2273 = LINE('',#2274,#2275);
#2274 = CARTESIAN_POINT('',(47.5,-29.75,0.));
#2275 = VECTOR('',#2276,1.);
#2276 = DIRECTION('',(-0.,1.,0.));
#2277 = FACE_BOUND('',#2278,.F.);
#2278 = EDGE_LOOP('',(#2279,#2289,#2297,#2305));
#2279 = ORIENTED_EDGE('',*,*,#2280,.T.);
#2280 = EDGE_CURVE('',#2281,#2283,#2285,.T.);
#2281 = VERTEX_POINT('',#2282);
#2282 = CARTESIAN_POINT('',(-22.5,15.5,0.));
#2283 = VERTEX_POINT('',#2284);
#2284 = CARTESIAN_POINT('',(-47.5,15.5,0.));
#2285 = LINE('',#2286,#2287);
#2286 = CARTESIAN_POINT('',(-48.75,15.5,0.));
#2287 = VECTOR('',#2288,1.);
#2288 = DIRECTION('',(-1.,-0.,0.));
#2289 = ORIENTED_EDGE('',*,*,#2290,.T.);
#2290 = EDGE_CURVE('',#2283,#2291,#2293,.T.);
#2291 = VERTEX_POINT('',#2292);
#2292 = CARTESIAN_POINT('',(-47.5,24.5,0.));
#2293 = LINE('',#2294,#2295);
#2294 = CARTESIAN_POINT('',(-47.5,-9.75,0.));
#2295 = VECTOR('',#2296,1.);
#2296 = DIRECTION('',(-0.,1.,0.));
#2297 = ORIENTED_EDGE('',*,*,#2298,.F.);
#2298 = EDGE_CURVE('',#2299,#2291,#2301,.T.);
#2299 = VERTEX_POINT('',#2300);
#2300 = CARTESIAN_POINT('',(-22.5,24.5,0.));
#2301 = LINE('',#2302,#2303);
#2302 = CARTESIAN_POINT('',(-48.75,24.5,0.));
#2303 = VECTOR('',#2304,1.);
#2304 = DIRECTION('',(-1.,-0.,0.));
#2305 = ORIENTED_EDGE('',*,*,#2306,.F.);
#2306 = EDGE_CURVE('',#2281,#2299,#2307,.T.);
#2307 = LINE('',#2308,#2309);
#2308 = CARTESIAN_POINT('',(-22.5,-9.75,0.));
#2309 = VECTOR('',#2310,1.);
#2310 = DIRECTION('',(-0.,1.,0.));
#2311 = FACE_BOUND('',#2312,.F.);
#2312 = EDGE_LOOP('',(#2313,#2323,#2331,#2339));
#2313 = ORIENTED_EDGE('',*,*,#2314,.T.);
#2314 = EDGE_CURVE('',#2315,#2317,#2319,.T.);
#2315 = VERTEX_POINT('',#2316);
#2316 = CARTESIAN_POINT('',(47.5,15.5,0.));
#2317 = VERTEX_POINT('',#2318);
#2318 = CARTESIAN_POINT('',(22.5,15.5,0.));
#2319 = LINE('',#2320,#2321);
#2320 = CARTESIAN_POINT('',(-13.75,15.5,0.));
#2321 = VECTOR('',#2322,1.);
#2322 = DIRECTION('',(-1.,-0.,0.));
#2323 = ORIENTED_EDGE('',*,*,#2324,.T.);
#2324 = EDGE_CURVE('',#2317,#2325,#2327,.T.);
#2325 = VERTEX_POINT('',#2326);
#2326 = CARTESIAN_POINT('',(22.5,24.5,0.));
#2327 = LINE('',#2328,#2329);
#2328 = CARTESIAN_POINT('',(22.5,-9.75,0.));
#2329 = VECTOR('',#2330,1.);
#2330 = DIRECTION('',(-0.,1.,0.));
#2331 = ORIENTED_EDGE('',*,*,#2332,.F.);
#2332 = EDGE_CURVE('',#2333,#2325,#2335,.T.);
#2333 = VERTEX_POINT('',#2334);
#2334 = CARTESIAN_POINT('',(47.5,24.5,0.));
#2335 = LINE('',#2336,#2337);
#2336 = CARTESIAN_POINT('',(-13.75,24.5,0.));
#2337 = VECTOR('',#2338,1.);
#2338 = DIRECTION('',(-1.,-0.,0.));
#2339 = ORIENTED_EDGE('',*,*,#2340,.F.);
#2340 = EDGE_CURVE('',#2315,#2333,#2341,.T.);
#2341 = LINE('',#2342,#2343);
#2342 = CARTESIAN_POINT('',(47.5,-9.75,0.));
#2343 = VECTOR('',#2344,1.);
#2344 = DIRECTION('',(-0.,1.,0.));
#2345 = PLANE('',#2346);
#2346 = AXIS2_PLACEMENT_3D('',#2347,#2348,#2349);
#2347 = CARTESIAN_POINT('',(-50.,-35.,0.));
#2348 = DIRECTION('',(0.,0.,1.));
#2349 = DIRECTION('',(1.,0.,-0.));
#2350 = ADVANCED_FACE('',(#2351),#2357,.T.);
#2351 = FACE_BOUND('',#2352,.T.);
#2352 = EDGE_LOOP('',(#2353,#2354,#2355,#2356));
#2353 = ORIENTED_EDGE('',*,*,#2003,.F.);
#2354 = ORIENTED_EDGE('',*,*,#2203,.T.);
#2355 = ORIENTED_EDGE('',*,*,#2187,.T.);
#2356 = ORIENTED_EDGE('',*,*,#2019,.F.);
#2357 = PLANE('',#2358);
#2358 = AXIS2_PLACEMENT_3D('',#2359,#2360,#2361);
#2359 = CARTESIAN_POINT('',(50.,-35.,0.));
#2360 = DIRECTION('',(1.,0.,-0.));
#2361 = DIRECTION('',(0.,0.,1.));
#2362 = ADVANCED_FACE('',(#2363),#2379,.T.);
#2363 = FACE_BOUND('',#2364,.T.);
#2364 = EDGE_LOOP('',(#2365,#2371,#2372,#2378));
#2365 = ORIENTED_EDGE('',*,*,#2366,.F.);
#2366 = EDGE_CURVE('',#2213,#2036,#2367,.T.);
#2367 = LINE('',#2368,#2369);
#2368 = CARTESIAN_POINT('',(-22.5,-24.5,-1.));
#2369 = VECTOR('',#2370,1.);
#2370 = DIRECTION('',(0.,0.,1.));
#2371 = ORIENTED_EDGE('',*,*,#2212,.T.);
#2372 = ORIENTED_EDGE('',*,*,#2373,.T.);
#2373 = EDGE_CURVE('',#2215,#2038,#2374,.T.);
#2374 = LINE('',#2375,#2376);
#2375 = CARTESIAN_POINT('',(-47.5,-24.5,-1.));
#2376 = VECTOR('',#2377,1.);
#2377 = DIRECTION('',(0.,0.,1.));
#2378 = ORIENTED_EDGE('',*,*,#2035,.F.);
#2379 = PLANE('',#2380);
#2380 = AXIS2_PLACEMENT_3D('',#2381,#2382,#2383);
#2381 = CARTESIAN_POINT('',(-47.5,-24.5,-1.));
#2382 = DIRECTION('',(-0.,1.,0.));
#2383 = DIRECTION('',(0.,0.,1.));
#2384 = ADVANCED_FACE('',(#2385),#2396,.F.);
#2385 = FACE_BOUND('',#2386,.F.);
#2386 = EDGE_LOOP('',(#2387,#2388,#2389,#2395));
#2387 = ORIENTED_EDGE('',*,*,#2366,.F.);
#2388 = ORIENTED_EDGE('',*,*,#2238,.T.);
#2389 = ORIENTED_EDGE('',*,*,#2390,.T.);
#2390 = EDGE_CURVE('',#2231,#2054,#2391,.T.);
#2391 = LINE('',#2392,#2393);
#2392 = CARTESIAN_POINT('',(-22.5,-15.5,-1.));
#2393 = VECTOR('',#2394,1.);
#2394 = DIRECTION('',(0.,0.,1.));
#2395 = ORIENTED_EDGE('',*,*,#2061,.F.);
#2396 = PLANE('',#2397);
#2397 = AXIS2_PLACEMENT_3D('',#2398,#2399,#2400);
#2398 = CARTESIAN_POINT('',(-22.5,-24.5,-1.));
#2399 = DIRECTION('',(1.,0.,-0.));
#2400 = DIRECTION('',(0.,0.,1.));
#2401 = ADVANCED_FACE('',(#2402),#2413,.T.);
#2402 = FACE_BOUND('',#2403,.T.);
#2403 = EDGE_LOOP('',(#2404,#2405,#2406,#2412));
#2404 = ORIENTED_EDGE('',*,*,#2373,.F.);
#2405 = ORIENTED_EDGE('',*,*,#2222,.T.);
#2406 = ORIENTED_EDGE('',*,*,#2407,.T.);
#2407 = EDGE_CURVE('',#2223,#2046,#2408,.T.);
#2408 = LINE('',#2409,#2410);
#2409 = CARTESIAN_POINT('',(-47.5,-15.5,-1.));
#2410 = VECTOR('',#2411,1.);
#2411 = DIRECTION('',(0.,0.,1.));
#2412 = ORIENTED_EDGE('',*,*,#2045,.F.);
#2413 = PLANE('',#2414);
#2414 = AXIS2_PLACEMENT_3D('',#2415,#2416,#2417);
#2415 = CARTESIAN_POINT('',(-47.5,-24.5,-1.));
#2416 = DIRECTION('',(1.,0.,-0.));
#2417 = DIRECTION('',(0.,0.,1.));
#2418 = ADVANCED_FACE('',(#2419),#2425,.F.);
#2419 = FACE_BOUND('',#2420,.F.);
#2420 = EDGE_LOOP('',(#2421,#2422,#2423,#2424));
#2421 = ORIENTED_EDGE('',*,*,#2390,.F.);
#2422 = ORIENTED_EDGE('',*,*,#2230,.T.);
#2423 = ORIENTED_EDGE('',*,*,#2407,.T.);
#2424 = ORIENTED_EDGE('',*,*,#2053,.F.);
#2425 = PLANE('',#2426);
#2426 = AXIS2_PLACEMENT_3D('',#2427,#2428,#2429);
#2427 = CARTESIAN_POINT('',(-47.5,-15.5,-1.));
#2428 = DIRECTION('',(-0.,1.,0.));
#2429 = DIRECTION('',(0.,0.,1.));
#2430 = ADVANCED_FACE('',(#2431),#2447,.T.);
#2431 = FACE_BOUND('',#2432,.T.);
#2432 = EDGE_LOOP('',(#2433,#2439,#2440,#2446));
#2433 = ORIENTED_EDGE('',*,*,#2434,.F.);
#2434 = EDGE_CURVE('',#2247,#2070,#2435,.T.);
#2435 = LINE('',#2436,#2437);
#2436 = CARTESIAN_POINT('',(47.5,-24.5,-1.));
#2437 = VECTOR('',#2438,1.);
#2438 = DIRECTION('',(0.,0.,1.));
#2439 = ORIENTED_EDGE('',*,*,#2246,.T.);
#2440 = ORIENTED_EDGE('',*,*,#2441,.T.);
#2441 = EDGE_CURVE('',#2249,#2072,#2442,.T.);
#2442 = LINE('',#2443,#2444);
#2443 = CARTESIAN_POINT('',(22.5,-24.5,-1.));
#2444 = VECTOR('',#2445,1.);
#2445 = DIRECTION('',(0.,0.,1.));
#2446 = ORIENTED_EDGE('',*,*,#2069,.F.);
#2447 = PLANE('',#2448);
#2448 = AXIS2_PLACEMENT_3D('',#2449,#2450,#2451);
#2449 = CARTESIAN_POINT('',(22.5,-24.5,-1.));
#2450 = DIRECTION('',(-0.,1.,0.));
#2451 = DIRECTION('',(0.,0.,1.));
#2452 = ADVANCED_FACE('',(#2453),#2464,.F.);
#2453 = FACE_BOUND('',#2454,.F.);
#2454 = EDGE_LOOP('',(#2455,#2456,#2457,#2463));
#2455 = ORIENTED_EDGE('',*,*,#2434,.F.);
#2456 = ORIENTED_EDGE('',*,*,#2272,.T.);
#2457 = ORIENTED_EDGE('',*,*,#2458,.T.);
#2458 = EDGE_CURVE('',#2265,#2088,#2459,.T.);
#2459 = LINE('',#2460,#2461);
#2460 = CARTESIAN_POINT('',(47.5,-15.5,-1.));
#2461 = VECTOR('',#2462,1.);
#2462 = DIRECTION('',(0.,0.,1.));
#2463 = ORIENTED_EDGE('',*,*,#2095,.F.);
#2464 = PLANE('',#2465);
#2465 = AXIS2_PLACEMENT_3D('',#2466,#2467,#2468);
#2466 = CARTESIAN_POINT('',(47.5,-24.5,-1.));
#2467 = DIRECTION('',(1.,0.,-0.));
#2468 = DIRECTION('',(0.,0.,1.));
#2469 = ADVANCED_FACE('',(#2470),#2481,.T.);
#2470 = FACE_BOUND('',#2471,.T.);
#2471 = EDGE_LOOP('',(#2472,#2473,#2474,#2480));
#2472 = ORIENTED_EDGE('',*,*,#2441,.F.);
#2473 = ORIENTED_EDGE('',*,*,#2256,.T.);
#2474 = ORIENTED_EDGE('',*,*,#2475,.T.);
#2475 = EDGE_CURVE('',#2257,#2080,#2476,.T.);
#2476 = LINE('',#2477,#2478);
#2477 = CARTESIAN_POINT('',(22.5,-15.5,-1.));
#2478 = VECTOR('',#2479,1.);
#2479 = DIRECTION('',(0.,0.,1.));
#2480 = ORIENTED_EDGE('',*,*,#2079,.F.);
#2481 = PLANE('',#2482);
#2482 = AXIS2_PLACEMENT_3D('',#2483,#2484,#2485);
#2483 = CARTESIAN_POINT('',(22.5,-24.5,-1.));
#2484 = DIRECTION('',(1.,0.,-0.));
#2485 = DIRECTION('',(0.,0.,1.));
#2486 = ADVANCED_FACE('',(#2487),#2493,.F.);
#2487 = FACE_BOUND('',#2488,.F.);
#2488 = EDGE_LOOP('',(#2489,#2490,#2491,#2492));
#2489 = ORIENTED_EDGE('',*,*,#2458,.F.);
#2490 = ORIENTED_EDGE('',*,*,#2264,.T.);
#2491 = ORIENTED_EDGE('',*,*,#2475,.T.);
#2492 = ORIENTED_EDGE('',*,*,#2087,.F.);
#2493 = PLANE('',#2494);
#2494 = AXIS2_PLACEMENT_3D('',#2495,#2496,#2497);
#2495 = CARTESIAN_POINT('',(22.5,-15.5,-1.));
#2496 = DIRECTION('',(-0.,1.,0.));
#2497 = DIRECTION('',(0.,0.,1.));
#2498 = ADVANCED_FACE('',(#2499),#2515,.T.);
#2499 = FACE_BOUND('',#2500,.T.);
#2500 = EDGE_LOOP('',(#2501,#2507,#2508,#2514));
#2501 = ORIENTED_EDGE('',*,*,#2502,.F.);
#2502 = EDGE_CURVE('',#2281,#2104,#2503,.T.);
#2503 = LINE('',#2504,#2505);
#2504 = CARTESIAN_POINT('',(-22.5,15.5,-1.));
#2505 = VECTOR('',#2506,1.);
#2506 = DIRECTION('',(0.,0.,1.));
#2507 = ORIENTED_EDGE('',*,*,#2280,.T.);
#2508 = ORIENTED_EDGE('',*,*,#2509,.T.);
#2509 = EDGE_CURVE('',#2283,#2106,#2510,.T.);
#2510 = LINE('',#2511,#2512);
#2511 = CARTESIAN_POINT('',(-47.5,15.5,-1.));
#2512 = VECTOR('',#2513,1.);
#2513 = DIRECTION('',(0.,0.,1.));
#2514 = ORIENTED_EDGE('',*,*,#2103,.F.);
#2515 = PLANE('',#2516);
#2516 = AXIS2_PLACEMENT_3D('',#2517,#2518,#2519);
#2517 = CARTESIAN_POINT('',(-47.5,15.5,-1.));
#2518 = DIRECTION('',(-0.,1.,0.));
#2519 = DIRECTION('',(0.,0.,1.));
#2520 = ADVANCED_FACE('',(#2521),#2532,.F.);
#2521 = FACE_BOUND('',#2522,.F.);
#2522 = EDGE_LOOP('',(#2523,#2524,#2525,#2531));
#2523 = ORIENTED_EDGE('',*,*,#2502,.F.);
#2524 = ORIENTED_EDGE('',*,*,#2306,.T.);
#2525 = ORIENTED_EDGE('',*,*,#2526,.T.);
#2526 = EDGE_CURVE('',#2299,#2122,#2527,.T.);
#2527 = LINE('',#2528,#2529);
#2528 = CARTESIAN_POINT('',(-22.5,24.5,-1.));
#2529 = VECTOR('',#2530,1.);
#2530 = DIRECTION('',(0.,0.,1.));
#2531 = ORIENTED_EDGE('',*,*,#2129,.F.);
#2532 = PLANE('',#2533);
#2533 = AXIS2_PLACEMENT_3D('',#2534,#2535,#2536);
#2534 = CARTESIAN_POINT('',(-22.5,15.5,-1.));
#2535 = DIRECTION('',(1.,0.,-0.));
#2536 = DIRECTION('',(0.,0.,1.));
#2537 = ADVANCED_FACE('',(#2538),#2549,.T.);
#2538 = FACE_BOUND('',#2539,.T.);
#2539 = EDGE_LOOP('',(#2540,#2541,#2542,#2548));
#2540 = ORIENTED_EDGE('',*,*,#2509,.F.);
#2541 = ORIENTED_EDGE('',*,*,#2290,.T.);
#2542 = ORIENTED_EDGE('',*,*,#2543,.T.);
#2543 = EDGE_CURVE('',#2291,#2114,#2544,.T.);
#2544 = LINE('',#2545,#2546);
#2545 = CARTESIAN_POINT('',(-47.5,24.5,-1.));
#2546 = VECTOR('',#2547,1.);
#2547 = DIRECTION('',(0.,0.,1.));
#2548 = ORIENTED_EDGE('',*,*,#2113,.F.);
#2549 = PLANE('',#2550);
#2550 = AXIS2_PLACEMENT_3D('',#2551,#2552,#2553);
#2551 = CARTESIAN_POINT('',(-47.5,15.5,-1.));
#2552 = DIRECTION('',(1.,0.,-0.));
#2553 = DIRECTION('',(0.,0.,1.));
#2554 = ADVANCED_FACE('',(#2555),#2561,.F.);
#2555 = FACE_BOUND('',#2556,.F.);
#2556 = EDGE_LOOP('',(#2557,#2558,#2559,#2560));
#2557 = ORIENTED_EDGE('',*,*,#2526,.F.);
#2558 = ORIENTED_EDGE('',*,*,#2298,.T.);
#2559 = ORIENTED_EDGE('',*,*,#2543,.T.);
#2560 = ORIENTED_EDGE('',*,*,#2121,.F.);
#2561 = PLANE('',#2562);
#2562 = AXIS2_PLACEMENT_3D('',#2563,#2564,#2565);
#2563 = CARTESIAN_POINT('',(-47.5,24.5,-1.));
#2564 = DIRECTION('',(-0.,1.,0.));
#2565 = DIRECTION('',(0.,0.,1.));
#2566 = ADVANCED_FACE('',(#2567),#2583,.T.);
#2567 = FACE_BOUND('',#2568,.T.);
#2568 = EDGE_LOOP('',(#2569,#2575,#2576,#2582));
#2569 = ORIENTED_EDGE('',*,*,#2570,.F.);
#2570 = EDGE_CURVE('',#2315,#2138,#2571,.T.);
#2571 = LINE('',#2572,#2573);
#2572 = CARTESIAN_POINT('',(47.5,15.5,-1.));
#2573 = VECTOR('',#2574,1.);
#2574 = DIRECTION('',(0.,0.,1.));
#2575 = ORIENTED_EDGE('',*,*,#2314,.T.);
#2576 = ORIENTED_EDGE('',*,*,#2577,.T.);
#2577 = EDGE_CURVE('',#2317,#2140,#2578,.T.);
#2578 = LINE('',#2579,#2580);
#2579 = CARTESIAN_POINT('',(22.5,15.5,-1.));
#2580 = VECTOR('',#2581,1.);
#2581 = DIRECTION('',(0.,0.,1.));
#2582 = ORIENTED_EDGE('',*,*,#2137,.F.);
#2583 = PLANE('',#2584);
#2584 = AXIS2_PLACEMENT_3D('',#2585,#2586,#2587);
#2585 = CARTESIAN_POINT('',(22.5,15.5,-1.));
#2586 = DIRECTION('',(-0.,1.,0.));
#2587 = DIRECTION('',(0.,0.,1.));
#2588 = ADVANCED_FACE('',(#2589),#2600,.F.);
#2589 = FACE_BOUND('',#2590,.F.);
#2590 = EDGE_LOOP('',(#2591,#2592,#2593,#2599));
#2591 = ORIENTED_EDGE('',*,*,#2570,.F.);
#2592 = ORIENTED_EDGE('',*,*,#2340,.T.);
#2593 = ORIENTED_EDGE('',*,*,#2594,.T.);
#2594 = EDGE_CURVE('',#2333,#2156,#2595,.T.);
#2595 = LINE('',#2596,#2597);
#2596 = CARTESIAN_POINT('',(47.5,24.5,-1.));
#2597 = VECTOR('',#2598,1.);
#2598 = DIRECTION('',(0.,0.,1.));
#2599 = ORIENTED_EDGE('',*,*,#2163,.F.);
#2600 = PLANE('',#2601);
#2601 = AXIS2_PLACEMENT_3D('',#2602,#2603,#2604);
#2602 = CARTESIAN_POINT('',(47.5,15.5,-1.));
#2603 = DIRECTION('',(1.,0.,-0.));
#2604 = DIRECTION('',(0.,0.,1.));
#2605 = ADVANCED_FACE('',(#2606),#2617,.F.);
#2606 = FACE_BOUND('',#2607,.F.);
#2607 = EDGE_LOOP('',(#2608,#2609,#2610,#2616));
#2608 = ORIENTED_EDGE('',*,*,#2594,.F.);
#2609 = ORIENTED_EDGE('',*,*,#2332,.T.);
#2610 = ORIENTED_EDGE('',*,*,#2611,.T.);
#2611 = EDGE_CURVE('',#2325,#2148,#2612,.T.);
#2612 = LINE('',#2613,#2614);
#2613 = CARTESIAN_POINT('',(22.5,24.5,-1.));
#2614 = VECTOR('',#2615,1.);
#2615 = DIRECTION('',(0.,0.,1.));
#2616 = ORIENTED_EDGE('',*,*,#2155,.F.);
#2617 = PLANE('',#2618);
#2618 = AXIS2_PLACEMENT_3D('',#2619,#2620,#2621);
#2619 = CARTESIAN_POINT('',(22.5,24.5,-1.));
#2620 = DIRECTION('',(-0.,1.,0.));
#2621 = DIRECTION('',(0.,0.,1.));
#2622 = ADVANCED_FACE('',(#2623),#2629,.T.);
#2623 = FACE_BOUND('',#2624,.T.);
#2624 = EDGE_LOOP('',(#2625,#2626,#2627,#2628));
#2625 = ORIENTED_EDGE('',*,*,#2577,.F.);
#2626 = ORIENTED_EDGE('',*,*,#2324,.T.);
#2627 = ORIENTED_EDGE('',*,*,#2611,.T.);
#2628 = ORIENTED_EDGE('',*,*,#2147,.F.);
#2629 = PLANE('',#2630);
#2630 = AXIS2_PLACEMENT_3D('',#2631,#2632,#2633);
#2631 = CARTESIAN_POINT('',(22.5,15.5,-1.));
#2632 = DIRECTION('',(1.,0.,-0.));
#2633 = DIRECTION('',(0.,0.,1.));
#2634 = ( GEOMETRIC_REPRESENTATION_CONTEXT(3) 
GLOBAL_UNCERTAINTY_ASSIGNED_CONTEXT((#2638)) 
GLOBAL_UNIT_ASSIGNED_CONTEXT((#2635,#2636,#2637)) REPRESENTATION_CONTEXT
('Context #1','3D Context with UNIT and UNCERTAINTY') );
#2635 = ( LENGTH_UNIT() NAMED_UNIT(*) SI_UNIT(.MILLI.,.METRE.) );
#2636 = ( NAMED_UNIT(*) PLANE_ANGLE_UNIT() SI_UNIT($,.RADIAN.) );
#2637 = ( NAMED_UNIT(*) SI_UNIT($,.STERADIAN.) SOLID_ANGLE_UNIT() );
#2638 = UNCERTAINTY_MEASURE_WITH_UNIT(LENGTH_MEASURE(2.E-07),#2635,
  'distance_accuracy_value','confusion accuracy');
#2639 = CONTEXT_DEPENDENT_SHAPE_REPRESENTATION(#2640,#2642);
#2640 = ( REPRESENTATION_RELATIONSHIP('','',#1939,#10) 
REPRESENTATION_RELATIONSHIP_WITH_TRANSFORMATION(#2641) 
SHAPE_REPRESENTATION_RELATIONSHIP() );
#2641 = ITEM_DEFINED_TRANSFORMATION('','',#11,#47);
#2642 = PRODUCT_DEFINITION_SHAPE('Placement','Placement of an item',
  #2643);
#2643 = NEXT_ASSEMBLY_USAGE_OCCURRENCE('9','folha1_b_chapa','',#5,#1934,
  $);
#2644 = PRODUCT_RELATED_PRODUCT_CATEGORY('part',$,(#1936));
#2645 = SHAPE_DEFINITION_REPRESENTATION(#2646,#2652);
#2646 = PRODUCT_DEFINITION_SHAPE('','',#2647);
#2647 = PRODUCT_DEFINITION('design','',#2648,#2651);
#2648 = PRODUCT_DEFINITION_FORMATION('','',#2649);
#2649 = PRODUCT('folha1_b_roda','folha1_b_roda','',(#2650));
#2650 = PRODUCT_CONTEXT('',#2,'mechanical');
#2651 = PRODUCT_DEFINITION_CONTEXT('part definition',#2,'design');
#2652 = ADVANCED_BREP_SHAPE_REPRESENTATION('',(#11,#2653),#2706);
#2653 = MANIFOLD_SOLID_BREP('',#2654);
#2654 = CLOSED_SHELL('',(#2655,#2688,#2697));
#2655 = ADVANCED_FACE('',(#2656),#2683,.T.);
#2656 = FACE_BOUND('',#2657,.T.);
#2657 = EDGE_LOOP('',(#2658,#2667,#2675,#2682));
#2658 = ORIENTED_EDGE('',*,*,#2659,.F.);
#2659 = EDGE_CURVE('',#2660,#2660,#2662,.T.);
#2660 = VERTEX_POINT('',#2661);
#2661 = CARTESIAN_POINT('',(-9.E-15,16.,37.5));
#2662 = CIRCLE('',#2663,37.5);
#2663 = AXIS2_PLACEMENT_3D('',#2664,#2665,#2666);
#2664 = CARTESIAN_POINT('',(0.,16.,0.));
#2665 = DIRECTION('',(0.,1.,0.));
#2666 = DIRECTION('',(0.,-0.,1.));
#2667 = ORIENTED_EDGE('',*,*,#2668,.F.);
#2668 = EDGE_CURVE('',#2669,#2660,#2671,.T.);
#2669 = VERTEX_POINT('',#2670);
#2670 = CARTESIAN_POINT('',(-9.E-15,-16.,37.5));
#2671 = LINE('',#2672,#2673);
#2672 = CARTESIAN_POINT('',(-9.18E-15,-16.,37.5));
#2673 = VECTOR('',#2674,1.);
#2674 = DIRECTION('',(0.,1.,0.));
#2675 = ORIENTED_EDGE('',*,*,#2676,.T.);
#2676 = EDGE_CURVE('',#2669,#2669,#2677,.T.);
#2677 = CIRCLE('',#2678,37.5);
#2678 = AXIS2_PLACEMENT_3D('',#2679,#2680,#2681);
#2679 = CARTESIAN_POINT('',(0.,-16.,0.));
#2680 = DIRECTION('',(0.,1.,0.));
#2681 = DIRECTION('',(0.,-0.,1.));
#2682 = ORIENTED_EDGE('',*,*,#2668,.T.);
#2683 = CYLINDRICAL_SURFACE('',#2684,37.5);
#2684 = AXIS2_PLACEMENT_3D('',#2685,#2686,#2687);
#2685 = CARTESIAN_POINT('',(0.,-16.,0.));
#2686 = DIRECTION('',(0.,1.,0.));
#2687 = DIRECTION('',(0.,-0.,1.));
#2688 = ADVANCED_FACE('',(#2689),#2692,.T.);
#2689 = FACE_BOUND('',#2690,.T.);
#2690 = EDGE_LOOP('',(#2691));
#2691 = ORIENTED_EDGE('',*,*,#2659,.T.);
#2692 = PLANE('',#2693);
#2693 = AXIS2_PLACEMENT_3D('',#2694,#2695,#2696);
#2694 = CARTESIAN_POINT('',(0.,16.,0.));
#2695 = DIRECTION('',(0.,1.,0.));
#2696 = DIRECTION('',(0.,-0.,1.));
#2697 = ADVANCED_FACE('',(#2698),#2701,.F.);
#2698 = FACE_BOUND('',#2699,.T.);
#2699 = EDGE_LOOP('',(#2700));
#2700 = ORIENTED_EDGE('',*,*,#2676,.F.);
#2701 = PLANE('',#2702);
#2702 = AXIS2_PLACEMENT_3D('',#2703,#2704,#2705);
#2703 = CARTESIAN_POINT('',(0.,-16.,0.));
#2704 = DIRECTION('',(0.,1.,0.));
#2705 = DIRECTION('',(0.,-0.,1.));
#2706 = ( GEOMETRIC_REPRESENTATION_CONTEXT(3) 
GLOBAL_UNCERTAINTY_ASSIGNED_CONTEXT((#2710)) 
GLOBAL_UNIT_ASSIGNED_CONTEXT((#2707,#2708,#2709)) REPRESENTATION_CONTEXT
('Context #1','3D Context with UNIT and UNCERTAINTY') );
#2707 = ( LENGTH_UNIT() NAMED_UNIT(*) SI_UNIT(.MILLI.,.METRE.) );
#2708 = ( NAMED_UNIT(*) PLANE_ANGLE_UNIT() SI_UNIT($,.RADIAN.) );
#2709 = ( NAMED_UNIT(*) SI_UNIT($,.STERADIAN.) SOLID_ANGLE_UNIT() );
#2710 = UNCERTAINTY_MEASURE_WITH_UNIT(LENGTH_MEASURE(1.E-07),#2707,
  'distance_accuracy_value','confusion accuracy');
#2711 = CONTEXT_DEPENDENT_SHAPE_REPRESENTATION(#2712,#2714);
#2712 = ( REPRESENTATION_RELATIONSHIP('','',#2652,#10) 
REPRESENTATION_RELATIONSHIP_WITH_TRANSFORMATION(#2713) 
SHAPE_REPRESENTATION_RELATIONSHIP() );
#2713 = ITEM_DEFINED_TRANSFORMATION('','',#11,#51);
#2714 = PRODUCT_DEFINITION_SHAPE('Placement','Placement of an item',
  #2715);
#2715 = NEXT_ASSEMBLY_USAGE_OCCURRENCE('10','folha1_b_roda','',#5,#2647,
  $);
#2716 = PRODUCT_RELATED_PRODUCT_CATEGORY('part',$,(#2649));
#2717 = SHAPE_DEFINITION_REPRESENTATION(#2718,#2724);
#2718 = PRODUCT_DEFINITION_SHAPE('','',#2719);
#2719 = PRODUCT_DEFINITION('design','',#2720,#2723);
#2720 = PRODUCT_DEFINITION_FORMATION('','',#2721);
#2721 = PRODUCT('folha1_b_garfo','folha1_b_garfo','',(#2722));
#2722 = PRODUCT_CONTEXT('',#2,'mechanical');
#2723 = PRODUCT_DEFINITION_CONTEXT('part definition',#2,'design');
#2724 = ADVANCED_BREP_SHAPE_REPRESENTATION('',(#11,#2725),#2875);
#2725 = MANIFOLD_SOLID_BREP('',#2726);
#2726 = CLOSED_SHELL('',(#2727,#2767,#2807,#2829,#2851,#2863));
#2727 = ADVANCED_FACE('',(#2728),#2762,.F.);
#2728 = FACE_BOUND('',#2729,.F.);
#2729 = EDGE_LOOP('',(#2730,#2740,#2748,#2756));
#2730 = ORIENTED_EDGE('',*,*,#2731,.F.);
#2731 = EDGE_CURVE('',#2732,#2734,#2736,.T.);
#2732 = VERTEX_POINT('',#2733);
#2733 = CARTESIAN_POINT('',(-23.,-18.,0.));
#2734 = VERTEX_POINT('',#2735);
#2735 = CARTESIAN_POINT('',(-23.,-18.,23.));
#2736 = LINE('',#2737,#2738);
#2737 = CARTESIAN_POINT('',(-23.,-18.,0.));
#2738 = VECTOR('',#2739,1.);
#2739 = DIRECTION('',(0.,0.,1.));
#2740 = ORIENTED_EDGE('',*,*,#2741,.T.);
#2741 = EDGE_CURVE('',#2732,#2742,#2744,.T.);
#2742 = VERTEX_POINT('',#2743);
#2743 = CARTESIAN_POINT('',(-23.,18.,0.));
#2744 = LINE('',#2745,#2746);
#2745 = CARTESIAN_POINT('',(-23.,-18.,0.));
#2746 = VECTOR('',#2747,1.);
#2747 = DIRECTION('',(-0.,1.,0.));
#2748 = ORIENTED_EDGE('',*,*,#2749,.T.);
#2749 = EDGE_CURVE('',#2742,#2750,#2752,.T.);
#2750 = VERTEX_POINT('',#2751);
#2751 = CARTESIAN_POINT('',(-23.,18.,23.));
#2752 = LINE('',#2753,#2754);
#2753 = CARTESIAN_POINT('',(-23.,18.,0.));
#2754 = VECTOR('',#2755,1.);
#2755 = DIRECTION('',(0.,0.,1.));
#2756 = ORIENTED_EDGE('',*,*,#2757,.F.);
#2757 = EDGE_CURVE('',#2734,#2750,#2758,.T.);
#2758 = LINE('',#2759,#2760);
#2759 = CARTESIAN_POINT('',(-23.,-18.,23.));
#2760 = VECTOR('',#2761,1.);
#2761 = DIRECTION('',(-0.,1.,0.));
#2762 = PLANE('',#2763);
#2763 = AXIS2_PLACEMENT_3D('',#2764,#2765,#2766);
#2764 = CARTESIAN_POINT('',(-23.,-18.,0.));
#2765 = DIRECTION('',(1.,0.,-0.));
#2766 = DIRECTION('',(0.,0.,1.));
#2767 = ADVANCED_FACE('',(#2768),#2802,.T.);
#2768 = FACE_BOUND('',#2769,.T.);
#2769 = EDGE_LOOP('',(#2770,#2780,#2788,#2796));
#2770 = ORIENTED_EDGE('',*,*,#2771,.F.);
#2771 = EDGE_CURVE('',#2772,#2774,#2776,.T.);
#2772 = VERTEX_POINT('',#2773);
#2773 = CARTESIAN_POINT('',(23.,-18.,0.));
#2774 = VERTEX_POINT('',#2775);
#2775 = CARTESIAN_POINT('',(23.,-18.,23.));
#2776 = LINE('',#2777,#2778);
#2777 = CARTESIAN_POINT('',(23.,-18.,0.));
#2778 = VECTOR('',#2779,1.);
#2779 = DIRECTION('',(0.,0.,1.));
#2780 = ORIENTED_EDGE('',*,*,#2781,.T.);
#2781 = EDGE_CURVE('',#2772,#2782,#2784,.T.);
#2782 = VERTEX_POINT('',#2783);
#2783 = CARTESIAN_POINT('',(23.,18.,0.));
#2784 = LINE('',#2785,#2786);
#2785 = CARTESIAN_POINT('',(23.,-18.,0.));
#2786 = VECTOR('',#2787,1.);
#2787 = DIRECTION('',(-0.,1.,0.));
#2788 = ORIENTED_EDGE('',*,*,#2789,.T.);
#2789 = EDGE_CURVE('',#2782,#2790,#2792,.T.);
#2790 = VERTEX_POINT('',#2791);
#2791 = CARTESIAN_POINT('',(23.,18.,23.));
#2792 = LINE('',#2793,#2794);
#2793 = CARTESIAN_POINT('',(23.,18.,0.));
#2794 = VECTOR('',#2795,1.);
#2795 = DIRECTION('',(0.,0.,1.));
#2796 = ORIENTED_EDGE('',*,*,#2797,.F.);
#2797 = EDGE_CURVE('',#2774,#2790,#2798,.T.);
#2798 = LINE('',#2799,#2800);
#2799 = CARTESIAN_POINT('',(23.,-18.,23.));
#2800 = VECTOR('',#2801,1.);
#2801 = DIRECTION('',(-0.,1.,0.));
#2802 = PLANE('',#2803);
#2803 = AXIS2_PLACEMENT_3D('',#2804,#2805,#2806);
#2804 = CARTESIAN_POINT('',(23.,-18.,0.));
#2805 = DIRECTION('',(1.,0.,-0.));
#2806 = DIRECTION('',(0.,0.,1.));
#2807 = ADVANCED_FACE('',(#2808),#2824,.F.);
#2808 = FACE_BOUND('',#2809,.F.);
#2809 = EDGE_LOOP('',(#2810,#2816,#2817,#2823));
#2810 = ORIENTED_EDGE('',*,*,#2811,.F.);
#2811 = EDGE_CURVE('',#2732,#2772,#2812,.T.);
#2812 = LINE('',#2813,#2814);
#2813 = CARTESIAN_POINT('',(-23.,-18.,0.));
#2814 = VECTOR('',#2815,1.);
#2815 = DIRECTION('',(1.,0.,-0.));
#2816 = ORIENTED_EDGE('',*,*,#2731,.T.);
#2817 = ORIENTED_EDGE('',*,*,#2818,.T.);
#2818 = EDGE_CURVE('',#2734,#2774,#2819,.T.);
#2819 = LINE('',#2820,#2821);
#2820 = CARTESIAN_POINT('',(-23.,-18.,23.));
#2821 = VECTOR('',#2822,1.);
#2822 = DIRECTION('',(1.,0.,-0.));
#2823 = ORIENTED_EDGE('',*,*,#2771,.F.);
#2824 = PLANE('',#2825);
#2825 = AXIS2_PLACEMENT_3D('',#2826,#2827,#2828);
#2826 = CARTESIAN_POINT('',(-23.,-18.,0.));
#2827 = DIRECTION('',(-0.,1.,0.));
#2828 = DIRECTION('',(0.,0.,1.));
#2829 = ADVANCED_FACE('',(#2830),#2846,.T.);
#2830 = FACE_BOUND('',#2831,.T.);
#2831 = EDGE_LOOP('',(#2832,#2838,#2839,#2845));
#2832 = ORIENTED_EDGE('',*,*,#2833,.F.);
#2833 = EDGE_CURVE('',#2742,#2782,#2834,.T.);
#2834 = LINE('',#2835,#2836);
#2835 = CARTESIAN_POINT('',(-23.,18.,0.));
#2836 = VECTOR('',#2837,1.);
#2837 = DIRECTION('',(1.,0.,-0.));
#2838 = ORIENTED_EDGE('',*,*,#2749,.T.);
#2839 = ORIENTED_EDGE('',*,*,#2840,.T.);
#2840 = EDGE_CURVE('',#2750,#2790,#2841,.T.);
#2841 = LINE('',#2842,#2843);
#2842 = CARTESIAN_POINT('',(-23.,18.,23.));
#2843 = VECTOR('',#2844,1.);
#2844 = DIRECTION('',(1.,0.,-0.));
#2845 = ORIENTED_EDGE('',*,*,#2789,.F.);
#2846 = PLANE('',#2847);
#2847 = AXIS2_PLACEMENT_3D('',#2848,#2849,#2850);
#2848 = CARTESIAN_POINT('',(-23.,18.,0.));
#2849 = DIRECTION('',(-0.,1.,0.));
#2850 = DIRECTION('',(0.,0.,1.));
#2851 = ADVANCED_FACE('',(#2852),#2858,.F.);
#2852 = FACE_BOUND('',#2853,.F.);
#2853 = EDGE_LOOP('',(#2854,#2855,#2856,#2857));
#2854 = ORIENTED_EDGE('',*,*,#2741,.F.);
#2855 = ORIENTED_EDGE('',*,*,#2811,.T.);
#2856 = ORIENTED_EDGE('',*,*,#2781,.T.);
#2857 = ORIENTED_EDGE('',*,*,#2833,.F.);
#2858 = PLANE('',#2859);
#2859 = AXIS2_PLACEMENT_3D('',#2860,#2861,#2862);
#2860 = CARTESIAN_POINT('',(-23.,-18.,0.));
#2861 = DIRECTION('',(0.,0.,1.));
#2862 = DIRECTION('',(1.,0.,-0.));
#2863 = ADVANCED_FACE('',(#2864),#2870,.T.);
#2864 = FACE_BOUND('',#2865,.T.);
#2865 = EDGE_LOOP('',(#2866,#2867,#2868,#2869));
#2866 = ORIENTED_EDGE('',*,*,#2757,.F.);
#2867 = ORIENTED_EDGE('',*,*,#2818,.T.);
#2868 = ORIENTED_EDGE('',*,*,#2797,.T.);
#2869 = ORIENTED_EDGE('',*,*,#2840,.F.);
#2870 = PLANE('',#2871);
#2871 = AXIS2_PLACEMENT_3D('',#2872,#2873,#2874);
#2872 = CARTESIAN_POINT('',(-23.,-18.,23.));
#2873 = DIRECTION('',(0.,0.,1.));
#2874 = DIRECTION('',(1.,0.,-0.));
#2875 = ( GEOMETRIC_REPRESENTATION_CONTEXT(3) 
GLOBAL_UNCERTAINTY_ASSIGNED_CONTEXT((#2879)) 
GLOBAL_UNIT_ASSIGNED_CONTEXT((#2876,#2877,#2878)) REPRESENTATION_CONTEXT
('Context #1','3D Context with UNIT and UNCERTAINTY') );
#2876 = ( LENGTH_UNIT() NAMED_UNIT(*) SI_UNIT(.MILLI.,.METRE.) );
#2877 = ( NAMED_UNIT(*) PLANE_ANGLE_UNIT() SI_UNIT($,.RADIAN.) );
#2878 = ( NAMED_UNIT(*) SI_UNIT($,.STERADIAN.) SOLID_ANGLE_UNIT() );
#2879 = UNCERTAINTY_MEASURE_WITH_UNIT(LENGTH_MEASURE(1.E-07),#2876,
  'distance_accuracy_value','confusion accuracy');
#2880 = CONTEXT_DEPENDENT_SHAPE_REPRESENTATION(#2881,#2883);
#2881 = ( REPRESENTATION_RELATIONSHIP('','',#2724,#10) 
REPRESENTATION_RELATIONSHIP_WITH_TRANSFORMATION(#2882) 
SHAPE_REPRESENTATION_RELATIONSHIP() );
#2882 = ITEM_DEFINED_TRANSFORMATION('','',#11,#55);
#2883 = PRODUCT_DEFINITION_SHAPE('Placement','Placement of an item',
  #2884);
#2884 = NEXT_ASSEMBLY_USAGE_OCCURRENCE('11','folha1_b_garfo','',#5,#2719
  ,$);
#2885 = PRODUCT_RELATED_PRODUCT_CATEGORY('part',$,(#2721));
#2886 = SHAPE_DEFINITION_REPRESENTATION(#2887,#2893);
#2887 = PRODUCT_DEFINITION_SHAPE('','',#2888);
#2888 = PRODUCT_DEFINITION('design','',#2889,#2892);
#2889 = PRODUCT_DEFINITION_FORMATION('','',#2890);
#2890 = PRODUCT('folha1_b_placa','folha1_b_placa','',(#2891));
#2891 = PRODUCT_CONTEXT('',#2,'mechanical');
#2892 = PRODUCT_DEFINITION_CONTEXT('part definition',#2,'design');
#2893 = ADVANCED_BREP_SHAPE_REPRESENTATION('',(#11,#2894),#3044);
#2894 = MANIFOLD_SOLID_BREP('',#2895);
#2895 = CLOSED_SHELL('',(#2896,#2936,#2976,#2998,#3020,#3032));
#2896 = ADVANCED_FACE('',(#2897),#2931,.F.);
#2897 = FACE_BOUND('',#2898,.F.);
#2898 = EDGE_LOOP('',(#2899,#2909,#2917,#2925));
#2899 = ORIENTED_EDGE('',*,*,#2900,.F.);
#2900 = EDGE_CURVE('',#2901,#2903,#2905,.T.);
#2901 = VERTEX_POINT('',#2902);
#2902 = CARTESIAN_POINT('',(-45.75,-30.,0.));
#2903 = VERTEX_POINT('',#2904);
#2904 = CARTESIAN_POINT('',(-45.75,-30.,4.));
#2905 = LINE('',#2906,#2907);
#2906 = CARTESIAN_POINT('',(-45.75,-30.,0.));
#2907 = VECTOR('',#2908,1.);
#2908 = DIRECTION('',(0.,0.,1.));
#2909 = ORIENTED_EDGE('',*,*,#2910,.T.);
#2910 = EDGE_CURVE('',#2901,#2911,#2913,.T.);
#2911 = VERTEX_POINT('',#2912);
#2912 = CARTESIAN_POINT('',(-45.75,30.,0.));
#2913 = LINE('',#2914,#2915);
#2914 = CARTESIAN_POINT('',(-45.75,-30.,0.));
#2915 = VECTOR('',#2916,1.);
#2916 = DIRECTION('',(-0.,1.,0.));
#2917 = ORIENTED_EDGE('',*,*,#2918,.T.);
#2918 = EDGE_CURVE('',#2911,#2919,#2921,.T.);
#2919 = VERTEX_POINT('',#2920);
#2920 = CARTESIAN_POINT('',(-45.75,30.,4.));
#2921 = LINE('',#2922,#2923);
#2922 = CARTESIAN_POINT('',(-45.75,30.,0.));
#2923 = VECTOR('',#2924,1.);
#2924 = DIRECTION('',(0.,0.,1.));
#2925 = ORIENTED_EDGE('',*,*,#2926,.F.);
#2926 = EDGE_CURVE('',#2903,#2919,#2927,.T.);
#2927 = LINE('',#2928,#2929);
#2928 = CARTESIAN_POINT('',(-45.75,-30.,4.));
#2929 = VECTOR('',#2930,1.);
#2930 = DIRECTION('',(-0.,1.,0.));
#2931 = PLANE('',#2932);
#2932 = AXIS2_PLACEMENT_3D('',#2933,#2934,#2935);
#2933 = CARTESIAN_POINT('',(-45.75,-30.,0.));
#2934 = DIRECTION('',(1.,0.,-0.));
#2935 = DIRECTION('',(0.,0.,1.));
#2936 = ADVANCED_FACE('',(#2937),#2971,.T.);
#2937 = FACE_BOUND('',#2938,.T.);
#2938 = EDGE_LOOP('',(#2939,#2949,#2957,#2965));
#2939 = ORIENTED_EDGE('',*,*,#2940,.F.);
#2940 = EDGE_CURVE('',#2941,#2943,#2945,.T.);
#2941 = VERTEX_POINT('',#2942);
#2942 = CARTESIAN_POINT('',(45.75,-30.,0.));
#2943 = VERTEX_POINT('',#2944);
#2944 = CARTESIAN_POINT('',(45.75,-30.,4.));
#2945 = LINE('',#2946,#2947);
#2946 = CARTESIAN_POINT('',(45.75,-30.,0.));
#2947 = VECTOR('',#2948,1.);
#2948 = DIRECTION('',(0.,0.,1.));
#2949 = ORIENTED_EDGE('',*,*,#2950,.T.);
#2950 = EDGE_CURVE('',#2941,#2951,#2953,.T.);
#2951 = VERTEX_POINT('',#2952);
#2952 = CARTESIAN_POINT('',(45.75,30.,0.));
#2953 = LINE('',#2954,#2955);
#2954 = CARTESIAN_POINT('',(45.75,-30.,0.));
#2955 = VECTOR('',#2956,1.);
#2956 = DIRECTION('',(-0.,1.,0.));
#2957 = ORIENTED_EDGE('',*,*,#2958,.T.);
#2958 = EDGE_CURVE('',#2951,#2959,#2961,.T.);
#2959 = VERTEX_POINT('',#2960);
#2960 = CARTESIAN_POINT('',(45.75,30.,4.));
#2961 = LINE('',#2962,#2963);
#2962 = CARTESIAN_POINT('',(45.75,30.,0.));
#2963 = VECTOR('',#2964,1.);
#2964 = DIRECTION('',(0.,0.,1.));
#2965 = ORIENTED_EDGE('',*,*,#2966,.F.);
#2966 = EDGE_CURVE('',#2943,#2959,#2967,.T.);
#2967 = LINE('',#2968,#2969);
#2968 = CARTESIAN_POINT('',(45.75,-30.,4.));
#2969 = VECTOR('',#2970,1.);
#2970 = DIRECTION('',(-0.,1.,0.));
#2971 = PLANE('',#2972);
#2972 = AXIS2_PLACEMENT_3D('',#2973,#2974,#2975);
#2973 = CARTESIAN_POINT('',(45.75,-30.,0.));
#2974 = DIRECTION('',(1.,0.,-0.));
#2975 = DIRECTION('',(0.,0.,1.));
#2976 = ADVANCED_FACE('',(#2977),#2993,.F.);
#2977 = FACE_BOUND('',#2978,.F.);
#2978 = EDGE_LOOP('',(#2979,#2985,#2986,#2992));
#2979 = ORIENTED_EDGE('',*,*,#2980,.F.);
#2980 = EDGE_CURVE('',#2901,#2941,#2981,.T.);
#2981 = LINE('',#2982,#2983);
#2982 = CARTESIAN_POINT('',(-45.75,-30.,0.));
#2983 = VECTOR('',#2984,1.);
#2984 = DIRECTION('',(1.,0.,-0.));
#2985 = ORIENTED_EDGE('',*,*,#2900,.T.);
#2986 = ORIENTED_EDGE('',*,*,#2987,.T.);
#2987 = EDGE_CURVE('',#2903,#2943,#2988,.T.);
#2988 = LINE('',#2989,#2990);
#2989 = CARTESIAN_POINT('',(-45.75,-30.,4.));
#2990 = VECTOR('',#2991,1.);
#2991 = DIRECTION('',(1.,0.,-0.));
#2992 = ORIENTED_EDGE('',*,*,#2940,.F.);
#2993 = PLANE('',#2994);
#2994 = AXIS2_PLACEMENT_3D('',#2995,#2996,#2997);
#2995 = CARTESIAN_POINT('',(-45.75,-30.,0.));
#2996 = DIRECTION('',(-0.,1.,0.));
#2997 = DIRECTION('',(0.,0.,1.));
#2998 = ADVANCED_FACE('',(#2999),#3015,.T.);
#2999 = FACE_BOUND('',#3000,.T.);
#3000 = EDGE_LOOP('',(#3001,#3007,#3008,#3014));
#3001 = ORIENTED_EDGE('',*,*,#3002,.F.);
#3002 = EDGE_CURVE('',#2911,#2951,#3003,.T.);
#3003 = LINE('',#3004,#3005);
#3004 = CARTESIAN_POINT('',(-45.75,30.,0.));
#3005 = VECTOR('',#3006,1.);
#3006 = DIRECTION('',(1.,0.,-0.));
#3007 = ORIENTED_EDGE('',*,*,#2918,.T.);
#3008 = ORIENTED_EDGE('',*,*,#3009,.T.);
#3009 = EDGE_CURVE('',#2919,#2959,#3010,.T.);
#3010 = LINE('',#3011,#3012);
#3011 = CARTESIAN_POINT('',(-45.75,30.,4.));
#3012 = VECTOR('',#3013,1.);
#3013 = DIRECTION('',(1.,0.,-0.));
#3014 = ORIENTED_EDGE('',*,*,#2958,.F.);
#3015 = PLANE('',#3016);
#3016 = AXIS2_PLACEMENT_3D('',#3017,#3018,#3019);
#3017 = CARTESIAN_POINT('',(-45.75,30.,0.));
#3018 = DIRECTION('',(-0.,1.,0.));
#3019 = DIRECTION('',(0.,0.,1.));
#3020 = ADVANCED_FACE('',(#3021),#3027,.F.);
#3021 = FACE_BOUND('',#3022,.F.);
#3022 = EDGE_LOOP('',(#3023,#3024,#3025,#3026));
#3023 = ORIENTED_EDGE('',*,*,#2910,.F.);
#3024 = ORIENTED_EDGE('',*,*,#2980,.T.);
#3025 = ORIENTED_EDGE('',*,*,#2950,.T.);
#3026 = ORIENTED_EDGE('',*,*,#3002,.F.);
#3027 = PLANE('',#3028);
#3028 = AXIS2_PLACEMENT_3D('',#3029,#3030,#3031);
#3029 = CARTESIAN_POINT('',(-45.75,-30.,0.));
#3030 = DIRECTION('',(0.,0.,1.));
#3031 = DIRECTION('',(1.,0.,-0.));
#3032 = ADVANCED_FACE('',(#3033),#3039,.T.);
#3033 = FACE_BOUND('',#3034,.T.);
#3034 = EDGE_LOOP('',(#3035,#3036,#3037,#3038));
#3035 = ORIENTED_EDGE('',*,*,#2926,.F.);
#3036 = ORIENTED_EDGE('',*,*,#2987,.T.);
#3037 = ORIENTED_EDGE('',*,*,#2966,.T.);
#3038 = ORIENTED_EDGE('',*,*,#3009,.F.);
#3039 = PLANE('',#3040);
#3040 = AXIS2_PLACEMENT_3D('',#3041,#3042,#3043);
#3041 = CARTESIAN_POINT('',(-45.75,-30.,4.));
#3042 = DIRECTION('',(0.,0.,1.));
#3043 = DIRECTION('',(1.,0.,-0.));
#3044 = ( GEOMETRIC_REPRESENTATION_CONTEXT(3) 
GLOBAL_UNCERTAINTY_ASSIGNED_CONTEXT((#3048)) 
GLOBAL_UNIT_ASSIGNED_CONTEXT((#3045,#3046,#3047)) REPRESENTATION_CONTEXT
('Context #1','3D Context with UNIT and UNCERTAINTY') );
#3045 = ( LENGTH_UNIT() NAMED_UNIT(*) SI_UNIT(.MILLI.,.METRE.) );
#3046 = ( NAMED_UNIT(*) PLANE_ANGLE_UNIT() SI_UNIT($,.RADIAN.) );
#3047 = ( NAMED_UNIT(*) SI_UNIT($,.STERADIAN.) SOLID_ANGLE_UNIT() );
#3048 = UNCERTAINTY_MEASURE_WITH_UNIT(LENGTH_MEASURE(1.E-07),#3045,
  'distance_accuracy_value','confusion accuracy');
#3049 = CONTEXT_DEPENDENT_SHAPE_REPRESENTATION(#3050,#3052);
#3050 = ( REPRESENTATION_RELATIONSHIP('','',#2893,#10) 
REPRESENTATION_RELATIONSHIP_WITH_TRANSFORMATION(#3051) 
SHAPE_REPRESENTATION_RELATIONSHIP() );
#3051 = ITEM_DEFINED_TRANSFORMATION('','',#11,#59);
#3052 = PRODUCT_DEFINITION_SHAPE('Placement','Placement of an item',
  #3053);
#3053 = NEXT_ASSEMBLY_USAGE_OCCURRENCE('12','folha1_b_placa','',#5,#2888
  ,$);
#3054 = PRODUCT_RELATED_PRODUCT_CATEGORY('part',$,(#2890));
#3055 = SHAPE_DEFINITION_REPRESENTATION(#3056,#3062);
#3056 = PRODUCT_DEFINITION_SHAPE('','',#3057);
#3057 = PRODUCT_DEFINITION('design','',#3058,#3061);
#3058 = PRODUCT_DEFINITION_FORMATION('','',#3059);
#3059 = PRODUCT('folha2_mont_a','folha2_mont_a','',(#3060));
#3060 = PRODUCT_CONTEXT('',#2,'mechanical');
#3061 = PRODUCT_DEFINITION_CONTEXT('part definition',#2,'design');
#3062 = ADVANCED_BREP_SHAPE_REPRESENTATION('',(#11,#3063),#3213);
#3063 = MANIFOLD_SOLID_BREP('',#3064);
#3064 = CLOSED_SHELL('',(#3065,#3105,#3145,#3167,#3189,#3201));
#3065 = ADVANCED_FACE('',(#3066),#3100,.F.);
#3066 = FACE_BOUND('',#3067,.F.);
#3067 = EDGE_LOOP('',(#3068,#3078,#3086,#3094));
#3068 = ORIENTED_EDGE('',*,*,#3069,.F.);
#3069 = EDGE_CURVE('',#3070,#3072,#3074,.T.);
#3070 = VERTEX_POINT('',#3071);
#3071 = CARTESIAN_POINT('',(892.5,-2.009618943233,106.));
#3072 = VERTEX_POINT('',#3073);
#3073 = CARTESIAN_POINT('',(892.5,-2.009618943233,1.706E+03));
#3074 = LINE('',#3075,#3076);
#3075 = CARTESIAN_POINT('',(892.5,-2.009618943233,106.));
#3076 = VECTOR('',#3077,1.);
#3077 = DIRECTION('',(0.,0.,1.));
#3078 = ORIENTED_EDGE('',*,*,#3079,.T.);
#3079 = EDGE_CURVE('',#3070,#3080,#3082,.T.);
#3080 = VERTEX_POINT('',#3081);
#3081 = CARTESIAN_POINT('',(892.5,27.990381056767,106.));
#3082 = LINE('',#3083,#3084);
#3083 = CARTESIAN_POINT('',(892.5,-2.009618943233,106.));
#3084 = VECTOR('',#3085,1.);
#3085 = DIRECTION('',(-0.,1.,0.));
#3086 = ORIENTED_EDGE('',*,*,#3087,.T.);
#3087 = EDGE_CURVE('',#3080,#3088,#3090,.T.);
#3088 = VERTEX_POINT('',#3089);
#3089 = CARTESIAN_POINT('',(892.5,27.990381056767,1.706E+03));
#3090 = LINE('',#3091,#3092);
#3091 = CARTESIAN_POINT('',(892.5,27.990381056767,106.));
#3092 = VECTOR('',#3093,1.);
#3093 = DIRECTION('',(0.,0.,1.));
#3094 = ORIENTED_EDGE('',*,*,#3095,.F.);
#3095 = EDGE_CURVE('',#3072,#3088,#3096,.T.);
#3096 = LINE('',#3097,#3098);
#3097 = CARTESIAN_POINT('',(892.5,-2.009618943233,1.706E+03));
#3098 = VECTOR('',#3099,1.);
#3099 = DIRECTION('',(-0.,1.,0.));
#3100 = PLANE('',#3101);
#3101 = AXIS2_PLACEMENT_3D('',#3102,#3103,#3104);
#3102 = CARTESIAN_POINT('',(892.5,-2.009618943233,106.));
#3103 = DIRECTION('',(1.,0.,-0.));
#3104 = DIRECTION('',(0.,0.,1.));
#3105 = ADVANCED_FACE('',(#3106),#3140,.T.);
#3106 = FACE_BOUND('',#3107,.T.);
#3107 = EDGE_LOOP('',(#3108,#3118,#3126,#3134));
#3108 = ORIENTED_EDGE('',*,*,#3109,.F.);
#3109 = EDGE_CURVE('',#3110,#3112,#3114,.T.);
#3110 = VERTEX_POINT('',#3111);
#3111 = CARTESIAN_POINT('',(922.5,-2.009618943233,106.));
#3112 = VERTEX_POINT('',#3113);
#3113 = CARTESIAN_POINT('',(922.5,-2.009618943233,1.706E+03));
#3114 = LINE('',#3115,#3116);
#3115 = CARTESIAN_POINT('',(922.5,-2.009618943233,106.));
#3116 = VECTOR('',#3117,1.);
#3117 = DIRECTION('',(0.,0.,1.));
#3118 = ORIENTED_EDGE('',*,*,#3119,.T.);
#3119 = EDGE_CURVE('',#3110,#3120,#3122,.T.);
#3120 = VERTEX_POINT('',#3121);
#3121 = CARTESIAN_POINT('',(922.5,27.990381056767,106.));
#3122 = LINE('',#3123,#3124);
#3123 = CARTESIAN_POINT('',(922.5,-2.009618943233,106.));
#3124 = VECTOR('',#3125,1.);
#3125 = DIRECTION('',(-0.,1.,0.));
#3126 = ORIENTED_EDGE('',*,*,#3127,.T.);
#3127 = EDGE_CURVE('',#3120,#3128,#3130,.T.);
#3128 = VERTEX_POINT('',#3129);
#3129 = CARTESIAN_POINT('',(922.5,27.990381056767,1.706E+03));
#3130 = LINE('',#3131,#3132);
#3131 = CARTESIAN_POINT('',(922.5,27.990381056767,106.));
#3132 = VECTOR('',#3133,1.);
#3133 = DIRECTION('',(0.,0.,1.));
#3134 = ORIENTED_EDGE('',*,*,#3135,.F.);
#3135 = EDGE_CURVE('',#3112,#3128,#3136,.T.);
#3136 = LINE('',#3137,#3138);
#3137 = CARTESIAN_POINT('',(922.5,-2.009618943233,1.706E+03));
#3138 = VECTOR('',#3139,1.);
#3139 = DIRECTION('',(-0.,1.,0.));
#3140 = PLANE('',#3141);
#3141 = AXIS2_PLACEMENT_3D('',#3142,#3143,#3144);
#3142 = CARTESIAN_POINT('',(922.5,-2.009618943233,106.));
#3143 = DIRECTION('',(1.,0.,-0.));
#3144 = DIRECTION('',(0.,0.,1.));
#3145 = ADVANCED_FACE('',(#3146),#3162,.F.);
#3146 = FACE_BOUND('',#3147,.F.);
#3147 = EDGE_LOOP('',(#3148,#3154,#3155,#3161));
#3148 = ORIENTED_EDGE('',*,*,#3149,.F.);
#3149 = EDGE_CURVE('',#3070,#3110,#3150,.T.);
#3150 = LINE('',#3151,#3152);
#3151 = CARTESIAN_POINT('',(892.5,-2.009618943233,106.));
#3152 = VECTOR('',#3153,1.);
#3153 = DIRECTION('',(1.,0.,-0.));
#3154 = ORIENTED_EDGE('',*,*,#3069,.T.);
#3155 = ORIENTED_EDGE('',*,*,#3156,.T.);
#3156 = EDGE_CURVE('',#3072,#3112,#3157,.T.);
#3157 = LINE('',#3158,#3159);
#3158 = CARTESIAN_POINT('',(892.5,-2.009618943233,1.706E+03));
#3159 = VECTOR('',#3160,1.);
#3160 = DIRECTION('',(1.,0.,-0.));
#3161 = ORIENTED_EDGE('',*,*,#3109,.F.);
#3162 = PLANE('',#3163);
#3163 = AXIS2_PLACEMENT_3D('',#3164,#3165,#3166);
#3164 = CARTESIAN_POINT('',(892.5,-2.009618943233,106.));
#3165 = DIRECTION('',(-0.,1.,0.));
#3166 = DIRECTION('',(0.,0.,1.));
#3167 = ADVANCED_FACE('',(#3168),#3184,.T.);
#3168 = FACE_BOUND('',#3169,.T.);
#3169 = EDGE_LOOP('',(#3170,#3176,#3177,#3183));
#3170 = ORIENTED_EDGE('',*,*,#3171,.F.);
#3171 = EDGE_CURVE('',#3080,#3120,#3172,.T.);
#3172 = LINE('',#3173,#3174);
#3173 = CARTESIAN_POINT('',(892.5,27.990381056767,106.));
#3174 = VECTOR('',#3175,1.);
#3175 = DIRECTION('',(1.,0.,-0.));
#3176 = ORIENTED_EDGE('',*,*,#3087,.T.);
#3177 = ORIENTED_EDGE('',*,*,#3178,.T.);
#3178 = EDGE_CURVE('',#3088,#3128,#3179,.T.);
#3179 = LINE('',#3180,#3181);
#3180 = CARTESIAN_POINT('',(892.5,27.990381056767,1.706E+03));
#3181 = VECTOR('',#3182,1.);
#3182 = DIRECTION('',(1.,0.,-0.));
#3183 = ORIENTED_EDGE('',*,*,#3127,.F.);
#3184 = PLANE('',#3185);
#3185 = AXIS2_PLACEMENT_3D('',#3186,#3187,#3188);
#3186 = CARTESIAN_POINT('',(892.5,27.990381056767,106.));
#3187 = DIRECTION('',(-0.,1.,0.));
#3188 = DIRECTION('',(0.,0.,1.));
#3189 = ADVANCED_FACE('',(#3190),#3196,.F.);
#3190 = FACE_BOUND('',#3191,.F.);
#3191 = EDGE_LOOP('',(#3192,#3193,#3194,#3195));
#3192 = ORIENTED_EDGE('',*,*,#3079,.F.);
#3193 = ORIENTED_EDGE('',*,*,#3149,.T.);
#3194 = ORIENTED_EDGE('',*,*,#3119,.T.);
#3195 = ORIENTED_EDGE('',*,*,#3171,.F.);
#3196 = PLANE('',#3197);
#3197 = AXIS2_PLACEMENT_3D('',#3198,#3199,#3200);
#3198 = CARTESIAN_POINT('',(892.5,-2.009618943233,106.));
#3199 = DIRECTION('',(0.,0.,1.));
#3200 = DIRECTION('',(1.,0.,-0.));
#3201 = ADVANCED_FACE('',(#3202),#3208,.T.);
#3202 = FACE_BOUND('',#3203,.T.);
#3203 = EDGE_LOOP('',(#3204,#3205,#3206,#3207));
#3204 = ORIENTED_EDGE('',*,*,#3095,.F.);
#3205 = ORIENTED_EDGE('',*,*,#3156,.T.);
#3206 = ORIENTED_EDGE('',*,*,#3135,.T.);
#3207 = ORIENTED_EDGE('',*,*,#3178,.F.);
#3208 = PLANE('',#3209);
#3209 = AXIS2_PLACEMENT_3D('',#3210,#3211,#3212);
#3210 = CARTESIAN_POINT('',(892.5,-2.009618943233,1.706E+03));
#3211 = DIRECTION('',(0.,0.,1.));
#3212 = DIRECTION('',(1.,0.,-0.));
#3213 = ( GEOMETRIC_REPRESENTATION_CONTEXT(3) 
GLOBAL_UNCERTAINTY_ASSIGNED_CONTEXT((#3217)) 
GLOBAL_UNIT_ASSIGNED_CONTEXT((#3214,#3215,#3216)) REPRESENTATION_CONTEXT
('Context #1','3D Context with UNIT and UNCERTAINTY') );
#3214 = ( LENGTH_UNIT() NAMED_UNIT(*) SI_UNIT(.MILLI.,.METRE.) );
#3215 = ( NAMED_UNIT(*) PLANE_ANGLE_UNIT() SI_UNIT($,.RADIAN.) );
#3216 = ( NAMED_UNIT(*) SI_UNIT($,.STERADIAN.) SOLID_ANGLE_UNIT() );
#3217 = UNCERTAINTY_MEASURE_WITH_UNIT(LENGTH_MEASURE(1.E-07),#3214,
  'distance_accuracy_value','confusion accuracy');
#3218 = CONTEXT_DEPENDENT_SHAPE_REPRESENTATION(#3219,#3221);
#3219 = ( REPRESENTATION_RELATIONSHIP('','',#3062,#10) 
REPRESENTATION_RELATIONSHIP_WITH_TRANSFORMATION(#3220) 
SHAPE_REPRESENTATION_RELATIONSHIP() );
#3220 = ITEM_DEFINED_TRANSFORMATION('','',#11,#63);
#3221 = PRODUCT_DEFINITION_SHAPE('Placement','Placement of an item',
  #3222);
#3222 = NEXT_ASSEMBLY_USAGE_OCCURRENCE('13','folha2_mont_a','',#5,#3057,
  $);
#3223 = PRODUCT_RELATED_PRODUCT_CATEGORY('part',$,(#3059));
#3224 = SHAPE_DEFINITION_REPRESENTATION(#3225,#3231);
#3225 = PRODUCT_DEFINITION_SHAPE('','',#3226);
#3226 = PRODUCT_DEFINITION('design','',#3227,#3230);
#3227 = PRODUCT_DEFINITION_FORMATION('','',#3228);
#3228 = PRODUCT('folha2_mont_b','folha2_mont_b','',(#3229));
#3229 = PRODUCT_CONTEXT('',#2,'mechanical');
#3230 = PRODUCT_DEFINITION_CONTEXT('part definition',#2,'design');
#3231 = ADVANCED_BREP_SHAPE_REPRESENTATION('',(#11,#3232),#3382);
#3232 = MANIFOLD_SOLID_BREP('',#3233);
#3233 = CLOSED_SHELL('',(#3234,#3274,#3314,#3336,#3358,#3370));
#3234 = ADVANCED_FACE('',(#3235),#3269,.F.);
#3235 = FACE_BOUND('',#3236,.F.);
#3236 = EDGE_LOOP('',(#3237,#3247,#3255,#3263));
#3237 = ORIENTED_EDGE('',*,*,#3238,.F.);
#3238 = EDGE_CURVE('',#3239,#3241,#3243,.T.);
#3239 = VERTEX_POINT('',#3240);
#3240 = CARTESIAN_POINT('',(1.3275E+03,751.43248234922,106.));
#3241 = VERTEX_POINT('',#3242);
#3242 = CARTESIAN_POINT('',(1.3275E+03,751.43248234922,1.706E+03));
#3243 = LINE('',#3244,#3245);
#3244 = CARTESIAN_POINT('',(1.3275E+03,751.43248234922,106.));
#3245 = VECTOR('',#3246,1.);
#3246 = DIRECTION('',(0.,0.,1.));
#3247 = ORIENTED_EDGE('',*,*,#3248,.T.);
#3248 = EDGE_CURVE('',#3239,#3249,#3251,.T.);
#3249 = VERTEX_POINT('',#3250);
#3250 = CARTESIAN_POINT('',(1.3275E+03,781.43248234922,106.));
#3251 = LINE('',#3252,#3253);
#3252 = CARTESIAN_POINT('',(1.3275E+03,751.43248234922,106.));
#3253 = VECTOR('',#3254,1.);
#3254 = DIRECTION('',(-0.,1.,0.));
#3255 = ORIENTED_EDGE('',*,*,#3256,.T.);
#3256 = EDGE_CURVE('',#3249,#3257,#3259,.T.);
#3257 = VERTEX_POINT('',#3258);
#3258 = CARTESIAN_POINT('',(1.3275E+03,781.43248234922,1.706E+03));
#3259 = LINE('',#3260,#3261);
#3260 = CARTESIAN_POINT('',(1.3275E+03,781.43248234922,106.));
#3261 = VECTOR('',#3262,1.);
#3262 = DIRECTION('',(0.,0.,1.));
#3263 = ORIENTED_EDGE('',*,*,#3264,.F.);
#3264 = EDGE_CURVE('',#3241,#3257,#3265,.T.);
#3265 = LINE('',#3266,#3267);
#3266 = CARTESIAN_POINT('',(1.3275E+03,751.43248234922,1.706E+03));
#3267 = VECTOR('',#3268,1.);
#3268 = DIRECTION('',(-0.,1.,0.));
#3269 = PLANE('',#3270);
#3270 = AXIS2_PLACEMENT_3D('',#3271,#3272,#3273);
#3271 = CARTESIAN_POINT('',(1.3275E+03,751.43248234922,106.));
#3272 = DIRECTION('',(1.,0.,-0.));
#3273 = DIRECTION('',(0.,0.,1.));
#3274 = ADVANCED_FACE('',(#3275),#3309,.T.);
#3275 = FACE_BOUND('',#3276,.T.);
#3276 = EDGE_LOOP('',(#3277,#3287,#3295,#3303));
#3277 = ORIENTED_EDGE('',*,*,#3278,.F.);
#3278 = EDGE_CURVE('',#3279,#3281,#3283,.T.);
#3279 = VERTEX_POINT('',#3280);
#3280 = CARTESIAN_POINT('',(1.3575E+03,751.43248234922,106.));
#3281 = VERTEX_POINT('',#3282);
#3282 = CARTESIAN_POINT('',(1.3575E+03,751.43248234922,1.706E+03));
#3283 = LINE('',#3284,#3285);
#3284 = CARTESIAN_POINT('',(1.3575E+03,751.43248234922,106.));
#3285 = VECTOR('',#3286,1.);
#3286 = DIRECTION('',(0.,0.,1.));
#3287 = ORIENTED_EDGE('',*,*,#3288,.T.);
#3288 = EDGE_CURVE('',#3279,#3289,#3291,.T.);
#3289 = VERTEX_POINT('',#3290);
#3290 = CARTESIAN_POINT('',(1.3575E+03,781.43248234922,106.));
#3291 = LINE('',#3292,#3293);
#3292 = CARTESIAN_POINT('',(1.3575E+03,751.43248234922,106.));
#3293 = VECTOR('',#3294,1.);
#3294 = DIRECTION('',(-0.,1.,0.));
#3295 = ORIENTED_EDGE('',*,*,#3296,.T.);
#3296 = EDGE_CURVE('',#3289,#3297,#3299,.T.);
#3297 = VERTEX_POINT('',#3298);
#3298 = CARTESIAN_POINT('',(1.3575E+03,781.43248234922,1.706E+03));
#3299 = LINE('',#3300,#3301);
#3300 = CARTESIAN_POINT('',(1.3575E+03,781.43248234922,106.));
#3301 = VECTOR('',#3302,1.);
#3302 = DIRECTION('',(0.,0.,1.));
#3303 = ORIENTED_EDGE('',*,*,#3304,.F.);
#3304 = EDGE_CURVE('',#3281,#3297,#3305,.T.);
#3305 = LINE('',#3306,#3307);
#3306 = CARTESIAN_POINT('',(1.3575E+03,751.43248234922,1.706E+03));
#3307 = VECTOR('',#3308,1.);
#3308 = DIRECTION('',(-0.,1.,0.));
#3309 = PLANE('',#3310);
#3310 = AXIS2_PLACEMENT_3D('',#3311,#3312,#3313);
#3311 = CARTESIAN_POINT('',(1.3575E+03,751.43248234922,106.));
#3312 = DIRECTION('',(1.,0.,-0.));
#3313 = DIRECTION('',(0.,0.,1.));
#3314 = ADVANCED_FACE('',(#3315),#3331,.F.);
#3315 = FACE_BOUND('',#3316,.F.);
#3316 = EDGE_LOOP('',(#3317,#3323,#3324,#3330));
#3317 = ORIENTED_EDGE('',*,*,#3318,.F.);
#3318 = EDGE_CURVE('',#3239,#3279,#3319,.T.);
#3319 = LINE('',#3320,#3321);
#3320 = CARTESIAN_POINT('',(1.3275E+03,751.43248234922,106.));
#3321 = VECTOR('',#3322,1.);
#3322 = DIRECTION('',(1.,0.,-0.));
#3323 = ORIENTED_EDGE('',*,*,#3238,.T.);
#3324 = ORIENTED_EDGE('',*,*,#3325,.T.);
#3325 = EDGE_CURVE('',#3241,#3281,#3326,.T.);
#3326 = LINE('',#3327,#3328);
#3327 = CARTESIAN_POINT('',(1.3275E+03,751.43248234922,1.706E+03));
#3328 = VECTOR('',#3329,1.);
#3329 = DIRECTION('',(1.,0.,-0.));
#3330 = ORIENTED_EDGE('',*,*,#3278,.F.);
#3331 = PLANE('',#3332);
#3332 = AXIS2_PLACEMENT_3D('',#3333,#3334,#3335);
#3333 = CARTESIAN_POINT('',(1.3275E+03,751.43248234922,106.));
#3334 = DIRECTION('',(-0.,1.,0.));
#3335 = DIRECTION('',(0.,0.,1.));
#3336 = ADVANCED_FACE('',(#3337),#3353,.T.);
#3337 = FACE_BOUND('',#3338,.T.);
#3338 = EDGE_LOOP('',(#3339,#3345,#3346,#3352));
#3339 = ORIENTED_EDGE('',*,*,#3340,.F.);
#3340 = EDGE_CURVE('',#3249,#3289,#3341,.T.);
#3341 = LINE('',#3342,#3343);
#3342 = CARTESIAN_POINT('',(1.3275E+03,781.43248234922,106.));
#3343 = VECTOR('',#3344,1.);
#3344 = DIRECTION('',(1.,0.,-0.));
#3345 = ORIENTED_EDGE('',*,*,#3256,.T.);
#3346 = ORIENTED_EDGE('',*,*,#3347,.T.);
#3347 = EDGE_CURVE('',#3257,#3297,#3348,.T.);
#3348 = LINE('',#3349,#3350);
#3349 = CARTESIAN_POINT('',(1.3275E+03,781.43248234922,1.706E+03));
#3350 = VECTOR('',#3351,1.);
#3351 = DIRECTION('',(1.,0.,-0.));
#3352 = ORIENTED_EDGE('',*,*,#3296,.F.);
#3353 = PLANE('',#3354);
#3354 = AXIS2_PLACEMENT_3D('',#3355,#3356,#3357);
#3355 = CARTESIAN_POINT('',(1.3275E+03,781.43248234922,106.));
#3356 = DIRECTION('',(-0.,1.,0.));
#3357 = DIRECTION('',(0.,0.,1.));
#3358 = ADVANCED_FACE('',(#3359),#3365,.F.);
#3359 = FACE_BOUND('',#3360,.F.);
#3360 = EDGE_LOOP('',(#3361,#3362,#3363,#3364));
#3361 = ORIENTED_EDGE('',*,*,#3248,.F.);
#3362 = ORIENTED_EDGE('',*,*,#3318,.T.);
#3363 = ORIENTED_EDGE('',*,*,#3288,.T.);
#3364 = ORIENTED_EDGE('',*,*,#3340,.F.);
#3365 = PLANE('',#3366);
#3366 = AXIS2_PLACEMENT_3D('',#3367,#3368,#3369);
#3367 = CARTESIAN_POINT('',(1.3275E+03,751.43248234922,106.));
#3368 = DIRECTION('',(0.,0.,1.));
#3369 = DIRECTION('',(1.,0.,-0.));
#3370 = ADVANCED_FACE('',(#3371),#3377,.T.);
#3371 = FACE_BOUND('',#3372,.T.);
#3372 = EDGE_LOOP('',(#3373,#3374,#3375,#3376));
#3373 = ORIENTED_EDGE('',*,*,#3264,.F.);
#3374 = ORIENTED_EDGE('',*,*,#3325,.T.);
#3375 = ORIENTED_EDGE('',*,*,#3304,.T.);
#3376 = ORIENTED_EDGE('',*,*,#3347,.F.);
#3377 = PLANE('',#3378);
#3378 = AXIS2_PLACEMENT_3D('',#3379,#3380,#3381);
#3379 = CARTESIAN_POINT('',(1.3275E+03,751.43248234922,1.706E+03));
#3380 = DIRECTION('',(0.,0.,1.));
#3381 = DIRECTION('',(1.,0.,-0.));
#3382 = ( GEOMETRIC_REPRESENTATION_CONTEXT(3) 
GLOBAL_UNCERTAINTY_ASSIGNED_CONTEXT((#3386)) 
GLOBAL_UNIT_ASSIGNED_CONTEXT((#3383,#3384,#3385)) REPRESENTATION_CONTEXT
('Context #1','3D Context with UNIT and UNCERTAINTY') );
#3383 = ( LENGTH_UNIT() NAMED_UNIT(*) SI_UNIT(.MILLI.,.METRE.) );
#3384 = ( NAMED_UNIT(*) PLANE_ANGLE_UNIT() SI_UNIT($,.RADIAN.) );
#3385 = ( NAMED_UNIT(*) SI_UNIT($,.STERADIAN.) SOLID_ANGLE_UNIT() );
#3386 = UNCERTAINTY_MEASURE_WITH_UNIT(LENGTH_MEASURE(1.E-07),#3383,
  'distance_accuracy_value','confusion accuracy');
#3387 = CONTEXT_DEPENDENT_SHAPE_REPRESENTATION(#3388,#3390);
#3388 = ( REPRESENTATION_RELATIONSHIP('','',#3231,#10) 
REPRESENTATION_RELATIONSHIP_WITH_TRANSFORMATION(#3389) 
SHAPE_REPRESENTATION_RELATIONSHIP() );
#3389 = ITEM_DEFINED_TRANSFORMATION('','',#11,#67);
#3390 = PRODUCT_DEFINITION_SHAPE('Placement','Placement of an item',
  #3391);
#3391 = NEXT_ASSEMBLY_USAGE_OCCURRENCE('14','folha2_mont_b','',#5,#3226,
  $);
#3392 = PRODUCT_RELATED_PRODUCT_CATEGORY('part',$,(#3228));
#3393 = SHAPE_DEFINITION_REPRESENTATION(#3394,#3400);
#3394 = PRODUCT_DEFINITION_SHAPE('','',#3395);
#3395 = PRODUCT_DEFINITION('design','',#3396,#3399);
#3396 = PRODUCT_DEFINITION_FORMATION('','',#3397);
#3397 = PRODUCT('folha2_trav_inf','folha2_trav_inf','',(#3398));
#3398 = PRODUCT_CONTEXT('',#2,'mechanical');
#3399 = PRODUCT_DEFINITION_CONTEXT('part definition',#2,'design');
#3400 = ADVANCED_BREP_SHAPE_REPRESENTATION('',(#11,#3401),#3551);
#3401 = MANIFOLD_SOLID_BREP('',#3402);
#3402 = CLOSED_SHELL('',(#3403,#3443,#3483,#3505,#3527,#3539));
#3403 = ADVANCED_FACE('',(#3404),#3438,.F.);
#3404 = FACE_BOUND('',#3405,.F.);
#3405 = EDGE_LOOP('',(#3406,#3416,#3424,#3432));
#3406 = ORIENTED_EDGE('',*,*,#3407,.F.);
#3407 = EDGE_CURVE('',#3408,#3410,#3412,.T.);
#3408 = VERTEX_POINT('',#3409);
#3409 = CARTESIAN_POINT('',(0.,-15.,-15.));
#3410 = VERTEX_POINT('',#3411);
#3411 = CARTESIAN_POINT('',(0.,-15.,15.));
#3412 = LINE('',#3413,#3414);
#3413 = CARTESIAN_POINT('',(0.,-15.,-15.));
#3414 = VECTOR('',#3415,1.);
#3415 = DIRECTION('',(0.,0.,1.));
#3416 = ORIENTED_EDGE('',*,*,#3417,.T.);
#3417 = EDGE_CURVE('',#3408,#3418,#3420,.T.);
#3418 = VERTEX_POINT('',#3419);
#3419 = CARTESIAN_POINT('',(0.,15.,-15.));
#3420 = LINE('',#3421,#3422);
#3421 = CARTESIAN_POINT('',(0.,-15.,-15.));
#3422 = VECTOR('',#3423,1.);
#3423 = DIRECTION('',(-0.,1.,0.));
#3424 = ORIENTED_EDGE('',*,*,#3425,.T.);
#3425 = EDGE_CURVE('',#3418,#3426,#3428,.T.);
#3426 = VERTEX_POINT('',#3427);
#3427 = CARTESIAN_POINT('',(0.,15.,15.));
#3428 = LINE('',#3429,#3430);
#3429 = CARTESIAN_POINT('',(0.,15.,-15.));
#3430 = VECTOR('',#3431,1.);
#3431 = DIRECTION('',(0.,0.,1.));
#3432 = ORIENTED_EDGE('',*,*,#3433,.F.);
#3433 = EDGE_CURVE('',#3410,#3426,#3434,.T.);
#3434 = LINE('',#3435,#3436);
#3435 = CARTESIAN_POINT('',(0.,-15.,15.));
#3436 = VECTOR('',#3437,1.);
#3437 = DIRECTION('',(-0.,1.,0.));
#3438 = PLANE('',#3439);
#3439 = AXIS2_PLACEMENT_3D('',#3440,#3441,#3442);
#3440 = CARTESIAN_POINT('',(0.,-15.,-15.));
#3441 = DIRECTION('',(1.,0.,-0.));
#3442 = DIRECTION('',(0.,0.,1.));
#3443 = ADVANCED_FACE('',(#3444),#3478,.T.);
#3444 = FACE_BOUND('',#3445,.T.);
#3445 = EDGE_LOOP('',(#3446,#3456,#3464,#3472));
#3446 = ORIENTED_EDGE('',*,*,#3447,.F.);
#3447 = EDGE_CURVE('',#3448,#3450,#3452,.T.);
#3448 = VERTEX_POINT('',#3449);
#3449 = CARTESIAN_POINT('',(840.,-15.,-15.));
#3450 = VERTEX_POINT('',#3451);
#3451 = CARTESIAN_POINT('',(840.,-15.,15.));
#3452 = LINE('',#3453,#3454);
#3453 = CARTESIAN_POINT('',(840.,-15.,-15.));
#3454 = VECTOR('',#3455,1.);
#3455 = DIRECTION('',(0.,0.,1.));
#3456 = ORIENTED_EDGE('',*,*,#3457,.T.);
#3457 = EDGE_CURVE('',#3448,#3458,#3460,.T.);
#3458 = VERTEX_POINT('',#3459);
#3459 = CARTESIAN_POINT('',(840.,15.,-15.));
#3460 = LINE('',#3461,#3462);
#3461 = CARTESIAN_POINT('',(840.,-15.,-15.));
#3462 = VECTOR('',#3463,1.);
#3463 = DIRECTION('',(-0.,1.,0.));
#3464 = ORIENTED_EDGE('',*,*,#3465,.T.);
#3465 = EDGE_CURVE('',#3458,#3466,#3468,.T.);
#3466 = VERTEX_POINT('',#3467);
#3467 = CARTESIAN_POINT('',(840.,15.,15.));
#3468 = LINE('',#3469,#3470);
#3469 = CARTESIAN_POINT('',(840.,15.,-15.));
#3470 = VECTOR('',#3471,1.);
#3471 = DIRECTION('',(0.,0.,1.));
#3472 = ORIENTED_EDGE('',*,*,#3473,.F.);
#3473 = EDGE_CURVE('',#3450,#3466,#3474,.T.);
#3474 = LINE('',#3475,#3476);
#3475 = CARTESIAN_POINT('',(840.,-15.,15.));
#3476 = VECTOR('',#3477,1.);
#3477 = DIRECTION('',(-0.,1.,0.));
#3478 = PLANE('',#3479);
#3479 = AXIS2_PLACEMENT_3D('',#3480,#3481,#3482);
#3480 = CARTESIAN_POINT('',(840.,-15.,-15.));
#3481 = DIRECTION('',(1.,0.,-0.));
#3482 = DIRECTION('',(0.,0.,1.));
#3483 = ADVANCED_FACE('',(#3484),#3500,.F.);
#3484 = FACE_BOUND('',#3485,.F.);
#3485 = EDGE_LOOP('',(#3486,#3492,#3493,#3499));
#3486 = ORIENTED_EDGE('',*,*,#3487,.F.);
#3487 = EDGE_CURVE('',#3408,#3448,#3488,.T.);
#3488 = LINE('',#3489,#3490);
#3489 = CARTESIAN_POINT('',(0.,-15.,-15.));
#3490 = VECTOR('',#3491,1.);
#3491 = DIRECTION('',(1.,0.,-0.));
#3492 = ORIENTED_EDGE('',*,*,#3407,.T.);
#3493 = ORIENTED_EDGE('',*,*,#3494,.T.);
#3494 = EDGE_CURVE('',#3410,#3450,#3495,.T.);
#3495 = LINE('',#3496,#3497);
#3496 = CARTESIAN_POINT('',(0.,-15.,15.));
#3497 = VECTOR('',#3498,1.);
#3498 = DIRECTION('',(1.,0.,-0.));
#3499 = ORIENTED_EDGE('',*,*,#3447,.F.);
#3500 = PLANE('',#3501);
#3501 = AXIS2_PLACEMENT_3D('',#3502,#3503,#3504);
#3502 = CARTESIAN_POINT('',(0.,-15.,-15.));
#3503 = DIRECTION('',(-0.,1.,0.));
#3504 = DIRECTION('',(0.,0.,1.));
#3505 = ADVANCED_FACE('',(#3506),#3522,.T.);
#3506 = FACE_BOUND('',#3507,.T.);
#3507 = EDGE_LOOP('',(#3508,#3514,#3515,#3521));
#3508 = ORIENTED_EDGE('',*,*,#3509,.F.);
#3509 = EDGE_CURVE('',#3418,#3458,#3510,.T.);
#3510 = LINE('',#3511,#3512);
#3511 = CARTESIAN_POINT('',(0.,15.,-15.));
#3512 = VECTOR('',#3513,1.);
#3513 = DIRECTION('',(1.,0.,-0.));
#3514 = ORIENTED_EDGE('',*,*,#3425,.T.);
#3515 = ORIENTED_EDGE('',*,*,#3516,.T.);
#3516 = EDGE_CURVE('',#3426,#3466,#3517,.T.);
#3517 = LINE('',#3518,#3519);
#3518 = CARTESIAN_POINT('',(0.,15.,15.));
#3519 = VECTOR('',#3520,1.);
#3520 = DIRECTION('',(1.,0.,-0.));
#3521 = ORIENTED_EDGE('',*,*,#3465,.F.);
#3522 = PLANE('',#3523);
#3523 = AXIS2_PLACEMENT_3D('',#3524,#3525,#3526);
#3524 = CARTESIAN_POINT('',(0.,15.,-15.));
#3525 = DIRECTION('',(-0.,1.,0.));
#3526 = DIRECTION('',(0.,0.,1.));
#3527 = ADVANCED_FACE('',(#3528),#3534,.F.);
#3528 = FACE_BOUND('',#3529,.F.);
#3529 = EDGE_LOOP('',(#3530,#3531,#3532,#3533));
#3530 = ORIENTED_EDGE('',*,*,#3417,.F.);
#3531 = ORIENTED_EDGE('',*,*,#3487,.T.);
#3532 = ORIENTED_EDGE('',*,*,#3457,.T.);
#3533 = ORIENTED_EDGE('',*,*,#3509,.F.);
#3534 = PLANE('',#3535);
#3535 = AXIS2_PLACEMENT_3D('',#3536,#3537,#3538);
#3536 = CARTESIAN_POINT('',(0.,-15.,-15.));
#3537 = DIRECTION('',(0.,0.,1.));
#3538 = DIRECTION('',(1.,0.,-0.));
#3539 = ADVANCED_FACE('',(#3540),#3546,.T.);
#3540 = FACE_BOUND('',#3541,.T.);
#3541 = EDGE_LOOP('',(#3542,#3543,#3544,#3545));
#3542 = ORIENTED_EDGE('',*,*,#3433,.F.);
#3543 = ORIENTED_EDGE('',*,*,#3494,.T.);
#3544 = ORIENTED_EDGE('',*,*,#3473,.T.);
#3545 = ORIENTED_EDGE('',*,*,#3516,.F.);
#3546 = PLANE('',#3547);
#3547 = AXIS2_PLACEMENT_3D('',#3548,#3549,#3550);
#3548 = CARTESIAN_POINT('',(0.,-15.,15.));
#3549 = DIRECTION('',(0.,0.,1.));
#3550 = DIRECTION('',(1.,0.,-0.));
#3551 = ( GEOMETRIC_REPRESENTATION_CONTEXT(3) 
GLOBAL_UNCERTAINTY_ASSIGNED_CONTEXT((#3555)) 
GLOBAL_UNIT_ASSIGNED_CONTEXT((#3552,#3553,#3554)) REPRESENTATION_CONTEXT
('Context #1','3D Context with UNIT and UNCERTAINTY') );
#3552 = ( LENGTH_UNIT() NAMED_UNIT(*) SI_UNIT(.MILLI.,.METRE.) );
#3553 = ( NAMED_UNIT(*) PLANE_ANGLE_UNIT() SI_UNIT($,.RADIAN.) );
#3554 = ( NAMED_UNIT(*) SI_UNIT($,.STERADIAN.) SOLID_ANGLE_UNIT() );
#3555 = UNCERTAINTY_MEASURE_WITH_UNIT(LENGTH_MEASURE(1.E-07),#3552,
  'distance_accuracy_value','confusion accuracy');
#3556 = CONTEXT_DEPENDENT_SHAPE_REPRESENTATION(#3557,#3559);
#3557 = ( REPRESENTATION_RELATIONSHIP('','',#3400,#10) 
REPRESENTATION_RELATIONSHIP_WITH_TRANSFORMATION(#3558) 
SHAPE_REPRESENTATION_RELATIONSHIP() );
#3558 = ITEM_DEFINED_TRANSFORMATION('','',#11,#71);
#3559 = PRODUCT_DEFINITION_SHAPE('Placement','Placement of an item',
  #3560);
#3560 = NEXT_ASSEMBLY_USAGE_OCCURRENCE('15','folha2_trav_inf','',#5,
  #3395,$);
#3561 = PRODUCT_RELATED_PRODUCT_CATEGORY('part',$,(#3397));
#3562 = SHAPE_DEFINITION_REPRESENTATION(#3563,#3569);
#3563 = PRODUCT_DEFINITION_SHAPE('','',#3564);
#3564 = PRODUCT_DEFINITION('design','',#3565,#3568);
#3565 = PRODUCT_DEFINITION_FORMATION('','',#3566);
#3566 = PRODUCT('folha2_trav_sup','folha2_trav_sup','',(#3567));
#3567 = PRODUCT_CONTEXT('',#2,'mechanical');
#3568 = PRODUCT_DEFINITION_CONTEXT('part definition',#2,'design');
#3569 = ADVANCED_BREP_SHAPE_REPRESENTATION('',(#11,#3570),#3720);
#3570 = MANIFOLD_SOLID_BREP('',#3571);
#3571 = CLOSED_SHELL('',(#3572,#3612,#3652,#3674,#3696,#3708));
#3572 = ADVANCED_FACE('',(#3573),#3607,.F.);
#3573 = FACE_BOUND('',#3574,.F.);
#3574 = EDGE_LOOP('',(#3575,#3585,#3593,#3601));
#3575 = ORIENTED_EDGE('',*,*,#3576,.F.);
#3576 = EDGE_CURVE('',#3577,#3579,#3581,.T.);
#3577 = VERTEX_POINT('',#3578);
#3578 = CARTESIAN_POINT('',(0.,-15.,-15.));
#3579 = VERTEX_POINT('',#3580);
#3580 = CARTESIAN_POINT('',(0.,-15.,15.));
#3581 = LINE('',#3582,#3583);
#3582 = CARTESIAN_POINT('',(0.,-15.,-15.));
#3583 = VECTOR('',#3584,1.);
#3584 = DIRECTION('',(0.,0.,1.));
#3585 = ORIENTED_EDGE('',*,*,#3586,.T.);
#3586 = EDGE_CURVE('',#3577,#3587,#3589,.T.);
#3587 = VERTEX_POINT('',#3588);
#3588 = CARTESIAN_POINT('',(0.,15.,-15.));
#3589 = LINE('',#3590,#3591);
#3590 = CARTESIAN_POINT('',(0.,-15.,-15.));
#3591 = VECTOR('',#3592,1.);
#3592 = DIRECTION('',(-0.,1.,0.));
#3593 = ORIENTED_EDGE('',*,*,#3594,.T.);
#3594 = EDGE_CURVE('',#3587,#3595,#3597,.T.);
#3595 = VERTEX_POINT('',#3596);
#3596 = CARTESIAN_POINT('',(0.,15.,15.));
#3597 = LINE('',#3598,#3599);
#3598 = CARTESIAN_POINT('',(0.,15.,-15.));
#3599 = VECTOR('',#3600,1.);
#3600 = DIRECTION('',(0.,0.,1.));
#3601 = ORIENTED_EDGE('',*,*,#3602,.F.);
#3602 = EDGE_CURVE('',#3579,#3595,#3603,.T.);
#3603 = LINE('',#3604,#3605);
#3604 = CARTESIAN_POINT('',(0.,-15.,15.));
#3605 = VECTOR('',#3606,1.);
#3606 = DIRECTION('',(-0.,1.,0.));
#3607 = PLANE('',#3608);
#3608 = AXIS2_PLACEMENT_3D('',#3609,#3610,#3611);
#3609 = CARTESIAN_POINT('',(0.,-15.,-15.));
#3610 = DIRECTION('',(1.,0.,-0.));
#3611 = DIRECTION('',(0.,0.,1.));
#3612 = ADVANCED_FACE('',(#3613),#3647,.T.);
#3613 = FACE_BOUND('',#3614,.T.);
#3614 = EDGE_LOOP('',(#3615,#3625,#3633,#3641));
#3615 = ORIENTED_EDGE('',*,*,#3616,.F.);
#3616 = EDGE_CURVE('',#3617,#3619,#3621,.T.);
#3617 = VERTEX_POINT('',#3618);
#3618 = CARTESIAN_POINT('',(840.,-15.,-15.));
#3619 = VERTEX_POINT('',#3620);
#3620 = CARTESIAN_POINT('',(840.,-15.,15.));
#3621 = LINE('',#3622,#3623);
#3622 = CARTESIAN_POINT('',(840.,-15.,-15.));
#3623 = VECTOR('',#3624,1.);
#3624 = DIRECTION('',(0.,0.,1.));
#3625 = ORIENTED_EDGE('',*,*,#3626,.T.);
#3626 = EDGE_CURVE('',#3617,#3627,#3629,.T.);
#3627 = VERTEX_POINT('',#3628);
#3628 = CARTESIAN_POINT('',(840.,15.,-15.));
#3629 = LINE('',#3630,#3631);
#3630 = CARTESIAN_POINT('',(840.,-15.,-15.));
#3631 = VECTOR('',#3632,1.);
#3632 = DIRECTION('',(-0.,1.,0.));
#3633 = ORIENTED_EDGE('',*,*,#3634,.T.);
#3634 = EDGE_CURVE('',#3627,#3635,#3637,.T.);
#3635 = VERTEX_POINT('',#3636);
#3636 = CARTESIAN_POINT('',(840.,15.,15.));
#3637 = LINE('',#3638,#3639);
#3638 = CARTESIAN_POINT('',(840.,15.,-15.));
#3639 = VECTOR('',#3640,1.);
#3640 = DIRECTION('',(0.,0.,1.));
#3641 = ORIENTED_EDGE('',*,*,#3642,.F.);
#3642 = EDGE_CURVE('',#3619,#3635,#3643,.T.);
#3643 = LINE('',#3644,#3645);
#3644 = CARTESIAN_POINT('',(840.,-15.,15.));
#3645 = VECTOR('',#3646,1.);
#3646 = DIRECTION('',(-0.,1.,0.));
#3647 = PLANE('',#3648);
#3648 = AXIS2_PLACEMENT_3D('',#3649,#3650,#3651);
#3649 = CARTESIAN_POINT('',(840.,-15.,-15.));
#3650 = DIRECTION('',(1.,0.,-0.));
#3651 = DIRECTION('',(0.,0.,1.));
#3652 = ADVANCED_FACE('',(#3653),#3669,.F.);
#3653 = FACE_BOUND('',#3654,.F.);
#3654 = EDGE_LOOP('',(#3655,#3661,#3662,#3668));
#3655 = ORIENTED_EDGE('',*,*,#3656,.F.);
#3656 = EDGE_CURVE('',#3577,#3617,#3657,.T.);
#3657 = LINE('',#3658,#3659);
#3658 = CARTESIAN_POINT('',(0.,-15.,-15.));
#3659 = VECTOR('',#3660,1.);
#3660 = DIRECTION('',(1.,0.,-0.));
#3661 = ORIENTED_EDGE('',*,*,#3576,.T.);
#3662 = ORIENTED_EDGE('',*,*,#3663,.T.);
#3663 = EDGE_CURVE('',#3579,#3619,#3664,.T.);
#3664 = LINE('',#3665,#3666);
#3665 = CARTESIAN_POINT('',(0.,-15.,15.));
#3666 = VECTOR('',#3667,1.);
#3667 = DIRECTION('',(1.,0.,-0.));
#3668 = ORIENTED_EDGE('',*,*,#3616,.F.);
#3669 = PLANE('',#3670);
#3670 = AXIS2_PLACEMENT_3D('',#3671,#3672,#3673);
#3671 = CARTESIAN_POINT('',(0.,-15.,-15.));
#3672 = DIRECTION('',(-0.,1.,0.));
#3673 = DIRECTION('',(0.,0.,1.));
#3674 = ADVANCED_FACE('',(#3675),#3691,.T.);
#3675 = FACE_BOUND('',#3676,.T.);
#3676 = EDGE_LOOP('',(#3677,#3683,#3684,#3690));
#3677 = ORIENTED_EDGE('',*,*,#3678,.F.);
#3678 = EDGE_CURVE('',#3587,#3627,#3679,.T.);
#3679 = LINE('',#3680,#3681);
#3680 = CARTESIAN_POINT('',(0.,15.,-15.));
#3681 = VECTOR('',#3682,1.);
#3682 = DIRECTION('',(1.,0.,-0.));
#3683 = ORIENTED_EDGE('',*,*,#3594,.T.);
#3684 = ORIENTED_EDGE('',*,*,#3685,.T.);
#3685 = EDGE_CURVE('',#3595,#3635,#3686,.T.);
#3686 = LINE('',#3687,#3688);
#3687 = CARTESIAN_POINT('',(0.,15.,15.));
#3688 = VECTOR('',#3689,1.);
#3689 = DIRECTION('',(1.,0.,-0.));
#3690 = ORIENTED_EDGE('',*,*,#3634,.F.);
#3691 = PLANE('',#3692);
#3692 = AXIS2_PLACEMENT_3D('',#3693,#3694,#3695);
#3693 = CARTESIAN_POINT('',(0.,15.,-15.));
#3694 = DIRECTION('',(-0.,1.,0.));
#3695 = DIRECTION('',(0.,0.,1.));
#3696 = ADVANCED_FACE('',(#3697),#3703,.F.);
#3697 = FACE_BOUND('',#3698,.F.);
#3698 = EDGE_LOOP('',(#3699,#3700,#3701,#3702));
#3699 = ORIENTED_EDGE('',*,*,#3586,.F.);
#3700 = ORIENTED_EDGE('',*,*,#3656,.T.);
#3701 = ORIENTED_EDGE('',*,*,#3626,.T.);
#3702 = ORIENTED_EDGE('',*,*,#3678,.F.);
#3703 = PLANE('',#3704);
#3704 = AXIS2_PLACEMENT_3D('',#3705,#3706,#3707);
#3705 = CARTESIAN_POINT('',(0.,-15.,-15.));
#3706 = DIRECTION('',(0.,0.,1.));
#3707 = DIRECTION('',(1.,0.,-0.));
#3708 = ADVANCED_FACE('',(#3709),#3715,.T.);
#3709 = FACE_BOUND('',#3710,.T.);
#3710 = EDGE_LOOP('',(#3711,#3712,#3713,#3714));
#3711 = ORIENTED_EDGE('',*,*,#3602,.F.);
#3712 = ORIENTED_EDGE('',*,*,#3663,.T.);
#3713 = ORIENTED_EDGE('',*,*,#3642,.T.);
#3714 = ORIENTED_EDGE('',*,*,#3685,.F.);
#3715 = PLANE('',#3716);
#3716 = AXIS2_PLACEMENT_3D('',#3717,#3718,#3719);
#3717 = CARTESIAN_POINT('',(0.,-15.,15.));
#3718 = DIRECTION('',(0.,0.,1.));
#3719 = DIRECTION('',(1.,0.,-0.));
#3720 = ( GEOMETRIC_REPRESENTATION_CONTEXT(3) 
GLOBAL_UNCERTAINTY_ASSIGNED_CONTEXT((#3724)) 
GLOBAL_UNIT_ASSIGNED_CONTEXT((#3721,#3722,#3723)) REPRESENTATION_CONTEXT
('Context #1','3D Context with UNIT and UNCERTAINTY') );
#3721 = ( LENGTH_UNIT() NAMED_UNIT(*) SI_UNIT(.MILLI.,.METRE.) );
#3722 = ( NAMED_UNIT(*) PLANE_ANGLE_UNIT() SI_UNIT($,.RADIAN.) );
#3723 = ( NAMED_UNIT(*) SI_UNIT($,.STERADIAN.) SOLID_ANGLE_UNIT() );
#3724 = UNCERTAINTY_MEASURE_WITH_UNIT(LENGTH_MEASURE(1.E-07),#3721,
  'distance_accuracy_value','confusion accuracy');
#3725 = CONTEXT_DEPENDENT_SHAPE_REPRESENTATION(#3726,#3728);
#3726 = ( REPRESENTATION_RELATIONSHIP('','',#3569,#10) 
REPRESENTATION_RELATIONSHIP_WITH_TRANSFORMATION(#3727) 
SHAPE_REPRESENTATION_RELATIONSHIP() );
#3727 = ITEM_DEFINED_TRANSFORMATION('','',#11,#75);
#3728 = PRODUCT_DEFINITION_SHAPE('Placement','Placement of an item',
  #3729);
#3729 = NEXT_ASSEMBLY_USAGE_OCCURRENCE('16','folha2_trav_sup','',#5,
  #3564,$);
#3730 = PRODUCT_RELATED_PRODUCT_CATEGORY('part',$,(#3566));
#3731 = SHAPE_DEFINITION_REPRESENTATION(#3732,#3738);
#3732 = PRODUCT_DEFINITION_SHAPE('','',#3733);
#3733 = PRODUCT_DEFINITION('design','',#3734,#3737);
#3734 = PRODUCT_DEFINITION_FORMATION('','',#3735);
#3735 = PRODUCT('folha3_mont_a','folha3_mont_a','',(#3736));
#3736 = PRODUCT_CONTEXT('',#2,'mechanical');
#3737 = PRODUCT_DEFINITION_CONTEXT('part definition',#2,'design');
#3738 = ADVANCED_BREP_SHAPE_REPRESENTATION('',(#11,#3739),#3889);
#3739 = MANIFOLD_SOLID_BREP('',#3740);
#3740 = CLOSED_SHELL('',(#3741,#3781,#3821,#3843,#3865,#3877));
#3741 = ADVANCED_FACE('',(#3742),#3776,.F.);
#3742 = FACE_BOUND('',#3743,.F.);
#3743 = EDGE_LOOP('',(#3744,#3754,#3762,#3770));
#3744 = ORIENTED_EDGE('',*,*,#3745,.F.);
#3745 = EDGE_CURVE('',#3746,#3748,#3750,.T.);
#3746 = VERTEX_POINT('',#3747);
#3747 = CARTESIAN_POINT('',(1.3275E+03,777.41324446276,106.));
#3748 = VERTEX_POINT('',#3749);
#3749 = CARTESIAN_POINT('',(1.3275E+03,777.41324446276,1.706E+03));
#3750 = LINE('',#3751,#3752);
#3751 = CARTESIAN_POINT('',(1.3275E+03,777.41324446276,106.));
#3752 = VECTOR('',#3753,1.);
#3753 = DIRECTION('',(0.,0.,1.));
#3754 = ORIENTED_EDGE('',*,*,#3755,.T.);
#3755 = EDGE_CURVE('',#3746,#3756,#3758,.T.);
#3756 = VERTEX_POINT('',#3757);
#3757 = CARTESIAN_POINT('',(1.3275E+03,807.41324446276,106.));
#3758 = LINE('',#3759,#3760);
#3759 = CARTESIAN_POINT('',(1.3275E+03,777.41324446276,106.));
#3760 = VECTOR('',#3761,1.);
#3761 = DIRECTION('',(-0.,1.,0.));
#3762 = ORIENTED_EDGE('',*,*,#3763,.T.);
#3763 = EDGE_CURVE('',#3756,#3764,#3766,.T.);
#3764 = VERTEX_POINT('',#3765);
#3765 = CARTESIAN_POINT('',(1.3275E+03,807.41324446276,1.706E+03));
#3766 = LINE('',#3767,#3768);
#3767 = CARTESIAN_POINT('',(1.3275E+03,807.41324446276,106.));
#3768 = VECTOR('',#3769,1.);
#3769 = DIRECTION('',(0.,0.,1.));
#3770 = ORIENTED_EDGE('',*,*,#3771,.F.);
#3771 = EDGE_CURVE('',#3748,#3764,#3772,.T.);
#3772 = LINE('',#3773,#3774);
#3773 = CARTESIAN_POINT('',(1.3275E+03,777.41324446276,1.706E+03));
#3774 = VECTOR('',#3775,1.);
#3775 = DIRECTION('',(-0.,1.,0.));
#3776 = PLANE('',#3777);
#3777 = AXIS2_PLACEMENT_3D('',#3778,#3779,#3780);
#3778 = CARTESIAN_POINT('',(1.3275E+03,777.41324446276,106.));
#3779 = DIRECTION('',(1.,0.,-0.));
#3780 = DIRECTION('',(0.,0.,1.));
#3781 = ADVANCED_FACE('',(#3782),#3816,.T.);
#3782 = FACE_BOUND('',#3783,.T.);
#3783 = EDGE_LOOP('',(#3784,#3794,#3802,#3810));
#3784 = ORIENTED_EDGE('',*,*,#3785,.F.);
#3785 = EDGE_CURVE('',#3786,#3788,#3790,.T.);
#3786 = VERTEX_POINT('',#3787);
#3787 = CARTESIAN_POINT('',(1.3575E+03,777.41324446276,106.));
#3788 = VERTEX_POINT('',#3789);
#3789 = CARTESIAN_POINT('',(1.3575E+03,777.41324446276,1.706E+03));
#3790 = LINE('',#3791,#3792);
#3791 = CARTESIAN_POINT('',(1.3575E+03,777.41324446276,106.));
#3792 = VECTOR('',#3793,1.);
#3793 = DIRECTION('',(0.,0.,1.));
#3794 = ORIENTED_EDGE('',*,*,#3795,.T.);
#3795 = EDGE_CURVE('',#3786,#3796,#3798,.T.);
#3796 = VERTEX_POINT('',#3797);
#3797 = CARTESIAN_POINT('',(1.3575E+03,807.41324446276,106.));
#3798 = LINE('',#3799,#3800);
#3799 = CARTESIAN_POINT('',(1.3575E+03,777.41324446276,106.));
#3800 = VECTOR('',#3801,1.);
#3801 = DIRECTION('',(-0.,1.,0.));
#3802 = ORIENTED_EDGE('',*,*,#3803,.T.);
#3803 = EDGE_CURVE('',#3796,#3804,#3806,.T.);
#3804 = VERTEX_POINT('',#3805);
#3805 = CARTESIAN_POINT('',(1.3575E+03,807.41324446276,1.706E+03));
#3806 = LINE('',#3807,#3808);
#3807 = CARTESIAN_POINT('',(1.3575E+03,807.41324446276,106.));
#3808 = VECTOR('',#3809,1.);
#3809 = DIRECTION('',(0.,0.,1.));
#3810 = ORIENTED_EDGE('',*,*,#3811,.F.);
#3811 = EDGE_CURVE('',#3788,#3804,#3812,.T.);
#3812 = LINE('',#3813,#3814);
#3813 = CARTESIAN_POINT('',(1.3575E+03,777.41324446276,1.706E+03));
#3814 = VECTOR('',#3815,1.);
#3815 = DIRECTION('',(-0.,1.,0.));
#3816 = PLANE('',#3817);
#3817 = AXIS2_PLACEMENT_3D('',#3818,#3819,#3820);
#3818 = CARTESIAN_POINT('',(1.3575E+03,777.41324446276,106.));
#3819 = DIRECTION('',(1.,0.,-0.));
#3820 = DIRECTION('',(0.,0.,1.));
#3821 = ADVANCED_FACE('',(#3822),#3838,.F.);
#3822 = FACE_BOUND('',#3823,.F.);
#3823 = EDGE_LOOP('',(#3824,#3830,#3831,#3837));
#3824 = ORIENTED_EDGE('',*,*,#3825,.F.);
#3825 = EDGE_CURVE('',#3746,#3786,#3826,.T.);
#3826 = LINE('',#3827,#3828);
#3827 = CARTESIAN_POINT('',(1.3275E+03,777.41324446276,106.));
#3828 = VECTOR('',#3829,1.);
#3829 = DIRECTION('',(1.,0.,-0.));
#3830 = ORIENTED_EDGE('',*,*,#3745,.T.);
#3831 = ORIENTED_EDGE('',*,*,#3832,.T.);
#3832 = EDGE_CURVE('',#3748,#3788,#3833,.T.);
#3833 = LINE('',#3834,#3835);
#3834 = CARTESIAN_POINT('',(1.3275E+03,777.41324446276,1.706E+03));
#3835 = VECTOR('',#3836,1.);
#3836 = DIRECTION('',(1.,0.,-0.));
#3837 = ORIENTED_EDGE('',*,*,#3785,.F.);
#3838 = PLANE('',#3839);
#3839 = AXIS2_PLACEMENT_3D('',#3840,#3841,#3842);
#3840 = CARTESIAN_POINT('',(1.3275E+03,777.41324446276,106.));
#3841 = DIRECTION('',(-0.,1.,0.));
#3842 = DIRECTION('',(0.,0.,1.));
#3843 = ADVANCED_FACE('',(#3844),#3860,.T.);
#3844 = FACE_BOUND('',#3845,.T.);
#3845 = EDGE_LOOP('',(#3846,#3852,#3853,#3859));
#3846 = ORIENTED_EDGE('',*,*,#3847,.F.);
#3847 = EDGE_CURVE('',#3756,#3796,#3848,.T.);
#3848 = LINE('',#3849,#3850);
#3849 = CARTESIAN_POINT('',(1.3275E+03,807.41324446276,106.));
#3850 = VECTOR('',#3851,1.);
#3851 = DIRECTION('',(1.,0.,-0.));
#3852 = ORIENTED_EDGE('',*,*,#3763,.T.);
#3853 = ORIENTED_EDGE('',*,*,#3854,.T.);
#3854 = EDGE_CURVE('',#3764,#3804,#3855,.T.);
#3855 = LINE('',#3856,#3857);
#3856 = CARTESIAN_POINT('',(1.3275E+03,807.41324446276,1.706E+03));
#3857 = VECTOR('',#3858,1.);
#3858 = DIRECTION('',(1.,0.,-0.));
#3859 = ORIENTED_EDGE('',*,*,#3803,.F.);
#3860 = PLANE('',#3861);
#3861 = AXIS2_PLACEMENT_3D('',#3862,#3863,#3864);
#3862 = CARTESIAN_POINT('',(1.3275E+03,807.41324446276,106.));
#3863 = DIRECTION('',(-0.,1.,0.));
#3864 = DIRECTION('',(0.,0.,1.));
#3865 = ADVANCED_FACE('',(#3866),#3872,.F.);
#3866 = FACE_BOUND('',#3867,.F.);
#3867 = EDGE_LOOP('',(#3868,#3869,#3870,#3871));
#3868 = ORIENTED_EDGE('',*,*,#3755,.F.);
#3869 = ORIENTED_EDGE('',*,*,#3825,.T.);
#3870 = ORIENTED_EDGE('',*,*,#3795,.T.);
#3871 = ORIENTED_EDGE('',*,*,#3847,.F.);
#3872 = PLANE('',#3873);
#3873 = AXIS2_PLACEMENT_3D('',#3874,#3875,#3876);
#3874 = CARTESIAN_POINT('',(1.3275E+03,777.41324446276,106.));
#3875 = DIRECTION('',(0.,0.,1.));
#3876 = DIRECTION('',(1.,0.,-0.));
#3877 = ADVANCED_FACE('',(#3878),#3884,.T.);
#3878 = FACE_BOUND('',#3879,.T.);
#3879 = EDGE_LOOP('',(#3880,#3881,#3882,#3883));
#3880 = ORIENTED_EDGE('',*,*,#3771,.F.);
#3881 = ORIENTED_EDGE('',*,*,#3832,.T.);
#3882 = ORIENTED_EDGE('',*,*,#3811,.T.);
#3883 = ORIENTED_EDGE('',*,*,#3854,.F.);
#3884 = PLANE('',#3885);
#3885 = AXIS2_PLACEMENT_3D('',#3886,#3887,#3888);
#3886 = CARTESIAN_POINT('',(1.3275E+03,777.41324446276,1.706E+03));
#3887 = DIRECTION('',(0.,0.,1.));
#3888 = DIRECTION('',(1.,0.,-0.));
#3889 = ( GEOMETRIC_REPRESENTATION_CONTEXT(3) 
GLOBAL_UNCERTAINTY_ASSIGNED_CONTEXT((#3893)) 
GLOBAL_UNIT_ASSIGNED_CONTEXT((#3890,#3891,#3892)) REPRESENTATION_CONTEXT
('Context #1','3D Context with UNIT and UNCERTAINTY') );
#3890 = ( LENGTH_UNIT() NAMED_UNIT(*) SI_UNIT(.MILLI.,.METRE.) );
#3891 = ( NAMED_UNIT(*) PLANE_ANGLE_UNIT() SI_UNIT($,.RADIAN.) );
#3892 = ( NAMED_UNIT(*) SI_UNIT($,.STERADIAN.) SOLID_ANGLE_UNIT() );
#3893 = UNCERTAINTY_MEASURE_WITH_UNIT(LENGTH_MEASURE(1.E-07),#3890,
  'distance_accuracy_value','confusion accuracy');
#3894 = CONTEXT_DEPENDENT_SHAPE_REPRESENTATION(#3895,#3897);
#3895 = ( REPRESENTATION_RELATIONSHIP('','',#3738,#10) 
REPRESENTATION_RELATIONSHIP_WITH_TRANSFORMATION(#3896) 
SHAPE_REPRESENTATION_RELATIONSHIP() );
#3896 = ITEM_DEFINED_TRANSFORMATION('','',#11,#79);
#3897 = PRODUCT_DEFINITION_SHAPE('Placement','Placement of an item',
  #3898);
#3898 = NEXT_ASSEMBLY_USAGE_OCCURRENCE('17','folha3_mont_a','',#5,#3733,
  $);
#3899 = PRODUCT_RELATED_PRODUCT_CATEGORY('part',$,(#3735));
#3900 = SHAPE_DEFINITION_REPRESENTATION(#3901,#3907);
#3901 = PRODUCT_DEFINITION_SHAPE('','',#3902);
#3902 = PRODUCT_DEFINITION('design','',#3903,#3906);
#3903 = PRODUCT_DEFINITION_FORMATION('','',#3904);
#3904 = PRODUCT('folha3_mont_b','folha3_mont_b','',(#3905));
#3905 = PRODUCT_CONTEXT('',#2,'mechanical');
#3906 = PRODUCT_DEFINITION_CONTEXT('part definition',#2,'design');
#3907 = ADVANCED_BREP_SHAPE_REPRESENTATION('',(#11,#3908),#4058);
#3908 = MANIFOLD_SOLID_BREP('',#3909);
#3909 = CLOSED_SHELL('',(#3910,#3950,#3990,#4012,#4034,#4046));
#3910 = ADVANCED_FACE('',(#3911),#3945,.F.);
#3911 = FACE_BOUND('',#3912,.F.);
#3912 = EDGE_LOOP('',(#3913,#3923,#3931,#3939));
#3913 = ORIENTED_EDGE('',*,*,#3914,.F.);
#3914 = EDGE_CURVE('',#3915,#3917,#3919,.T.);
#3915 = VERTEX_POINT('',#3916);
#3916 = CARTESIAN_POINT('',(892.5,1.530855345755E+03,106.));
#3917 = VERTEX_POINT('',#3918);
#3918 = CARTESIAN_POINT('',(892.5,1.530855345755E+03,1.706E+03));
#3919 = LINE('',#3920,#3921);
#3920 = CARTESIAN_POINT('',(892.5,1.530855345755E+03,106.));
#3921 = VECTOR('',#3922,1.);
#3922 = DIRECTION('',(0.,0.,1.));
#3923 = ORIENTED_EDGE('',*,*,#3924,.T.);
#3924 = EDGE_CURVE('',#3915,#3925,#3927,.T.);
#3925 = VERTEX_POINT('',#3926);
#3926 = CARTESIAN_POINT('',(892.5,1.560855345755E+03,106.));
#3927 = LINE('',#3928,#3929);
#3928 = CARTESIAN_POINT('',(892.5,1.530855345755E+03,106.));
#3929 = VECTOR('',#3930,1.);
#3930 = DIRECTION('',(-0.,1.,0.));
#3931 = ORIENTED_EDGE('',*,*,#3932,.T.);
#3932 = EDGE_CURVE('',#3925,#3933,#3935,.T.);
#3933 = VERTEX_POINT('',#3934);
#3934 = CARTESIAN_POINT('',(892.5,1.560855345755E+03,1.706E+03));
#3935 = LINE('',#3936,#3937);
#3936 = CARTESIAN_POINT('',(892.5,1.560855345755E+03,106.));
#3937 = VECTOR('',#3938,1.);
#3938 = DIRECTION('',(0.,0.,1.));
#3939 = ORIENTED_EDGE('',*,*,#3940,.F.);
#3940 = EDGE_CURVE('',#3917,#3933,#3941,.T.);
#3941 = LINE('',#3942,#3943);
#3942 = CARTESIAN_POINT('',(892.5,1.530855345755E+03,1.706E+03));
#3943 = VECTOR('',#3944,1.);
#3944 = DIRECTION('',(-0.,1.,0.));
#3945 = PLANE('',#3946);
#3946 = AXIS2_PLACEMENT_3D('',#3947,#3948,#3949);
#3947 = CARTESIAN_POINT('',(892.5,1.530855345755E+03,106.));
#3948 = DIRECTION('',(1.,0.,-0.));
#3949 = DIRECTION('',(0.,0.,1.));
#3950 = ADVANCED_FACE('',(#3951),#3985,.T.);
#3951 = FACE_BOUND('',#3952,.T.);
#3952 = EDGE_LOOP('',(#3953,#3963,#3971,#3979));
#3953 = ORIENTED_EDGE('',*,*,#3954,.F.);
#3954 = EDGE_CURVE('',#3955,#3957,#3959,.T.);
#3955 = VERTEX_POINT('',#3956);
#3956 = CARTESIAN_POINT('',(922.5,1.530855345755E+03,106.));
#3957 = VERTEX_POINT('',#3958);
#3958 = CARTESIAN_POINT('',(922.5,1.530855345755E+03,1.706E+03));
#3959 = LINE('',#3960,#3961);
#3960 = CARTESIAN_POINT('',(922.5,1.530855345755E+03,106.));
#3961 = VECTOR('',#3962,1.);
#3962 = DIRECTION('',(0.,0.,1.));
#3963 = ORIENTED_EDGE('',*,*,#3964,.T.);
#3964 = EDGE_CURVE('',#3955,#3965,#3967,.T.);
#3965 = VERTEX_POINT('',#3966);
#3966 = CARTESIAN_POINT('',(922.5,1.560855345755E+03,106.));
#3967 = LINE('',#3968,#3969);
#3968 = CARTESIAN_POINT('',(922.5,1.530855345755E+03,106.));
#3969 = VECTOR('',#3970,1.);
#3970 = DIRECTION('',(-0.,1.,0.));
#3971 = ORIENTED_EDGE('',*,*,#3972,.T.);
#3972 = EDGE_CURVE('',#3965,#3973,#3975,.T.);
#3973 = VERTEX_POINT('',#3974);
#3974 = CARTESIAN_POINT('',(922.5,1.560855345755E+03,1.706E+03));
#3975 = LINE('',#3976,#3977);
#3976 = CARTESIAN_POINT('',(922.5,1.560855345755E+03,106.));
#3977 = VECTOR('',#3978,1.);
#3978 = DIRECTION('',(0.,0.,1.));
#3979 = ORIENTED_EDGE('',*,*,#3980,.F.);
#3980 = EDGE_CURVE('',#3957,#3973,#3981,.T.);
#3981 = LINE('',#3982,#3983);
#3982 = CARTESIAN_POINT('',(922.5,1.530855345755E+03,1.706E+03));
#3983 = VECTOR('',#3984,1.);
#3984 = DIRECTION('',(-0.,1.,0.));
#3985 = PLANE('',#3986);
#3986 = AXIS2_PLACEMENT_3D('',#3987,#3988,#3989);
#3987 = CARTESIAN_POINT('',(922.5,1.530855345755E+03,106.));
#3988 = DIRECTION('',(1.,0.,-0.));
#3989 = DIRECTION('',(0.,0.,1.));
#3990 = ADVANCED_FACE('',(#3991),#4007,.F.);
#3991 = FACE_BOUND('',#3992,.F.);
#3992 = EDGE_LOOP('',(#3993,#3999,#4000,#4006));
#3993 = ORIENTED_EDGE('',*,*,#3994,.F.);
#3994 = EDGE_CURVE('',#3915,#3955,#3995,.T.);
#3995 = LINE('',#3996,#3997);
#3996 = CARTESIAN_POINT('',(892.5,1.530855345755E+03,106.));
#3997 = VECTOR('',#3998,1.);
#3998 = DIRECTION('',(1.,0.,-0.));
#3999 = ORIENTED_EDGE('',*,*,#3914,.T.);
#4000 = ORIENTED_EDGE('',*,*,#4001,.T.);
#4001 = EDGE_CURVE('',#3917,#3957,#4002,.T.);
#4002 = LINE('',#4003,#4004);
#4003 = CARTESIAN_POINT('',(892.5,1.530855345755E+03,1.706E+03));
#4004 = VECTOR('',#4005,1.);
#4005 = DIRECTION('',(1.,0.,-0.));
#4006 = ORIENTED_EDGE('',*,*,#3954,.F.);
#4007 = PLANE('',#4008);
#4008 = AXIS2_PLACEMENT_3D('',#4009,#4010,#4011);
#4009 = CARTESIAN_POINT('',(892.5,1.530855345755E+03,106.));
#4010 = DIRECTION('',(-0.,1.,0.));
#4011 = DIRECTION('',(0.,0.,1.));
#4012 = ADVANCED_FACE('',(#4013),#4029,.T.);
#4013 = FACE_BOUND('',#4014,.T.);
#4014 = EDGE_LOOP('',(#4015,#4021,#4022,#4028));
#4015 = ORIENTED_EDGE('',*,*,#4016,.F.);
#4016 = EDGE_CURVE('',#3925,#3965,#4017,.T.);
#4017 = LINE('',#4018,#4019);
#4018 = CARTESIAN_POINT('',(892.5,1.560855345755E+03,106.));
#4019 = VECTOR('',#4020,1.);
#4020 = DIRECTION('',(1.,0.,-0.));
#4021 = ORIENTED_EDGE('',*,*,#3932,.T.);
#4022 = ORIENTED_EDGE('',*,*,#4023,.T.);
#4023 = EDGE_CURVE('',#3933,#3973,#4024,.T.);
#4024 = LINE('',#4025,#4026);
#4025 = CARTESIAN_POINT('',(892.5,1.560855345755E+03,1.706E+03));
#4026 = VECTOR('',#4027,1.);
#4027 = DIRECTION('',(1.,0.,-0.));
#4028 = ORIENTED_EDGE('',*,*,#3972,.F.);
#4029 = PLANE('',#4030);
#4030 = AXIS2_PLACEMENT_3D('',#4031,#4032,#4033);
#4031 = CARTESIAN_POINT('',(892.5,1.560855345755E+03,106.));
#4032 = DIRECTION('',(-0.,1.,0.));
#4033 = DIRECTION('',(0.,0.,1.));
#4034 = ADVANCED_FACE('',(#4035),#4041,.F.);
#4035 = FACE_BOUND('',#4036,.F.);
#4036 = EDGE_LOOP('',(#4037,#4038,#4039,#4040));
#4037 = ORIENTED_EDGE('',*,*,#3924,.F.);
#4038 = ORIENTED_EDGE('',*,*,#3994,.T.);
#4039 = ORIENTED_EDGE('',*,*,#3964,.T.);
#4040 = ORIENTED_EDGE('',*,*,#4016,.F.);
#4041 = PLANE('',#4042);
#4042 = AXIS2_PLACEMENT_3D('',#4043,#4044,#4045);
#4043 = CARTESIAN_POINT('',(892.5,1.530855345755E+03,106.));
#4044 = DIRECTION('',(0.,0.,1.));
#4045 = DIRECTION('',(1.,0.,-0.));
#4046 = ADVANCED_FACE('',(#4047),#4053,.T.);
#4047 = FACE_BOUND('',#4048,.T.);
#4048 = EDGE_LOOP('',(#4049,#4050,#4051,#4052));
#4049 = ORIENTED_EDGE('',*,*,#3940,.F.);
#4050 = ORIENTED_EDGE('',*,*,#4001,.T.);
#4051 = ORIENTED_EDGE('',*,*,#3980,.T.);
#4052 = ORIENTED_EDGE('',*,*,#4023,.F.);
#4053 = PLANE('',#4054);
#4054 = AXIS2_PLACEMENT_3D('',#4055,#4056,#4057);
#4055 = CARTESIAN_POINT('',(892.5,1.530855345755E+03,1.706E+03));
#4056 = DIRECTION('',(0.,0.,1.));
#4057 = DIRECTION('',(1.,0.,-0.));
#4058 = ( GEOMETRIC_REPRESENTATION_CONTEXT(3) 
GLOBAL_UNCERTAINTY_ASSIGNED_CONTEXT((#4062)) 
GLOBAL_UNIT_ASSIGNED_CONTEXT((#4059,#4060,#4061)) REPRESENTATION_CONTEXT
('Context #1','3D Context with UNIT and UNCERTAINTY') );
#4059 = ( LENGTH_UNIT() NAMED_UNIT(*) SI_UNIT(.MILLI.,.METRE.) );
#4060 = ( NAMED_UNIT(*) PLANE_ANGLE_UNIT() SI_UNIT($,.RADIAN.) );
#4061 = ( NAMED_UNIT(*) SI_UNIT($,.STERADIAN.) SOLID_ANGLE_UNIT() );
#4062 = UNCERTAINTY_MEASURE_WITH_UNIT(LENGTH_MEASURE(1.E-07),#4059,
  'distance_accuracy_value','confusion accuracy');
#4063 = CONTEXT_DEPENDENT_SHAPE_REPRESENTATION(#4064,#4066);
#4064 = ( REPRESENTATION_RELATIONSHIP('','',#3907,#10) 
REPRESENTATION_RELATIONSHIP_WITH_TRANSFORMATION(#4065) 
SHAPE_REPRESENTATION_RELATIONSHIP() );
#4065 = ITEM_DEFINED_TRANSFORMATION('','',#11,#83);
#4066 = PRODUCT_DEFINITION_SHAPE('Placement','Placement of an item',
  #4067);
#4067 = NEXT_ASSEMBLY_USAGE_OCCURRENCE('18','folha3_mont_b','',#5,#3902,
  $);
#4068 = PRODUCT_RELATED_PRODUCT_CATEGORY('part',$,(#3904));
#4069 = SHAPE_DEFINITION_REPRESENTATION(#4070,#4076);
#4070 = PRODUCT_DEFINITION_SHAPE('','',#4071);
#4071 = PRODUCT_DEFINITION('design','',#4072,#4075);
#4072 = PRODUCT_DEFINITION_FORMATION('','',#4073);
#4073 = PRODUCT('folha3_trav_inf','folha3_trav_inf','',(#4074));
#4074 = PRODUCT_CONTEXT('',#2,'mechanical');
#4075 = PRODUCT_DEFINITION_CONTEXT('part definition',#2,'design');
#4076 = ADVANCED_BREP_SHAPE_REPRESENTATION('',(#11,#4077),#4227);
#4077 = MANIFOLD_SOLID_BREP('',#4078);
#4078 = CLOSED_SHELL('',(#4079,#4119,#4159,#4181,#4203,#4215));
#4079 = ADVANCED_FACE('',(#4080),#4114,.F.);
#4080 = FACE_BOUND('',#4081,.F.);
#4081 = EDGE_LOOP('',(#4082,#4092,#4100,#4108));
#4082 = ORIENTED_EDGE('',*,*,#4083,.F.);
#4083 = EDGE_CURVE('',#4084,#4086,#4088,.T.);
#4084 = VERTEX_POINT('',#4085);
#4085 = CARTESIAN_POINT('',(0.,-15.,-15.));
#4086 = VERTEX_POINT('',#4087);
#4087 = CARTESIAN_POINT('',(0.,-15.,15.));
#4088 = LINE('',#4089,#4090);
#4089 = CARTESIAN_POINT('',(0.,-15.,-15.));
#4090 = VECTOR('',#4091,1.);
#4091 = DIRECTION('',(0.,0.,1.));
#4092 = ORIENTED_EDGE('',*,*,#4093,.T.);
#4093 = EDGE_CURVE('',#4084,#4094,#4096,.T.);
#4094 = VERTEX_POINT('',#4095);
#4095 = CARTESIAN_POINT('',(0.,15.,-15.));
#4096 = LINE('',#4097,#4098);
#4097 = CARTESIAN_POINT('',(0.,-15.,-15.));
#4098 = VECTOR('',#4099,1.);
#4099 = DIRECTION('',(-0.,1.,0.));
#4100 = ORIENTED_EDGE('',*,*,#4101,.T.);
#4101 = EDGE_CURVE('',#4094,#4102,#4104,.T.);
#4102 = VERTEX_POINT('',#4103);
#4103 = CARTESIAN_POINT('',(0.,15.,15.));
#4104 = LINE('',#4105,#4106);
#4105 = CARTESIAN_POINT('',(0.,15.,-15.));
#4106 = VECTOR('',#4107,1.);
#4107 = DIRECTION('',(0.,0.,1.));
#4108 = ORIENTED_EDGE('',*,*,#4109,.F.);
#4109 = EDGE_CURVE('',#4086,#4102,#4110,.T.);
#4110 = LINE('',#4111,#4112);
#4111 = CARTESIAN_POINT('',(0.,-15.,15.));
#4112 = VECTOR('',#4113,1.);
#4113 = DIRECTION('',(-0.,1.,0.));
#4114 = PLANE('',#4115);
#4115 = AXIS2_PLACEMENT_3D('',#4116,#4117,#4118);
#4116 = CARTESIAN_POINT('',(0.,-15.,-15.));
#4117 = DIRECTION('',(1.,0.,-0.));
#4118 = DIRECTION('',(0.,0.,1.));
#4119 = ADVANCED_FACE('',(#4120),#4154,.T.);
#4120 = FACE_BOUND('',#4121,.T.);
#4121 = EDGE_LOOP('',(#4122,#4132,#4140,#4148));
#4122 = ORIENTED_EDGE('',*,*,#4123,.F.);
#4123 = EDGE_CURVE('',#4124,#4126,#4128,.T.);
#4124 = VERTEX_POINT('',#4125);
#4125 = CARTESIAN_POINT('',(840.,-15.,-15.));
#4126 = VERTEX_POINT('',#4127);
#4127 = CARTESIAN_POINT('',(840.,-15.,15.));
#4128 = LINE('',#4129,#4130);
#4129 = CARTESIAN_POINT('',(840.,-15.,-15.));
#4130 = VECTOR('',#4131,1.);
#4131 = DIRECTION('',(0.,0.,1.));
#4132 = ORIENTED_EDGE('',*,*,#4133,.T.);
#4133 = EDGE_CURVE('',#4124,#4134,#4136,.T.);
#4134 = VERTEX_POINT('',#4135);
#4135 = CARTESIAN_POINT('',(840.,15.,-15.));
#4136 = LINE('',#4137,#4138);
#4137 = CARTESIAN_POINT('',(840.,-15.,-15.));
#4138 = VECTOR('',#4139,1.);
#4139 = DIRECTION('',(-0.,1.,0.));
#4140 = ORIENTED_EDGE('',*,*,#4141,.T.);
#4141 = EDGE_CURVE('',#4134,#4142,#4144,.T.);
#4142 = VERTEX_POINT('',#4143);
#4143 = CARTESIAN_POINT('',(840.,15.,15.));
#4144 = LINE('',#4145,#4146);
#4145 = CARTESIAN_POINT('',(840.,15.,-15.));
#4146 = VECTOR('',#4147,1.);
#4147 = DIRECTION('',(0.,0.,1.));
#4148 = ORIENTED_EDGE('',*,*,#4149,.F.);
#4149 = EDGE_CURVE('',#4126,#4142,#4150,.T.);
#4150 = LINE('',#4151,#4152);
#4151 = CARTESIAN_POINT('',(840.,-15.,15.));
#4152 = VECTOR('',#4153,1.);
#4153 = DIRECTION('',(-0.,1.,0.));
#4154 = PLANE('',#4155);
#4155 = AXIS2_PLACEMENT_3D('',#4156,#4157,#4158);
#4156 = CARTESIAN_POINT('',(840.,-15.,-15.));
#4157 = DIRECTION('',(1.,0.,-0.));
#4158 = DIRECTION('',(0.,0.,1.));
#4159 = ADVANCED_FACE('',(#4160),#4176,.F.);
#4160 = FACE_BOUND('',#4161,.F.);
#4161 = EDGE_LOOP('',(#4162,#4168,#4169,#4175));
#4162 = ORIENTED_EDGE('',*,*,#4163,.F.);
#4163 = EDGE_CURVE('',#4084,#4124,#4164,.T.);
#4164 = LINE('',#4165,#4166);
#4165 = CARTESIAN_POINT('',(0.,-15.,-15.));
#4166 = VECTOR('',#4167,1.);
#4167 = DIRECTION('',(1.,0.,-0.));
#4168 = ORIENTED_EDGE('',*,*,#4083,.T.);
#4169 = ORIENTED_EDGE('',*,*,#4170,.T.);
#4170 = EDGE_CURVE('',#4086,#4126,#4171,.T.);
#4171 = LINE('',#4172,#4173);
#4172 = CARTESIAN_POINT('',(0.,-15.,15.));
#4173 = VECTOR('',#4174,1.);
#4174 = DIRECTION('',(1.,0.,-0.));
#4175 = ORIENTED_EDGE('',*,*,#4123,.F.);
#4176 = PLANE('',#4177);
#4177 = AXIS2_PLACEMENT_3D('',#4178,#4179,#4180);
#4178 = CARTESIAN_POINT('',(0.,-15.,-15.));
#4179 = DIRECTION('',(-0.,1.,0.));
#4180 = DIRECTION('',(0.,0.,1.));
#4181 = ADVANCED_FACE('',(#4182),#4198,.T.);
#4182 = FACE_BOUND('',#4183,.T.);
#4183 = EDGE_LOOP('',(#4184,#4190,#4191,#4197));
#4184 = ORIENTED_EDGE('',*,*,#4185,.F.);
#4185 = EDGE_CURVE('',#4094,#4134,#4186,.T.);
#4186 = LINE('',#4187,#4188);
#4187 = CARTESIAN_POINT('',(0.,15.,-15.));
#4188 = VECTOR('',#4189,1.);
#4189 = DIRECTION('',(1.,0.,-0.));
#4190 = ORIENTED_EDGE('',*,*,#4101,.T.);
#4191 = ORIENTED_EDGE('',*,*,#4192,.T.);
#4192 = EDGE_CURVE('',#4102,#4142,#4193,.T.);
#4193 = LINE('',#4194,#4195);
#4194 = CARTESIAN_POINT('',(0.,15.,15.));
#4195 = VECTOR('',#4196,1.);
#4196 = DIRECTION('',(1.,0.,-0.));
#4197 = ORIENTED_EDGE('',*,*,#4141,.F.);
#4198 = PLANE('',#4199);
#4199 = AXIS2_PLACEMENT_3D('',#4200,#4201,#4202);
#4200 = CARTESIAN_POINT('',(0.,15.,-15.));
#4201 = DIRECTION('',(-0.,1.,0.));
#4202 = DIRECTION('',(0.,0.,1.));
#4203 = ADVANCED_FACE('',(#4204),#4210,.F.);
#4204 = FACE_BOUND('',#4205,.F.);
#4205 = EDGE_LOOP('',(#4206,#4207,#4208,#4209));
#4206 = ORIENTED_EDGE('',*,*,#4093,.F.);
#4207 = ORIENTED_EDGE('',*,*,#4163,.T.);
#4208 = ORIENTED_EDGE('',*,*,#4133,.T.);
#4209 = ORIENTED_EDGE('',*,*,#4185,.F.);
#4210 = PLANE('',#4211);
#4211 = AXIS2_PLACEMENT_3D('',#4212,#4213,#4214);
#4212 = CARTESIAN_POINT('',(0.,-15.,-15.));
#4213 = DIRECTION('',(0.,0.,1.));
#4214 = DIRECTION('',(1.,0.,-0.));
#4215 = ADVANCED_FACE('',(#4216),#4222,.T.);
#4216 = FACE_BOUND('',#4217,.T.);
#4217 = EDGE_LOOP('',(#4218,#4219,#4220,#4221));
#4218 = ORIENTED_EDGE('',*,*,#4109,.F.);
#4219 = ORIENTED_EDGE('',*,*,#4170,.T.);
#4220 = ORIENTED_EDGE('',*,*,#4149,.T.);
#4221 = ORIENTED_EDGE('',*,*,#4192,.F.);
#4222 = PLANE('',#4223);
#4223 = AXIS2_PLACEMENT_3D('',#4224,#4225,#4226);
#4224 = CARTESIAN_POINT('',(0.,-15.,15.));
#4225 = DIRECTION('',(0.,0.,1.));
#4226 = DIRECTION('',(1.,0.,-0.));
#4227 = ( GEOMETRIC_REPRESENTATION_CONTEXT(3) 
GLOBAL_UNCERTAINTY_ASSIGNED_CONTEXT((#4231)) 
GLOBAL_UNIT_ASSIGNED_CONTEXT((#4228,#4229,#4230)) REPRESENTATION_CONTEXT
('Context #1','3D Context with UNIT and UNCERTAINTY') );
#4228 = ( LENGTH_UNIT() NAMED_UNIT(*) SI_UNIT(.MILLI.,.METRE.) );
#4229 = ( NAMED_UNIT(*) PLANE_ANGLE_UNIT() SI_UNIT($,.RADIAN.) );
#4230 = ( NAMED_UNIT(*) SI_UNIT($,.STERADIAN.) SOLID_ANGLE_UNIT() );
#4231 = UNCERTAINTY_MEASURE_WITH_UNIT(LENGTH_MEASURE(1.E-07),#4228,
  'distance_accuracy_value','confusion accuracy');
#4232 = CONTEXT_DEPENDENT_SHAPE_REPRESENTATION(#4233,#4235);
#4233 = ( REPRESENTATION_RELATIONSHIP('','',#4076,#10) 
REPRESENTATION_RELATIONSHIP_WITH_TRANSFORMATION(#4234) 
SHAPE_REPRESENTATION_RELATIONSHIP() );
#4234 = ITEM_DEFINED_TRANSFORMATION('','',#11,#87);
#4235 = PRODUCT_DEFINITION_SHAPE('Placement','Placement of an item',
  #4236);
#4236 = NEXT_ASSEMBLY_USAGE_OCCURRENCE('19','folha3_trav_inf','',#5,
  #4071,$);
#4237 = PRODUCT_RELATED_PRODUCT_CATEGORY('part',$,(#4073));
#4238 = SHAPE_DEFINITION_REPRESENTATION(#4239,#4245);
#4239 = PRODUCT_DEFINITION_SHAPE('','',#4240);
#4240 = PRODUCT_DEFINITION('design','',#4241,#4244);
#4241 = PRODUCT_DEFINITION_FORMATION('','',#4242);
#4242 = PRODUCT('folha3_trav_sup','folha3_trav_sup','',(#4243));
#4243 = PRODUCT_CONTEXT('',#2,'mechanical');
#4244 = PRODUCT_DEFINITION_CONTEXT('part definition',#2,'design');
#4245 = ADVANCED_BREP_SHAPE_REPRESENTATION('',(#11,#4246),#4396);
#4246 = MANIFOLD_SOLID_BREP('',#4247);
#4247 = CLOSED_SHELL('',(#4248,#4288,#4328,#4350,#4372,#4384));
#4248 = ADVANCED_FACE('',(#4249),#4283,.F.);
#4249 = FACE_BOUND('',#4250,.F.);
#4250 = EDGE_LOOP('',(#4251,#4261,#4269,#4277));
#4251 = ORIENTED_EDGE('',*,*,#4252,.F.);
#4252 = EDGE_CURVE('',#4253,#4255,#4257,.T.);
#4253 = VERTEX_POINT('',#4254);
#4254 = CARTESIAN_POINT('',(0.,-15.,-15.));
#4255 = VERTEX_POINT('',#4256);
#4256 = CARTESIAN_POINT('',(0.,-15.,15.));
#4257 = LINE('',#4258,#4259);
#4258 = CARTESIAN_POINT('',(0.,-15.,-15.));
#4259 = VECTOR('',#4260,1.);
#4260 = DIRECTION('',(0.,0.,1.));
#4261 = ORIENTED_EDGE('',*,*,#4262,.T.);
#4262 = EDGE_CURVE('',#4253,#4263,#4265,.T.);
#4263 = VERTEX_POINT('',#4264);
#4264 = CARTESIAN_POINT('',(0.,15.,-15.));
#4265 = LINE('',#4266,#4267);
#4266 = CARTESIAN_POINT('',(0.,-15.,-15.));
#4267 = VECTOR('',#4268,1.);
#4268 = DIRECTION('',(-0.,1.,0.));
#4269 = ORIENTED_EDGE('',*,*,#4270,.T.);
#4270 = EDGE_CURVE('',#4263,#4271,#4273,.T.);
#4271 = VERTEX_POINT('',#4272);
#4272 = CARTESIAN_POINT('',(0.,15.,15.));
#4273 = LINE('',#4274,#4275);
#4274 = CARTESIAN_POINT('',(0.,15.,-15.));
#4275 = VECTOR('',#4276,1.);
#4276 = DIRECTION('',(0.,0.,1.));
#4277 = ORIENTED_EDGE('',*,*,#4278,.F.);
#4278 = EDGE_CURVE('',#4255,#4271,#4279,.T.);
#4279 = LINE('',#4280,#4281);
#4280 = CARTESIAN_POINT('',(0.,-15.,15.));
#4281 = VECTOR('',#4282,1.);
#4282 = DIRECTION('',(-0.,1.,0.));
#4283 = PLANE('',#4284);
#4284 = AXIS2_PLACEMENT_3D('',#4285,#4286,#4287);
#4285 = CARTESIAN_POINT('',(0.,-15.,-15.));
#4286 = DIRECTION('',(1.,0.,-0.));
#4287 = DIRECTION('',(0.,0.,1.));
#4288 = ADVANCED_FACE('',(#4289),#4323,.T.);
#4289 = FACE_BOUND('',#4290,.T.);
#4290 = EDGE_LOOP('',(#4291,#4301,#4309,#4317));
#4291 = ORIENTED_EDGE('',*,*,#4292,.F.);
#4292 = EDGE_CURVE('',#4293,#4295,#4297,.T.);
#4293 = VERTEX_POINT('',#4294);
#4294 = CARTESIAN_POINT('',(840.,-15.,-15.));
#4295 = VERTEX_POINT('',#4296);
#4296 = CARTESIAN_POINT('',(840.,-15.,15.));
#4297 = LINE('',#4298,#4299);
#4298 = CARTESIAN_POINT('',(840.,-15.,-15.));
#4299 = VECTOR('',#4300,1.);
#4300 = DIRECTION('',(0.,0.,1.));
#4301 = ORIENTED_EDGE('',*,*,#4302,.T.);
#4302 = EDGE_CURVE('',#4293,#4303,#4305,.T.);
#4303 = VERTEX_POINT('',#4304);
#4304 = CARTESIAN_POINT('',(840.,15.,-15.));
#4305 = LINE('',#4306,#4307);
#4306 = CARTESIAN_POINT('',(840.,-15.,-15.));
#4307 = VECTOR('',#4308,1.);
#4308 = DIRECTION('',(-0.,1.,0.));
#4309 = ORIENTED_EDGE('',*,*,#4310,.T.);
#4310 = EDGE_CURVE('',#4303,#4311,#4313,.T.);
#4311 = VERTEX_POINT('',#4312);
#4312 = CARTESIAN_POINT('',(840.,15.,15.));
#4313 = LINE('',#4314,#4315);
#4314 = CARTESIAN_POINT('',(840.,15.,-15.));
#4315 = VECTOR('',#4316,1.);
#4316 = DIRECTION('',(0.,0.,1.));
#4317 = ORIENTED_EDGE('',*,*,#4318,.F.);
#4318 = EDGE_CURVE('',#4295,#4311,#4319,.T.);
#4319 = LINE('',#4320,#4321);
#4320 = CARTESIAN_POINT('',(840.,-15.,15.));
#4321 = VECTOR('',#4322,1.);
#4322 = DIRECTION('',(-0.,1.,0.));
#4323 = PLANE('',#4324);
#4324 = AXIS2_PLACEMENT_3D('',#4325,#4326,#4327);
#4325 = CARTESIAN_POINT('',(840.,-15.,-15.));
#4326 = DIRECTION('',(1.,0.,-0.));
#4327 = DIRECTION('',(0.,0.,1.));
#4328 = ADVANCED_FACE('',(#4329),#4345,.F.);
#4329 = FACE_BOUND('',#4330,.F.);
#4330 = EDGE_LOOP('',(#4331,#4337,#4338,#4344));
#4331 = ORIENTED_EDGE('',*,*,#4332,.F.);
#4332 = EDGE_CURVE('',#4253,#4293,#4333,.T.);
#4333 = LINE('',#4334,#4335);
#4334 = CARTESIAN_POINT('',(0.,-15.,-15.));
#4335 = VECTOR('',#4336,1.);
#4336 = DIRECTION('',(1.,0.,-0.));
#4337 = ORIENTED_EDGE('',*,*,#4252,.T.);
#4338 = ORIENTED_EDGE('',*,*,#4339,.T.);
#4339 = EDGE_CURVE('',#4255,#4295,#4340,.T.);
#4340 = LINE('',#4341,#4342);
#4341 = CARTESIAN_POINT('',(0.,-15.,15.));
#4342 = VECTOR('',#4343,1.);
#4343 = DIRECTION('',(1.,0.,-0.));
#4344 = ORIENTED_EDGE('',*,*,#4292,.F.);
#4345 = PLANE('',#4346);
#4346 = AXIS2_PLACEMENT_3D('',#4347,#4348,#4349);
#4347 = CARTESIAN_POINT('',(0.,-15.,-15.));
#4348 = DIRECTION('',(-0.,1.,0.));
#4349 = DIRECTION('',(0.,0.,1.));
#4350 = ADVANCED_FACE('',(#4351),#4367,.T.);
#4351 = FACE_BOUND('',#4352,.T.);
#4352 = EDGE_LOOP('',(#4353,#4359,#4360,#4366));
#4353 = ORIENTED_EDGE('',*,*,#4354,.F.);
#4354 = EDGE_CURVE('',#4263,#4303,#4355,.T.);
#4355 = LINE('',#4356,#4357);
#4356 = CARTESIAN_POINT('',(0.,15.,-15.));
#4357 = VECTOR('',#4358,1.);
#4358 = DIRECTION('',(1.,0.,-0.));
#4359 = ORIENTED_EDGE('',*,*,#4270,.T.);
#4360 = ORIENTED_EDGE('',*,*,#4361,.T.);
#4361 = EDGE_CURVE('',#4271,#4311,#4362,.T.);
#4362 = LINE('',#4363,#4364);
#4363 = CARTESIAN_POINT('',(0.,15.,15.));
#4364 = VECTOR('',#4365,1.);
#4365 = DIRECTION('',(1.,0.,-0.));
#4366 = ORIENTED_EDGE('',*,*,#4310,.F.);
#4367 = PLANE('',#4368);
#4368 = AXIS2_PLACEMENT_3D('',#4369,#4370,#4371);
#4369 = CARTESIAN_POINT('',(0.,15.,-15.));
#4370 = DIRECTION('',(-0.,1.,0.));
#4371 = DIRECTION('',(0.,0.,1.));
#4372 = ADVANCED_FACE('',(#4373),#4379,.F.);
#4373 = FACE_BOUND('',#4374,.F.);
#4374 = EDGE_LOOP('',(#4375,#4376,#4377,#4378));
#4375 = ORIENTED_EDGE('',*,*,#4262,.F.);
#4376 = ORIENTED_EDGE('',*,*,#4332,.T.);
#4377 = ORIENTED_EDGE('',*,*,#4302,.T.);
#4378 = ORIENTED_EDGE('',*,*,#4354,.F.);
#4379 = PLANE('',#4380);
#4380 = AXIS2_PLACEMENT_3D('',#4381,#4382,#4383);
#4381 = CARTESIAN_POINT('',(0.,-15.,-15.));
#4382 = DIRECTION('',(0.,0.,1.));
#4383 = DIRECTION('',(1.,0.,-0.));
#4384 = ADVANCED_FACE('',(#4385),#4391,.T.);
#4385 = FACE_BOUND('',#4386,.T.);
#4386 = EDGE_LOOP('',(#4387,#4388,#4389,#4390));
#4387 = ORIENTED_EDGE('',*,*,#4278,.F.);
#4388 = ORIENTED_EDGE('',*,*,#4339,.T.);
#4389 = ORIENTED_EDGE('',*,*,#4318,.T.);
#4390 = ORIENTED_EDGE('',*,*,#4361,.F.);
#4391 = PLANE('',#4392);
#4392 = AXIS2_PLACEMENT_3D('',#4393,#4394,#4395);
#4393 = CARTESIAN_POINT('',(0.,-15.,15.));
#4394 = DIRECTION('',(0.,0.,1.));
#4395 = DIRECTION('',(1.,0.,-0.));
#4396 = ( GEOMETRIC_REPRESENTATION_CONTEXT(3) 
GLOBAL_UNCERTAINTY_ASSIGNED_CONTEXT((#4400)) 
GLOBAL_UNIT_ASSIGNED_CONTEXT((#4397,#4398,#4399)) REPRESENTATION_CONTEXT
('Context #1','3D Context with UNIT and UNCERTAINTY') );
#4397 = ( LENGTH_UNIT() NAMED_UNIT(*) SI_UNIT(.MILLI.,.METRE.) );
#4398 = ( NAMED_UNIT(*) PLANE_ANGLE_UNIT() SI_UNIT($,.RADIAN.) );
#4399 = ( NAMED_UNIT(*) SI_UNIT($,.STERADIAN.) SOLID_ANGLE_UNIT() );
#4400 = UNCERTAINTY_MEASURE_WITH_UNIT(LENGTH_MEASURE(1.E-07),#4397,
  'distance_accuracy_value','confusion accuracy');
#4401 = CONTEXT_DEPENDENT_SHAPE_REPRESENTATION(#4402,#4404);
#4402 = ( REPRESENTATION_RELATIONSHIP('','',#4245,#10) 
REPRESENTATION_RELATIONSHIP_WITH_TRANSFORMATION(#4403) 
SHAPE_REPRESENTATION_RELATIONSHIP() );
#4403 = ITEM_DEFINED_TRANSFORMATION('','',#11,#91);
#4404 = PRODUCT_DEFINITION_SHAPE('Placement','Placement of an item',
  #4405);
#4405 = NEXT_ASSEMBLY_USAGE_OCCURRENCE('20','folha3_trav_sup','',#5,
  #4240,$);
#4406 = PRODUCT_RELATED_PRODUCT_CATEGORY('part',$,(#4242));
#4407 = SHAPE_DEFINITION_REPRESENTATION(#4408,#4414);
#4408 = PRODUCT_DEFINITION_SHAPE('','',#4409);
#4409 = PRODUCT_DEFINITION('design','',#4410,#4413);
#4410 = PRODUCT_DEFINITION_FORMATION('','',#4411);
#4411 = PRODUCT('folha3_a_chapa','folha3_a_chapa','',(#4412));
#4412 = PRODUCT_CONTEXT('',#2,'mechanical');
#4413 = PRODUCT_DEFINITION_CONTEXT('part definition',#2,'design');
#4414 = ADVANCED_BREP_SHAPE_REPRESENTATION('',(#11,#4415),#5109);
#4415 = MANIFOLD_SOLID_BREP('',#4416);
#4416 = CLOSED_SHELL('',(#4417,#4457,#4488,#4648,#4672,#4825,#4837,#4859
    ,#4876,#4893,#4905,#4927,#4944,#4961,#4973,#4995,#5012,#5029,#5041,
    #5063,#5080,#5097));
#4417 = ADVANCED_FACE('',(#4418),#4452,.F.);
#4418 = FACE_BOUND('',#4419,.F.);
#4419 = EDGE_LOOP('',(#4420,#4430,#4438,#4446));
#4420 = ORIENTED_EDGE('',*,*,#4421,.F.);
#4421 = EDGE_CURVE('',#4422,#4424,#4426,.T.);
#4422 = VERTEX_POINT('',#4423);
#4423 = CARTESIAN_POINT('',(-50.,-35.,0.));
#4424 = VERTEX_POINT('',#4425);
#4425 = CARTESIAN_POINT('',(-50.,-35.,4.));
#4426 = LINE('',#4427,#4428);
#4427 = CARTESIAN_POINT('',(-50.,-35.,0.));
#4428 = VECTOR('',#4429,1.);
#4429 = DIRECTION('',(0.,0.,1.));
#4430 = ORIENTED_EDGE('',*,*,#4431,.T.);
#4431 = EDGE_CURVE('',#4422,#4432,#4434,.T.);
#4432 = VERTEX_POINT('',#4433);
#4433 = CARTESIAN_POINT('',(-50.,35.,0.));
#4434 = LINE('',#4435,#4436);
#4435 = CARTESIAN_POINT('',(-50.,-35.,0.));
#4436 = VECTOR('',#4437,1.);
#4437 = DIRECTION('',(-0.,1.,0.));
#4438 = ORIENTED_EDGE('',*,*,#4439,.T.);
#4439 = EDGE_CURVE('',#4432,#4440,#4442,.T.);
#4440 = VERTEX_POINT('',#4441);
#4441 = CARTESIAN_POINT('',(-50.,35.,4.));
#4442 = LINE('',#4443,#4444);
#4443 = CARTESIAN_POINT('',(-50.,35.,0.));
#4444 = VECTOR('',#4445,1.);
#4445 = DIRECTION('',(0.,0.,1.));
#4446 = ORIENTED_EDGE('',*,*,#4447,.F.);
#4447 = EDGE_CURVE('',#4424,#4440,#4448,.T.);
#4448 = LINE('',#4449,#4450);
#4449 = CARTESIAN_POINT('',(-50.,-35.,4.));
#4450 = VECTOR('',#4451,1.);
#4451 = DIRECTION('',(-0.,1.,0.));
#4452 = PLANE('',#4453);
#4453 = AXIS2_PLACEMENT_3D('',#4454,#4455,#4456);
#4454 = CARTESIAN_POINT('',(-50.,-35.,0.));
#4455 = DIRECTION('',(1.,0.,-0.));
#4456 = DIRECTION('',(0.,0.,1.));
#4457 = ADVANCED_FACE('',(#4458),#4483,.F.);
#4458 = FACE_BOUND('',#4459,.F.);
#4459 = EDGE_LOOP('',(#4460,#4468,#4469,#4477));
#4460 = ORIENTED_EDGE('',*,*,#4461,.F.);
#4461 = EDGE_CURVE('',#4422,#4462,#4464,.T.);
#4462 = VERTEX_POINT('',#4463);
#4463 = CARTESIAN_POINT('',(50.,-35.,0.));
#4464 = LINE('',#4465,#4466);
#4465 = CARTESIAN_POINT('',(-50.,-35.,0.));
#4466 = VECTOR('',#4467,1.);
#4467 = DIRECTION('',(1.,0.,-0.));
#4468 = ORIENTED_EDGE('',*,*,#4421,.T.);
#4469 = ORIENTED_EDGE('',*,*,#4470,.T.);
#4470 = EDGE_CURVE('',#4424,#4471,#4473,.T.);
#4471 = VERTEX_POINT('',#4472);
#4472 = CARTESIAN_POINT('',(50.,-35.,4.));
#4473 = LINE('',#4474,#4475);
#4474 = CARTESIAN_POINT('',(-50.,-35.,4.));
#4475 = VECTOR('',#4476,1.);
#4476 = DIRECTION('',(1.,0.,-0.));
#4477 = ORIENTED_EDGE('',*,*,#4478,.F.);
#4478 = EDGE_CURVE('',#4462,#4471,#4479,.T.);
#4479 = LINE('',#4480,#4481);
#4480 = CARTESIAN_POINT('',(50.,-35.,0.));
#4481 = VECTOR('',#4482,1.);
#4482 = DIRECTION('',(0.,0.,1.));
#4483 = PLANE('',#4484);
#4484 = AXIS2_PLACEMENT_3D('',#4485,#4486,#4487);
#4485 = CARTESIAN_POINT('',(-50.,-35.,0.));
#4486 = DIRECTION('',(-0.,1.,0.));
#4487 = DIRECTION('',(0.,0.,1.));
#4488 = ADVANCED_FACE('',(#4489,#4507,#4541,#4575,#4609),#4643,.T.);
#4489 = FACE_BOUND('',#4490,.T.);
#4490 = EDGE_LOOP('',(#4491,#4492,#4493,#4501));
#4491 = ORIENTED_EDGE('',*,*,#4447,.F.);
#4492 = ORIENTED_EDGE('',*,*,#4470,.T.);
#4493 = ORIENTED_EDGE('',*,*,#4494,.T.);
#4494 = EDGE_CURVE('',#4471,#4495,#4497,.T.);
#4495 = VERTEX_POINT('',#4496);
#4496 = CARTESIAN_POINT('',(50.,35.,4.));
#4497 = LINE('',#4498,#4499);
#4498 = CARTESIAN_POINT('',(50.,-35.,4.));
#4499 = VECTOR('',#4500,1.);
#4500 = DIRECTION('',(-0.,1.,0.));
#4501 = ORIENTED_EDGE('',*,*,#4502,.F.);
#4502 = EDGE_CURVE('',#4440,#4495,#4503,.T.);
#4503 = LINE('',#4504,#4505);
#4504 = CARTESIAN_POINT('',(-50.,35.,4.));
#4505 = VECTOR('',#4506,1.);
#4506 = DIRECTION('',(1.,0.,-0.));
#4507 = FACE_BOUND('',#4508,.T.);
#4508 = EDGE_LOOP('',(#4509,#4519,#4527,#4535));
#4509 = ORIENTED_EDGE('',*,*,#4510,.T.);
#4510 = EDGE_CURVE('',#4511,#4513,#4515,.T.);
#4511 = VERTEX_POINT('',#4512);
#4512 = CARTESIAN_POINT('',(-22.5,-24.5,4.));
#4513 = VERTEX_POINT('',#4514);
#4514 = CARTESIAN_POINT('',(-47.5,-24.5,4.));
#4515 = LINE('',#4516,#4517);
#4516 = CARTESIAN_POINT('',(-48.75,-24.5,4.));
#4517 = VECTOR('',#4518,1.);
#4518 = DIRECTION('',(-1.,-0.,0.));
#4519 = ORIENTED_EDGE('',*,*,#4520,.T.);
#4520 = EDGE_CURVE('',#4513,#4521,#4523,.T.);
#4521 = VERTEX_POINT('',#4522);
#4522 = CARTESIAN_POINT('',(-47.5,-15.5,4.));
#4523 = LINE('',#4524,#4525);
#4524 = CARTESIAN_POINT('',(-47.5,-29.75,4.));
#4525 = VECTOR('',#4526,1.);
#4526 = DIRECTION('',(-0.,1.,0.));
#4527 = ORIENTED_EDGE('',*,*,#4528,.F.);
#4528 = EDGE_CURVE('',#4529,#4521,#4531,.T.);
#4529 = VERTEX_POINT('',#4530);
#4530 = CARTESIAN_POINT('',(-22.5,-15.5,4.));
#4531 = LINE('',#4532,#4533);
#4532 = CARTESIAN_POINT('',(-48.75,-15.5,4.));
#4533 = VECTOR('',#4534,1.);
#4534 = DIRECTION('',(-1.,-0.,0.));
#4535 = ORIENTED_EDGE('',*,*,#4536,.F.);
#4536 = EDGE_CURVE('',#4511,#4529,#4537,.T.);
#4537 = LINE('',#4538,#4539);
#4538 = CARTESIAN_POINT('',(-22.5,-29.75,4.));
#4539 = VECTOR('',#4540,1.);
#4540 = DIRECTION('',(-0.,1.,0.));
#4541 = FACE_BOUND('',#4542,.T.);
#4542 = EDGE_LOOP('',(#4543,#4553,#4561,#4569));
#4543 = ORIENTED_EDGE('',*,*,#4544,.T.);
#4544 = EDGE_CURVE('',#4545,#4547,#4549,.T.);
#4545 = VERTEX_POINT('',#4546);
#4546 = CARTESIAN_POINT('',(47.5,-24.5,4.));
#4547 = VERTEX_POINT('',#4548);
#4548 = CARTESIAN_POINT('',(22.5,-24.5,4.));
#4549 = LINE('',#4550,#4551);
#4550 = CARTESIAN_POINT('',(-13.75,-24.5,4.));
#4551 = VECTOR('',#4552,1.);
#4552 = DIRECTION('',(-1.,-0.,0.));
#4553 = ORIENTED_EDGE('',*,*,#4554,.T.);
#4554 = EDGE_CURVE('',#4547,#4555,#4557,.T.);
#4555 = VERTEX_POINT('',#4556);
#4556 = CARTESIAN_POINT('',(22.5,-15.5,4.));
#4557 = LINE('',#4558,#4559);
#4558 = CARTESIAN_POINT('',(22.5,-29.75,4.));
#4559 = VECTOR('',#4560,1.);
#4560 = DIRECTION('',(-0.,1.,0.));
#4561 = ORIENTED_EDGE('',*,*,#4562,.F.);
#4562 = EDGE_CURVE('',#4563,#4555,#4565,.T.);
#4563 = VERTEX_POINT('',#4564);
#4564 = CARTESIAN_POINT('',(47.5,-15.5,4.));
#4565 = LINE('',#4566,#4567);
#4566 = CARTESIAN_POINT('',(-13.75,-15.5,4.));
#4567 = VECTOR('',#4568,1.);
#4568 = DIRECTION('',(-1.,-0.,0.));
#4569 = ORIENTED_EDGE('',*,*,#4570,.F.);
#4570 = EDGE_CURVE('',#4545,#4563,#4571,.T.);
#4571 = LINE('',#4572,#4573);
#4572 = CARTESIAN_POINT('',(47.5,-29.75,4.));
#4573 = VECTOR('',#4574,1.);
#4574 = DIRECTION('',(-0.,1.,0.));
#4575 = FACE_BOUND('',#4576,.T.);
#4576 = EDGE_LOOP('',(#4577,#4587,#4595,#4603));
#4577 = ORIENTED_EDGE('',*,*,#4578,.T.);
#4578 = EDGE_CURVE('',#4579,#4581,#4583,.T.);
#4579 = VERTEX_POINT('',#4580);
#4580 = CARTESIAN_POINT('',(-22.5,15.5,4.));
#4581 = VERTEX_POINT('',#4582);
#4582 = CARTESIAN_POINT('',(-47.5,15.5,4.));
#4583 = LINE('',#4584,#4585);
#4584 = CARTESIAN_POINT('',(-48.75,15.5,4.));
#4585 = VECTOR('',#4586,1.);
#4586 = DIRECTION('',(-1.,-0.,0.));
#4587 = ORIENTED_EDGE('',*,*,#4588,.T.);
#4588 = EDGE_CURVE('',#4581,#4589,#4591,.T.);
#4589 = VERTEX_POINT('',#4590);
#4590 = CARTESIAN_POINT('',(-47.5,24.5,4.));
#4591 = LINE('',#4592,#4593);
#4592 = CARTESIAN_POINT('',(-47.5,-9.75,4.));
#4593 = VECTOR('',#4594,1.);
#4594 = DIRECTION('',(-0.,1.,0.));
#4595 = ORIENTED_EDGE('',*,*,#4596,.F.);
#4596 = EDGE_CURVE('',#4597,#4589,#4599,.T.);
#4597 = VERTEX_POINT('',#4598);
#4598 = CARTESIAN_POINT('',(-22.5,24.5,4.));
#4599 = LINE('',#4600,#4601);
#4600 = CARTESIAN_POINT('',(-48.75,24.5,4.));
#4601 = VECTOR('',#4602,1.);
#4602 = DIRECTION('',(-1.,-0.,0.));
#4603 = ORIENTED_EDGE('',*,*,#4604,.F.);
#4604 = EDGE_CURVE('',#4579,#4597,#4605,.T.);
#4605 = LINE('',#4606,#4607);
#4606 = CARTESIAN_POINT('',(-22.5,-9.75,4.));
#4607 = VECTOR('',#4608,1.);
#4608 = DIRECTION('',(-0.,1.,0.));
#4609 = FACE_BOUND('',#4610,.T.);
#4610 = EDGE_LOOP('',(#4611,#4621,#4629,#4637));
#4611 = ORIENTED_EDGE('',*,*,#4612,.T.);
#4612 = EDGE_CURVE('',#4613,#4615,#4617,.T.);
#4613 = VERTEX_POINT('',#4614);
#4614 = CARTESIAN_POINT('',(47.5,15.5,4.));
#4615 = VERTEX_POINT('',#4616);
#4616 = CARTESIAN_POINT('',(22.5,15.5,4.));
#4617 = LINE('',#4618,#4619);
#4618 = CARTESIAN_POINT('',(-13.75,15.5,4.));
#4619 = VECTOR('',#4620,1.);
#4620 = DIRECTION('',(-1.,-0.,0.));
#4621 = ORIENTED_EDGE('',*,*,#4622,.T.);
#4622 = EDGE_CURVE('',#4615,#4623,#4625,.T.);
#4623 = VERTEX_POINT('',#4624);
#4624 = CARTESIAN_POINT('',(22.5,24.5,4.));
#4625 = LINE('',#4626,#4627);
#4626 = CARTESIAN_POINT('',(22.5,-9.75,4.));
#4627 = VECTOR('',#4628,1.);
#4628 = DIRECTION('',(-0.,1.,0.));
#4629 = ORIENTED_EDGE('',*,*,#4630,.F.);
#4630 = EDGE_CURVE('',#4631,#4623,#4633,.T.);
#4631 = VERTEX_POINT('',#4632);
#4632 = CARTESIAN_POINT('',(47.5,24.5,4.));
#4633 = LINE('',#4634,#4635);
#4634 = CARTESIAN_POINT('',(-13.75,24.5,4.));
#4635 = VECTOR('',#4636,1.);
#4636 = DIRECTION('',(-1.,-0.,0.));
#4637 = ORIENTED_EDGE('',*,*,#4638,.F.);
#4638 = EDGE_CURVE('',#4613,#4631,#4639,.T.);
#4639 = LINE('',#4640,#4641);
#4640 = CARTESIAN_POINT('',(47.5,-9.75,4.));
#4641 = VECTOR('',#4642,1.);
#4642 = DIRECTION('',(-0.,1.,0.));
#4643 = PLANE('',#4644);
#4644 = AXIS2_PLACEMENT_3D('',#4645,#4646,#4647);
#4645 = CARTESIAN_POINT('',(-50.,-35.,4.));
#4646 = DIRECTION('',(0.,0.,1.));
#4647 = DIRECTION('',(1.,0.,-0.));
#4648 = ADVANCED_FACE('',(#4649),#4667,.T.);
#4649 = FACE_BOUND('',#4650,.T.);
#4650 = EDGE_LOOP('',(#4651,#4659,#4660,#4661));
#4651 = ORIENTED_EDGE('',*,*,#4652,.F.);
#4652 = EDGE_CURVE('',#4432,#4653,#4655,.T.);
#4653 = VERTEX_POINT('',#4654);
#4654 = CARTESIAN_POINT('',(50.,35.,0.));
#4655 = LINE('',#4656,#4657);
#4656 = CARTESIAN_POINT('',(-50.,35.,0.));
#4657 = VECTOR('',#4658,1.);
#4658 = DIRECTION('',(1.,0.,-0.));
#4659 = ORIENTED_EDGE('',*,*,#4439,.T.);
#4660 = ORIENTED_EDGE('',*,*,#4502,.T.);
#4661 = ORIENTED_EDGE('',*,*,#4662,.F.);
#4662 = EDGE_CURVE('',#4653,#4495,#4663,.T.);
#4663 = LINE('',#4664,#4665);
#4664 = CARTESIAN_POINT('',(50.,35.,0.));
#4665 = VECTOR('',#4666,1.);
#4666 = DIRECTION('',(0.,0.,1.));
#4667 = PLANE('',#4668);
#4668 = AXIS2_PLACEMENT_3D('',#4669,#4670,#4671);
#4669 = CARTESIAN_POINT('',(-50.,35.,0.));
#4670 = DIRECTION('',(-0.,1.,0.));
#4671 = DIRECTION('',(0.,0.,1.));
#4672 = ADVANCED_FACE('',(#4673,#4684,#4718,#4752,#4786),#4820,.F.);
#4673 = FACE_BOUND('',#4674,.F.);
#4674 = EDGE_LOOP('',(#4675,#4676,#4677,#4683));
#4675 = ORIENTED_EDGE('',*,*,#4431,.F.);
#4676 = ORIENTED_EDGE('',*,*,#4461,.T.);
#4677 = ORIENTED_EDGE('',*,*,#4678,.T.);
#4678 = EDGE_CURVE('',#4462,#4653,#4679,.T.);
#4679 = LINE('',#4680,#4681);
#4680 = CARTESIAN_POINT('',(50.,-35.,0.));
#4681 = VECTOR('',#4682,1.);
#4682 = DIRECTION('',(-0.,1.,0.));
#4683 = ORIENTED_EDGE('',*,*,#4652,.F.);
#4684 = FACE_BOUND('',#4685,.F.);
#4685 = EDGE_LOOP('',(#4686,#4696,#4704,#4712));
#4686 = ORIENTED_EDGE('',*,*,#4687,.T.);
#4687 = EDGE_CURVE('',#4688,#4690,#4692,.T.);
#4688 = VERTEX_POINT('',#4689);
#4689 = CARTESIAN_POINT('',(-22.5,-24.5,0.));
#4690 = VERTEX_POINT('',#4691);
#4691 = CARTESIAN_POINT('',(-47.5,-24.5,0.));
#4692 = LINE('',#4693,#4694);
#4693 = CARTESIAN_POINT('',(-48.75,-24.5,0.));
#4694 = VECTOR('',#4695,1.);
#4695 = DIRECTION('',(-1.,-0.,0.));
#4696 = ORIENTED_EDGE('',*,*,#4697,.T.);
#4697 = EDGE_CURVE('',#4690,#4698,#4700,.T.);
#4698 = VERTEX_POINT('',#4699);
#4699 = CARTESIAN_POINT('',(-47.5,-15.5,0.));
#4700 = LINE('',#4701,#4702);
#4701 = CARTESIAN_POINT('',(-47.5,-29.75,0.));
#4702 = VECTOR('',#4703,1.);
#4703 = DIRECTION('',(-0.,1.,0.));
#4704 = ORIENTED_EDGE('',*,*,#4705,.F.);
#4705 = EDGE_CURVE('',#4706,#4698,#4708,.T.);
#4706 = VERTEX_POINT('',#4707);
#4707 = CARTESIAN_POINT('',(-22.5,-15.5,0.));
#4708 = LINE('',#4709,#4710);
#4709 = CARTESIAN_POINT('',(-48.75,-15.5,0.));
#4710 = VECTOR('',#4711,1.);
#4711 = DIRECTION('',(-1.,-0.,0.));
#4712 = ORIENTED_EDGE('',*,*,#4713,.F.);
#4713 = EDGE_CURVE('',#4688,#4706,#4714,.T.);
#4714 = LINE('',#4715,#4716);
#4715 = CARTESIAN_POINT('',(-22.5,-29.75,0.));
#4716 = VECTOR('',#4717,1.);
#4717 = DIRECTION('',(-0.,1.,0.));
#4718 = FACE_BOUND('',#4719,.F.);
#4719 = EDGE_LOOP('',(#4720,#4730,#4738,#4746));
#4720 = ORIENTED_EDGE('',*,*,#4721,.T.);
#4721 = EDGE_CURVE('',#4722,#4724,#4726,.T.);
#4722 = VERTEX_POINT('',#4723);
#4723 = CARTESIAN_POINT('',(47.5,-24.5,0.));
#4724 = VERTEX_POINT('',#4725);
#4725 = CARTESIAN_POINT('',(22.5,-24.5,0.));
#4726 = LINE('',#4727,#4728);
#4727 = CARTESIAN_POINT('',(-13.75,-24.5,0.));
#4728 = VECTOR('',#4729,1.);
#4729 = DIRECTION('',(-1.,-0.,0.));
#4730 = ORIENTED_EDGE('',*,*,#4731,.T.);
#4731 = EDGE_CURVE('',#4724,#4732,#4734,.T.);
#4732 = VERTEX_POINT('',#4733);
#4733 = CARTESIAN_POINT('',(22.5,-15.5,0.));
#4734 = LINE('',#4735,#4736);
#4735 = CARTESIAN_POINT('',(22.5,-29.75,0.));
#4736 = VECTOR('',#4737,1.);
#4737 = DIRECTION('',(-0.,1.,0.));
#4738 = ORIENTED_EDGE('',*,*,#4739,.F.);
#4739 = EDGE_CURVE('',#4740,#4732,#4742,.T.);
#4740 = VERTEX_POINT('',#4741);
#4741 = CARTESIAN_POINT('',(47.5,-15.5,0.));
#4742 = LINE('',#4743,#4744);
#4743 = CARTESIAN_POINT('',(-13.75,-15.5,0.));
#4744 = VECTOR('',#4745,1.);
#4745 = DIRECTION('',(-1.,-0.,0.));
#4746 = ORIENTED_EDGE('',*,*,#4747,.F.);
#4747 = EDGE_CURVE('',#4722,#4740,#4748,.T.);
#4748 = LINE('',#4749,#4750);
#4749 = CARTESIAN_POINT('',(47.5,-29.75,0.));
#4750 = VECTOR('',#4751,1.);
#4751 = DIRECTION('',(-0.,1.,0.));
#4752 = FACE_BOUND('',#4753,.F.);
#4753 = EDGE_LOOP('',(#4754,#4764,#4772,#4780));
#4754 = ORIENTED_EDGE('',*,*,#4755,.T.);
#4755 = EDGE_CURVE('',#4756,#4758,#4760,.T.);
#4756 = VERTEX_POINT('',#4757);
#4757 = CARTESIAN_POINT('',(-22.5,15.5,0.));
#4758 = VERTEX_POINT('',#4759);
#4759 = CARTESIAN_POINT('',(-47.5,15.5,0.));
#4760 = LINE('',#4761,#4762);
#4761 = CARTESIAN_POINT('',(-48.75,15.5,0.));
#4762 = VECTOR('',#4763,1.);
#4763 = DIRECTION('',(-1.,-0.,0.));
#4764 = ORIENTED_EDGE('',*,*,#4765,.T.);
#4765 = EDGE_CURVE('',#4758,#4766,#4768,.T.);
#4766 = VERTEX_POINT('',#4767);
#4767 = CARTESIAN_POINT('',(-47.5,24.5,0.));
#4768 = LINE('',#4769,#4770);
#4769 = CARTESIAN_POINT('',(-47.5,-9.75,0.));
#4770 = VECTOR('',#4771,1.);
#4771 = DIRECTION('',(-0.,1.,0.));
#4772 = ORIENTED_EDGE('',*,*,#4773,.F.);
#4773 = EDGE_CURVE('',#4774,#4766,#4776,.T.);
#4774 = VERTEX_POINT('',#4775);
#4775 = CARTESIAN_POINT('',(-22.5,24.5,0.));
#4776 = LINE('',#4777,#4778);
#4777 = CARTESIAN_POINT('',(-48.75,24.5,0.));
#4778 = VECTOR('',#4779,1.);
#4779 = DIRECTION('',(-1.,-0.,0.));
#4780 = ORIENTED_EDGE('',*,*,#4781,.F.);
#4781 = EDGE_CURVE('',#4756,#4774,#4782,.T.);
#4782 = LINE('',#4783,#4784);
#4783 = CARTESIAN_POINT('',(-22.5,-9.75,0.));
#4784 = VECTOR('',#4785,1.);
#4785 = DIRECTION('',(-0.,1.,0.));
#4786 = FACE_BOUND('',#4787,.F.);
#4787 = EDGE_LOOP('',(#4788,#4798,#4806,#4814));
#4788 = ORIENTED_EDGE('',*,*,#4789,.T.);
#4789 = EDGE_CURVE('',#4790,#4792,#4794,.T.);
#4790 = VERTEX_POINT('',#4791);
#4791 = CARTESIAN_POINT('',(47.5,15.5,0.));
#4792 = VERTEX_POINT('',#4793);
#4793 = CARTESIAN_POINT('',(22.5,15.5,0.));
#4794 = LINE('',#4795,#4796);
#4795 = CARTESIAN_POINT('',(-13.75,15.5,0.));
#4796 = VECTOR('',#4797,1.);
#4797 = DIRECTION('',(-1.,-0.,0.));
#4798 = ORIENTED_EDGE('',*,*,#4799,.T.);
#4799 = EDGE_CURVE('',#4792,#4800,#4802,.T.);
#4800 = VERTEX_POINT('',#4801);
#4801 = CARTESIAN_POINT('',(22.5,24.5,0.));
#4802 = LINE('',#4803,#4804);
#4803 = CARTESIAN_POINT('',(22.5,-9.75,0.));
#4804 = VECTOR('',#4805,1.);
#4805 = DIRECTION('',(-0.,1.,0.));
#4806 = ORIENTED_EDGE('',*,*,#4807,.F.);
#4807 = EDGE_CURVE('',#4808,#4800,#4810,.T.);
#4808 = VERTEX_POINT('',#4809);
#4809 = CARTESIAN_POINT('',(47.5,24.5,0.));
#4810 = LINE('',#4811,#4812);
#4811 = CARTESIAN_POINT('',(-13.75,24.5,0.));
#4812 = VECTOR('',#4813,1.);
#4813 = DIRECTION('',(-1.,-0.,0.));
#4814 = ORIENTED_EDGE('',*,*,#4815,.F.);
#4815 = EDGE_CURVE('',#4790,#4808,#4816,.T.);
#4816 = LINE('',#4817,#4818);
#4817 = CARTESIAN_POINT('',(47.5,-9.75,0.));
#4818 = VECTOR('',#4819,1.);
#4819 = DIRECTION('',(-0.,1.,0.));
#4820 = PLANE('',#4821);
#4821 = AXIS2_PLACEMENT_3D('',#4822,#4823,#4824);
#4822 = CARTESIAN_POINT('',(-50.,-35.,0.));
#4823 = DIRECTION('',(0.,0.,1.));
#4824 = DIRECTION('',(1.,0.,-0.));
#4825 = ADVANCED_FACE('',(#4826),#4832,.T.);
#4826 = FACE_BOUND('',#4827,.T.);
#4827 = EDGE_LOOP('',(#4828,#4829,#4830,#4831));
#4828 = ORIENTED_EDGE('',*,*,#4478,.F.);
#4829 = ORIENTED_EDGE('',*,*,#4678,.T.);
#4830 = ORIENTED_EDGE('',*,*,#4662,.T.);
#4831 = ORIENTED_EDGE('',*,*,#4494,.F.);
#4832 = PLANE('',#4833);
#4833 = AXIS2_PLACEMENT_3D('',#4834,#4835,#4836);
#4834 = CARTESIAN_POINT('',(50.,-35.,0.));
#4835 = DIRECTION('',(1.,0.,-0.));
#4836 = DIRECTION('',(0.,0.,1.));
#4837 = ADVANCED_FACE('',(#4838),#4854,.T.);
#4838 = FACE_BOUND('',#4839,.T.);
#4839 = EDGE_LOOP('',(#4840,#4846,#4847,#4853));
#4840 = ORIENTED_EDGE('',*,*,#4841,.F.);
#4841 = EDGE_CURVE('',#4688,#4511,#4842,.T.);
#4842 = LINE('',#4843,#4844);
#4843 = CARTESIAN_POINT('',(-22.5,-24.5,-1.));
#4844 = VECTOR('',#4845,1.);
#4845 = DIRECTION('',(0.,0.,1.));
#4846 = ORIENTED_EDGE('',*,*,#4687,.T.);
#4847 = ORIENTED_EDGE('',*,*,#4848,.T.);
#4848 = EDGE_CURVE('',#4690,#4513,#4849,.T.);
#4849 = LINE('',#4850,#4851);
#4850 = CARTESIAN_POINT('',(-47.5,-24.5,-1.));
#4851 = VECTOR('',#4852,1.);
#4852 = DIRECTION('',(0.,0.,1.));
#4853 = ORIENTED_EDGE('',*,*,#4510,.F.);
#4854 = PLANE('',#4855);
#4855 = AXIS2_PLACEMENT_3D('',#4856,#4857,#4858);
#4856 = CARTESIAN_POINT('',(-47.5,-24.5,-1.));
#4857 = DIRECTION('',(-0.,1.,0.));
#4858 = DIRECTION('',(0.,0.,1.));
#4859 = ADVANCED_FACE('',(#4860),#4871,.F.);
#4860 = FACE_BOUND('',#4861,.F.);
#4861 = EDGE_LOOP('',(#4862,#4863,#4864,#4870));
#4862 = ORIENTED_EDGE('',*,*,#4841,.F.);
#4863 = ORIENTED_EDGE('',*,*,#4713,.T.);
#4864 = ORIENTED_EDGE('',*,*,#4865,.T.);
#4865 = EDGE_CURVE('',#4706,#4529,#4866,.T.);
#4866 = LINE('',#4867,#4868);
#4867 = CARTESIAN_POINT('',(-22.5,-15.5,-1.));
#4868 = VECTOR('',#4869,1.);
#4869 = DIRECTION('',(0.,0.,1.));
#4870 = ORIENTED_EDGE('',*,*,#4536,.F.);
#4871 = PLANE('',#4872);
#4872 = AXIS2_PLACEMENT_3D('',#4873,#4874,#4875);
#4873 = CARTESIAN_POINT('',(-22.5,-24.5,-1.));
#4874 = DIRECTION('',(1.,0.,-0.));
#4875 = DIRECTION('',(0.,0.,1.));
#4876 = ADVANCED_FACE('',(#4877),#4888,.T.);
#4877 = FACE_BOUND('',#4878,.T.);
#4878 = EDGE_LOOP('',(#4879,#4880,#4881,#4887));
#4879 = ORIENTED_EDGE('',*,*,#4848,.F.);
#4880 = ORIENTED_EDGE('',*,*,#4697,.T.);
#4881 = ORIENTED_EDGE('',*,*,#4882,.T.);
#4882 = EDGE_CURVE('',#4698,#4521,#4883,.T.);
#4883 = LINE('',#4884,#4885);
#4884 = CARTESIAN_POINT('',(-47.5,-15.5,-1.));
#4885 = VECTOR('',#4886,1.);
#4886 = DIRECTION('',(0.,0.,1.));
#4887 = ORIENTED_EDGE('',*,*,#4520,.F.);
#4888 = PLANE('',#4889);
#4889 = AXIS2_PLACEMENT_3D('',#4890,#4891,#4892);
#4890 = CARTESIAN_POINT('',(-47.5,-24.5,-1.));
#4891 = DIRECTION('',(1.,0.,-0.));
#4892 = DIRECTION('',(0.,0.,1.));
#4893 = ADVANCED_FACE('',(#4894),#4900,.F.);
#4894 = FACE_BOUND('',#4895,.F.);
#4895 = EDGE_LOOP('',(#4896,#4897,#4898,#4899));
#4896 = ORIENTED_EDGE('',*,*,#4865,.F.);
#4897 = ORIENTED_EDGE('',*,*,#4705,.T.);
#4898 = ORIENTED_EDGE('',*,*,#4882,.T.);
#4899 = ORIENTED_EDGE('',*,*,#4528,.F.);
#4900 = PLANE('',#4901);
#4901 = AXIS2_PLACEMENT_3D('',#4902,#4903,#4904);
#4902 = CARTESIAN_POINT('',(-47.5,-15.5,-1.));
#4903 = DIRECTION('',(-0.,1.,0.));
#4904 = DIRECTION('',(0.,0.,1.));
#4905 = ADVANCED_FACE('',(#4906),#4922,.T.);
#4906 = FACE_BOUND('',#4907,.T.);
#4907 = EDGE_LOOP('',(#4908,#4914,#4915,#4921));
#4908 = ORIENTED_EDGE('',*,*,#4909,.F.);
#4909 = EDGE_CURVE('',#4722,#4545,#4910,.T.);
#4910 = LINE('',#4911,#4912);
#4911 = CARTESIAN_POINT('',(47.5,-24.5,-1.));
#4912 = VECTOR('',#4913,1.);
#4913 = DIRECTION('',(0.,0.,1.));
#4914 = ORIENTED_EDGE('',*,*,#4721,.T.);
#4915 = ORIENTED_EDGE('',*,*,#4916,.T.);
#4916 = EDGE_CURVE('',#4724,#4547,#4917,.T.);
#4917 = LINE('',#4918,#4919);
#4918 = CARTESIAN_POINT('',(22.5,-24.5,-1.));
#4919 = VECTOR('',#4920,1.);
#4920 = DIRECTION('',(0.,0.,1.));
#4921 = ORIENTED_EDGE('',*,*,#4544,.F.);
#4922 = PLANE('',#4923);
#4923 = AXIS2_PLACEMENT_3D('',#4924,#4925,#4926);
#4924 = CARTESIAN_POINT('',(22.5,-24.5,-1.));
#4925 = DIRECTION('',(-0.,1.,0.));
#4926 = DIRECTION('',(0.,0.,1.));
#4927 = ADVANCED_FACE('',(#4928),#4939,.F.);
#4928 = FACE_BOUND('',#4929,.F.);
#4929 = EDGE_LOOP('',(#4930,#4931,#4932,#4938));
#4930 = ORIENTED_EDGE('',*,*,#4909,.F.);
#4931 = ORIENTED_EDGE('',*,*,#4747,.T.);
#4932 = ORIENTED_EDGE('',*,*,#4933,.T.);
#4933 = EDGE_CURVE('',#4740,#4563,#4934,.T.);
#4934 = LINE('',#4935,#4936);
#4935 = CARTESIAN_POINT('',(47.5,-15.5,-1.));
#4936 = VECTOR('',#4937,1.);
#4937 = DIRECTION('',(0.,0.,1.));
#4938 = ORIENTED_EDGE('',*,*,#4570,.F.);
#4939 = PLANE('',#4940);
#4940 = AXIS2_PLACEMENT_3D('',#4941,#4942,#4943);
#4941 = CARTESIAN_POINT('',(47.5,-24.5,-1.));
#4942 = DIRECTION('',(1.,0.,-0.));
#4943 = DIRECTION('',(0.,0.,1.));
#4944 = ADVANCED_FACE('',(#4945),#4956,.T.);
#4945 = FACE_BOUND('',#4946,.T.);
#4946 = EDGE_LOOP('',(#4947,#4948,#4949,#4955));
#4947 = ORIENTED_EDGE('',*,*,#4916,.F.);
#4948 = ORIENTED_EDGE('',*,*,#4731,.T.);
#4949 = ORIENTED_EDGE('',*,*,#4950,.T.);
#4950 = EDGE_CURVE('',#4732,#4555,#4951,.T.);
#4951 = LINE('',#4952,#4953);
#4952 = CARTESIAN_POINT('',(22.5,-15.5,-1.));
#4953 = VECTOR('',#4954,1.);
#4954 = DIRECTION('',(0.,0.,1.));
#4955 = ORIENTED_EDGE('',*,*,#4554,.F.);
#4956 = PLANE('',#4957);
#4957 = AXIS2_PLACEMENT_3D('',#4958,#4959,#4960);
#4958 = CARTESIAN_POINT('',(22.5,-24.5,-1.));
#4959 = DIRECTION('',(1.,0.,-0.));
#4960 = DIRECTION('',(0.,0.,1.));
#4961 = ADVANCED_FACE('',(#4962),#4968,.F.);
#4962 = FACE_BOUND('',#4963,.F.);
#4963 = EDGE_LOOP('',(#4964,#4965,#4966,#4967));
#4964 = ORIENTED_EDGE('',*,*,#4933,.F.);
#4965 = ORIENTED_EDGE('',*,*,#4739,.T.);
#4966 = ORIENTED_EDGE('',*,*,#4950,.T.);
#4967 = ORIENTED_EDGE('',*,*,#4562,.F.);
#4968 = PLANE('',#4969);
#4969 = AXIS2_PLACEMENT_3D('',#4970,#4971,#4972);
#4970 = CARTESIAN_POINT('',(22.5,-15.5,-1.));
#4971 = DIRECTION('',(-0.,1.,0.));
#4972 = DIRECTION('',(0.,0.,1.));
#4973 = ADVANCED_FACE('',(#4974),#4990,.T.);
#4974 = FACE_BOUND('',#4975,.T.);
#4975 = EDGE_LOOP('',(#4976,#4982,#4983,#4989));
#4976 = ORIENTED_EDGE('',*,*,#4977,.F.);
#4977 = EDGE_CURVE('',#4756,#4579,#4978,.T.);
#4978 = LINE('',#4979,#4980);
#4979 = CARTESIAN_POINT('',(-22.5,15.5,-1.));
#4980 = VECTOR('',#4981,1.);
#4981 = DIRECTION('',(0.,0.,1.));
#4982 = ORIENTED_EDGE('',*,*,#4755,.T.);
#4983 = ORIENTED_EDGE('',*,*,#4984,.T.);
#4984 = EDGE_CURVE('',#4758,#4581,#4985,.T.);
#4985 = LINE('',#4986,#4987);
#4986 = CARTESIAN_POINT('',(-47.5,15.5,-1.));
#4987 = VECTOR('',#4988,1.);
#4988 = DIRECTION('',(0.,0.,1.));
#4989 = ORIENTED_EDGE('',*,*,#4578,.F.);
#4990 = PLANE('',#4991);
#4991 = AXIS2_PLACEMENT_3D('',#4992,#4993,#4994);
#4992 = CARTESIAN_POINT('',(-47.5,15.5,-1.));
#4993 = DIRECTION('',(-0.,1.,0.));
#4994 = DIRECTION('',(0.,0.,1.));
#4995 = ADVANCED_FACE('',(#4996),#5007,.F.);
#4996 = FACE_BOUND('',#4997,.F.);
#4997 = EDGE_LOOP('',(#4998,#4999,#5000,#5006));
#4998 = ORIENTED_EDGE('',*,*,#4977,.F.);
#4999 = ORIENTED_EDGE('',*,*,#4781,.T.);
#5000 = ORIENTED_EDGE('',*,*,#5001,.T.);
#5001 = EDGE_CURVE('',#4774,#4597,#5002,.T.);
#5002 = LINE('',#5003,#5004);
#5003 = CARTESIAN_POINT('',(-22.5,24.5,-1.));
#5004 = VECTOR('',#5005,1.);
#5005 = DIRECTION('',(0.,0.,1.));
#5006 = ORIENTED_EDGE('',*,*,#4604,.F.);
#5007 = PLANE('',#5008);
#5008 = AXIS2_PLACEMENT_3D('',#5009,#5010,#5011);
#5009 = CARTESIAN_POINT('',(-22.5,15.5,-1.));
#5010 = DIRECTION('',(1.,0.,-0.));
#5011 = DIRECTION('',(0.,0.,1.));
#5012 = ADVANCED_FACE('',(#5013),#5024,.T.);
#5013 = FACE_BOUND('',#5014,.T.);
#5014 = EDGE_LOOP('',(#5015,#5016,#5017,#5023));
#5015 = ORIENTED_EDGE('',*,*,#4984,.F.);
#5016 = ORIENTED_EDGE('',*,*,#4765,.T.);
#5017 = ORIENTED_EDGE('',*,*,#5018,.T.);
#5018 = EDGE_CURVE('',#4766,#4589,#5019,.T.);
#5019 = LINE('',#5020,#5021);
#5020 = CARTESIAN_POINT('',(-47.5,24.5,-1.));
#5021 = VECTOR('',#5022,1.);
#5022 = DIRECTION('',(0.,0.,1.));
#5023 = ORIENTED_EDGE('',*,*,#4588,.F.);
#5024 = PLANE('',#5025);
#5025 = AXIS2_PLACEMENT_3D('',#5026,#5027,#5028);
#5026 = CARTESIAN_POINT('',(-47.5,15.5,-1.));
#5027 = DIRECTION('',(1.,0.,-0.));
#5028 = DIRECTION('',(0.,0.,1.));
#5029 = ADVANCED_FACE('',(#5030),#5036,.F.);
#5030 = FACE_BOUND('',#5031,.F.);
#5031 = EDGE_LOOP('',(#5032,#5033,#5034,#5035));
#5032 = ORIENTED_EDGE('',*,*,#5001,.F.);
#5033 = ORIENTED_EDGE('',*,*,#4773,.T.);
#5034 = ORIENTED_EDGE('',*,*,#5018,.T.);
#5035 = ORIENTED_EDGE('',*,*,#4596,.F.);
#5036 = PLANE('',#5037);
#5037 = AXIS2_PLACEMENT_3D('',#5038,#5039,#5040);
#5038 = CARTESIAN_POINT('',(-47.5,24.5,-1.));
#5039 = DIRECTION('',(-0.,1.,0.));
#5040 = DIRECTION('',(0.,0.,1.));
#5041 = ADVANCED_FACE('',(#5042),#5058,.T.);
#5042 = FACE_BOUND('',#5043,.T.);
#5043 = EDGE_LOOP('',(#5044,#5050,#5051,#5057));
#5044 = ORIENTED_EDGE('',*,*,#5045,.F.);
#5045 = EDGE_CURVE('',#4790,#4613,#5046,.T.);
#5046 = LINE('',#5047,#5048);
#5047 = CARTESIAN_POINT('',(47.5,15.5,-1.));
#5048 = VECTOR('',#5049,1.);
#5049 = DIRECTION('',(0.,0.,1.));
#5050 = ORIENTED_EDGE('',*,*,#4789,.T.);
#5051 = ORIENTED_EDGE('',*,*,#5052,.T.);
#5052 = EDGE_CURVE('',#4792,#4615,#5053,.T.);
#5053 = LINE('',#5054,#5055);
#5054 = CARTESIAN_POINT('',(22.5,15.5,-1.));
#5055 = VECTOR('',#5056,1.);
#5056 = DIRECTION('',(0.,0.,1.));
#5057 = ORIENTED_EDGE('',*,*,#4612,.F.);
#5058 = PLANE('',#5059);
#5059 = AXIS2_PLACEMENT_3D('',#5060,#5061,#5062);
#5060 = CARTESIAN_POINT('',(22.5,15.5,-1.));
#5061 = DIRECTION('',(-0.,1.,0.));
#5062 = DIRECTION('',(0.,0.,1.));
#5063 = ADVANCED_FACE('',(#5064),#5075,.F.);
#5064 = FACE_BOUND('',#5065,.F.);
#5065 = EDGE_LOOP('',(#5066,#5067,#5068,#5074));
#5066 = ORIENTED_EDGE('',*,*,#5045,.F.);
#5067 = ORIENTED_EDGE('',*,*,#4815,.T.);
#5068 = ORIENTED_EDGE('',*,*,#5069,.T.);
#5069 = EDGE_CURVE('',#4808,#4631,#5070,.T.);
#5070 = LINE('',#5071,#5072);
#5071 = CARTESIAN_POINT('',(47.5,24.5,-1.));
#5072 = VECTOR('',#5073,1.);
#5073 = DIRECTION('',(0.,0.,1.));
#5074 = ORIENTED_EDGE('',*,*,#4638,.F.);
#5075 = PLANE('',#5076);
#5076 = AXIS2_PLACEMENT_3D('',#5077,#5078,#5079);
#5077 = CARTESIAN_POINT('',(47.5,15.5,-1.));
#5078 = DIRECTION('',(1.,0.,-0.));
#5079 = DIRECTION('',(0.,0.,1.));
#5080 = ADVANCED_FACE('',(#5081),#5092,.F.);
#5081 = FACE_BOUND('',#5082,.F.);
#5082 = EDGE_LOOP('',(#5083,#5084,#5085,#5091));
#5083 = ORIENTED_EDGE('',*,*,#5069,.F.);
#5084 = ORIENTED_EDGE('',*,*,#4807,.T.);
#5085 = ORIENTED_EDGE('',*,*,#5086,.T.);
#5086 = EDGE_CURVE('',#4800,#4623,#5087,.T.);
#5087 = LINE('',#5088,#5089);
#5088 = CARTESIAN_POINT('',(22.5,24.5,-1.));
#5089 = VECTOR('',#5090,1.);
#5090 = DIRECTION('',(0.,0.,1.));
#5091 = ORIENTED_EDGE('',*,*,#4630,.F.);
#5092 = PLANE('',#5093);
#5093 = AXIS2_PLACEMENT_3D('',#5094,#5095,#5096);
#5094 = CARTESIAN_POINT('',(22.5,24.5,-1.));
#5095 = DIRECTION('',(-0.,1.,0.));
#5096 = DIRECTION('',(0.,0.,1.));
#5097 = ADVANCED_FACE('',(#5098),#5104,.T.);
#5098 = FACE_BOUND('',#5099,.T.);
#5099 = EDGE_LOOP('',(#5100,#5101,#5102,#5103));
#5100 = ORIENTED_EDGE('',*,*,#5052,.F.);
#5101 = ORIENTED_EDGE('',*,*,#4799,.T.);
#5102 = ORIENTED_EDGE('',*,*,#5086,.T.);
#5103 = ORIENTED_EDGE('',*,*,#4622,.F.);
#5104 = PLANE('',#5105);
#5105 = AXIS2_PLACEMENT_3D('',#5106,#5107,#5108);
#5106 = CARTESIAN_POINT('',(22.5,15.5,-1.));
#5107 = DIRECTION('',(1.,0.,-0.));
#5108 = DIRECTION('',(0.,0.,1.));
#5109 = ( GEOMETRIC_REPRESENTATION_CONTEXT(3) 
GLOBAL_UNCERTAINTY_ASSIGNED_CONTEXT((#5113)) 
GLOBAL_UNIT_ASSIGNED_CONTEXT((#5110,#5111,#5112)) REPRESENTATION_CONTEXT
('Context #1','3D Context with UNIT and UNCERTAINTY') );
#5110 = ( LENGTH_UNIT() NAMED_UNIT(*) SI_UNIT(.MILLI.,.METRE.) );
#5111 = ( NAMED_UNIT(*) PLANE_ANGLE_UNIT() SI_UNIT($,.RADIAN.) );
#5112 = ( NAMED_UNIT(*) SI_UNIT($,.STERADIAN.) SOLID_ANGLE_UNIT() );
#5113 = UNCERTAINTY_MEASURE_WITH_UNIT(LENGTH_MEASURE(2.E-07),#5110,
  'distance_accuracy_value','confusion accuracy');
#5114 = CONTEXT_DEPENDENT_SHAPE_REPRESENTATION(#5115,#5117);
#5115 = ( REPRESENTATION_RELATIONSHIP('','',#4414,#10) 
REPRESENTATION_RELATIONSHIP_WITH_TRANSFORMATION(#5116) 
SHAPE_REPRESENTATION_RELATIONSHIP() );
#5116 = ITEM_DEFINED_TRANSFORMATION('','',#11,#95);
#5117 = PRODUCT_DEFINITION_SHAPE('Placement','Placement of an item',
  #5118);
#5118 = NEXT_ASSEMBLY_USAGE_OCCURRENCE('21','folha3_a_chapa','',#5,#4409
  ,$);
#5119 = PRODUCT_RELATED_PRODUCT_CATEGORY('part',$,(#4411));
#5120 = SHAPE_DEFINITION_REPRESENTATION(#5121,#5127);
#5121 = PRODUCT_DEFINITION_SHAPE('','',#5122);
#5122 = PRODUCT_DEFINITION('design','',#5123,#5126);
#5123 = PRODUCT_DEFINITION_FORMATION('','',#5124);
#5124 = PRODUCT('folha3_a_roda','folha3_a_roda','',(#5125));
#5125 = PRODUCT_CONTEXT('',#2,'mechanical');
#5126 = PRODUCT_DEFINITION_CONTEXT('part definition',#2,'design');
#5127 = ADVANCED_BREP_SHAPE_REPRESENTATION('',(#11,#5128),#5181);
#5128 = MANIFOLD_SOLID_BREP('',#5129);
#5129 = CLOSED_SHELL('',(#5130,#5163,#5172));
#5130 = ADVANCED_FACE('',(#5131),#5158,.T.);
#5131 = FACE_BOUND('',#5132,.T.);
#5132 = EDGE_LOOP('',(#5133,#5142,#5150,#5157));
#5133 = ORIENTED_EDGE('',*,*,#5134,.F.);
#5134 = EDGE_CURVE('',#5135,#5135,#5137,.T.);
#5135 = VERTEX_POINT('',#5136);
#5136 = CARTESIAN_POINT('',(-9.E-15,16.,37.5));
#5137 = CIRCLE('',#5138,37.5);
#5138 = AXIS2_PLACEMENT_3D('',#5139,#5140,#5141);
#5139 = CARTESIAN_POINT('',(0.,16.,0.));
#5140 = DIRECTION('',(0.,1.,0.));
#5141 = DIRECTION('',(0.,-0.,1.));
#5142 = ORIENTED_EDGE('',*,*,#5143,.F.);
#5143 = EDGE_CURVE('',#5144,#5135,#5146,.T.);
#5144 = VERTEX_POINT('',#5145);
#5145 = CARTESIAN_POINT('',(-9.E-15,-16.,37.5));
#5146 = LINE('',#5147,#5148);
#5147 = CARTESIAN_POINT('',(-9.18E-15,-16.,37.5));
#5148 = VECTOR('',#5149,1.);
#5149 = DIRECTION('',(0.,1.,0.));
#5150 = ORIENTED_EDGE('',*,*,#5151,.T.);
#5151 = EDGE_CURVE('',#5144,#5144,#5152,.T.);
#5152 = CIRCLE('',#5153,37.5);
#5153 = AXIS2_PLACEMENT_3D('',#5154,#5155,#5156);
#5154 = CARTESIAN_POINT('',(0.,-16.,0.));
#5155 = DIRECTION('',(0.,1.,0.));
#5156 = DIRECTION('',(0.,-0.,1.));
#5157 = ORIENTED_EDGE('',*,*,#5143,.T.);
#5158 = CYLINDRICAL_SURFACE('',#5159,37.5);
#5159 = AXIS2_PLACEMENT_3D('',#5160,#5161,#5162);
#5160 = CARTESIAN_POINT('',(0.,-16.,0.));
#5161 = DIRECTION('',(0.,1.,0.));
#5162 = DIRECTION('',(0.,-0.,1.));
#5163 = ADVANCED_FACE('',(#5164),#5167,.T.);
#5164 = FACE_BOUND('',#5165,.T.);
#5165 = EDGE_LOOP('',(#5166));
#5166 = ORIENTED_EDGE('',*,*,#5134,.T.);
#5167 = PLANE('',#5168);
#5168 = AXIS2_PLACEMENT_3D('',#5169,#5170,#5171);
#5169 = CARTESIAN_POINT('',(0.,16.,0.));
#5170 = DIRECTION('',(0.,1.,0.));
#5171 = DIRECTION('',(0.,-0.,1.));
#5172 = ADVANCED_FACE('',(#5173),#5176,.F.);
#5173 = FACE_BOUND('',#5174,.T.);
#5174 = EDGE_LOOP('',(#5175));
#5175 = ORIENTED_EDGE('',*,*,#5151,.F.);
#5176 = PLANE('',#5177);
#5177 = AXIS2_PLACEMENT_3D('',#5178,#5179,#5180);
#5178 = CARTESIAN_POINT('',(0.,-16.,0.));
#5179 = DIRECTION('',(0.,1.,0.));
#5180 = DIRECTION('',(0.,-0.,1.));
#5181 = ( GEOMETRIC_REPRESENTATION_CONTEXT(3) 
GLOBAL_UNCERTAINTY_ASSIGNED_CONTEXT((#5185)) 
GLOBAL_UNIT_ASSIGNED_CONTEXT((#5182,#5183,#5184)) REPRESENTATION_CONTEXT
('Context #1','3D Context with UNIT and UNCERTAINTY') );
#5182 = ( LENGTH_UNIT() NAMED_UNIT(*) SI_UNIT(.MILLI.,.METRE.) );
#5183 = ( NAMED_UNIT(*) PLANE_ANGLE_UNIT() SI_UNIT($,.RADIAN.) );
#5184 = ( NAMED_UNIT(*) SI_UNIT($,.STERADIAN.) SOLID_ANGLE_UNIT() );
#5185 = UNCERTAINTY_MEASURE_WITH_UNIT(LENGTH_MEASURE(1.E-07),#5182,
  'distance_accuracy_value','confusion accuracy');
#5186 = CONTEXT_DEPENDENT_SHAPE_REPRESENTATION(#5187,#5189);
#5187 = ( REPRESENTATION_RELATIONSHIP('','',#5127,#10) 
REPRESENTATION_RELATIONSHIP_WITH_TRANSFORMATION(#5188) 
SHAPE_REPRESENTATION_RELATIONSHIP() );
#5188 = ITEM_DEFINED_TRANSFORMATION('','',#11,#99);
#5189 = PRODUCT_DEFINITION_SHAPE('Placement','Placement of an item',
  #5190);
#5190 = NEXT_ASSEMBLY_USAGE_OCCURRENCE('22','folha3_a_roda','',#5,#5122,
  $);
#5191 = PRODUCT_RELATED_PRODUCT_CATEGORY('part',$,(#5124));
#5192 = SHAPE_DEFINITION_REPRESENTATION(#5193,#5199);
#5193 = PRODUCT_DEFINITION_SHAPE('','',#5194);
#5194 = PRODUCT_DEFINITION('design','',#5195,#5198);
#5195 = PRODUCT_DEFINITION_FORMATION('','',#5196);
#5196 = PRODUCT('folha3_a_garfo','folha3_a_garfo','',(#5197));
#5197 = PRODUCT_CONTEXT('',#2,'mechanical');
#5198 = PRODUCT_DEFINITION_CONTEXT('part definition',#2,'design');
#5199 = ADVANCED_BREP_SHAPE_REPRESENTATION('',(#11,#5200),#5350);
#5200 = MANIFOLD_SOLID_BREP('',#5201);
#5201 = CLOSED_SHELL('',(#5202,#5242,#5282,#5304,#5326,#5338));
#5202 = ADVANCED_FACE('',(#5203),#5237,.F.);
#5203 = FACE_BOUND('',#5204,.F.);
#5204 = EDGE_LOOP('',(#5205,#5215,#5223,#5231));
#5205 = ORIENTED_EDGE('',*,*,#5206,.F.);
#5206 = EDGE_CURVE('',#5207,#5209,#5211,.T.);
#5207 = VERTEX_POINT('',#5208);
#5208 = CARTESIAN_POINT('',(-23.,-18.,0.));
#5209 = VERTEX_POINT('',#5210);
#5210 = CARTESIAN_POINT('',(-23.,-18.,23.));
#5211 = LINE('',#5212,#5213);
#5212 = CARTESIAN_POINT('',(-23.,-18.,0.));
#5213 = VECTOR('',#5214,1.);
#5214 = DIRECTION('',(0.,0.,1.));
#5215 = ORIENTED_EDGE('',*,*,#5216,.T.);
#5216 = EDGE_CURVE('',#5207,#5217,#5219,.T.);
#5217 = VERTEX_POINT('',#5218);
#5218 = CARTESIAN_POINT('',(-23.,18.,0.));
#5219 = LINE('',#5220,#5221);
#5220 = CARTESIAN_POINT('',(-23.,-18.,0.));
#5221 = VECTOR('',#5222,1.);
#5222 = DIRECTION('',(-0.,1.,0.));
#5223 = ORIENTED_EDGE('',*,*,#5224,.T.);
#5224 = EDGE_CURVE('',#5217,#5225,#5227,.T.);
#5225 = VERTEX_POINT('',#5226);
#5226 = CARTESIAN_POINT('',(-23.,18.,23.));
#5227 = LINE('',#5228,#5229);
#5228 = CARTESIAN_POINT('',(-23.,18.,0.));
#5229 = VECTOR('',#5230,1.);
#5230 = DIRECTION('',(0.,0.,1.));
#5231 = ORIENTED_EDGE('',*,*,#5232,.F.);
#5232 = EDGE_CURVE('',#5209,#5225,#5233,.T.);
#5233 = LINE('',#5234,#5235);
#5234 = CARTESIAN_POINT('',(-23.,-18.,23.));
#5235 = VECTOR('',#5236,1.);
#5236 = DIRECTION('',(-0.,1.,0.));
#5237 = PLANE('',#5238);
#5238 = AXIS2_PLACEMENT_3D('',#5239,#5240,#5241);
#5239 = CARTESIAN_POINT('',(-23.,-18.,0.));
#5240 = DIRECTION('',(1.,0.,-0.));
#5241 = DIRECTION('',(0.,0.,1.));
#5242 = ADVANCED_FACE('',(#5243),#5277,.T.);
#5243 = FACE_BOUND('',#5244,.T.);
#5244 = EDGE_LOOP('',(#5245,#5255,#5263,#5271));
#5245 = ORIENTED_EDGE('',*,*,#5246,.F.);
#5246 = EDGE_CURVE('',#5247,#5249,#5251,.T.);
#5247 = VERTEX_POINT('',#5248);
#5248 = CARTESIAN_POINT('',(23.,-18.,0.));
#5249 = VERTEX_POINT('',#5250);
#5250 = CARTESIAN_POINT('',(23.,-18.,23.));
#5251 = LINE('',#5252,#5253);
#5252 = CARTESIAN_POINT('',(23.,-18.,0.));
#5253 = VECTOR('',#5254,1.);
#5254 = DIRECTION('',(0.,0.,1.));
#5255 = ORIENTED_EDGE('',*,*,#5256,.T.);
#5256 = EDGE_CURVE('',#5247,#5257,#5259,.T.);
#5257 = VERTEX_POINT('',#5258);
#5258 = CARTESIAN_POINT('',(23.,18.,0.));
#5259 = LINE('',#5260,#5261);
#5260 = CARTESIAN_POINT('',(23.,-18.,0.));
#5261 = VECTOR('',#5262,1.);
#5262 = DIRECTION('',(-0.,1.,0.));
#5263 = ORIENTED_EDGE('',*,*,#5264,.T.);
#5264 = EDGE_CURVE('',#5257,#5265,#5267,.T.);
#5265 = VERTEX_POINT('',#5266);
#5266 = CARTESIAN_POINT('',(23.,18.,23.));
#5267 = LINE('',#5268,#5269);
#5268 = CARTESIAN_POINT('',(23.,18.,0.));
#5269 = VECTOR('',#5270,1.);
#5270 = DIRECTION('',(0.,0.,1.));
#5271 = ORIENTED_EDGE('',*,*,#5272,.F.);
#5272 = EDGE_CURVE('',#5249,#5265,#5273,.T.);
#5273 = LINE('',#5274,#5275);
#5274 = CARTESIAN_POINT('',(23.,-18.,23.));
#5275 = VECTOR('',#5276,1.);
#5276 = DIRECTION('',(-0.,1.,0.));
#5277 = PLANE('',#5278);
#5278 = AXIS2_PLACEMENT_3D('',#5279,#5280,#5281);
#5279 = CARTESIAN_POINT('',(23.,-18.,0.));
#5280 = DIRECTION('',(1.,0.,-0.));
#5281 = DIRECTION('',(0.,0.,1.));
#5282 = ADVANCED_FACE('',(#5283),#5299,.F.);
#5283 = FACE_BOUND('',#5284,.F.);
#5284 = EDGE_LOOP('',(#5285,#5291,#5292,#5298));
#5285 = ORIENTED_EDGE('',*,*,#5286,.F.);
#5286 = EDGE_CURVE('',#5207,#5247,#5287,.T.);
#5287 = LINE('',#5288,#5289);
#5288 = CARTESIAN_POINT('',(-23.,-18.,0.));
#5289 = VECTOR('',#5290,1.);
#5290 = DIRECTION('',(1.,0.,-0.));
#5291 = ORIENTED_EDGE('',*,*,#5206,.T.);
#5292 = ORIENTED_EDGE('',*,*,#5293,.T.);
#5293 = EDGE_CURVE('',#5209,#5249,#5294,.T.);
#5294 = LINE('',#5295,#5296);
#5295 = CARTESIAN_POINT('',(-23.,-18.,23.));
#5296 = VECTOR('',#5297,1.);
#5297 = DIRECTION('',(1.,0.,-0.));
#5298 = ORIENTED_EDGE('',*,*,#5246,.F.);
#5299 = PLANE('',#5300);
#5300 = AXIS2_PLACEMENT_3D('',#5301,#5302,#5303);
#5301 = CARTESIAN_POINT('',(-23.,-18.,0.));
#5302 = DIRECTION('',(-0.,1.,0.));
#5303 = DIRECTION('',(0.,0.,1.));
#5304 = ADVANCED_FACE('',(#5305),#5321,.T.);
#5305 = FACE_BOUND('',#5306,.T.);
#5306 = EDGE_LOOP('',(#5307,#5313,#5314,#5320));
#5307 = ORIENTED_EDGE('',*,*,#5308,.F.);
#5308 = EDGE_CURVE('',#5217,#5257,#5309,.T.);
#5309 = LINE('',#5310,#5311);
#5310 = CARTESIAN_POINT('',(-23.,18.,0.));
#5311 = VECTOR('',#5312,1.);
#5312 = DIRECTION('',(1.,0.,-0.));
#5313 = ORIENTED_EDGE('',*,*,#5224,.T.);
#5314 = ORIENTED_EDGE('',*,*,#5315,.T.);
#5315 = EDGE_CURVE('',#5225,#5265,#5316,.T.);
#5316 = LINE('',#5317,#5318);
#5317 = CARTESIAN_POINT('',(-23.,18.,23.));
#5318 = VECTOR('',#5319,1.);
#5319 = DIRECTION('',(1.,0.,-0.));
#5320 = ORIENTED_EDGE('',*,*,#5264,.F.);
#5321 = PLANE('',#5322);
#5322 = AXIS2_PLACEMENT_3D('',#5323,#5324,#5325);
#5323 = CARTESIAN_POINT('',(-23.,18.,0.));
#5324 = DIRECTION('',(-0.,1.,0.));
#5325 = DIRECTION('',(0.,0.,1.));
#5326 = ADVANCED_FACE('',(#5327),#5333,.F.);
#5327 = FACE_BOUND('',#5328,.F.);
#5328 = EDGE_LOOP('',(#5329,#5330,#5331,#5332));
#5329 = ORIENTED_EDGE('',*,*,#5216,.F.);
#5330 = ORIENTED_EDGE('',*,*,#5286,.T.);
#5331 = ORIENTED_EDGE('',*,*,#5256,.T.);
#5332 = ORIENTED_EDGE('',*,*,#5308,.F.);
#5333 = PLANE('',#5334);
#5334 = AXIS2_PLACEMENT_3D('',#5335,#5336,#5337);
#5335 = CARTESIAN_POINT('',(-23.,-18.,0.));
#5336 = DIRECTION('',(0.,0.,1.));
#5337 = DIRECTION('',(1.,0.,-0.));
#5338 = ADVANCED_FACE('',(#5339),#5345,.T.);
#5339 = FACE_BOUND('',#5340,.T.);
#5340 = EDGE_LOOP('',(#5341,#5342,#5343,#5344));
#5341 = ORIENTED_EDGE('',*,*,#5232,.F.);
#5342 = ORIENTED_EDGE('',*,*,#5293,.T.);
#5343 = ORIENTED_EDGE('',*,*,#5272,.T.);
#5344 = ORIENTED_EDGE('',*,*,#5315,.F.);
#5345 = PLANE('',#5346);
#5346 = AXIS2_PLACEMENT_3D('',#5347,#5348,#5349);
#5347 = CARTESIAN_POINT('',(-23.,-18.,23.));
#5348 = DIRECTION('',(0.,0.,1.));
#5349 = DIRECTION('',(1.,0.,-0.));
#5350 = ( GEOMETRIC_REPRESENTATION_CONTEXT(3) 
GLOBAL_UNCERTAINTY_ASSIGNED_CONTEXT((#5354)) 
GLOBAL_UNIT_ASSIGNED_CONTEXT((#5351,#5352,#5353)) REPRESENTATION_CONTEXT
('Context #1','3D Context with UNIT and UNCERTAINTY') );
#5351 = ( LENGTH_UNIT() NAMED_UNIT(*) SI_UNIT(.MILLI.,.METRE.) );
#5352 = ( NAMED_UNIT(*) PLANE_ANGLE_UNIT() SI_UNIT($,.RADIAN.) );
#5353 = ( NAMED_UNIT(*) SI_UNIT($,.STERADIAN.) SOLID_ANGLE_UNIT() );
#5354 = UNCERTAINTY_MEASURE_WITH_UNIT(LENGTH_MEASURE(1.E-07),#5351,
  'distance_accuracy_value','confusion accuracy');
#5355 = CONTEXT_DEPENDENT_SHAPE_REPRESENTATION(#5356,#5358);
#5356 = ( REPRESENTATION_RELATIONSHIP('','',#5199,#10) 
REPRESENTATION_RELATIONSHIP_WITH_TRANSFORMATION(#5357) 
SHAPE_REPRESENTATION_RELATIONSHIP() );
#5357 = ITEM_DEFINED_TRANSFORMATION('','',#11,#103);
#5358 = PRODUCT_DEFINITION_SHAPE('Placement','Placement of an item',
  #5359);
#5359 = NEXT_ASSEMBLY_USAGE_OCCURRENCE('23','folha3_a_garfo','',#5,#5194
  ,$);
#5360 = PRODUCT_RELATED_PRODUCT_CATEGORY('part',$,(#5196));
#5361 = SHAPE_DEFINITION_REPRESENTATION(#5362,#5368);
#5362 = PRODUCT_DEFINITION_SHAPE('','',#5363);
#5363 = PRODUCT_DEFINITION('design','',#5364,#5367);
#5364 = PRODUCT_DEFINITION_FORMATION('','',#5365);
#5365 = PRODUCT('folha3_a_placa','folha3_a_placa','',(#5366));
#5366 = PRODUCT_CONTEXT('',#2,'mechanical');
#5367 = PRODUCT_DEFINITION_CONTEXT('part definition',#2,'design');
#5368 = ADVANCED_BREP_SHAPE_REPRESENTATION('',(#11,#5369),#5519);
#5369 = MANIFOLD_SOLID_BREP('',#5370);
#5370 = CLOSED_SHELL('',(#5371,#5411,#5451,#5473,#5495,#5507));
#5371 = ADVANCED_FACE('',(#5372),#5406,.F.);
#5372 = FACE_BOUND('',#5373,.F.);
#5373 = EDGE_LOOP('',(#5374,#5384,#5392,#5400));
#5374 = ORIENTED_EDGE('',*,*,#5375,.F.);
#5375 = EDGE_CURVE('',#5376,#5378,#5380,.T.);
#5376 = VERTEX_POINT('',#5377);
#5377 = CARTESIAN_POINT('',(-45.75,-30.,0.));
#5378 = VERTEX_POINT('',#5379);
#5379 = CARTESIAN_POINT('',(-45.75,-30.,4.));
#5380 = LINE('',#5381,#5382);
#5381 = CARTESIAN_POINT('',(-45.75,-30.,0.));
#5382 = VECTOR('',#5383,1.);
#5383 = DIRECTION('',(0.,0.,1.));
#5384 = ORIENTED_EDGE('',*,*,#5385,.T.);
#5385 = EDGE_CURVE('',#5376,#5386,#5388,.T.);
#5386 = VERTEX_POINT('',#5387);
#5387 = CARTESIAN_POINT('',(-45.75,30.,0.));
#5388 = LINE('',#5389,#5390);
#5389 = CARTESIAN_POINT('',(-45.75,-30.,0.));
#5390 = VECTOR('',#5391,1.);
#5391 = DIRECTION('',(-0.,1.,0.));
#5392 = ORIENTED_EDGE('',*,*,#5393,.T.);
#5393 = EDGE_CURVE('',#5386,#5394,#5396,.T.);
#5394 = VERTEX_POINT('',#5395);
#5395 = CARTESIAN_POINT('',(-45.75,30.,4.));
#5396 = LINE('',#5397,#5398);
#5397 = CARTESIAN_POINT('',(-45.75,30.,0.));
#5398 = VECTOR('',#5399,1.);
#5399 = DIRECTION('',(0.,0.,1.));
#5400 = ORIENTED_EDGE('',*,*,#5401,.F.);
#5401 = EDGE_CURVE('',#5378,#5394,#5402,.T.);
#5402 = LINE('',#5403,#5404);
#5403 = CARTESIAN_POINT('',(-45.75,-30.,4.));
#5404 = VECTOR('',#5405,1.);
#5405 = DIRECTION('',(-0.,1.,0.));
#5406 = PLANE('',#5407);
#5407 = AXIS2_PLACEMENT_3D('',#5408,#5409,#5410);
#5408 = CARTESIAN_POINT('',(-45.75,-30.,0.));
#5409 = DIRECTION('',(1.,0.,-0.));
#5410 = DIRECTION('',(0.,0.,1.));
#5411 = ADVANCED_FACE('',(#5412),#5446,.T.);
#5412 = FACE_BOUND('',#5413,.T.);
#5413 = EDGE_LOOP('',(#5414,#5424,#5432,#5440));
#5414 = ORIENTED_EDGE('',*,*,#5415,.F.);
#5415 = EDGE_CURVE('',#5416,#5418,#5420,.T.);
#5416 = VERTEX_POINT('',#5417);
#5417 = CARTESIAN_POINT('',(45.75,-30.,0.));
#5418 = VERTEX_POINT('',#5419);
#5419 = CARTESIAN_POINT('',(45.75,-30.,4.));
#5420 = LINE('',#5421,#5422);
#5421 = CARTESIAN_POINT('',(45.75,-30.,0.));
#5422 = VECTOR('',#5423,1.);
#5423 = DIRECTION('',(0.,0.,1.));
#5424 = ORIENTED_EDGE('',*,*,#5425,.T.);
#5425 = EDGE_CURVE('',#5416,#5426,#5428,.T.);
#5426 = VERTEX_POINT('',#5427);
#5427 = CARTESIAN_POINT('',(45.75,30.,0.));
#5428 = LINE('',#5429,#5430);
#5429 = CARTESIAN_POINT('',(45.75,-30.,0.));
#5430 = VECTOR('',#5431,1.);
#5431 = DIRECTION('',(-0.,1.,0.));
#5432 = ORIENTED_EDGE('',*,*,#5433,.T.);
#5433 = EDGE_CURVE('',#5426,#5434,#5436,.T.);
#5434 = VERTEX_POINT('',#5435);
#5435 = CARTESIAN_POINT('',(45.75,30.,4.));
#5436 = LINE('',#5437,#5438);
#5437 = CARTESIAN_POINT('',(45.75,30.,0.));
#5438 = VECTOR('',#5439,1.);
#5439 = DIRECTION('',(0.,0.,1.));
#5440 = ORIENTED_EDGE('',*,*,#5441,.F.);
#5441 = EDGE_CURVE('',#5418,#5434,#5442,.T.);
#5442 = LINE('',#5443,#5444);
#5443 = CARTESIAN_POINT('',(45.75,-30.,4.));
#5444 = VECTOR('',#5445,1.);
#5445 = DIRECTION('',(-0.,1.,0.));
#5446 = PLANE('',#5447);
#5447 = AXIS2_PLACEMENT_3D('',#5448,#5449,#5450);
#5448 = CARTESIAN_POINT('',(45.75,-30.,0.));
#5449 = DIRECTION('',(1.,0.,-0.));
#5450 = DIRECTION('',(0.,0.,1.));
#5451 = ADVANCED_FACE('',(#5452),#5468,.F.);
#5452 = FACE_BOUND('',#5453,.F.);
#5453 = EDGE_LOOP('',(#5454,#5460,#5461,#5467));
#5454 = ORIENTED_EDGE('',*,*,#5455,.F.);
#5455 = EDGE_CURVE('',#5376,#5416,#5456,.T.);
#5456 = LINE('',#5457,#5458);
#5457 = CARTESIAN_POINT('',(-45.75,-30.,0.));
#5458 = VECTOR('',#5459,1.);
#5459 = DIRECTION('',(1.,0.,-0.));
#5460 = ORIENTED_EDGE('',*,*,#5375,.T.);
#5461 = ORIENTED_EDGE('',*,*,#5462,.T.);
#5462 = EDGE_CURVE('',#5378,#5418,#5463,.T.);
#5463 = LINE('',#5464,#5465);
#5464 = CARTESIAN_POINT('',(-45.75,-30.,4.));
#5465 = VECTOR('',#5466,1.);
#5466 = DIRECTION('',(1.,0.,-0.));
#5467 = ORIENTED_EDGE('',*,*,#5415,.F.);
#5468 = PLANE('',#5469);
#5469 = AXIS2_PLACEMENT_3D('',#5470,#5471,#5472);
#5470 = CARTESIAN_POINT('',(-45.75,-30.,0.));
#5471 = DIRECTION('',(-0.,1.,0.));
#5472 = DIRECTION('',(0.,0.,1.));
#5473 = ADVANCED_FACE('',(#5474),#5490,.T.);
#5474 = FACE_BOUND('',#5475,.T.);
#5475 = EDGE_LOOP('',(#5476,#5482,#5483,#5489));
#5476 = ORIENTED_EDGE('',*,*,#5477,.F.);
#5477 = EDGE_CURVE('',#5386,#5426,#5478,.T.);
#5478 = LINE('',#5479,#5480);
#5479 = CARTESIAN_POINT('',(-45.75,30.,0.));
#5480 = VECTOR('',#5481,1.);
#5481 = DIRECTION('',(1.,0.,-0.));
#5482 = ORIENTED_EDGE('',*,*,#5393,.T.);
#5483 = ORIENTED_EDGE('',*,*,#5484,.T.);
#5484 = EDGE_CURVE('',#5394,#5434,#5485,.T.);
#5485 = LINE('',#5486,#5487);
#5486 = CARTESIAN_POINT('',(-45.75,30.,4.));
#5487 = VECTOR('',#5488,1.);
#5488 = DIRECTION('',(1.,0.,-0.));
#5489 = ORIENTED_EDGE('',*,*,#5433,.F.);
#5490 = PLANE('',#5491);
#5491 = AXIS2_PLACEMENT_3D('',#5492,#5493,#5494);
#5492 = CARTESIAN_POINT('',(-45.75,30.,0.));
#5493 = DIRECTION('',(-0.,1.,0.));
#5494 = DIRECTION('',(0.,0.,1.));
#5495 = ADVANCED_FACE('',(#5496),#5502,.F.);
#5496 = FACE_BOUND('',#5497,.F.);
#5497 = EDGE_LOOP('',(#5498,#5499,#5500,#5501));
#5498 = ORIENTED_EDGE('',*,*,#5385,.F.);
#5499 = ORIENTED_EDGE('',*,*,#5455,.T.);
#5500 = ORIENTED_EDGE('',*,*,#5425,.T.);
#5501 = ORIENTED_EDGE('',*,*,#5477,.F.);
#5502 = PLANE('',#5503);
#5503 = AXIS2_PLACEMENT_3D('',#5504,#5505,#5506);
#5504 = CARTESIAN_POINT('',(-45.75,-30.,0.));
#5505 = DIRECTION('',(0.,0.,1.));
#5506 = DIRECTION('',(1.,0.,-0.));
#5507 = ADVANCED_FACE('',(#5508),#5514,.T.);
#5508 = FACE_BOUND('',#5509,.T.);
#5509 = EDGE_LOOP('',(#5510,#5511,#5512,#5513));
#5510 = ORIENTED_EDGE('',*,*,#5401,.F.);
#5511 = ORIENTED_EDGE('',*,*,#5462,.T.);
#5512 = ORIENTED_EDGE('',*,*,#5441,.T.);
#5513 = ORIENTED_EDGE('',*,*,#5484,.F.);
#5514 = PLANE('',#5515);
#5515 = AXIS2_PLACEMENT_3D('',#5516,#5517,#5518);
#5516 = CARTESIAN_POINT('',(-45.75,-30.,4.));
#5517 = DIRECTION('',(0.,0.,1.));
#5518 = DIRECTION('',(1.,0.,-0.));
#5519 = ( GEOMETRIC_REPRESENTATION_CONTEXT(3) 
GLOBAL_UNCERTAINTY_ASSIGNED_CONTEXT((#5523)) 
GLOBAL_UNIT_ASSIGNED_CONTEXT((#5520,#5521,#5522)) REPRESENTATION_CONTEXT
('Context #1','3D Context with UNIT and UNCERTAINTY') );
#5520 = ( LENGTH_UNIT() NAMED_UNIT(*) SI_UNIT(.MILLI.,.METRE.) );
#5521 = ( NAMED_UNIT(*) PLANE_ANGLE_UNIT() SI_UNIT($,.RADIAN.) );
#5522 = ( NAMED_UNIT(*) SI_UNIT($,.STERADIAN.) SOLID_ANGLE_UNIT() );
#5523 = UNCERTAINTY_MEASURE_WITH_UNIT(LENGTH_MEASURE(1.E-07),#5520,
  'distance_accuracy_value','confusion accuracy');
#5524 = CONTEXT_DEPENDENT_SHAPE_REPRESENTATION(#5525,#5527);
#5525 = ( REPRESENTATION_RELATIONSHIP('','',#5368,#10) 
REPRESENTATION_RELATIONSHIP_WITH_TRANSFORMATION(#5526) 
SHAPE_REPRESENTATION_RELATIONSHIP() );
#5526 = ITEM_DEFINED_TRANSFORMATION('','',#11,#107);
#5527 = PRODUCT_DEFINITION_SHAPE('Placement','Placement of an item',
  #5528);
#5528 = NEXT_ASSEMBLY_USAGE_OCCURRENCE('24','folha3_a_placa','',#5,#5363
  ,$);
#5529 = PRODUCT_RELATED_PRODUCT_CATEGORY('part',$,(#5365));
#5530 = SHAPE_DEFINITION_REPRESENTATION(#5531,#5537);
#5531 = PRODUCT_DEFINITION_SHAPE('','',#5532);
#5532 = PRODUCT_DEFINITION('design','',#5533,#5536);
#5533 = PRODUCT_DEFINITION_FORMATION('','',#5534);
#5534 = PRODUCT('folha3_b_chapa','folha3_b_chapa','',(#5535));
#5535 = PRODUCT_CONTEXT('',#2,'mechanical');
#5536 = PRODUCT_DEFINITION_CONTEXT('part definition',#2,'design');
#5537 = ADVANCED_BREP_SHAPE_REPRESENTATION('',(#11,#5538),#6232);
#5538 = MANIFOLD_SOLID_BREP('',#5539);
#5539 = CLOSED_SHELL('',(#5540,#5580,#5611,#5771,#5795,#5948,#5960,#5982
    ,#5999,#6016,#6028,#6050,#6067,#6084,#6096,#6118,#6135,#6152,#6164,
    #6186,#6203,#6220));
#5540 = ADVANCED_FACE('',(#5541),#5575,.F.);
#5541 = FACE_BOUND('',#5542,.F.);
#5542 = EDGE_LOOP('',(#5543,#5553,#5561,#5569));
#5543 = ORIENTED_EDGE('',*,*,#5544,.F.);
#5544 = EDGE_CURVE('',#5545,#5547,#5549,.T.);
#5545 = VERTEX_POINT('',#5546);
#5546 = CARTESIAN_POINT('',(-50.,-35.,0.));
#5547 = VERTEX_POINT('',#5548);
#5548 = CARTESIAN_POINT('',(-50.,-35.,4.));
#5549 = LINE('',#5550,#5551);
#5550 = CARTESIAN_POINT('',(-50.,-35.,0.));
#5551 = VECTOR('',#5552,1.);
#5552 = DIRECTION('',(0.,0.,1.));
#5553 = ORIENTED_EDGE('',*,*,#5554,.T.);
#5554 = EDGE_CURVE('',#5545,#5555,#5557,.T.);
#5555 = VERTEX_POINT('',#5556);
#5556 = CARTESIAN_POINT('',(-50.,35.,0.));
#5557 = LINE('',#5558,#5559);
#5558 = CARTESIAN_POINT('',(-50.,-35.,0.));
#5559 = VECTOR('',#5560,1.);
#5560 = DIRECTION('',(-0.,1.,0.));
#5561 = ORIENTED_EDGE('',*,*,#5562,.T.);
#5562 = EDGE_CURVE('',#5555,#5563,#5565,.T.);
#5563 = VERTEX_POINT('',#5564);
#5564 = CARTESIAN_POINT('',(-50.,35.,4.));
#5565 = LINE('',#5566,#5567);
#5566 = CARTESIAN_POINT('',(-50.,35.,0.));
#5567 = VECTOR('',#5568,1.);
#5568 = DIRECTION('',(0.,0.,1.));
#5569 = ORIENTED_EDGE('',*,*,#5570,.F.);
#5570 = EDGE_CURVE('',#5547,#5563,#5571,.T.);
#5571 = LINE('',#5572,#5573);
#5572 = CARTESIAN_POINT('',(-50.,-35.,4.));
#5573 = VECTOR('',#5574,1.);
#5574 = DIRECTION('',(-0.,1.,0.));
#5575 = PLANE('',#5576);
#5576 = AXIS2_PLACEMENT_3D('',#5577,#5578,#5579);
#5577 = CARTESIAN_POINT('',(-50.,-35.,0.));
#5578 = DIRECTION('',(1.,0.,-0.));
#5579 = DIRECTION('',(0.,0.,1.));
#5580 = ADVANCED_FACE('',(#5581),#5606,.F.);
#5581 = FACE_BOUND('',#5582,.F.);
#5582 = EDGE_LOOP('',(#5583,#5591,#5592,#5600));
#5583 = ORIENTED_EDGE('',*,*,#5584,.F.);
#5584 = EDGE_CURVE('',#5545,#5585,#5587,.T.);
#5585 = VERTEX_POINT('',#5586);
#5586 = CARTESIAN_POINT('',(50.,-35.,0.));
#5587 = LINE('',#5588,#5589);
#5588 = CARTESIAN_POINT('',(-50.,-35.,0.));
#5589 = VECTOR('',#5590,1.);
#5590 = DIRECTION('',(1.,0.,-0.));
#5591 = ORIENTED_EDGE('',*,*,#5544,.T.);
#5592 = ORIENTED_EDGE('',*,*,#5593,.T.);
#5593 = EDGE_CURVE('',#5547,#5594,#5596,.T.);
#5594 = VERTEX_POINT('',#5595);
#5595 = CARTESIAN_POINT('',(50.,-35.,4.));
#5596 = LINE('',#5597,#5598);
#5597 = CARTESIAN_POINT('',(-50.,-35.,4.));
#5598 = VECTOR('',#5599,1.);
#5599 = DIRECTION('',(1.,0.,-0.));
#5600 = ORIENTED_EDGE('',*,*,#5601,.F.);
#5601 = EDGE_CURVE('',#5585,#5594,#5602,.T.);
#5602 = LINE('',#5603,#5604);
#5603 = CARTESIAN_POINT('',(50.,-35.,0.));
#5604 = VECTOR('',#5605,1.);
#5605 = DIRECTION('',(0.,0.,1.));
#5606 = PLANE('',#5607);
#5607 = AXIS2_PLACEMENT_3D('',#5608,#5609,#5610);
#5608 = CARTESIAN_POINT('',(-50.,-35.,0.));
#5609 = DIRECTION('',(-0.,1.,0.));
#5610 = DIRECTION('',(0.,0.,1.));
#5611 = ADVANCED_FACE('',(#5612,#5630,#5664,#5698,#5732),#5766,.T.);
#5612 = FACE_BOUND('',#5613,.T.);
#5613 = EDGE_LOOP('',(#5614,#5615,#5616,#5624));
#5614 = ORIENTED_EDGE('',*,*,#5570,.F.);
#5615 = ORIENTED_EDGE('',*,*,#5593,.T.);
#5616 = ORIENTED_EDGE('',*,*,#5617,.T.);
#5617 = EDGE_CURVE('',#5594,#5618,#5620,.T.);
#5618 = VERTEX_POINT('',#5619);
#5619 = CARTESIAN_POINT('',(50.,35.,4.));
#5620 = LINE('',#5621,#5622);
#5621 = CARTESIAN_POINT('',(50.,-35.,4.));
#5622 = VECTOR('',#5623,1.);
#5623 = DIRECTION('',(-0.,1.,0.));
#5624 = ORIENTED_EDGE('',*,*,#5625,.F.);
#5625 = EDGE_CURVE('',#5563,#5618,#5626,.T.);
#5626 = LINE('',#5627,#5628);
#5627 = CARTESIAN_POINT('',(-50.,35.,4.));
#5628 = VECTOR('',#5629,1.);
#5629 = DIRECTION('',(1.,0.,-0.));
#5630 = FACE_BOUND('',#5631,.T.);
#5631 = EDGE_LOOP('',(#5632,#5642,#5650,#5658));
#5632 = ORIENTED_EDGE('',*,*,#5633,.T.);
#5633 = EDGE_CURVE('',#5634,#5636,#5638,.T.);
#5634 = VERTEX_POINT('',#5635);
#5635 = CARTESIAN_POINT('',(-22.5,-24.5,4.));
#5636 = VERTEX_POINT('',#5637);
#5637 = CARTESIAN_POINT('',(-47.5,-24.5,4.));
#5638 = LINE('',#5639,#5640);
#5639 = CARTESIAN_POINT('',(-48.75,-24.5,4.));
#5640 = VECTOR('',#5641,1.);
#5641 = DIRECTION('',(-1.,-0.,0.));
#5642 = ORIENTED_EDGE('',*,*,#5643,.T.);
#5643 = EDGE_CURVE('',#5636,#5644,#5646,.T.);
#5644 = VERTEX_POINT('',#5645);
#5645 = CARTESIAN_POINT('',(-47.5,-15.5,4.));
#5646 = LINE('',#5647,#5648);
#5647 = CARTESIAN_POINT('',(-47.5,-29.75,4.));
#5648 = VECTOR('',#5649,1.);
#5649 = DIRECTION('',(-0.,1.,0.));
#5650 = ORIENTED_EDGE('',*,*,#5651,.F.);
#5651 = EDGE_CURVE('',#5652,#5644,#5654,.T.);
#5652 = VERTEX_POINT('',#5653);
#5653 = CARTESIAN_POINT('',(-22.5,-15.5,4.));
#5654 = LINE('',#5655,#5656);
#5655 = CARTESIAN_POINT('',(-48.75,-15.5,4.));
#5656 = VECTOR('',#5657,1.);
#5657 = DIRECTION('',(-1.,-0.,0.));
#5658 = ORIENTED_EDGE('',*,*,#5659,.F.);
#5659 = EDGE_CURVE('',#5634,#5652,#5660,.T.);
#5660 = LINE('',#5661,#5662);
#5661 = CARTESIAN_POINT('',(-22.5,-29.75,4.));
#5662 = VECTOR('',#5663,1.);
#5663 = DIRECTION('',(-0.,1.,0.));
#5664 = FACE_BOUND('',#5665,.T.);
#5665 = EDGE_LOOP('',(#5666,#5676,#5684,#5692));
#5666 = ORIENTED_EDGE('',*,*,#5667,.T.);
#5667 = EDGE_CURVE('',#5668,#5670,#5672,.T.);
#5668 = VERTEX_POINT('',#5669);
#5669 = CARTESIAN_POINT('',(47.5,-24.5,4.));
#5670 = VERTEX_POINT('',#5671);
#5671 = CARTESIAN_POINT('',(22.5,-24.5,4.));
#5672 = LINE('',#5673,#5674);
#5673 = CARTESIAN_POINT('',(-13.75,-24.5,4.));
#5674 = VECTOR('',#5675,1.);
#5675 = DIRECTION('',(-1.,-0.,0.));
#5676 = ORIENTED_EDGE('',*,*,#5677,.T.);
#5677 = EDGE_CURVE('',#5670,#5678,#5680,.T.);
#5678 = VERTEX_POINT('',#5679);
#5679 = CARTESIAN_POINT('',(22.5,-15.5,4.));
#5680 = LINE('',#5681,#5682);
#5681 = CARTESIAN_POINT('',(22.5,-29.75,4.));
#5682 = VECTOR('',#5683,1.);
#5683 = DIRECTION('',(-0.,1.,0.));
#5684 = ORIENTED_EDGE('',*,*,#5685,.F.);
#5685 = EDGE_CURVE('',#5686,#5678,#5688,.T.);
#5686 = VERTEX_POINT('',#5687);
#5687 = CARTESIAN_POINT('',(47.5,-15.5,4.));
#5688 = LINE('',#5689,#5690);
#5689 = CARTESIAN_POINT('',(-13.75,-15.5,4.));
#5690 = VECTOR('',#5691,1.);
#5691 = DIRECTION('',(-1.,-0.,0.));
#5692 = ORIENTED_EDGE('',*,*,#5693,.F.);
#5693 = EDGE_CURVE('',#5668,#5686,#5694,.T.);
#5694 = LINE('',#5695,#5696);
#5695 = CARTESIAN_POINT('',(47.5,-29.75,4.));
#5696 = VECTOR('',#5697,1.);
#5697 = DIRECTION('',(-0.,1.,0.));
#5698 = FACE_BOUND('',#5699,.T.);
#5699 = EDGE_LOOP('',(#5700,#5710,#5718,#5726));
#5700 = ORIENTED_EDGE('',*,*,#5701,.T.);
#5701 = EDGE_CURVE('',#5702,#5704,#5706,.T.);
#5702 = VERTEX_POINT('',#5703);
#5703 = CARTESIAN_POINT('',(-22.5,15.5,4.));
#5704 = VERTEX_POINT('',#5705);
#5705 = CARTESIAN_POINT('',(-47.5,15.5,4.));
#5706 = LINE('',#5707,#5708);
#5707 = CARTESIAN_POINT('',(-48.75,15.5,4.));
#5708 = VECTOR('',#5709,1.);
#5709 = DIRECTION('',(-1.,-0.,0.));
#5710 = ORIENTED_EDGE('',*,*,#5711,.T.);
#5711 = EDGE_CURVE('',#5704,#5712,#5714,.T.);
#5712 = VERTEX_POINT('',#5713);
#5713 = CARTESIAN_POINT('',(-47.5,24.5,4.));
#5714 = LINE('',#5715,#5716);
#5715 = CARTESIAN_POINT('',(-47.5,-9.75,4.));
#5716 = VECTOR('',#5717,1.);
#5717 = DIRECTION('',(-0.,1.,0.));
#5718 = ORIENTED_EDGE('',*,*,#5719,.F.);
#5719 = EDGE_CURVE('',#5720,#5712,#5722,.T.);
#5720 = VERTEX_POINT('',#5721);
#5721 = CARTESIAN_POINT('',(-22.5,24.5,4.));
#5722 = LINE('',#5723,#5724);
#5723 = CARTESIAN_POINT('',(-48.75,24.5,4.));
#5724 = VECTOR('',#5725,1.);
#5725 = DIRECTION('',(-1.,-0.,0.));
#5726 = ORIENTED_EDGE('',*,*,#5727,.F.);
#5727 = EDGE_CURVE('',#5702,#5720,#5728,.T.);
#5728 = LINE('',#5729,#5730);
#5729 = CARTESIAN_POINT('',(-22.5,-9.75,4.));
#5730 = VECTOR('',#5731,1.);
#5731 = DIRECTION('',(-0.,1.,0.));
#5732 = FACE_BOUND('',#5733,.T.);
#5733 = EDGE_LOOP('',(#5734,#5744,#5752,#5760));
#5734 = ORIENTED_EDGE('',*,*,#5735,.T.);
#5735 = EDGE_CURVE('',#5736,#5738,#5740,.T.);
#5736 = VERTEX_POINT('',#5737);
#5737 = CARTESIAN_POINT('',(47.5,15.5,4.));
#5738 = VERTEX_POINT('',#5739);
#5739 = CARTESIAN_POINT('',(22.5,15.5,4.));
#5740 = LINE('',#5741,#5742);
#5741 = CARTESIAN_POINT('',(-13.75,15.5,4.));
#5742 = VECTOR('',#5743,1.);
#5743 = DIRECTION('',(-1.,-0.,0.));
#5744 = ORIENTED_EDGE('',*,*,#5745,.T.);
#5745 = EDGE_CURVE('',#5738,#5746,#5748,.T.);
#5746 = VERTEX_POINT('',#5747);
#5747 = CARTESIAN_POINT('',(22.5,24.5,4.));
#5748 = LINE('',#5749,#5750);
#5749 = CARTESIAN_POINT('',(22.5,-9.75,4.));
#5750 = VECTOR('',#5751,1.);
#5751 = DIRECTION('',(-0.,1.,0.));
#5752 = ORIENTED_EDGE('',*,*,#5753,.F.);
#5753 = EDGE_CURVE('',#5754,#5746,#5756,.T.);
#5754 = VERTEX_POINT('',#5755);
#5755 = CARTESIAN_POINT('',(47.5,24.5,4.));
#5756 = LINE('',#5757,#5758);
#5757 = CARTESIAN_POINT('',(-13.75,24.5,4.));
#5758 = VECTOR('',#5759,1.);
#5759 = DIRECTION('',(-1.,-0.,0.));
#5760 = ORIENTED_EDGE('',*,*,#5761,.F.);
#5761 = EDGE_CURVE('',#5736,#5754,#5762,.T.);
#5762 = LINE('',#5763,#5764);
#5763 = CARTESIAN_POINT('',(47.5,-9.75,4.));
#5764 = VECTOR('',#5765,1.);
#5765 = DIRECTION('',(-0.,1.,0.));
#5766 = PLANE('',#5767);
#5767 = AXIS2_PLACEMENT_3D('',#5768,#5769,#5770);
#5768 = CARTESIAN_POINT('',(-50.,-35.,4.));
#5769 = DIRECTION('',(0.,0.,1.));
#5770 = DIRECTION('',(1.,0.,-0.));
#5771 = ADVANCED_FACE('',(#5772),#5790,.T.);
#5772 = FACE_BOUND('',#5773,.T.);
#5773 = EDGE_LOOP('',(#5774,#5782,#5783,#5784));
#5774 = ORIENTED_EDGE('',*,*,#5775,.F.);
#5775 = EDGE_CURVE('',#5555,#5776,#5778,.T.);
#5776 = VERTEX_POINT('',#5777);
#5777 = CARTESIAN_POINT('',(50.,35.,0.));
#5778 = LINE('',#5779,#5780);
#5779 = CARTESIAN_POINT('',(-50.,35.,0.));
#5780 = VECTOR('',#5781,1.);
#5781 = DIRECTION('',(1.,0.,-0.));
#5782 = ORIENTED_EDGE('',*,*,#5562,.T.);
#5783 = ORIENTED_EDGE('',*,*,#5625,.T.);
#5784 = ORIENTED_EDGE('',*,*,#5785,.F.);
#5785 = EDGE_CURVE('',#5776,#5618,#5786,.T.);
#5786 = LINE('',#5787,#5788);
#5787 = CARTESIAN_POINT('',(50.,35.,0.));
#5788 = VECTOR('',#5789,1.);
#5789 = DIRECTION('',(0.,0.,1.));
#5790 = PLANE('',#5791);
#5791 = AXIS2_PLACEMENT_3D('',#5792,#5793,#5794);
#5792 = CARTESIAN_POINT('',(-50.,35.,0.));
#5793 = DIRECTION('',(-0.,1.,0.));
#5794 = DIRECTION('',(0.,0.,1.));
#5795 = ADVANCED_FACE('',(#5796,#5807,#5841,#5875,#5909),#5943,.F.);
#5796 = FACE_BOUND('',#5797,.F.);
#5797 = EDGE_LOOP('',(#5798,#5799,#5800,#5806));
#5798 = ORIENTED_EDGE('',*,*,#5554,.F.);
#5799 = ORIENTED_EDGE('',*,*,#5584,.T.);
#5800 = ORIENTED_EDGE('',*,*,#5801,.T.);
#5801 = EDGE_CURVE('',#5585,#5776,#5802,.T.);
#5802 = LINE('',#5803,#5804);
#5803 = CARTESIAN_POINT('',(50.,-35.,0.));
#5804 = VECTOR('',#5805,1.);
#5805 = DIRECTION('',(-0.,1.,0.));
#5806 = ORIENTED_EDGE('',*,*,#5775,.F.);
#5807 = FACE_BOUND('',#5808,.F.);
#5808 = EDGE_LOOP('',(#5809,#5819,#5827,#5835));
#5809 = ORIENTED_EDGE('',*,*,#5810,.T.);
#5810 = EDGE_CURVE('',#5811,#5813,#5815,.T.);
#5811 = VERTEX_POINT('',#5812);
#5812 = CARTESIAN_POINT('',(-22.5,-24.5,0.));
#5813 = VERTEX_POINT('',#5814);
#5814 = CARTESIAN_POINT('',(-47.5,-24.5,0.));
#5815 = LINE('',#5816,#5817);
#5816 = CARTESIAN_POINT('',(-48.75,-24.5,0.));
#5817 = VECTOR('',#5818,1.);
#5818 = DIRECTION('',(-1.,-0.,0.));
#5819 = ORIENTED_EDGE('',*,*,#5820,.T.);
#5820 = EDGE_CURVE('',#5813,#5821,#5823,.T.);
#5821 = VERTEX_POINT('',#5822);
#5822 = CARTESIAN_POINT('',(-47.5,-15.5,0.));
#5823 = LINE('',#5824,#5825);
#5824 = CARTESIAN_POINT('',(-47.5,-29.75,0.));
#5825 = VECTOR('',#5826,1.);
#5826 = DIRECTION('',(-0.,1.,0.));
#5827 = ORIENTED_EDGE('',*,*,#5828,.F.);
#5828 = EDGE_CURVE('',#5829,#5821,#5831,.T.);
#5829 = VERTEX_POINT('',#5830);
#5830 = CARTESIAN_POINT('',(-22.5,-15.5,0.));
#5831 = LINE('',#5832,#5833);
#5832 = CARTESIAN_POINT('',(-48.75,-15.5,0.));
#5833 = VECTOR('',#5834,1.);
#5834 = DIRECTION('',(-1.,-0.,0.));
#5835 = ORIENTED_EDGE('',*,*,#5836,.F.);
#5836 = EDGE_CURVE('',#5811,#5829,#5837,.T.);
#5837 = LINE('',#5838,#5839);
#5838 = CARTESIAN_POINT('',(-22.5,-29.75,0.));
#5839 = VECTOR('',#5840,1.);
#5840 = DIRECTION('',(-0.,1.,0.));
#5841 = FACE_BOUND('',#5842,.F.);
#5842 = EDGE_LOOP('',(#5843,#5853,#5861,#5869));
#5843 = ORIENTED_EDGE('',*,*,#5844,.T.);
#5844 = EDGE_CURVE('',#5845,#5847,#5849,.T.);
#5845 = VERTEX_POINT('',#5846);
#5846 = CARTESIAN_POINT('',(47.5,-24.5,0.));
#5847 = VERTEX_POINT('',#5848);
#5848 = CARTESIAN_POINT('',(22.5,-24.5,0.));
#5849 = LINE('',#5850,#5851);
#5850 = CARTESIAN_POINT('',(-13.75,-24.5,0.));
#5851 = VECTOR('',#5852,1.);
#5852 = DIRECTION('',(-1.,-0.,0.));
#5853 = ORIENTED_EDGE('',*,*,#5854,.T.);
#5854 = EDGE_CURVE('',#5847,#5855,#5857,.T.);
#5855 = VERTEX_POINT('',#5856);
#5856 = CARTESIAN_POINT('',(22.5,-15.5,0.));
#5857 = LINE('',#5858,#5859);
#5858 = CARTESIAN_POINT('',(22.5,-29.75,0.));
#5859 = VECTOR('',#5860,1.);
#5860 = DIRECTION('',(-0.,1.,0.));
#5861 = ORIENTED_EDGE('',*,*,#5862,.F.);
#5862 = EDGE_CURVE('',#5863,#5855,#5865,.T.);
#5863 = VERTEX_POINT('',#5864);
#5864 = CARTESIAN_POINT('',(47.5,-15.5,0.));
#5865 = LINE('',#5866,#5867);
#5866 = CARTESIAN_POINT('',(-13.75,-15.5,0.));
#5867 = VECTOR('',#5868,1.);
#5868 = DIRECTION('',(-1.,-0.,0.));
#5869 = ORIENTED_EDGE('',*,*,#5870,.F.);
#5870 = EDGE_CURVE('',#5845,#5863,#5871,.T.);
#5871 = LINE('',#5872,#5873);
#5872 = CARTESIAN_POINT('',(47.5,-29.75,0.));
#5873 = VECTOR('',#5874,1.);
#5874 = DIRECTION('',(-0.,1.,0.));
#5875 = FACE_BOUND('',#5876,.F.);
#5876 = EDGE_LOOP('',(#5877,#5887,#5895,#5903));
#5877 = ORIENTED_EDGE('',*,*,#5878,.T.);
#5878 = EDGE_CURVE('',#5879,#5881,#5883,.T.);
#5879 = VERTEX_POINT('',#5880);
#5880 = CARTESIAN_POINT('',(-22.5,15.5,0.));
#5881 = VERTEX_POINT('',#5882);
#5882 = CARTESIAN_POINT('',(-47.5,15.5,0.));
#5883 = LINE('',#5884,#5885);
#5884 = CARTESIAN_POINT('',(-48.75,15.5,0.));
#5885 = VECTOR('',#5886,1.);
#5886 = DIRECTION('',(-1.,-0.,0.));
#5887 = ORIENTED_EDGE('',*,*,#5888,.T.);
#5888 = EDGE_CURVE('',#5881,#5889,#5891,.T.);
#5889 = VERTEX_POINT('',#5890);
#5890 = CARTESIAN_POINT('',(-47.5,24.5,0.));
#5891 = LINE('',#5892,#5893);
#5892 = CARTESIAN_POINT('',(-47.5,-9.75,0.));
#5893 = VECTOR('',#5894,1.);
#5894 = DIRECTION('',(-0.,1.,0.));
#5895 = ORIENTED_EDGE('',*,*,#5896,.F.);
#5896 = EDGE_CURVE('',#5897,#5889,#5899,.T.);
#5897 = VERTEX_POINT('',#5898);
#5898 = CARTESIAN_POINT('',(-22.5,24.5,0.));
#5899 = LINE('',#5900,#5901);
#5900 = CARTESIAN_POINT('',(-48.75,24.5,0.));
#5901 = VECTOR('',#5902,1.);
#5902 = DIRECTION('',(-1.,-0.,0.));
#5903 = ORIENTED_EDGE('',*,*,#5904,.F.);
#5904 = EDGE_CURVE('',#5879,#5897,#5905,.T.);
#5905 = LINE('',#5906,#5907);
#5906 = CARTESIAN_POINT('',(-22.5,-9.75,0.));
#5907 = VECTOR('',#5908,1.);
#5908 = DIRECTION('',(-0.,1.,0.));
#5909 = FACE_BOUND('',#5910,.F.);
#5910 = EDGE_LOOP('',(#5911,#5921,#5929,#5937));
#5911 = ORIENTED_EDGE('',*,*,#5912,.T.);
#5912 = EDGE_CURVE('',#5913,#5915,#5917,.T.);
#5913 = VERTEX_POINT('',#5914);
#5914 = CARTESIAN_POINT('',(47.5,15.5,0.));
#5915 = VERTEX_POINT('',#5916);
#5916 = CARTESIAN_POINT('',(22.5,15.5,0.));
#5917 = LINE('',#5918,#5919);
#5918 = CARTESIAN_POINT('',(-13.75,15.5,0.));
#5919 = VECTOR('',#5920,1.);
#5920 = DIRECTION('',(-1.,-0.,0.));
#5921 = ORIENTED_EDGE('',*,*,#5922,.T.);
#5922 = EDGE_CURVE('',#5915,#5923,#5925,.T.);
#5923 = VERTEX_POINT('',#5924);
#5924 = CARTESIAN_POINT('',(22.5,24.5,0.));
#5925 = LINE('',#5926,#5927);
#5926 = CARTESIAN_POINT('',(22.5,-9.75,0.));
#5927 = VECTOR('',#5928,1.);
#5928 = DIRECTION('',(-0.,1.,0.));
#5929 = ORIENTED_EDGE('',*,*,#5930,.F.);
#5930 = EDGE_CURVE('',#5931,#5923,#5933,.T.);
#5931 = VERTEX_POINT('',#5932);
#5932 = CARTESIAN_POINT('',(47.5,24.5,0.));
#5933 = LINE('',#5934,#5935);
#5934 = CARTESIAN_POINT('',(-13.75,24.5,0.));
#5935 = VECTOR('',#5936,1.);
#5936 = DIRECTION('',(-1.,-0.,0.));
#5937 = ORIENTED_EDGE('',*,*,#5938,.F.);
#5938 = EDGE_CURVE('',#5913,#5931,#5939,.T.);
#5939 = LINE('',#5940,#5941);
#5940 = CARTESIAN_POINT('',(47.5,-9.75,0.));
#5941 = VECTOR('',#5942,1.);
#5942 = DIRECTION('',(-0.,1.,0.));
#5943 = PLANE('',#5944);
#5944 = AXIS2_PLACEMENT_3D('',#5945,#5946,#5947);
#5945 = CARTESIAN_POINT('',(-50.,-35.,0.));
#5946 = DIRECTION('',(0.,0.,1.));
#5947 = DIRECTION('',(1.,0.,-0.));
#5948 = ADVANCED_FACE('',(#5949),#5955,.T.);
#5949 = FACE_BOUND('',#5950,.T.);
#5950 = EDGE_LOOP('',(#5951,#5952,#5953,#5954));
#5951 = ORIENTED_EDGE('',*,*,#5601,.F.);
#5952 = ORIENTED_EDGE('',*,*,#5801,.T.);
#5953 = ORIENTED_EDGE('',*,*,#5785,.T.);
#5954 = ORIENTED_EDGE('',*,*,#5617,.F.);
#5955 = PLANE('',#5956);
#5956 = AXIS2_PLACEMENT_3D('',#5957,#5958,#5959);
#5957 = CARTESIAN_POINT('',(50.,-35.,0.));
#5958 = DIRECTION('',(1.,0.,-0.));
#5959 = DIRECTION('',(0.,0.,1.));
#5960 = ADVANCED_FACE('',(#5961),#5977,.T.);
#5961 = FACE_BOUND('',#5962,.T.);
#5962 = EDGE_LOOP('',(#5963,#5969,#5970,#5976));
#5963 = ORIENTED_EDGE('',*,*,#5964,.F.);
#5964 = EDGE_CURVE('',#5811,#5634,#5965,.T.);
#5965 = LINE('',#5966,#5967);
#5966 = CARTESIAN_POINT('',(-22.5,-24.5,-1.));
#5967 = VECTOR('',#5968,1.);
#5968 = DIRECTION('',(0.,0.,1.));
#5969 = ORIENTED_EDGE('',*,*,#5810,.T.);
#5970 = ORIENTED_EDGE('',*,*,#5971,.T.);
#5971 = EDGE_CURVE('',#5813,#5636,#5972,.T.);
#5972 = LINE('',#5973,#5974);
#5973 = CARTESIAN_POINT('',(-47.5,-24.5,-1.));
#5974 = VECTOR('',#5975,1.);
#5975 = DIRECTION('',(0.,0.,1.));
#5976 = ORIENTED_EDGE('',*,*,#5633,.F.);
#5977 = PLANE('',#5978);
#5978 = AXIS2_PLACEMENT_3D('',#5979,#5980,#5981);
#5979 = CARTESIAN_POINT('',(-47.5,-24.5,-1.));
#5980 = DIRECTION('',(-0.,1.,0.));
#5981 = DIRECTION('',(0.,0.,1.));
#5982 = ADVANCED_FACE('',(#5983),#5994,.F.);
#5983 = FACE_BOUND('',#5984,.F.);
#5984 = EDGE_LOOP('',(#5985,#5986,#5987,#5993));
#5985 = ORIENTED_EDGE('',*,*,#5964,.F.);
#5986 = ORIENTED_EDGE('',*,*,#5836,.T.);
#5987 = ORIENTED_EDGE('',*,*,#5988,.T.);
#5988 = EDGE_CURVE('',#5829,#5652,#5989,.T.);
#5989 = LINE('',#5990,#5991);
#5990 = CARTESIAN_POINT('',(-22.5,-15.5,-1.));
#5991 = VECTOR('',#5992,1.);
#5992 = DIRECTION('',(0.,0.,1.));
#5993 = ORIENTED_EDGE('',*,*,#5659,.F.);
#5994 = PLANE('',#5995);
#5995 = AXIS2_PLACEMENT_3D('',#5996,#5997,#5998);
#5996 = CARTESIAN_POINT('',(-22.5,-24.5,-1.));
#5997 = DIRECTION('',(1.,0.,-0.));
#5998 = DIRECTION('',(0.,0.,1.));
#5999 = ADVANCED_FACE('',(#6000),#6011,.T.);
#6000 = FACE_BOUND('',#6001,.T.);
#6001 = EDGE_LOOP('',(#6002,#6003,#6004,#6010));
#6002 = ORIENTED_EDGE('',*,*,#5971,.F.);
#6003 = ORIENTED_EDGE('',*,*,#5820,.T.);
#6004 = ORIENTED_EDGE('',*,*,#6005,.T.);
#6005 = EDGE_CURVE('',#5821,#5644,#6006,.T.);
#6006 = LINE('',#6007,#6008);
#6007 = CARTESIAN_POINT('',(-47.5,-15.5,-1.));
#6008 = VECTOR('',#6009,1.);
#6009 = DIRECTION('',(0.,0.,1.));
#6010 = ORIENTED_EDGE('',*,*,#5643,.F.);
#6011 = PLANE('',#6012);
#6012 = AXIS2_PLACEMENT_3D('',#6013,#6014,#6015);
#6013 = CARTESIAN_POINT('',(-47.5,-24.5,-1.));
#6014 = DIRECTION('',(1.,0.,-0.));
#6015 = DIRECTION('',(0.,0.,1.));
#6016 = ADVANCED_FACE('',(#6017),#6023,.F.);
#6017 = FACE_BOUND('',#6018,.F.);
#6018 = EDGE_LOOP('',(#6019,#6020,#6021,#6022));
#6019 = ORIENTED_EDGE('',*,*,#5988,.F.);
#6020 = ORIENTED_EDGE('',*,*,#5828,.T.);
#6021 = ORIENTED_EDGE('',*,*,#6005,.T.);
#6022 = ORIENTED_EDGE('',*,*,#5651,.F.);
#6023 = PLANE('',#6024);
#6024 = AXIS2_PLACEMENT_3D('',#6025,#6026,#6027);
#6025 = CARTESIAN_POINT('',(-47.5,-15.5,-1.));
#6026 = DIRECTION('',(-0.,1.,0.));
#6027 = DIRECTION('',(0.,0.,1.));
#6028 = ADVANCED_FACE('',(#6029),#6045,.T.);
#6029 = FACE_BOUND('',#6030,.T.);
#6030 = EDGE_LOOP('',(#6031,#6037,#6038,#6044));
#6031 = ORIENTED_EDGE('',*,*,#6032,.F.);
#6032 = EDGE_CURVE('',#5845,#5668,#6033,.T.);
#6033 = LINE('',#6034,#6035);
#6034 = CARTESIAN_POINT('',(47.5,-24.5,-1.));
#6035 = VECTOR('',#6036,1.);
#6036 = DIRECTION('',(0.,0.,1.));
#6037 = ORIENTED_EDGE('',*,*,#5844,.T.);
#6038 = ORIENTED_EDGE('',*,*,#6039,.T.);
#6039 = EDGE_CURVE('',#5847,#5670,#6040,.T.);
#6040 = LINE('',#6041,#6042);
#6041 = CARTESIAN_POINT('',(22.5,-24.5,-1.));
#6042 = VECTOR('',#6043,1.);
#6043 = DIRECTION('',(0.,0.,1.));
#6044 = ORIENTED_EDGE('',*,*,#5667,.F.);
#6045 = PLANE('',#6046);
#6046 = AXIS2_PLACEMENT_3D('',#6047,#6048,#6049);
#6047 = CARTESIAN_POINT('',(22.5,-24.5,-1.));
#6048 = DIRECTION('',(-0.,1.,0.));
#6049 = DIRECTION('',(0.,0.,1.));
#6050 = ADVANCED_FACE('',(#6051),#6062,.F.);
#6051 = FACE_BOUND('',#6052,.F.);
#6052 = EDGE_LOOP('',(#6053,#6054,#6055,#6061));
#6053 = ORIENTED_EDGE('',*,*,#6032,.F.);
#6054 = ORIENTED_EDGE('',*,*,#5870,.T.);
#6055 = ORIENTED_EDGE('',*,*,#6056,.T.);
#6056 = EDGE_CURVE('',#5863,#5686,#6057,.T.);
#6057 = LINE('',#6058,#6059);
#6058 = CARTESIAN_POINT('',(47.5,-15.5,-1.));
#6059 = VECTOR('',#6060,1.);
#6060 = DIRECTION('',(0.,0.,1.));
#6061 = ORIENTED_EDGE('',*,*,#5693,.F.);
#6062 = PLANE('',#6063);
#6063 = AXIS2_PLACEMENT_3D('',#6064,#6065,#6066);
#6064 = CARTESIAN_POINT('',(47.5,-24.5,-1.));
#6065 = DIRECTION('',(1.,0.,-0.));
#6066 = DIRECTION('',(0.,0.,1.));
#6067 = ADVANCED_FACE('',(#6068),#6079,.T.);
#6068 = FACE_BOUND('',#6069,.T.);
#6069 = EDGE_LOOP('',(#6070,#6071,#6072,#6078));
#6070 = ORIENTED_EDGE('',*,*,#6039,.F.);
#6071 = ORIENTED_EDGE('',*,*,#5854,.T.);
#6072 = ORIENTED_EDGE('',*,*,#6073,.T.);
#6073 = EDGE_CURVE('',#5855,#5678,#6074,.T.);
#6074 = LINE('',#6075,#6076);
#6075 = CARTESIAN_POINT('',(22.5,-15.5,-1.));
#6076 = VECTOR('',#6077,1.);
#6077 = DIRECTION('',(0.,0.,1.));
#6078 = ORIENTED_EDGE('',*,*,#5677,.F.);
#6079 = PLANE('',#6080);
#6080 = AXIS2_PLACEMENT_3D('',#6081,#6082,#6083);
#6081 = CARTESIAN_POINT('',(22.5,-24.5,-1.));
#6082 = DIRECTION('',(1.,0.,-0.));
#6083 = DIRECTION('',(0.,0.,1.));
#6084 = ADVANCED_FACE('',(#6085),#6091,.F.);
#6085 = FACE_BOUND('',#6086,.F.);
#6086 = EDGE_LOOP('',(#6087,#6088,#6089,#6090));
#6087 = ORIENTED_EDGE('',*,*,#6056,.F.);
#6088 = ORIENTED_EDGE('',*,*,#5862,.T.);
#6089 = ORIENTED_EDGE('',*,*,#6073,.T.);
#6090 = ORIENTED_EDGE('',*,*,#5685,.F.);
#6091 = PLANE('',#6092);
#6092 = AXIS2_PLACEMENT_3D('',#6093,#6094,#6095);
#6093 = CARTESIAN_POINT('',(22.5,-15.5,-1.));
#6094 = DIRECTION('',(-0.,1.,0.));
#6095 = DIRECTION('',(0.,0.,1.));
#6096 = ADVANCED_FACE('',(#6097),#6113,.T.);
#6097 = FACE_BOUND('',#6098,.T.);
#6098 = EDGE_LOOP('',(#6099,#6105,#6106,#6112));
#6099 = ORIENTED_EDGE('',*,*,#6100,.F.);
#6100 = EDGE_CURVE('',#5879,#5702,#6101,.T.);
#6101 = LINE('',#6102,#6103);
#6102 = CARTESIAN_POINT('',(-22.5,15.5,-1.));
#6103 = VECTOR('',#6104,1.);
#6104 = DIRECTION('',(0.,0.,1.));
#6105 = ORIENTED_EDGE('',*,*,#5878,.T.);
#6106 = ORIENTED_EDGE('',*,*,#6107,.T.);
#6107 = EDGE_CURVE('',#5881,#5704,#6108,.T.);
#6108 = LINE('',#6109,#6110);
#6109 = CARTESIAN_POINT('',(-47.5,15.5,-1.));
#6110 = VECTOR('',#6111,1.);
#6111 = DIRECTION('',(0.,0.,1.));
#6112 = ORIENTED_EDGE('',*,*,#5701,.F.);
#6113 = PLANE('',#6114);
#6114 = AXIS2_PLACEMENT_3D('',#6115,#6116,#6117);
#6115 = CARTESIAN_POINT('',(-47.5,15.5,-1.));
#6116 = DIRECTION('',(-0.,1.,0.));
#6117 = DIRECTION('',(0.,0.,1.));
#6118 = ADVANCED_FACE('',(#6119),#6130,.F.);
#6119 = FACE_BOUND('',#6120,.F.);
#6120 = EDGE_LOOP('',(#6121,#6122,#6123,#6129));
#6121 = ORIENTED_EDGE('',*,*,#6100,.F.);
#6122 = ORIENTED_EDGE('',*,*,#5904,.T.);
#6123 = ORIENTED_EDGE('',*,*,#6124,.T.);
#6124 = EDGE_CURVE('',#5897,#5720,#6125,.T.);
#6125 = LINE('',#6126,#6127);
#6126 = CARTESIAN_POINT('',(-22.5,24.5,-1.));
#6127 = VECTOR('',#6128,1.);
#6128 = DIRECTION('',(0.,0.,1.));
#6129 = ORIENTED_EDGE('',*,*,#5727,.F.);
#6130 = PLANE('',#6131);
#6131 = AXIS2_PLACEMENT_3D('',#6132,#6133,#6134);
#6132 = CARTESIAN_POINT('',(-22.5,15.5,-1.));
#6133 = DIRECTION('',(1.,0.,-0.));
#6134 = DIRECTION('',(0.,0.,1.));
#6135 = ADVANCED_FACE('',(#6136),#6147,.T.);
#6136 = FACE_BOUND('',#6137,.T.);
#6137 = EDGE_LOOP('',(#6138,#6139,#6140,#6146));
#6138 = ORIENTED_EDGE('',*,*,#6107,.F.);
#6139 = ORIENTED_EDGE('',*,*,#5888,.T.);
#6140 = ORIENTED_EDGE('',*,*,#6141,.T.);
#6141 = EDGE_CURVE('',#5889,#5712,#6142,.T.);
#6142 = LINE('',#6143,#6144);
#6143 = CARTESIAN_POINT('',(-47.5,24.5,-1.));
#6144 = VECTOR('',#6145,1.);
#6145 = DIRECTION('',(0.,0.,1.));
#6146 = ORIENTED_EDGE('',*,*,#5711,.F.);
#6147 = PLANE('',#6148);
#6148 = AXIS2_PLACEMENT_3D('',#6149,#6150,#6151);
#6149 = CARTESIAN_POINT('',(-47.5,15.5,-1.));
#6150 = DIRECTION('',(1.,0.,-0.));
#6151 = DIRECTION('',(0.,0.,1.));
#6152 = ADVANCED_FACE('',(#6153),#6159,.F.);
#6153 = FACE_BOUND('',#6154,.F.);
#6154 = EDGE_LOOP('',(#6155,#6156,#6157,#6158));
#6155 = ORIENTED_EDGE('',*,*,#6124,.F.);
#6156 = ORIENTED_EDGE('',*,*,#5896,.T.);
#6157 = ORIENTED_EDGE('',*,*,#6141,.T.);
#6158 = ORIENTED_EDGE('',*,*,#5719,.F.);
#6159 = PLANE('',#6160);
#6160 = AXIS2_PLACEMENT_3D('',#6161,#6162,#6163);
#6161 = CARTESIAN_POINT('',(-47.5,24.5,-1.));
#6162 = DIRECTION('',(-0.,1.,0.));
#6163 = DIRECTION('',(0.,0.,1.));
#6164 = ADVANCED_FACE('',(#6165),#6181,.T.);
#6165 = FACE_BOUND('',#6166,.T.);
#6166 = EDGE_LOOP('',(#6167,#6173,#6174,#6180));
#6167 = ORIENTED_EDGE('',*,*,#6168,.F.);
#6168 = EDGE_CURVE('',#5913,#5736,#6169,.T.);
#6169 = LINE('',#6170,#6171);
#6170 = CARTESIAN_POINT('',(47.5,15.5,-1.));
#6171 = VECTOR('',#6172,1.);
#6172 = DIRECTION('',(0.,0.,1.));
#6173 = ORIENTED_EDGE('',*,*,#5912,.T.);
#6174 = ORIENTED_EDGE('',*,*,#6175,.T.);
#6175 = EDGE_CURVE('',#5915,#5738,#6176,.T.);
#6176 = LINE('',#6177,#6178);
#6177 = CARTESIAN_POINT('',(22.5,15.5,-1.));
#6178 = VECTOR('',#6179,1.);
#6179 = DIRECTION('',(0.,0.,1.));
#6180 = ORIENTED_EDGE('',*,*,#5735,.F.);
#6181 = PLANE('',#6182);
#6182 = AXIS2_PLACEMENT_3D('',#6183,#6184,#6185);
#6183 = CARTESIAN_POINT('',(22.5,15.5,-1.));
#6184 = DIRECTION('',(-0.,1.,0.));
#6185 = DIRECTION('',(0.,0.,1.));
#6186 = ADVANCED_FACE('',(#6187),#6198,.F.);
#6187 = FACE_BOUND('',#6188,.F.);
#6188 = EDGE_LOOP('',(#6189,#6190,#6191,#6197));
#6189 = ORIENTED_EDGE('',*,*,#6168,.F.);
#6190 = ORIENTED_EDGE('',*,*,#5938,.T.);
#6191 = ORIENTED_EDGE('',*,*,#6192,.T.);
#6192 = EDGE_CURVE('',#5931,#5754,#6193,.T.);
#6193 = LINE('',#6194,#6195);
#6194 = CARTESIAN_POINT('',(47.5,24.5,-1.));
#6195 = VECTOR('',#6196,1.);
#6196 = DIRECTION('',(0.,0.,1.));
#6197 = ORIENTED_EDGE('',*,*,#5761,.F.);
#6198 = PLANE('',#6199);
#6199 = AXIS2_PLACEMENT_3D('',#6200,#6201,#6202);
#6200 = CARTESIAN_POINT('',(47.5,15.5,-1.));
#6201 = DIRECTION('',(1.,0.,-0.));
#6202 = DIRECTION('',(0.,0.,1.));
#6203 = ADVANCED_FACE('',(#6204),#6215,.F.);
#6204 = FACE_BOUND('',#6205,.F.);
#6205 = EDGE_LOOP('',(#6206,#6207,#6208,#6214));
#6206 = ORIENTED_EDGE('',*,*,#6192,.F.);
#6207 = ORIENTED_EDGE('',*,*,#5930,.T.);
#6208 = ORIENTED_EDGE('',*,*,#6209,.T.);
#6209 = EDGE_CURVE('',#5923,#5746,#6210,.T.);
#6210 = LINE('',#6211,#6212);
#6211 = CARTESIAN_POINT('',(22.5,24.5,-1.));
#6212 = VECTOR('',#6213,1.);
#6213 = DIRECTION('',(0.,0.,1.));
#6214 = ORIENTED_EDGE('',*,*,#5753,.F.);
#6215 = PLANE('',#6216);
#6216 = AXIS2_PLACEMENT_3D('',#6217,#6218,#6219);
#6217 = CARTESIAN_POINT('',(22.5,24.5,-1.));
#6218 = DIRECTION('',(-0.,1.,0.));
#6219 = DIRECTION('',(0.,0.,1.));
#6220 = ADVANCED_FACE('',(#6221),#6227,.T.);
#6221 = FACE_BOUND('',#6222,.T.);
#6222 = EDGE_LOOP('',(#6223,#6224,#6225,#6226));
#6223 = ORIENTED_EDGE('',*,*,#6175,.F.);
#6224 = ORIENTED_EDGE('',*,*,#5922,.T.);
#6225 = ORIENTED_EDGE('',*,*,#6209,.T.);
#6226 = ORIENTED_EDGE('',*,*,#5745,.F.);
#6227 = PLANE('',#6228);
#6228 = AXIS2_PLACEMENT_3D('',#6229,#6230,#6231);
#6229 = CARTESIAN_POINT('',(22.5,15.5,-1.));
#6230 = DIRECTION('',(1.,0.,-0.));
#6231 = DIRECTION('',(0.,0.,1.));
#6232 = ( GEOMETRIC_REPRESENTATION_CONTEXT(3) 
GLOBAL_UNCERTAINTY_ASSIGNED_CONTEXT((#6236)) 
GLOBAL_UNIT_ASSIGNED_CONTEXT((#6233,#6234,#6235)) REPRESENTATION_CONTEXT
('Context #1','3D Context with UNIT and UNCERTAINTY') );
#6233 = ( LENGTH_UNIT() NAMED_UNIT(*) SI_UNIT(.MILLI.,.METRE.) );
#6234 = ( NAMED_UNIT(*) PLANE_ANGLE_UNIT() SI_UNIT($,.RADIAN.) );
#6235 = ( NAMED_UNIT(*) SI_UNIT($,.STERADIAN.) SOLID_ANGLE_UNIT() );
#6236 = UNCERTAINTY_MEASURE_WITH_UNIT(LENGTH_MEASURE(2.E-07),#6233,
  'distance_accuracy_value','confusion accuracy');
#6237 = CONTEXT_DEPENDENT_SHAPE_REPRESENTATION(#6238,#6240);
#6238 = ( REPRESENTATION_RELATIONSHIP('','',#5537,#10) 
REPRESENTATION_RELATIONSHIP_WITH_TRANSFORMATION(#6239) 
SHAPE_REPRESENTATION_RELATIONSHIP() );
#6239 = ITEM_DEFINED_TRANSFORMATION('','',#11,#111);
#6240 = PRODUCT_DEFINITION_SHAPE('Placement','Placement of an item',
  #6241);
#6241 = NEXT_ASSEMBLY_USAGE_OCCURRENCE('25','folha3_b_chapa','',#5,#5532
  ,$);
#6242 = PRODUCT_RELATED_PRODUCT_CATEGORY('part',$,(#5534));
#6243 = SHAPE_DEFINITION_REPRESENTATION(#6244,#6250);
#6244 = PRODUCT_DEFINITION_SHAPE('','',#6245);
#6245 = PRODUCT_DEFINITION('design','',#6246,#6249);
#6246 = PRODUCT_DEFINITION_FORMATION('','',#6247);
#6247 = PRODUCT('folha3_b_roda','folha3_b_roda','',(#6248));
#6248 = PRODUCT_CONTEXT('',#2,'mechanical');
#6249 = PRODUCT_DEFINITION_CONTEXT('part definition',#2,'design');
#6250 = ADVANCED_BREP_SHAPE_REPRESENTATION('',(#11,#6251),#6304);
#6251 = MANIFOLD_SOLID_BREP('',#6252);
#6252 = CLOSED_SHELL('',(#6253,#6286,#6295));
#6253 = ADVANCED_FACE('',(#6254),#6281,.T.);
#6254 = FACE_BOUND('',#6255,.T.);
#6255 = EDGE_LOOP('',(#6256,#6265,#6273,#6280));
#6256 = ORIENTED_EDGE('',*,*,#6257,.F.);
#6257 = EDGE_CURVE('',#6258,#6258,#6260,.T.);
#6258 = VERTEX_POINT('',#6259);
#6259 = CARTESIAN_POINT('',(-9.E-15,16.,37.5));
#6260 = CIRCLE('',#6261,37.5);
#6261 = AXIS2_PLACEMENT_3D('',#6262,#6263,#6264);
#6262 = CARTESIAN_POINT('',(0.,16.,0.));
#6263 = DIRECTION('',(0.,1.,0.));
#6264 = DIRECTION('',(0.,-0.,1.));
#6265 = ORIENTED_EDGE('',*,*,#6266,.F.);
#6266 = EDGE_CURVE('',#6267,#6258,#6269,.T.);
#6267 = VERTEX_POINT('',#6268);
#6268 = CARTESIAN_POINT('',(-9.E-15,-16.,37.5));
#6269 = LINE('',#6270,#6271);
#6270 = CARTESIAN_POINT('',(-9.18E-15,-16.,37.5));
#6271 = VECTOR('',#6272,1.);
#6272 = DIRECTION('',(0.,1.,0.));
#6273 = ORIENTED_EDGE('',*,*,#6274,.T.);
#6274 = EDGE_CURVE('',#6267,#6267,#6275,.T.);
#6275 = CIRCLE('',#6276,37.5);
#6276 = AXIS2_PLACEMENT_3D('',#6277,#6278,#6279);
#6277 = CARTESIAN_POINT('',(0.,-16.,0.));
#6278 = DIRECTION('',(0.,1.,0.));
#6279 = DIRECTION('',(0.,-0.,1.));
#6280 = ORIENTED_EDGE('',*,*,#6266,.T.);
#6281 = CYLINDRICAL_SURFACE('',#6282,37.5);
#6282 = AXIS2_PLACEMENT_3D('',#6283,#6284,#6285);
#6283 = CARTESIAN_POINT('',(0.,-16.,0.));
#6284 = DIRECTION('',(0.,1.,0.));
#6285 = DIRECTION('',(0.,-0.,1.));
#6286 = ADVANCED_FACE('',(#6287),#6290,.T.);
#6287 = FACE_BOUND('',#6288,.T.);
#6288 = EDGE_LOOP('',(#6289));
#6289 = ORIENTED_EDGE('',*,*,#6257,.T.);
#6290 = PLANE('',#6291);
#6291 = AXIS2_PLACEMENT_3D('',#6292,#6293,#6294);
#6292 = CARTESIAN_POINT('',(0.,16.,0.));
#6293 = DIRECTION('',(0.,1.,0.));
#6294 = DIRECTION('',(0.,-0.,1.));
#6295 = ADVANCED_FACE('',(#6296),#6299,.F.);
#6296 = FACE_BOUND('',#6297,.T.);
#6297 = EDGE_LOOP('',(#6298));
#6298 = ORIENTED_EDGE('',*,*,#6274,.F.);
#6299 = PLANE('',#6300);
#6300 = AXIS2_PLACEMENT_3D('',#6301,#6302,#6303);
#6301 = CARTESIAN_POINT('',(0.,-16.,0.));
#6302 = DIRECTION('',(0.,1.,0.));
#6303 = DIRECTION('',(0.,-0.,1.));
#6304 = ( GEOMETRIC_REPRESENTATION_CONTEXT(3) 
GLOBAL_UNCERTAINTY_ASSIGNED_CONTEXT((#6308)) 
GLOBAL_UNIT_ASSIGNED_CONTEXT((#6305,#6306,#6307)) REPRESENTATION_CONTEXT
('Context #1','3D Context with UNIT and UNCERTAINTY') );
#6305 = ( LENGTH_UNIT() NAMED_UNIT(*) SI_UNIT(.MILLI.,.METRE.) );
#6306 = ( NAMED_UNIT(*) PLANE_ANGLE_UNIT() SI_UNIT($,.RADIAN.) );
#6307 = ( NAMED_UNIT(*) SI_UNIT($,.STERADIAN.) SOLID_ANGLE_UNIT() );
#6308 = UNCERTAINTY_MEASURE_WITH_UNIT(LENGTH_MEASURE(1.E-07),#6305,
  'distance_accuracy_value','confusion accuracy');
#6309 = CONTEXT_DEPENDENT_SHAPE_REPRESENTATION(#6310,#6312);
#6310 = ( REPRESENTATION_RELATIONSHIP('','',#6250,#10) 
REPRESENTATION_RELATIONSHIP_WITH_TRANSFORMATION(#6311) 
SHAPE_REPRESENTATION_RELATIONSHIP() );
#6311 = ITEM_DEFINED_TRANSFORMATION('','',#11,#115);
#6312 = PRODUCT_DEFINITION_SHAPE('Placement','Placement of an item',
  #6313);
#6313 = NEXT_ASSEMBLY_USAGE_OCCURRENCE('26','folha3_b_roda','',#5,#6245,
  $);
#6314 = PRODUCT_RELATED_PRODUCT_CATEGORY('part',$,(#6247));
#6315 = SHAPE_DEFINITION_REPRESENTATION(#6316,#6322);
#6316 = PRODUCT_DEFINITION_SHAPE('','',#6317);
#6317 = PRODUCT_DEFINITION('design','',#6318,#6321);
#6318 = PRODUCT_DEFINITION_FORMATION('','',#6319);
#6319 = PRODUCT('folha3_b_garfo','folha3_b_garfo','',(#6320));
#6320 = PRODUCT_CONTEXT('',#2,'mechanical');
#6321 = PRODUCT_DEFINITION_CONTEXT('part definition',#2,'design');
#6322 = ADVANCED_BREP_SHAPE_REPRESENTATION('',(#11,#6323),#6473);
#6323 = MANIFOLD_SOLID_BREP('',#6324);
#6324 = CLOSED_SHELL('',(#6325,#6365,#6405,#6427,#6449,#6461));
#6325 = ADVANCED_FACE('',(#6326),#6360,.F.);
#6326 = FACE_BOUND('',#6327,.F.);
#6327 = EDGE_LOOP('',(#6328,#6338,#6346,#6354));
#6328 = ORIENTED_EDGE('',*,*,#6329,.F.);
#6329 = EDGE_CURVE('',#6330,#6332,#6334,.T.);
#6330 = VERTEX_POINT('',#6331);
#6331 = CARTESIAN_POINT('',(-23.,-18.,0.));
#6332 = VERTEX_POINT('',#6333);
#6333 = CARTESIAN_POINT('',(-23.,-18.,23.));
#6334 = LINE('',#6335,#6336);
#6335 = CARTESIAN_POINT('',(-23.,-18.,0.));
#6336 = VECTOR('',#6337,1.);
#6337 = DIRECTION('',(0.,0.,1.));
#6338 = ORIENTED_EDGE('',*,*,#6339,.T.);
#6339 = EDGE_CURVE('',#6330,#6340,#6342,.T.);
#6340 = VERTEX_POINT('',#6341);
#6341 = CARTESIAN_POINT('',(-23.,18.,0.));
#6342 = LINE('',#6343,#6344);
#6343 = CARTESIAN_POINT('',(-23.,-18.,0.));
#6344 = VECTOR('',#6345,1.);
#6345 = DIRECTION('',(-0.,1.,0.));
#6346 = ORIENTED_EDGE('',*,*,#6347,.T.);
#6347 = EDGE_CURVE('',#6340,#6348,#6350,.T.);
#6348 = VERTEX_POINT('',#6349);
#6349 = CARTESIAN_POINT('',(-23.,18.,23.));
#6350 = LINE('',#6351,#6352);
#6351 = CARTESIAN_POINT('',(-23.,18.,0.));
#6352 = VECTOR('',#6353,1.);
#6353 = DIRECTION('',(0.,0.,1.));
#6354 = ORIENTED_EDGE('',*,*,#6355,.F.);
#6355 = EDGE_CURVE('',#6332,#6348,#6356,.T.);
#6356 = LINE('',#6357,#6358);
#6357 = CARTESIAN_POINT('',(-23.,-18.,23.));
#6358 = VECTOR('',#6359,1.);
#6359 = DIRECTION('',(-0.,1.,0.));
#6360 = PLANE('',#6361);
#6361 = AXIS2_PLACEMENT_3D('',#6362,#6363,#6364);
#6362 = CARTESIAN_POINT('',(-23.,-18.,0.));
#6363 = DIRECTION('',(1.,0.,-0.));
#6364 = DIRECTION('',(0.,0.,1.));
#6365 = ADVANCED_FACE('',(#6366),#6400,.T.);
#6366 = FACE_BOUND('',#6367,.T.);
#6367 = EDGE_LOOP('',(#6368,#6378,#6386,#6394));
#6368 = ORIENTED_EDGE('',*,*,#6369,.F.);
#6369 = EDGE_CURVE('',#6370,#6372,#6374,.T.);
#6370 = VERTEX_POINT('',#6371);
#6371 = CARTESIAN_POINT('',(23.,-18.,0.));
#6372 = VERTEX_POINT('',#6373);
#6373 = CARTESIAN_POINT('',(23.,-18.,23.));
#6374 = LINE('',#6375,#6376);
#6375 = CARTESIAN_POINT('',(23.,-18.,0.));
#6376 = VECTOR('',#6377,1.);
#6377 = DIRECTION('',(0.,0.,1.));
#6378 = ORIENTED_EDGE('',*,*,#6379,.T.);
#6379 = EDGE_CURVE('',#6370,#6380,#6382,.T.);
#6380 = VERTEX_POINT('',#6381);
#6381 = CARTESIAN_POINT('',(23.,18.,0.));
#6382 = LINE('',#6383,#6384);
#6383 = CARTESIAN_POINT('',(23.,-18.,0.));
#6384 = VECTOR('',#6385,1.);
#6385 = DIRECTION('',(-0.,1.,0.));
#6386 = ORIENTED_EDGE('',*,*,#6387,.T.);
#6387 = EDGE_CURVE('',#6380,#6388,#6390,.T.);
#6388 = VERTEX_POINT('',#6389);
#6389 = CARTESIAN_POINT('',(23.,18.,23.));
#6390 = LINE('',#6391,#6392);
#6391 = CARTESIAN_POINT('',(23.,18.,0.));
#6392 = VECTOR('',#6393,1.);
#6393 = DIRECTION('',(0.,0.,1.));
#6394 = ORIENTED_EDGE('',*,*,#6395,.F.);
#6395 = EDGE_CURVE('',#6372,#6388,#6396,.T.);
#6396 = LINE('',#6397,#6398);
#6397 = CARTESIAN_POINT('',(23.,-18.,23.));
#6398 = VECTOR('',#6399,1.);
#6399 = DIRECTION('',(-0.,1.,0.));
#6400 = PLANE('',#6401);
#6401 = AXIS2_PLACEMENT_3D('',#6402,#6403,#6404);
#6402 = CARTESIAN_POINT('',(23.,-18.,0.));
#6403 = DIRECTION('',(1.,0.,-0.));
#6404 = DIRECTION('',(0.,0.,1.));
#6405 = ADVANCED_FACE('',(#6406),#6422,.F.);
#6406 = FACE_BOUND('',#6407,.F.);
#6407 = EDGE_LOOP('',(#6408,#6414,#6415,#6421));
#6408 = ORIENTED_EDGE('',*,*,#6409,.F.);
#6409 = EDGE_CURVE('',#6330,#6370,#6410,.T.);
#6410 = LINE('',#6411,#6412);
#6411 = CARTESIAN_POINT('',(-23.,-18.,0.));
#6412 = VECTOR('',#6413,1.);
#6413 = DIRECTION('',(1.,0.,-0.));
#6414 = ORIENTED_EDGE('',*,*,#6329,.T.);
#6415 = ORIENTED_EDGE('',*,*,#6416,.T.);
#6416 = EDGE_CURVE('',#6332,#6372,#6417,.T.);
#6417 = LINE('',#6418,#6419);
#6418 = CARTESIAN_POINT('',(-23.,-18.,23.));
#6419 = VECTOR('',#6420,1.);
#6420 = DIRECTION('',(1.,0.,-0.));
#6421 = ORIENTED_EDGE('',*,*,#6369,.F.);
#6422 = PLANE('',#6423);
#6423 = AXIS2_PLACEMENT_3D('',#6424,#6425,#6426);
#6424 = CARTESIAN_POINT('',(-23.,-18.,0.));
#6425 = DIRECTION('',(-0.,1.,0.));
#6426 = DIRECTION('',(0.,0.,1.));
#6427 = ADVANCED_FACE('',(#6428),#6444,.T.);
#6428 = FACE_BOUND('',#6429,.T.);
#6429 = EDGE_LOOP('',(#6430,#6436,#6437,#6443));
#6430 = ORIENTED_EDGE('',*,*,#6431,.F.);
#6431 = EDGE_CURVE('',#6340,#6380,#6432,.T.);
#6432 = LINE('',#6433,#6434);
#6433 = CARTESIAN_POINT('',(-23.,18.,0.));
#6434 = VECTOR('',#6435,1.);
#6435 = DIRECTION('',(1.,0.,-0.));
#6436 = ORIENTED_EDGE('',*,*,#6347,.T.);
#6437 = ORIENTED_EDGE('',*,*,#6438,.T.);
#6438 = EDGE_CURVE('',#6348,#6388,#6439,.T.);
#6439 = LINE('',#6440,#6441);
#6440 = CARTESIAN_POINT('',(-23.,18.,23.));
#6441 = VECTOR('',#6442,1.);
#6442 = DIRECTION('',(1.,0.,-0.));
#6443 = ORIENTED_EDGE('',*,*,#6387,.F.);
#6444 = PLANE('',#6445);
#6445 = AXIS2_PLACEMENT_3D('',#6446,#6447,#6448);
#6446 = CARTESIAN_POINT('',(-23.,18.,0.));
#6447 = DIRECTION('',(-0.,1.,0.));
#6448 = DIRECTION('',(0.,0.,1.));
#6449 = ADVANCED_FACE('',(#6450),#6456,.F.);
#6450 = FACE_BOUND('',#6451,.F.);
#6451 = EDGE_LOOP('',(#6452,#6453,#6454,#6455));
#6452 = ORIENTED_EDGE('',*,*,#6339,.F.);
#6453 = ORIENTED_EDGE('',*,*,#6409,.T.);
#6454 = ORIENTED_EDGE('',*,*,#6379,.T.);
#6455 = ORIENTED_EDGE('',*,*,#6431,.F.);
#6456 = PLANE('',#6457);
#6457 = AXIS2_PLACEMENT_3D('',#6458,#6459,#6460);
#6458 = CARTESIAN_POINT('',(-23.,-18.,0.));
#6459 = DIRECTION('',(0.,0.,1.));
#6460 = DIRECTION('',(1.,0.,-0.));
#6461 = ADVANCED_FACE('',(#6462),#6468,.T.);
#6462 = FACE_BOUND('',#6463,.T.);
#6463 = EDGE_LOOP('',(#6464,#6465,#6466,#6467));
#6464 = ORIENTED_EDGE('',*,*,#6355,.F.);
#6465 = ORIENTED_EDGE('',*,*,#6416,.T.);
#6466 = ORIENTED_EDGE('',*,*,#6395,.T.);
#6467 = ORIENTED_EDGE('',*,*,#6438,.F.);
#6468 = PLANE('',#6469);
#6469 = AXIS2_PLACEMENT_3D('',#6470,#6471,#6472);
#6470 = CARTESIAN_POINT('',(-23.,-18.,23.));
#6471 = DIRECTION('',(0.,0.,1.));
#6472 = DIRECTION('',(1.,0.,-0.));
#6473 = ( GEOMETRIC_REPRESENTATION_CONTEXT(3) 
GLOBAL_UNCERTAINTY_ASSIGNED_CONTEXT((#6477)) 
GLOBAL_UNIT_ASSIGNED_CONTEXT((#6474,#6475,#6476)) REPRESENTATION_CONTEXT
('Context #1','3D Context with UNIT and UNCERTAINTY') );
#6474 = ( LENGTH_UNIT() NAMED_UNIT(*) SI_UNIT(.MILLI.,.METRE.) );
#6475 = ( NAMED_UNIT(*) PLANE_ANGLE_UNIT() SI_UNIT($,.RADIAN.) );
#6476 = ( NAMED_UNIT(*) SI_UNIT($,.STERADIAN.) SOLID_ANGLE_UNIT() );
#6477 = UNCERTAINTY_MEASURE_WITH_UNIT(LENGTH_MEASURE(1.E-07),#6474,
  'distance_accuracy_value','confusion accuracy');
#6478 = CONTEXT_DEPENDENT_SHAPE_REPRESENTATION(#6479,#6481);
#6479 = ( REPRESENTATION_RELATIONSHIP('','',#6322,#10) 
REPRESENTATION_RELATIONSHIP_WITH_TRANSFORMATION(#6480) 
SHAPE_REPRESENTATION_RELATIONSHIP() );
#6480 = ITEM_DEFINED_TRANSFORMATION('','',#11,#119);
#6481 = PRODUCT_DEFINITION_SHAPE('Placement','Placement of an item',
  #6482);
#6482 = NEXT_ASSEMBLY_USAGE_OCCURRENCE('27','folha3_b_garfo','',#5,#6317
  ,$);
#6483 = PRODUCT_RELATED_PRODUCT_CATEGORY('part',$,(#6319));
#6484 = SHAPE_DEFINITION_REPRESENTATION(#6485,#6491);
#6485 = PRODUCT_DEFINITION_SHAPE('','',#6486);
#6486 = PRODUCT_DEFINITION('design','',#6487,#6490);
#6487 = PRODUCT_DEFINITION_FORMATION('','',#6488);
#6488 = PRODUCT('folha3_b_placa','folha3_b_placa','',(#6489));
#6489 = PRODUCT_CONTEXT('',#2,'mechanical');
#6490 = PRODUCT_DEFINITION_CONTEXT('part definition',#2,'design');
#6491 = ADVANCED_BREP_SHAPE_REPRESENTATION('',(#11,#6492),#6642);
#6492 = MANIFOLD_SOLID_BREP('',#6493);
#6493 = CLOSED_SHELL('',(#6494,#6534,#6574,#6596,#6618,#6630));
#6494 = ADVANCED_FACE('',(#6495),#6529,.F.);
#6495 = FACE_BOUND('',#6496,.F.);
#6496 = EDGE_LOOP('',(#6497,#6507,#6515,#6523));
#6497 = ORIENTED_EDGE('',*,*,#6498,.F.);
#6498 = EDGE_CURVE('',#6499,#6501,#6503,.T.);
#6499 = VERTEX_POINT('',#6500);
#6500 = CARTESIAN_POINT('',(-45.75,-30.,0.));
#6501 = VERTEX_POINT('',#6502);
#6502 = CARTESIAN_POINT('',(-45.75,-30.,4.));
#6503 = LINE('',#6504,#6505);
#6504 = CARTESIAN_POINT('',(-45.75,-30.,0.));
#6505 = VECTOR('',#6506,1.);
#6506 = DIRECTION('',(0.,0.,1.));
#6507 = ORIENTED_EDGE('',*,*,#6508,.T.);
#6508 = EDGE_CURVE('',#6499,#6509,#6511,.T.);
#6509 = VERTEX_POINT('',#6510);
#6510 = CARTESIAN_POINT('',(-45.75,30.,0.));
#6511 = LINE('',#6512,#6513);
#6512 = CARTESIAN_POINT('',(-45.75,-30.,0.));
#6513 = VECTOR('',#6514,1.);
#6514 = DIRECTION('',(-0.,1.,0.));
#6515 = ORIENTED_EDGE('',*,*,#6516,.T.);
#6516 = EDGE_CURVE('',#6509,#6517,#6519,.T.);
#6517 = VERTEX_POINT('',#6518);
#6518 = CARTESIAN_POINT('',(-45.75,30.,4.));
#6519 = LINE('',#6520,#6521);
#6520 = CARTESIAN_POINT('',(-45.75,30.,0.));
#6521 = VECTOR('',#6522,1.);
#6522 = DIRECTION('',(0.,0.,1.));
#6523 = ORIENTED_EDGE('',*,*,#6524,.F.);
#6524 = EDGE_CURVE('',#6501,#6517,#6525,.T.);
#6525 = LINE('',#6526,#6527);
#6526 = CARTESIAN_POINT('',(-45.75,-30.,4.));
#6527 = VECTOR('',#6528,1.);
#6528 = DIRECTION('',(-0.,1.,0.));
#6529 = PLANE('',#6530);
#6530 = AXIS2_PLACEMENT_3D('',#6531,#6532,#6533);
#6531 = CARTESIAN_POINT('',(-45.75,-30.,0.));
#6532 = DIRECTION('',(1.,0.,-0.));
#6533 = DIRECTION('',(0.,0.,1.));
#6534 = ADVANCED_FACE('',(#6535),#6569,.T.);
#6535 = FACE_BOUND('',#6536,.T.);
#6536 = EDGE_LOOP('',(#6537,#6547,#6555,#6563));
#6537 = ORIENTED_EDGE('',*,*,#6538,.F.);
#6538 = EDGE_CURVE('',#6539,#6541,#6543,.T.);
#6539 = VERTEX_POINT('',#6540);
#6540 = CARTESIAN_POINT('',(45.75,-30.,0.));
#6541 = VERTEX_POINT('',#6542);
#6542 = CARTESIAN_POINT('',(45.75,-30.,4.));
#6543 = LINE('',#6544,#6545);
#6544 = CARTESIAN_POINT('',(45.75,-30.,0.));
#6545 = VECTOR('',#6546,1.);
#6546 = DIRECTION('',(0.,0.,1.));
#6547 = ORIENTED_EDGE('',*,*,#6548,.T.);
#6548 = EDGE_CURVE('',#6539,#6549,#6551,.T.);
#6549 = VERTEX_POINT('',#6550);
#6550 = CARTESIAN_POINT('',(45.75,30.,0.));
#6551 = LINE('',#6552,#6553);
#6552 = CARTESIAN_POINT('',(45.75,-30.,0.));
#6553 = VECTOR('',#6554,1.);
#6554 = DIRECTION('',(-0.,1.,0.));
#6555 = ORIENTED_EDGE('',*,*,#6556,.T.);
#6556 = EDGE_CURVE('',#6549,#6557,#6559,.T.);
#6557 = VERTEX_POINT('',#6558);
#6558 = CARTESIAN_POINT('',(45.75,30.,4.));
#6559 = LINE('',#6560,#6561);
#6560 = CARTESIAN_POINT('',(45.75,30.,0.));
#6561 = VECTOR('',#6562,1.);
#6562 = DIRECTION('',(0.,0.,1.));
#6563 = ORIENTED_EDGE('',*,*,#6564,.F.);
#6564 = EDGE_CURVE('',#6541,#6557,#6565,.T.);
#6565 = LINE('',#6566,#6567);
#6566 = CARTESIAN_POINT('',(45.75,-30.,4.));
#6567 = VECTOR('',#6568,1.);
#6568 = DIRECTION('',(-0.,1.,0.));
#6569 = PLANE('',#6570);
#6570 = AXIS2_PLACEMENT_3D('',#6571,#6572,#6573);
#6571 = CARTESIAN_POINT('',(45.75,-30.,0.));
#6572 = DIRECTION('',(1.,0.,-0.));
#6573 = DIRECTION('',(0.,0.,1.));
#6574 = ADVANCED_FACE('',(#6575),#6591,.F.);
#6575 = FACE_BOUND('',#6576,.F.);
#6576 = EDGE_LOOP('',(#6577,#6583,#6584,#6590));
#6577 = ORIENTED_EDGE('',*,*,#6578,.F.);
#6578 = EDGE_CURVE('',#6499,#6539,#6579,.T.);
#6579 = LINE('',#6580,#6581);
#6580 = CARTESIAN_POINT('',(-45.75,-30.,0.));
#6581 = VECTOR('',#6582,1.);
#6582 = DIRECTION('',(1.,0.,-0.));
#6583 = ORIENTED_EDGE('',*,*,#6498,.T.);
#6584 = ORIENTED_EDGE('',*,*,#6585,.T.);
#6585 = EDGE_CURVE('',#6501,#6541,#6586,.T.);
#6586 = LINE('',#6587,#6588);
#6587 = CARTESIAN_POINT('',(-45.75,-30.,4.));
#6588 = VECTOR('',#6589,1.);
#6589 = DIRECTION('',(1.,0.,-0.));
#6590 = ORIENTED_EDGE('',*,*,#6538,.F.);
#6591 = PLANE('',#6592);
#6592 = AXIS2_PLACEMENT_3D('',#6593,#6594,#6595);
#6593 = CARTESIAN_POINT('',(-45.75,-30.,0.));
#6594 = DIRECTION('',(-0.,1.,0.));
#6595 = DIRECTION('',(0.,0.,1.));
#6596 = ADVANCED_FACE('',(#6597),#6613,.T.);
#6597 = FACE_BOUND('',#6598,.T.);
#6598 = EDGE_LOOP('',(#6599,#6605,#6606,#6612));
#6599 = ORIENTED_EDGE('',*,*,#6600,.F.);
#6600 = EDGE_CURVE('',#6509,#6549,#6601,.T.);
#6601 = LINE('',#6602,#6603);
#6602 = CARTESIAN_POINT('',(-45.75,30.,0.));
#6603 = VECTOR('',#6604,1.);
#6604 = DIRECTION('',(1.,0.,-0.));
#6605 = ORIENTED_EDGE('',*,*,#6516,.T.);
#6606 = ORIENTED_EDGE('',*,*,#6607,.T.);
#6607 = EDGE_CURVE('',#6517,#6557,#6608,.T.);
#6608 = LINE('',#6609,#6610);
#6609 = CARTESIAN_POINT('',(-45.75,30.,4.));
#6610 = VECTOR('',#6611,1.);
#6611 = DIRECTION('',(1.,0.,-0.));
#6612 = ORIENTED_EDGE('',*,*,#6556,.F.);
#6613 = PLANE('',#6614);
#6614 = AXIS2_PLACEMENT_3D('',#6615,#6616,#6617);
#6615 = CARTESIAN_POINT('',(-45.75,30.,0.));
#6616 = DIRECTION('',(-0.,1.,0.));
#6617 = DIRECTION('',(0.,0.,1.));
#6618 = ADVANCED_FACE('',(#6619),#6625,.F.);
#6619 = FACE_BOUND('',#6620,.F.);
#6620 = EDGE_LOOP('',(#6621,#6622,#6623,#6624));
#6621 = ORIENTED_EDGE('',*,*,#6508,.F.);
#6622 = ORIENTED_EDGE('',*,*,#6578,.T.);
#6623 = ORIENTED_EDGE('',*,*,#6548,.T.);
#6624 = ORIENTED_EDGE('',*,*,#6600,.F.);
#6625 = PLANE('',#6626);
#6626 = AXIS2_PLACEMENT_3D('',#6627,#6628,#6629);
#6627 = CARTESIAN_POINT('',(-45.75,-30.,0.));
#6628 = DIRECTION('',(0.,0.,1.));
#6629 = DIRECTION('',(1.,0.,-0.));
#6630 = ADVANCED_FACE('',(#6631),#6637,.T.);
#6631 = FACE_BOUND('',#6632,.T.);
#6632 = EDGE_LOOP('',(#6633,#6634,#6635,#6636));
#6633 = ORIENTED_EDGE('',*,*,#6524,.F.);
#6634 = ORIENTED_EDGE('',*,*,#6585,.T.);
#6635 = ORIENTED_EDGE('',*,*,#6564,.T.);
#6636 = ORIENTED_EDGE('',*,*,#6607,.F.);
#6637 = PLANE('',#6638);
#6638 = AXIS2_PLACEMENT_3D('',#6639,#6640,#6641);
#6639 = CARTESIAN_POINT('',(-45.75,-30.,4.));
#6640 = DIRECTION('',(0.,0.,1.));
#6641 = DIRECTION('',(1.,0.,-0.));
#6642 = ( GEOMETRIC_REPRESENTATION_CONTEXT(3) 
GLOBAL_UNCERTAINTY_ASSIGNED_CONTEXT((#6646)) 
GLOBAL_UNIT_ASSIGNED_CONTEXT((#6643,#6644,#6645)) REPRESENTATION_CONTEXT
('Context #1','3D Context with UNIT and UNCERTAINTY') );
#6643 = ( LENGTH_UNIT() NAMED_UNIT(*) SI_UNIT(.MILLI.,.METRE.) );
#6644 = ( NAMED_UNIT(*) PLANE_ANGLE_UNIT() SI_UNIT($,.RADIAN.) );
#6645 = ( NAMED_UNIT(*) SI_UNIT($,.STERADIAN.) SOLID_ANGLE_UNIT() );
#6646 = UNCERTAINTY_MEASURE_WITH_UNIT(LENGTH_MEASURE(1.E-07),#6643,
  'distance_accuracy_value','confusion accuracy');
#6647 = CONTEXT_DEPENDENT_SHAPE_REPRESENTATION(#6648,#6650);
#6648 = ( REPRESENTATION_RELATIONSHIP('','',#6491,#10) 
REPRESENTATION_RELATIONSHIP_WITH_TRANSFORMATION(#6649) 
SHAPE_REPRESENTATION_RELATIONSHIP() );
#6649 = ITEM_DEFINED_TRANSFORMATION('','',#11,#123);
#6650 = PRODUCT_DEFINITION_SHAPE('Placement','Placement of an item',
  #6651);
#6651 = NEXT_ASSEMBLY_USAGE_OCCURRENCE('28','folha3_b_placa','',#5,#6486
  ,$);
#6652 = PRODUCT_RELATED_PRODUCT_CATEGORY('part',$,(#6488));
ENDSEC;
END-ISO-10303-21;
