999
FreeCAD v1.1 44987 (Git)
  0
SECTION
  2
HEADER
  9
$ACADVER
  1
AC1014
  9
$ACADMAINTVER
 70
     9
  9
$DWGCODEPAGE
  3
ANSI_1252
  9
$TEXTSTYLE
  7
STANDARD
  9
$DIMSTYLE
  2
STANDARD
  9
$DIMTXSTY
  7
STANDARD
  9
$CMLSTYLE
  2
STANDARD
  9
$LUNITS
 70
2
  9
$INSUNITS
 70
4
  9
$PEXTMAX
 10
50
 20
50
 30
50
  9
$PEXTMIN
 10
0
 20
0
 30
0
  9
$HANDSEED
  5
FFFF
  0
ENDSEC
  0
SECTION
  2
CLASSES
  0
CLASS
  1
ACDBDICTIONARYWDFLT
  2
AcDbDictionaryWithDefault
  3
ObjectDBX Classes
 90
        0
280
     0
281
     0
  0
CLASS
  1
XRECORD
  2
AcDbXrecord
  3
ObjectDBX Classes
 90
        0
280
     0
281
     0
  0
CLASS
  1
LWPOLYLINE
  2
AcDbPolyline
  3
ObjectDBX Classes
 90
        0
280
     0
281
     1
  0
ENDSEC
  0
SECTION
  2
TABLES
  0
TABLE
  2
VPORT
  5
20
330
0
100
AcDbSymbolTable
 70
     1
  0
VPORT
  5
21
330
20
100
AcDbSymbolTableRecord
100
AcDbViewportTableRecord
  2
*ACTIVE
 70
     0
  0
ENDTAB
  0
TABLE
  2
LTYPE
  5
22
330
0
100
AcDbSymbolTable
 70
     1
  0
LTYPE
  5
23
330
21
100
AcDbSymbolTableRecord
100
AcDbLinetypeTableRecord
  2
BYBLOCK
 70
     0
  3

 72
    65
 73
     0
 40
0.0
  0
LTYPE
  5
24
330
21
100
AcDbSymbolTableRecord
100
AcDbLinetypeTableRecord
  2
BYLAYER
 70
     0
  3

 72
    65
 73
     0
 40
0.0
  0
LTYPE
  5
25
330
21
100
AcDbSymbolTableRecord
100
AcDbLinetypeTableRecord
  2
CONTINUOUS
 70
     0
  3
Solid line
 72
    65
 73
     0
 40
0.0
  0
ENDTAB
  0
TABLE
  2
LAYER
  5
120F
330
0
100
AcDbSymbolTable
 70
6
  0
LAYER
  5
1210
330
120F
100
AcDbSymbolTableRecord
100
AcDbLayerTableRecord
  2
0
 70
   0
 62
   7
  6
CONTINUOUS
  0
LAYER
  5
1211
330
120F
100
AcDbSymbolTableRecord
100
AcDbLayerTableRecord
  2
Frente
 70
    0
 62
    7
  6
CONTINUOUS
  0
LAYER
  5
1212
330
120F
100
AcDbSymbolTableRecord
100
AcDbLayerTableRecord
  2
Lateral
 70
    0
 62
    7
  6
CONTINUOUS
  0
LAYER
  5
1213
330
120F
100
AcDbSymbolTableRecord
100
AcDbLayerTableRecord
  2
Planta
 70
    0
 62
    7
  6
CONTINUOUS
  0
LAYER
  5
1214
330
120F
100
AcDbSymbolTableRecord
100
AcDbLayerTableRecord
  2
Iso
 70
    0
 62
    7
  6
CONTINUOUS
  0
LAYER
  5
1215
330
120F
100
AcDbSymbolTableRecord
100
AcDbLayerTableRecord
  2
Detalhe
 70
    0
 62
    7
  6
CONTINUOUS
  0
ENDTAB
  0
TABLE
  2
STYLE
  5
70
330
0
100
AcDbSymbolTable
 70
     2
  0
STYLE
  5
71
330
70
100
AcDbSymbolTableRecord
100
AcDbTextStyleTableRecord
  2
STANDARD
 70
     0
 40
0.0
 41
1.0
 50
0.0
 71
     0
 42
2.5
  3
arial.ttf
  4

  0
STYLE
  5
72
330
70
100
AcDbSymbolTableRecord
100
AcDbTextStyleTableRecord
  2
ANNOTATIVE
 70
     0
 40
0.0
 41
1.0
 50
0.0
 71
     0
 42
2.5
  3
arial.ttf
  4

  0
ENDTAB
  0
TABLE
  2
VIEW
  5
73
330
0
100
AcDbSymbolTable
 70
     0
  0
ENDTAB
  0
TABLE
  2
UCS
  5
74
330
0
100
AcDbSymbolTable
 70
     0
  0
ENDTAB
  0
TABLE
  2
APPID
  5
75
330
0
100
AcDbSymbolTable
 70
     2
  0
APPID
  5
76
330
75
100
AcDbSymbolTableRecord
100
AcDbRegAppTableRecord
  2
ACAD
 70
     0
  0
APPID
  5
77
330
75
100
AcDbSymbolTableRecord
100
AcDbRegAppTableRecord
  2
ACADANNOTATIVE
 70
     0
  0
ENDTAB
  0
TABLE
  2
DIMSTYLE
  5
78
330
0
100
AcDbSymbolTable
 70
     2
  0
DIMSTYLE
105
79
330
78
100
AcDbSymbolTableRecord
100
AcDbDimStyleTableRecord
  2
STANDARD
 70
     0
  3

  4

  5

  6

  7

 40
0.0
 41
2.5
 42
0.625
 43
3.75
 44
1.25
 45
0.0
 46
0.0
 47
0.0
 48
0.0
140
2.5
141
2.5
142
0.0
143
0.03937007874016
144
1.0
145
0.0
146
1.0
147
0.625
 71
     0
 72
     0
 73
     0
 74
     0
 75
     0
 76
     0
 77
     1
 78
     8
170
     0
171
     3
172
     1
173
     0
174
     0
175
     0
176
     0
177
     0
178
     0
270
     2
271
     2
272
     2
273
     2
274
     3
340
71
275
     0
280
     0
281
     0
282
     0
283
     0
284
     8
285
     0
286
     0
287
     3
288
     0
  0
ENDTAB
  0
TABLE
  2
BLOCK_RECORD
  5
A01
330
0
100
AcDbSymbolTable
  70
5
  0
BLOCK_RECORD
  5
A02
330
A01
100
AcDbSymbolTableRecord
100
AcDbBlockTableRecord
  2
*MODEL_SPACE
  0
BLOCK_RECORD
  5
A03
330
A01
100
AcDbSymbolTableRecord
100
AcDbBlockTableRecord
  2
*PAPER_SPACE
  0
ENDTAB
  0
ENDSEC
  0
SECTION
  2
BLOCKS
  0
BLOCK
  5
A04
330
A02
100
AcDbEntity
  8
0
100
AcDbBlockBegin
  2
*MODEL_SPACE
 70
   0
 10
0
 20
0
 30
0
  3
*MODEL_SPACE
  1
 
  0
ENDBLK
  5
A05
330
A02
100
AcDbEntity
  8
0
100
AcDbBlockEnd
  0
BLOCK
  5
A06
330
A03
100
AcDbEntity
 67
1
  8
0
100
AcDbBlockBegin
  2
*PAPER_SPACE
 70
   0
 10
0
 20
0
 30
0
  3
*PAPER_SPACE
  1
 
  0
ENDBLK
  5
A07
330
A03
100
AcDbEntity
 67
    1
  8
0
100
AcDbBlockEnd
  0
ENDSEC
  0
SECTION
  2
ENTITIES
  0
LINE
  5
A08
330
A02
100
AcDbEntity
  8
Frente
100
AcDbLine
 10
129.299038106
 20
177.300000000
 30
0.000000000
 11
129.299038106
 21
257.300000000
 31
0.000000000
  0
LINE
  5
A09
330
A02
100
AcDbEntity
  8
Frente
100
AcDbLine
 10
129.299038106
 20
257.300000000
 30
0.000000000
 11
128.000000000
 21
257.300000000
 31
0.000000000
  0
LINE
  5
A0A
330
A02
100
AcDbEntity
  8
Frente
100
AcDbLine
 10
128.000000000
 20
177.300000000
 30
0.000000000
 11
128.000000000
 21
257.300000000
 31
0.000000000
  0
LINE
  5
A0B
330
A02
100
AcDbEntity
  8
Frente
100
AcDbLine
 10
129.299038106
 20
177.300000000
 30
0.000000000
 11
128.000000000
 21
177.300000000
 31
0.000000000
  0
LINE
  5
A0C
330
A02
100
AcDbEntity
  8
Frente
100
AcDbLine
 10
127.250000000
 20
177.300000000
 30
0.000000000
 11
127.250000000
 21
257.300000000
 31
0.000000000
  0
LINE
  5
A0D
330
A02
100
AcDbEntity
  8
Frente
100
AcDbLine
 10
128.000000000
 20
177.300000000
 30
0.000000000
 11
127.250000000
 21
177.300000000
 31
0.000000000
  0
LINE
  5
A0E
330
A02
100
AcDbEntity
  8
Frente
100
AcDbLine
 10
128.000000000
 20
257.300000000
 30
0.000000000
 11
127.250000000
 21
257.300000000
 31
0.000000000
  0
LINE
  5
A0F
330
A02
100
AcDbEntity
  8
Frente
100
AcDbLine
 10
107.549038106
 20
178.800000000
 30
0.000000000
 11
107.549038106
 21
255.800000000
 31
0.000000000
  0
LINE
  5
A10
330
A02
100
AcDbEntity
  8
Frente
100
AcDbLine
 10
106.250000000
 20
177.300000000
 30
0.000000000
 11
106.250000000
 21
257.300000000
 31
0.000000000
  0
LINE
  5
A11
330
A02
100
AcDbEntity
  8
Frente
100
AcDbLine
 10
105.883974596
 20
177.300000000
 30
0.000000000
 11
105.500000000
 21
177.300000000
 31
0.000000000
  0
LINE
  5
A12
330
A02
100
AcDbEntity
  8
Frente
100
AcDbLine
 10
106.250000000
 20
257.300000000
 30
0.000000000
 11
105.500000000
 21
257.300000000
 31
0.000000000
  0
LINE
  5
A13
330
A02
100
AcDbEntity
  8
Frente
100
AcDbLine
 10
127.250000000
 20
177.300000000
 30
0.000000000
 11
127.250000000
 21
178.800000000
 31
0.000000000
  0
LINE
  5
A14
330
A02
100
AcDbEntity
  8
Frente
100
AcDbLine
 10
106.250000000
 20
177.300000000
 30
0.000000000
 11
106.250000000
 21
178.800000000
 31
0.000000000
  0
LINE
  5
A15
330
A02
100
AcDbEntity
  8
Frente
100
AcDbLine
 10
123.383974596
 20
177.300000000
 30
0.000000000
 11
109.165849365
 21
177.300000000
 31
0.000000000
  0
LINE
  5
A16
330
A02
100
AcDbEntity
  8
Frente
100
AcDbLine
 10
127.250000000
 20
178.800000000
 30
0.000000000
 11
106.250000000
 21
178.800000000
 31
0.000000000
  0
LINE
  5
A17
330
A02
100
AcDbEntity
  8
Frente
100
AcDbLine
 10
127.250000000
 20
255.800000000
 30
0.000000000
 11
127.250000000
 21
257.300000000
 31
0.000000000
  0
LINE
  5
A18
330
A02
100
AcDbEntity
  8
Frente
100
AcDbLine
 10
106.250000000
 20
255.800000000
 30
0.000000000
 11
106.250000000
 21
257.300000000
 31
0.000000000
  0
LINE
  5
A19
330
A02
100
AcDbEntity
  8
Frente
100
AcDbLine
 10
127.250000000
 20
255.800000000
 30
0.000000000
 11
106.250000000
 21
255.800000000
 31
0.000000000
  0
LINE
  5
A1A
330
A02
100
AcDbEntity
  8
Frente
100
AcDbLine
 10
127.250000000
 20
257.300000000
 30
0.000000000
 11
106.250000000
 21
257.300000000
 31
0.000000000
  0
LINE
  5
A1B
330
A02
100
AcDbEntity
  8
Frente
100
AcDbLine
 10
128.915063509
 20
177.100000000
 30
0.000000000
 11
128.915063509
 21
177.300000000
 31
0.000000000
  0
LINE
  5
A1C
330
A02
100
AcDbEntity
  8
Frente
100
AcDbLine
 10
127.250000000
 20
177.300000000
 30
0.000000000
 11
125.883974596
 21
177.300000000
 31
0.000000000
  0
LINE
  5
A1D
330
A02
100
AcDbEntity
  8
Frente
100
AcDbLine
 10
125.883974596
 20
177.100000000
 30
0.000000000
 11
125.883974596
 21
177.300000000
 31
0.000000000
  0
LINE
  5
A1E
330
A02
100
AcDbEntity
  8
Frente
100
AcDbLine
 10
128.915063509
 20
177.100000000
 30
0.000000000
 11
125.883974596
 21
177.100000000
 31
0.000000000
  0
LINE
  5
A1F
330
A02
100
AcDbEntity
  8
Frente
100
AcDbLine
 10
125.883974596
 20
177.300000000
 30
0.000000000
 11
123.383974596
 21
177.300000000
 31
0.000000000
  0
LINE
  5
A20
330
A02
100
AcDbEntity
  8
Frente
100
AcDbLine
 10
125.883974596
 20
177.100000000
 30
0.000000000
 11
123.383974596
 21
177.100000000
 31
0.000000000
  0
LINE
  5
A21
330
A02
100
AcDbEntity
  8
Frente
100
AcDbLine
 10
123.383974596
 20
177.100000000
 30
0.000000000
 11
123.383974596
 21
177.300000000
 31
0.000000000
  0
LWPOLYLINE
  5
A22
330
A02
100
AcDbEntity
100
AcDbPolyline
  8
Frente
 90
2
 70
0
 43
0
 10
125.456698730
 20
175.750000000
 10
125.456698730
 20
172.000000000
  0
LWPOLYLINE
  5
A23
330
A02
100
AcDbEntity
100
AcDbPolyline
  8
Frente
 90
2
 70
0
 43
0
 10
125.456698730
 20
172.000000000
 10
125.456698730
 20
175.750000000
  0
LWPOLYLINE
  5
A24
330
A02
100
AcDbEntity
100
AcDbPolyline
  8
Frente
 90
2
 70
0
 43
0
 10
126.842339376
 20
172.000000000
 10
126.842339376
 20
175.750000000
  0
LINE
  5
A25
330
A02
100
AcDbEntity
  8
Frente
100
AcDbLine
 10
127.503941916
 20
175.750000000
 30
0.000000000
 11
127.503941916
 21
176.900000000
 31
0.000000000
  0
LINE
  5
A26
330
A02
100
AcDbEntity
  8
Frente
100
AcDbLine
 10
125.945096189
 20
175.750000000
 30
0.000000000
 11
125.945096189
 21
176.900000000
 31
0.000000000
  0
LINE
  5
A27
330
A02
100
AcDbEntity
  8
Frente
100
AcDbLine
 10
127.503941916
 20
175.750000000
 30
0.000000000
 11
125.945096189
 21
175.750000000
 31
0.000000000
  0
LINE
  5
A28
330
A02
100
AcDbEntity
  8
Frente
100
AcDbLine
 10
124.795096189
 20
175.750000000
 30
0.000000000
 11
124.795096189
 21
176.900000000
 31
0.000000000
  0
LINE
  5
A29
330
A02
100
AcDbEntity
  8
Frente
100
AcDbLine
 10
125.945096189
 20
175.750000000
 30
0.000000000
 11
124.795096189
 21
175.750000000
 31
0.000000000
  0
LINE
  5
A2A
330
A02
100
AcDbEntity
  8
Frente
100
AcDbLine
 10
128.592307159
 20
176.900000000
 30
0.000000000
 11
128.592307159
 21
177.100000000
 31
0.000000000
  0
LINE
  5
A2B
330
A02
100
AcDbEntity
  8
Frente
100
AcDbLine
 10
125.994230947
 20
176.900000000
 30
0.000000000
 11
125.994230947
 21
177.100000000
 31
0.000000000
  0
LINE
  5
A2C
330
A02
100
AcDbEntity
  8
Frente
100
AcDbLine
 10
128.592307159
 20
176.900000000
 30
0.000000000
 11
125.994230947
 21
176.900000000
 31
0.000000000
  0
LINE
  5
A2D
330
A02
100
AcDbEntity
  8
Frente
100
AcDbLine
 10
123.706730947
 20
176.900000000
 30
0.000000000
 11
123.706730947
 21
177.100000000
 31
0.000000000
  0
LINE
  5
A2E
330
A02
100
AcDbEntity
  8
Frente
100
AcDbLine
 10
125.994230947
 20
176.900000000
 30
0.000000000
 11
123.706730947
 21
176.900000000
 31
0.000000000
  0
LINE
  5
A2F
330
A02
100
AcDbEntity
  8
Frente
100
AcDbLine
 10
111.415063509
 20
177.100000000
 30
0.000000000
 11
111.415063509
 21
177.300000000
 31
0.000000000
  0
LINE
  5
A30
330
A02
100
AcDbEntity
  8
Frente
100
AcDbLine
 10
111.415063509
 20
177.300000000
 30
0.000000000
 11
108.383974596
 21
177.300000000
 31
0.000000000
  0
LINE
  5
A31
330
A02
100
AcDbEntity
  8
Frente
100
AcDbLine
 10
108.383974596
 20
177.100000000
 30
0.000000000
 11
108.383974596
 21
177.300000000
 31
0.000000000
  0
LINE
  5
A32
330
A02
100
AcDbEntity
  8
Frente
100
AcDbLine
 10
111.415063509
 20
177.100000000
 30
0.000000000
 11
108.383974596
 21
177.100000000
 31
0.000000000
  0
LINE
  5
A33
330
A02
100
AcDbEntity
  8
Frente
100
AcDbLine
 10
108.383974596
 20
177.300000000
 30
0.000000000
 11
105.883974596
 21
177.300000000
 31
0.000000000
  0
LINE
  5
A34
330
A02
100
AcDbEntity
  8
Frente
100
AcDbLine
 10
108.383974596
 20
177.100000000
 30
0.000000000
 11
105.883974596
 21
177.100000000
 31
0.000000000
  0
LINE
  5
A35
330
A02
100
AcDbEntity
  8
Frente
100
AcDbLine
 10
105.883974596
 20
177.100000000
 30
0.000000000
 11
105.883974596
 21
177.300000000
 31
0.000000000
  0
LWPOLYLINE
  5
A36
330
A02
100
AcDbEntity
100
AcDbPolyline
  8
Frente
 90
2
 70
0
 43
0
 10
107.956698730
 20
175.750000000
 10
107.956698730
 20
172.000000000
  0
LWPOLYLINE
  5
A37
330
A02
100
AcDbEntity
100
AcDbPolyline
  8
Frente
 90
2
 70
0
 43
0
 10
107.956698730
 20
172.000000000
 10
107.956698730
 20
175.750000000
  0
LWPOLYLINE
  5
A38
330
A02
100
AcDbEntity
100
AcDbPolyline
  8
Frente
 90
2
 70
0
 43
0
 10
109.342339376
 20
172.000000000
 10
109.342339376
 20
175.750000000
  0
LINE
  5
A39
330
A02
100
AcDbEntity
  8
Frente
100
AcDbLine
 10
110.003941916
 20
175.750000000
 30
0.000000000
 11
110.003941916
 21
176.900000000
 31
0.000000000
  0
LINE
  5
A3A
330
A02
100
AcDbEntity
  8
Frente
100
AcDbLine
 10
108.445096189
 20
175.750000000
 30
0.000000000
 11
108.445096189
 21
176.900000000
 31
0.000000000
  0
LINE
  5
A3B
330
A02
100
AcDbEntity
  8
Frente
100
AcDbLine
 10
110.003941916
 20
175.750000000
 30
0.000000000
 11
108.445096189
 21
175.750000000
 31
0.000000000
  0
LINE
  5
A3C
330
A02
100
AcDbEntity
  8
Frente
100
AcDbLine
 10
107.295096189
 20
175.750000000
 30
0.000000000
 11
107.295096189
 21
176.900000000
 31
0.000000000
  0
LINE
  5
A3D
330
A02
100
AcDbEntity
  8
Frente
100
AcDbLine
 10
108.445096189
 20
175.750000000
 30
0.000000000
 11
107.295096189
 21
175.750000000
 31
0.000000000
  0
LINE
  5
A3E
330
A02
100
AcDbEntity
  8
Frente
100
AcDbLine
 10
111.092307159
 20
176.900000000
 30
0.000000000
 11
111.092307159
 21
177.100000000
 31
0.000000000
  0
LINE
  5
A3F
330
A02
100
AcDbEntity
  8
Frente
100
AcDbLine
 10
108.494230947
 20
176.900000000
 30
0.000000000
 11
108.494230947
 21
177.100000000
 31
0.000000000
  0
LINE
  5
A40
330
A02
100
AcDbEntity
  8
Frente
100
AcDbLine
 10
111.092307159
 20
176.900000000
 30
0.000000000
 11
108.494230947
 21
176.900000000
 31
0.000000000
  0
LINE
  5
A41
330
A02
100
AcDbEntity
  8
Frente
100
AcDbLine
 10
106.206730947
 20
176.900000000
 30
0.000000000
 11
106.206730947
 21
177.100000000
 31
0.000000000
  0
LINE
  5
A42
330
A02
100
AcDbEntity
  8
Frente
100
AcDbLine
 10
108.494230947
 20
176.900000000
 30
0.000000000
 11
106.206730947
 21
176.900000000
 31
0.000000000
  0
LINE
  5
A43
330
A02
100
AcDbEntity
  8
Frente
100
AcDbLine
 10
106.250000000
 20
257.300000000
 30
0.000000000
 11
105.125000000
 21
257.300000000
 31
0.000000000
  0
LINE
  5
A44
330
A02
100
AcDbEntity
  8
Frente
100
AcDbLine
 10
105.125000000
 20
177.300000000
 30
0.000000000
 11
105.125000000
 21
257.300000000
 31
0.000000000
  0
LINE
  5
A45
330
A02
100
AcDbEntity
  8
Frente
100
AcDbLine
 10
105.883974596
 20
177.300000000
 30
0.000000000
 11
105.125000000
 21
177.300000000
 31
0.000000000
  0
LINE
  5
A46
330
A02
100
AcDbEntity
  8
Frente
100
AcDbLine
 10
104.375000000
 20
178.800000000
 30
0.000000000
 11
104.375000000
 21
255.800000000
 31
0.000000000
  0
LINE
  5
A47
330
A02
100
AcDbEntity
  8
Frente
100
AcDbLine
 10
105.125000000
 20
177.300000000
 30
0.000000000
 11
104.649519053
 21
177.300000000
 31
0.000000000
  0
LINE
  5
A48
330
A02
100
AcDbEntity
  8
Frente
100
AcDbLine
 10
105.125000000
 20
257.300000000
 30
0.000000000
 11
104.649519053
 21
257.300000000
 31
0.000000000
  0
LINE
  5
A49
330
A02
100
AcDbEntity
  8
Frente
100
AcDbLine
 10
62.924038106
 20
178.800000000
 30
0.000000000
 11
62.924038106
 21
255.800000000
 31
0.000000000
  0
LINE
  5
A4A
330
A02
100
AcDbEntity
  8
Frente
100
AcDbLine
 10
62.649519053
 20
257.300000000
 30
0.000000000
 11
61.625000000
 21
257.300000000
 31
0.000000000
  0
LINE
  5
A4B
330
A02
100
AcDbEntity
  8
Frente
100
AcDbLine
 10
61.625000000
 20
177.300000000
 30
0.000000000
 11
61.625000000
 21
257.300000000
 31
0.000000000
  0
LINE
  5
A4C
330
A02
100
AcDbEntity
  8
Frente
100
AcDbLine
 10
62.649519053
 20
177.300000000
 30
0.000000000
 11
61.625000000
 21
177.300000000
 31
0.000000000
  0
LINE
  5
A4D
330
A02
100
AcDbEntity
  8
Frente
100
AcDbLine
 10
104.649519053
 20
177.300000000
 30
0.000000000
 11
104.649519053
 21
178.800000000
 31
0.000000000
  0
LINE
  5
A4E
330
A02
100
AcDbEntity
  8
Frente
100
AcDbLine
 10
62.649519053
 20
177.300000000
 30
0.000000000
 11
62.649519053
 21
178.800000000
 31
0.000000000
  0
LINE
  5
A4F
330
A02
100
AcDbEntity
  8
Frente
100
AcDbLine
 10
104.649519053
 20
177.300000000
 30
0.000000000
 11
62.649519053
 21
177.300000000
 31
0.000000000
  0
LINE
  5
A50
330
A02
100
AcDbEntity
  8
Frente
100
AcDbLine
 10
104.649519053
 20
178.800000000
 30
0.000000000
 11
62.649519053
 21
178.800000000
 31
0.000000000
  0
LINE
  5
A51
330
A02
100
AcDbEntity
  8
Frente
100
AcDbLine
 10
104.649519053
 20
255.800000000
 30
0.000000000
 11
104.649519053
 21
257.300000000
 31
0.000000000
  0
LINE
  5
A52
330
A02
100
AcDbEntity
  8
Frente
100
AcDbLine
 10
62.649519053
 20
255.800000000
 30
0.000000000
 11
62.649519053
 21
257.300000000
 31
0.000000000
  0
LINE
  5
A53
330
A02
100
AcDbEntity
  8
Frente
100
AcDbLine
 10
104.649519053
 20
255.800000000
 30
0.000000000
 11
62.649519053
 21
255.800000000
 31
0.000000000
  0
LINE
  5
A54
330
A02
100
AcDbEntity
  8
Frente
100
AcDbLine
 10
104.649519053
 20
257.300000000
 30
0.000000000
 11
62.649519053
 21
257.300000000
 31
0.000000000
  0
LINE
  5
A55
330
A02
100
AcDbEntity
  8
Frente
100
AcDbLine
 10
61.799038106
 20
177.300000000
 30
0.000000000
 11
61.799038106
 21
257.300000000
 31
0.000000000
  0
LINE
  5
A56
330
A02
100
AcDbEntity
  8
Frente
100
AcDbLine
 10
61.799038106
 20
257.300000000
 30
0.000000000
 11
61.049038106
 21
257.300000000
 31
0.000000000
  0
LINE
  5
A57
330
A02
100
AcDbEntity
  8
Frente
100
AcDbLine
 10
60.500000000
 20
178.800000000
 30
0.000000000
 11
60.500000000
 21
255.800000000
 31
0.000000000
  0
LINE
  5
A58
330
A02
100
AcDbEntity
  8
Frente
100
AcDbLine
 10
61.799038106
 20
177.300000000
 30
0.000000000
 11
61.415063509
 21
177.300000000
 31
0.000000000
  0
LINE
  5
A59
330
A02
100
AcDbEntity
  8
Frente
100
AcDbLine
 10
59.750000000
 20
178.800000000
 30
0.000000000
 11
59.750000000
 21
255.800000000
 31
0.000000000
  0
LINE
  5
A5A
330
A02
100
AcDbEntity
  8
Frente
100
AcDbLine
 10
40.049038106
 20
177.300000000
 30
0.000000000
 11
40.049038106
 21
257.300000000
 31
0.000000000
  0
LINE
  5
A5B
330
A02
100
AcDbEntity
  8
Frente
100
AcDbLine
 10
40.049038106
 20
257.300000000
 30
0.000000000
 11
38.750000000
 21
257.300000000
 31
0.000000000
  0
LINE
  5
A5C
330
A02
100
AcDbEntity
  8
Frente
100
AcDbLine
 10
38.750000000
 20
177.300000000
 30
0.000000000
 11
38.750000000
 21
257.300000000
 31
0.000000000
  0
LINE
  5
A5D
330
A02
100
AcDbEntity
  8
Frente
100
AcDbLine
 10
40.049038106
 20
177.300000000
 30
0.000000000
 11
38.750000000
 21
177.300000000
 31
0.000000000
  0
LINE
  5
A5E
330
A02
100
AcDbEntity
  8
Frente
100
AcDbLine
 10
38.000000000
 20
177.300000000
 30
0.000000000
 11
38.000000000
 21
257.300000000
 31
0.000000000
  0
LINE
  5
A5F
330
A02
100
AcDbEntity
  8
Frente
100
AcDbLine
 10
38.750000000
 20
177.300000000
 30
0.000000000
 11
38.000000000
 21
177.300000000
 31
0.000000000
  0
LINE
  5
A60
330
A02
100
AcDbEntity
  8
Frente
100
AcDbLine
 10
38.750000000
 20
257.300000000
 30
0.000000000
 11
38.000000000
 21
257.300000000
 31
0.000000000
  0
LINE
  5
A61
330
A02
100
AcDbEntity
  8
Frente
100
AcDbLine
 10
61.049038106
 20
177.300000000
 30
0.000000000
 11
61.049038106
 21
178.800000000
 31
0.000000000
  0
LINE
  5
A62
330
A02
100
AcDbEntity
  8
Frente
100
AcDbLine
 10
58.133188741
 20
177.300000000
 30
0.000000000
 11
43.915063509
 21
177.300000000
 31
0.000000000
  0
LINE
  5
A63
330
A02
100
AcDbEntity
  8
Frente
100
AcDbLine
 10
61.049038106
 20
178.800000000
 30
0.000000000
 11
40.049038106
 21
178.800000000
 31
0.000000000
  0
LINE
  5
A64
330
A02
100
AcDbEntity
  8
Frente
100
AcDbLine
 10
61.049038106
 20
255.800000000
 30
0.000000000
 11
61.049038106
 21
257.300000000
 31
0.000000000
  0
LINE
  5
A65
330
A02
100
AcDbEntity
  8
Frente
100
AcDbLine
 10
61.049038106
 20
255.800000000
 30
0.000000000
 11
40.049038106
 21
255.800000000
 31
0.000000000
  0
LINE
  5
A66
330
A02
100
AcDbEntity
  8
Frente
100
AcDbLine
 10
61.049038106
 20
257.300000000
 30
0.000000000
 11
40.049038106
 21
257.300000000
 31
0.000000000
  0
LINE
  5
A67
330
A02
100
AcDbEntity
  8
Frente
100
AcDbLine
 10
61.415063509
 20
177.100000000
 30
0.000000000
 11
61.415063509
 21
177.300000000
 31
0.000000000
  0
LINE
  5
A68
330
A02
100
AcDbEntity
  8
Frente
100
AcDbLine
 10
55.883974596
 20
177.100000000
 30
0.000000000
 11
55.883974596
 21
177.300000000
 31
0.000000000
  0
LINE
  5
A69
330
A02
100
AcDbEntity
  8
Frente
100
AcDbLine
 10
61.415063509
 20
177.300000000
 30
0.000000000
 11
58.915063509
 21
177.300000000
 31
0.000000000
  0
LINE
  5
A6A
330
A02
100
AcDbEntity
  8
Frente
100
AcDbLine
 10
55.883974596
 20
177.300000000
 30
0.000000000
 11
58.915063509
 21
177.300000000
 31
0.000000000
  0
LINE
  5
A6B
330
A02
100
AcDbEntity
  8
Frente
100
AcDbLine
 10
61.415063509
 20
177.100000000
 30
0.000000000
 11
58.915063509
 21
177.100000000
 31
0.000000000
  0
LINE
  5
A6C
330
A02
100
AcDbEntity
  8
Frente
100
AcDbLine
 10
58.915063509
 20
177.100000000
 30
0.000000000
 11
58.915063509
 21
177.300000000
 31
0.000000000
  0
LINE
  5
A6D
330
A02
100
AcDbEntity
  8
Frente
100
AcDbLine
 10
55.883974596
 20
177.100000000
 30
0.000000000
 11
58.915063509
 21
177.100000000
 31
0.000000000
  0
LWPOLYLINE
  5
A6E
330
A02
100
AcDbEntity
100
AcDbPolyline
  8
Frente
 90
2
 70
0
 43
0
 10
59.342339376
 20
175.750000000
 10
59.342339376
 20
172.000000000
  0
LWPOLYLINE
  5
A6F
330
A02
100
AcDbEntity
100
AcDbPolyline
  8
Frente
 90
2
 70
0
 43
0
 10
59.342339376
 20
172.000000000
 10
59.342339376
 20
175.750000000
  0
LWPOLYLINE
  5
A70
330
A02
100
AcDbEntity
100
AcDbPolyline
  8
Frente
 90
2
 70
0
 43
0
 10
57.956698730
 20
175.750000000
 10
57.956698730
 20
172.000000000
  0
LINE
  5
A71
330
A02
100
AcDbEntity
  8
Frente
100
AcDbLine
 10
60.003941916
 20
175.750000000
 30
0.000000000
 11
60.003941916
 21
176.900000000
 31
0.000000000
  0
LINE
  5
A72
330
A02
100
AcDbEntity
  8
Frente
100
AcDbLine
 10
57.295096189
 20
175.750000000
 30
0.000000000
 11
57.295096189
 21
176.900000000
 31
0.000000000
  0
LINE
  5
A73
330
A02
100
AcDbEntity
  8
Frente
100
AcDbLine
 10
58.853941916
 20
175.750000000
 30
0.000000000
 11
58.853941916
 21
176.900000000
 31
0.000000000
  0
LINE
  5
A74
330
A02
100
AcDbEntity
  8
Frente
100
AcDbLine
 10
57.295096189
 20
175.750000000
 30
0.000000000
 11
58.853941916
 21
175.750000000
 31
0.000000000
  0
LINE
  5
A75
330
A02
100
AcDbEntity
  8
Frente
100
AcDbLine
 10
60.003941916
 20
175.750000000
 30
0.000000000
 11
58.853941916
 21
175.750000000
 31
0.000000000
  0
LINE
  5
A76
330
A02
100
AcDbEntity
  8
Frente
100
AcDbLine
 10
61.092307159
 20
176.900000000
 30
0.000000000
 11
61.092307159
 21
177.100000000
 31
0.000000000
  0
LINE
  5
A77
330
A02
100
AcDbEntity
  8
Frente
100
AcDbLine
 10
56.206730947
 20
176.900000000
 30
0.000000000
 11
56.206730947
 21
177.100000000
 31
0.000000000
  0
LINE
  5
A78
330
A02
100
AcDbEntity
  8
Frente
100
AcDbLine
 10
58.804807159
 20
176.900000000
 30
0.000000000
 11
58.804807159
 21
177.100000000
 31
0.000000000
  0
LINE
  5
A79
330
A02
100
AcDbEntity
  8
Frente
100
AcDbLine
 10
56.206730947
 20
176.900000000
 30
0.000000000
 11
58.804807159
 21
176.900000000
 31
0.000000000
  0
LINE
  5
A7A
330
A02
100
AcDbEntity
  8
Frente
100
AcDbLine
 10
61.092307159
 20
176.900000000
 30
0.000000000
 11
58.804807159
 21
176.900000000
 31
0.000000000
  0
LINE
  5
A7B
330
A02
100
AcDbEntity
  8
Frente
100
AcDbLine
 10
43.915063509
 20
177.100000000
 30
0.000000000
 11
43.915063509
 21
177.300000000
 31
0.000000000
  0
LINE
  5
A7C
330
A02
100
AcDbEntity
  8
Frente
100
AcDbLine
 10
38.383974596
 20
177.100000000
 30
0.000000000
 11
38.383974596
 21
177.300000000
 31
0.000000000
  0
LINE
  5
A7D
330
A02
100
AcDbEntity
  8
Frente
100
AcDbLine
 10
43.915063509
 20
177.300000000
 30
0.000000000
 11
41.415063509
 21
177.300000000
 31
0.000000000
  0
LINE
  5
A7E
330
A02
100
AcDbEntity
  8
Frente
100
AcDbLine
 10
40.049038106
 20
177.300000000
 30
0.000000000
 11
41.415063509
 21
177.300000000
 31
0.000000000
  0
LINE
  5
A7F
330
A02
100
AcDbEntity
  8
Frente
100
AcDbLine
 10
43.915063509
 20
177.100000000
 30
0.000000000
 11
41.415063509
 21
177.100000000
 31
0.000000000
  0
LINE
  5
A80
330
A02
100
AcDbEntity
  8
Frente
100
AcDbLine
 10
41.415063509
 20
177.100000000
 30
0.000000000
 11
41.415063509
 21
177.300000000
 31
0.000000000
  0
LINE
  5
A81
330
A02
100
AcDbEntity
  8
Frente
100
AcDbLine
 10
38.383974596
 20
177.100000000
 30
0.000000000
 11
41.415063509
 21
177.100000000
 31
0.000000000
  0
LWPOLYLINE
  5
A82
330
A02
100
AcDbEntity
100
AcDbPolyline
  8
Frente
 90
2
 70
0
 43
0
 10
41.842339376
 20
175.750000000
 10
41.842339376
 20
172.000000000
  0
LWPOLYLINE
  5
A83
330
A02
100
AcDbEntity
100
AcDbPolyline
  8
Frente
 90
2
 70
0
 43
0
 10
41.842339376
 20
172.000000000
 10
41.842339376
 20
175.750000000
  0
LWPOLYLINE
  5
A84
330
A02
100
AcDbEntity
100
AcDbPolyline
  8
Frente
 90
2
 70
0
 43
0
 10
40.456698730
 20
175.750000000
 10
40.456698730
 20
172.000000000
  0
LINE
  5
A85
330
A02
100
AcDbEntity
  8
Frente
100
AcDbLine
 10
42.503941916
 20
175.750000000
 30
0.000000000
 11
42.503941916
 21
176.900000000
 31
0.000000000
  0
LINE
  5
A86
330
A02
100
AcDbEntity
  8
Frente
100
AcDbLine
 10
39.795096189
 20
175.750000000
 30
0.000000000
 11
39.795096189
 21
176.900000000
 31
0.000000000
  0
LINE
  5
A87
330
A02
100
AcDbEntity
  8
Frente
100
AcDbLine
 10
41.353941916
 20
175.750000000
 30
0.000000000
 11
41.353941916
 21
176.900000000
 31
0.000000000
  0
LINE
  5
A88
330
A02
100
AcDbEntity
  8
Frente
100
AcDbLine
 10
39.795096189
 20
175.750000000
 30
0.000000000
 11
41.353941916
 21
175.750000000
 31
0.000000000
  0
LINE
  5
A89
330
A02
100
AcDbEntity
  8
Frente
100
AcDbLine
 10
42.503941916
 20
175.750000000
 30
0.000000000
 11
41.353941916
 21
175.750000000
 31
0.000000000
  0
LINE
  5
A8A
330
A02
100
AcDbEntity
  8
Frente
100
AcDbLine
 10
43.592307159
 20
176.900000000
 30
0.000000000
 11
43.592307159
 21
177.100000000
 31
0.000000000
  0
LINE
  5
A8B
330
A02
100
AcDbEntity
  8
Frente
100
AcDbLine
 10
38.706730947
 20
176.900000000
 30
0.000000000
 11
38.706730947
 21
177.100000000
 31
0.000000000
  0
LINE
  5
A8C
330
A02
100
AcDbEntity
  8
Frente
100
AcDbLine
 10
41.304807159
 20
176.900000000
 30
0.000000000
 11
41.304807159
 21
177.100000000
 31
0.000000000
  0
LINE
  5
A8D
330
A02
100
AcDbEntity
  8
Frente
100
AcDbLine
 10
38.706730947
 20
176.900000000
 30
0.000000000
 11
41.304807159
 21
176.900000000
 31
0.000000000
  0
LINE
  5
A8E
330
A02
100
AcDbEntity
  8
Frente
100
AcDbLine
 10
43.592307159
 20
176.900000000
 30
0.000000000
 11
41.304807159
 21
176.900000000
 31
0.000000000
  0
LINE
  5
A8F
330
A02
100
AcDbEntity
  8
Frente
100
AcDbLine
 10
126.842339376
 20
172.000000000
 30
0.000000000
 11
125.456698730
 21
172.000000000
 31
0.000000000
  0
LINE
  5
A90
330
A02
100
AcDbEntity
  8
Frente
100
AcDbLine
 10
109.342339376
 20
172.000000000
 30
0.000000000
 11
107.956698730
 21
172.000000000
 31
0.000000000
  0
LINE
  5
A91
330
A02
100
AcDbEntity
  8
Frente
100
AcDbLine
 10
57.956698730
 20
172.000000000
 30
0.000000000
 11
59.342339376
 21
172.000000000
 31
0.000000000
  0
LINE
  5
A92
330
A02
100
AcDbEntity
  8
Frente
100
AcDbLine
 10
40.456698730
 20
172.000000000
 30
0.000000000
 11
41.842339376
 21
172.000000000
 31
0.000000000
  0
LINE
  5
A93
330
A02
100
AcDbEntity
  8
Frente
100
AcDbLine
 10
128.549038106
 20
177.300000000
 30
0.000000000
 11
128.549038106
 21
257.300000000
 31
0.000000000
  0
LINE
  5
A94
330
A02
100
AcDbEntity
  8
Frente
100
AcDbLine
 10
128.549038106
 20
257.300000000
 30
0.000000000
 11
127.250000000
 21
257.300000000
 31
0.000000000
  0
LINE
  5
A95
330
A02
100
AcDbEntity
  8
Frente
100
AcDbLine
 10
128.549038106
 20
177.300000000
 30
0.000000000
 11
127.250000000
 21
177.300000000
 31
0.000000000
  0
LINE
  5
A96
330
A02
100
AcDbEntity
  8
Frente
100
AcDbLine
 10
129.299038106
 20
177.300000000
 30
0.000000000
 11
128.549038106
 21
177.300000000
 31
0.000000000
  0
LINE
  5
A97
330
A02
100
AcDbEntity
  8
Frente
100
AcDbLine
 10
129.299038106
 20
257.300000000
 30
0.000000000
 11
128.549038106
 21
257.300000000
 31
0.000000000
  0
LINE
  5
A98
330
A02
100
AcDbEntity
  8
Frente
100
AcDbLine
 10
107.549038106
 20
177.300000000
 30
0.000000000
 11
107.549038106
 21
178.800000000
 31
0.000000000
  0
LINE
  5
A99
330
A02
100
AcDbEntity
  8
Frente
100
AcDbLine
 10
107.549038106
 20
255.800000000
 30
0.000000000
 11
107.549038106
 21
257.300000000
 31
0.000000000
  0
LINE
  5
A9A
330
A02
100
AcDbEntity
  8
Frente
100
AcDbLine
 10
107.549038106
 20
257.300000000
 30
0.000000000
 11
106.250000000
 21
257.300000000
 31
0.000000000
  0
LINE
  5
A9B
330
A02
100
AcDbEntity
  8
Frente
100
AcDbLine
 10
107.549038106
 20
177.300000000
 30
0.000000000
 11
106.250000000
 21
177.300000000
 31
0.000000000
  0
LINE
  5
A9C
330
A02
100
AcDbEntity
  8
Frente
100
AcDbLine
 10
106.799038106
 20
177.300000000
 30
0.000000000
 11
106.799038106
 21
257.300000000
 31
0.000000000
  0
LINE
  5
A9D
330
A02
100
AcDbEntity
  8
Frente
100
AcDbLine
 10
106.799038106
 20
257.300000000
 30
0.000000000
 11
105.500000000
 21
257.300000000
 31
0.000000000
  0
LINE
  5
A9E
330
A02
100
AcDbEntity
  8
Frente
100
AcDbLine
 10
105.500000000
 20
177.300000000
 30
0.000000000
 11
105.500000000
 21
257.300000000
 31
0.000000000
  0
LINE
  5
A9F
330
A02
100
AcDbEntity
  8
Frente
100
AcDbLine
 10
106.799038106
 20
177.300000000
 30
0.000000000
 11
105.500000000
 21
177.300000000
 31
0.000000000
  0
LINE
  5
AA0
330
A02
100
AcDbEntity
  8
Frente
100
AcDbLine
 10
107.549038106
 20
177.300000000
 30
0.000000000
 11
106.799038106
 21
177.300000000
 31
0.000000000
  0
LINE
  5
AA1
330
A02
100
AcDbEntity
  8
Frente
100
AcDbLine
 10
107.549038106
 20
257.300000000
 30
0.000000000
 11
106.799038106
 21
257.300000000
 31
0.000000000
  0
LINE
  5
AA2
330
A02
100
AcDbEntity
  8
Frente
100
AcDbLine
 10
106.250000000
 20
177.300000000
 30
0.000000000
 11
105.883974596
 21
177.300000000
 31
0.000000000
  0
LINE
  5
AA3
330
A02
100
AcDbEntity
  8
Frente
100
AcDbLine
 10
128.549038106
 20
177.300000000
 30
0.000000000
 11
128.549038106
 21
178.800000000
 31
0.000000000
  0
LINE
  5
AA4
330
A02
100
AcDbEntity
  8
Frente
100
AcDbLine
 10
128.549038106
 20
178.800000000
 30
0.000000000
 11
127.250000000
 21
178.800000000
 31
0.000000000
  0
LINE
  5
AA5
330
A02
100
AcDbEntity
  8
Frente
100
AcDbLine
 10
128.549038106
 20
177.300000000
 30
0.000000000
 11
127.250000000
 21
177.300000000
 31
0.000000000
  0
LINE
  5
AA6
330
A02
100
AcDbEntity
  8
Frente
100
AcDbLine
 10
107.549038106
 20
177.300000000
 30
0.000000000
 11
107.549038106
 21
178.800000000
 31
0.000000000
  0
LINE
  5
AA7
330
A02
100
AcDbEntity
  8
Frente
100
AcDbLine
 10
107.549038106
 20
178.800000000
 30
0.000000000
 11
106.250000000
 21
178.800000000
 31
0.000000000
  0
LINE
  5
AA8
330
A02
100
AcDbEntity
  8
Frente
100
AcDbLine
 10
107.549038106
 20
177.300000000
 30
0.000000000
 11
106.250000000
 21
177.300000000
 31
0.000000000
  0
LINE
  5
AA9
330
A02
100
AcDbEntity
  8
Frente
100
AcDbLine
 10
128.549038106
 20
177.300000000
 30
0.000000000
 11
107.549038106
 21
177.300000000
 31
0.000000000
  0
LINE
  5
AAA
330
A02
100
AcDbEntity
  8
Frente
100
AcDbLine
 10
128.549038106
 20
178.800000000
 30
0.000000000
 11
107.549038106
 21
178.800000000
 31
0.000000000
  0
LINE
  5
AAB
330
A02
100
AcDbEntity
  8
Frente
100
AcDbLine
 10
127.250000000
 20
177.300000000
 30
0.000000000
 11
123.383974596
 21
177.300000000
 31
0.000000000
  0
LINE
  5
AAC
330
A02
100
AcDbEntity
  8
Frente
100
AcDbLine
 10
109.165849365
 20
177.300000000
 30
0.000000000
 11
106.250000000
 21
177.300000000
 31
0.000000000
  0
LINE
  5
AAD
330
A02
100
AcDbEntity
  8
Frente
100
AcDbLine
 10
128.549038106
 20
255.800000000
 30
0.000000000
 11
128.549038106
 21
257.300000000
 31
0.000000000
  0
LINE
  5
AAE
330
A02
100
AcDbEntity
  8
Frente
100
AcDbLine
 10
128.549038106
 20
257.300000000
 30
0.000000000
 11
127.250000000
 21
257.300000000
 31
0.000000000
  0
LINE
  5
AAF
330
A02
100
AcDbEntity
  8
Frente
100
AcDbLine
 10
128.549038106
 20
255.800000000
 30
0.000000000
 11
127.250000000
 21
255.800000000
 31
0.000000000
  0
LINE
  5
AB0
330
A02
100
AcDbEntity
  8
Frente
100
AcDbLine
 10
107.549038106
 20
255.800000000
 30
0.000000000
 11
107.549038106
 21
257.300000000
 31
0.000000000
  0
LINE
  5
AB1
330
A02
100
AcDbEntity
  8
Frente
100
AcDbLine
 10
107.549038106
 20
257.300000000
 30
0.000000000
 11
106.250000000
 21
257.300000000
 31
0.000000000
  0
LINE
  5
AB2
330
A02
100
AcDbEntity
  8
Frente
100
AcDbLine
 10
107.549038106
 20
255.800000000
 30
0.000000000
 11
106.250000000
 21
255.800000000
 31
0.000000000
  0
LINE
  5
AB3
330
A02
100
AcDbEntity
  8
Frente
100
AcDbLine
 10
128.549038106
 20
255.800000000
 30
0.000000000
 11
107.549038106
 21
255.800000000
 31
0.000000000
  0
LINE
  5
AB4
330
A02
100
AcDbEntity
  8
Frente
100
AcDbLine
 10
128.549038106
 20
257.300000000
 30
0.000000000
 11
107.549038106
 21
257.300000000
 31
0.000000000
  0
LINE
  5
AB5
330
A02
100
AcDbEntity
  8
Frente
100
AcDbLine
 10
128.915063509
 20
177.300000000
 30
0.000000000
 11
127.250000000
 21
177.300000000
 31
0.000000000
  0
LINE
  5
AB6
330
A02
100
AcDbEntity
  8
Frente
100
AcDbLine
 10
128.915063509
 20
177.100000000
 30
0.000000000
 11
126.415063509
 21
177.100000000
 31
0.000000000
  0
LINE
  5
AB7
330
A02
100
AcDbEntity
  8
Frente
100
AcDbLine
 10
126.415063509
 20
177.100000000
 30
0.000000000
 11
126.415063509
 21
177.300000000
 31
0.000000000
  0
LINE
  5
AB8
330
A02
100
AcDbEntity
  8
Frente
100
AcDbLine
 10
128.915063509
 20
177.300000000
 30
0.000000000
 11
126.415063509
 21
177.300000000
 31
0.000000000
  0
LINE
  5
AB9
330
A02
100
AcDbEntity
  8
Frente
100
AcDbLine
 10
126.415063509
 20
177.300000000
 30
0.000000000
 11
123.383974596
 21
177.300000000
 31
0.000000000
  0
LINE
  5
ABA
330
A02
100
AcDbEntity
  8
Frente
100
AcDbLine
 10
127.772900172
 20
177.300000000
 30
0.000000000
 11
128.397900172
 21
177.300000000
 31
0.000000000
  0
LINE
  5
ABB
330
A02
100
AcDbEntity
  8
Frente
100
AcDbLine
 10
127.772900172
 20
177.300000000
 30
0.000000000
 11
127.383188741
 21
177.300000000
 31
0.000000000
  0
LINE
  5
ABC
330
A02
100
AcDbEntity
  8
Frente
100
AcDbLine
 10
128.397900172
 20
177.300000000
 30
0.000000000
 11
128.008188741
 21
177.300000000
 31
0.000000000
  0
LINE
  5
ABD
330
A02
100
AcDbEntity
  8
Frente
100
AcDbLine
 10
127.383188741
 20
177.300000000
 30
0.000000000
 11
128.008188741
 21
177.300000000
 31
0.000000000
  0
LINE
  5
ABE
330
A02
100
AcDbEntity
  8
Frente
100
AcDbLine
 10
126.022900172
 20
177.300000000
 30
0.000000000
 11
126.647900172
 21
177.300000000
 31
0.000000000
  0
LINE
  5
ABF
330
A02
100
AcDbEntity
  8
Frente
100
AcDbLine
 10
126.022900172
 20
177.300000000
 30
0.000000000
 11
125.633188741
 21
177.300000000
 31
0.000000000
  0
LINE
  5
AC0
330
A02
100
AcDbEntity
  8
Frente
100
AcDbLine
 10
126.647900172
 20
177.300000000
 30
0.000000000
 11
126.258188741
 21
177.300000000
 31
0.000000000
  0
LINE
  5
AC1
330
A02
100
AcDbEntity
  8
Frente
100
AcDbLine
 10
125.633188741
 20
177.300000000
 30
0.000000000
 11
126.258188741
 21
177.300000000
 31
0.000000000
  0
LINE
  5
AC2
330
A02
100
AcDbEntity
  8
Frente
100
AcDbLine
 10
126.040849365
 20
177.300000000
 30
0.000000000
 11
126.665849365
 21
177.300000000
 31
0.000000000
  0
LINE
  5
AC3
330
A02
100
AcDbEntity
  8
Frente
100
AcDbLine
 10
126.040849365
 20
177.300000000
 30
0.000000000
 11
125.651137933
 21
177.300000000
 31
0.000000000
  0
LINE
  5
AC4
330
A02
100
AcDbEntity
  8
Frente
100
AcDbLine
 10
126.665849365
 20
177.300000000
 30
0.000000000
 11
126.276137933
 21
177.300000000
 31
0.000000000
  0
LINE
  5
AC5
330
A02
100
AcDbEntity
  8
Frente
100
AcDbLine
 10
125.651137933
 20
177.300000000
 30
0.000000000
 11
126.276137933
 21
177.300000000
 31
0.000000000
  0
LINE
  5
AC6
330
A02
100
AcDbEntity
  8
Frente
100
AcDbLine
 10
124.290849365
 20
177.300000000
 30
0.000000000
 11
124.915849365
 21
177.300000000
 31
0.000000000
  0
LINE
  5
AC7
330
A02
100
AcDbEntity
  8
Frente
100
AcDbLine
 10
124.290849365
 20
177.300000000
 30
0.000000000
 11
123.901137933
 21
177.300000000
 31
0.000000000
  0
LINE
  5
AC8
330
A02
100
AcDbEntity
  8
Frente
100
AcDbLine
 10
123.901137933
 20
177.300000000
 30
0.000000000
 11
124.526137933
 21
177.300000000
 31
0.000000000
  0
LINE
  5
AC9
330
A02
100
AcDbEntity
  8
Frente
100
AcDbLine
 10
124.915849365
 20
177.300000000
 30
0.000000000
 11
124.526137933
 21
177.300000000
 31
0.000000000
  0
LINE
  5
ACA
330
A02
100
AcDbEntity
  8
Frente
100
AcDbLine
 10
126.415063509
 20
177.100000000
 30
0.000000000
 11
123.383974596
 21
177.100000000
 31
0.000000000
  0
LINE
  5
ACB
330
A02
100
AcDbEntity
  8
Frente
100
AcDbLine
 10
127.772900172
 20
177.100000000
 30
0.000000000
 11
128.397900172
 21
177.100000000
 31
0.000000000
  0
LINE
  5
ACC
330
A02
100
AcDbEntity
  8
Frente
100
AcDbLine
 10
127.772900172
 20
177.100000000
 30
0.000000000
 11
127.383188741
 21
177.100000000
 31
0.000000000
  0
LINE
  5
ACD
330
A02
100
AcDbEntity
  8
Frente
100
AcDbLine
 10
128.397900172
 20
177.100000000
 30
0.000000000
 11
128.008188741
 21
177.100000000
 31
0.000000000
  0
LINE
  5
ACE
330
A02
100
AcDbEntity
  8
Frente
100
AcDbLine
 10
127.383188741
 20
177.100000000
 30
0.000000000
 11
128.008188741
 21
177.100000000
 31
0.000000000
  0
LINE
  5
ACF
330
A02
100
AcDbEntity
  8
Frente
100
AcDbLine
 10
126.022900172
 20
177.100000000
 30
0.000000000
 11
126.647900172
 21
177.100000000
 31
0.000000000
  0
LINE
  5
AD0
330
A02
100
AcDbEntity
  8
Frente
100
AcDbLine
 10
126.022900172
 20
177.100000000
 30
0.000000000
 11
125.633188741
 21
177.100000000
 31
0.000000000
  0
LINE
  5
AD1
330
A02
100
AcDbEntity
  8
Frente
100
AcDbLine
 10
126.647900172
 20
177.100000000
 30
0.000000000
 11
126.258188741
 21
177.100000000
 31
0.000000000
  0
LINE
  5
AD2
330
A02
100
AcDbEntity
  8
Frente
100
AcDbLine
 10
125.633188741
 20
177.100000000
 30
0.000000000
 11
126.258188741
 21
177.100000000
 31
0.000000000
  0
LINE
  5
AD3
330
A02
100
AcDbEntity
  8
Frente
100
AcDbLine
 10
126.040849365
 20
177.100000000
 30
0.000000000
 11
126.665849365
 21
177.100000000
 31
0.000000000
  0
LINE
  5
AD4
330
A02
100
AcDbEntity
  8
Frente
100
AcDbLine
 10
126.040849365
 20
177.100000000
 30
0.000000000
 11
125.651137933
 21
177.100000000
 31
0.000000000
  0
LINE
  5
AD5
330
A02
100
AcDbEntity
  8
Frente
100
AcDbLine
 10
126.665849365
 20
177.100000000
 30
0.000000000
 11
126.276137933
 21
177.100000000
 31
0.000000000
  0
LINE
  5
AD6
330
A02
100
AcDbEntity
  8
Frente
100
AcDbLine
 10
125.651137933
 20
177.100000000
 30
0.000000000
 11
126.276137933
 21
177.100000000
 31
0.000000000
  0
LINE
  5
AD7
330
A02
100
AcDbEntity
  8
Frente
100
AcDbLine
 10
124.290849365
 20
177.100000000
 30
0.000000000
 11
124.915849365
 21
177.100000000
 31
0.000000000
  0
LINE
  5
AD8
330
A02
100
AcDbEntity
  8
Frente
100
AcDbLine
 10
124.290849365
 20
177.100000000
 30
0.000000000
 11
123.901137933
 21
177.100000000
 31
0.000000000
  0
LINE
  5
AD9
330
A02
100
AcDbEntity
  8
Frente
100
AcDbLine
 10
123.901137933
 20
177.100000000
 30
0.000000000
 11
124.526137933
 21
177.100000000
 31
0.000000000
  0
LINE
  5
ADA
330
A02
100
AcDbEntity
  8
Frente
100
AcDbLine
 10
124.915849365
 20
177.100000000
 30
0.000000000
 11
124.526137933
 21
177.100000000
 31
0.000000000
  0
LINE
  5
ADB
330
A02
100
AcDbEntity
  8
Frente
100
AcDbLine
 10
127.772900172
 20
177.100000000
 30
0.000000000
 11
127.772900172
 21
177.300000000
 31
0.000000000
  0
LINE
  5
ADC
330
A02
100
AcDbEntity
  8
Frente
100
AcDbLine
 10
128.397900172
 20
177.100000000
 30
0.000000000
 11
128.397900172
 21
177.300000000
 31
0.000000000
  0
LINE
  5
ADD
330
A02
100
AcDbEntity
  8
Frente
100
AcDbLine
 10
127.383188741
 20
177.100000000
 30
0.000000000
 11
127.383188741
 21
177.300000000
 31
0.000000000
  0
LINE
  5
ADE
330
A02
100
AcDbEntity
  8
Frente
100
AcDbLine
 10
128.008188741
 20
177.100000000
 30
0.000000000
 11
128.008188741
 21
177.300000000
 31
0.000000000
  0
LINE
  5
ADF
330
A02
100
AcDbEntity
  8
Frente
100
AcDbLine
 10
126.022900172
 20
177.100000000
 30
0.000000000
 11
126.022900172
 21
177.300000000
 31
0.000000000
  0
LINE
  5
AE0
330
A02
100
AcDbEntity
  8
Frente
100
AcDbLine
 10
126.647900172
 20
177.100000000
 30
0.000000000
 11
126.647900172
 21
177.300000000
 31
0.000000000
  0
LINE
  5
AE1
330
A02
100
AcDbEntity
  8
Frente
100
AcDbLine
 10
125.633188741
 20
177.100000000
 30
0.000000000
 11
125.633188741
 21
177.300000000
 31
0.000000000
  0
LINE
  5
AE2
330
A02
100
AcDbEntity
  8
Frente
100
AcDbLine
 10
126.258188741
 20
177.100000000
 30
0.000000000
 11
126.258188741
 21
177.300000000
 31
0.000000000
  0
LINE
  5
AE3
330
A02
100
AcDbEntity
  8
Frente
100
AcDbLine
 10
126.040849365
 20
177.100000000
 30
0.000000000
 11
126.040849365
 21
177.300000000
 31
0.000000000
  0
LINE
  5
AE4
330
A02
100
AcDbEntity
  8
Frente
100
AcDbLine
 10
126.665849365
 20
177.100000000
 30
0.000000000
 11
126.665849365
 21
177.300000000
 31
0.000000000
  0
LINE
  5
AE5
330
A02
100
AcDbEntity
  8
Frente
100
AcDbLine
 10
125.651137933
 20
177.100000000
 30
0.000000000
 11
125.651137933
 21
177.300000000
 31
0.000000000
  0
LINE
  5
AE6
330
A02
100
AcDbEntity
  8
Frente
100
AcDbLine
 10
126.276137933
 20
177.100000000
 30
0.000000000
 11
126.276137933
 21
177.300000000
 31
0.000000000
  0
LINE
  5
AE7
330
A02
100
AcDbEntity
  8
Frente
100
AcDbLine
 10
124.290849365
 20
177.100000000
 30
0.000000000
 11
124.290849365
 21
177.300000000
 31
0.000000000
  0
LINE
  5
AE8
330
A02
100
AcDbEntity
  8
Frente
100
AcDbLine
 10
124.915849365
 20
177.100000000
 30
0.000000000
 11
124.915849365
 21
177.300000000
 31
0.000000000
  0
LINE
  5
AE9
330
A02
100
AcDbEntity
  8
Frente
100
AcDbLine
 10
123.901137933
 20
177.100000000
 30
0.000000000
 11
123.901137933
 21
177.300000000
 31
0.000000000
  0
LINE
  5
AEA
330
A02
100
AcDbEntity
  8
Frente
100
AcDbLine
 10
124.526137933
 20
177.100000000
 30
0.000000000
 11
124.526137933
 21
177.300000000
 31
0.000000000
  0
LINE
  5
AEB
330
A02
100
AcDbEntity
  8
Frente
100
AcDbLine
 10
126.842339376
 20
175.750000000
 30
0.000000000
 11
125.456698730
 21
175.750000000
 31
0.000000000
  0
LWPOLYLINE
  5
AEC
330
A02
100
AcDbEntity
100
AcDbPolyline
  8
Frente
 90
2
 70
0
 43
0
 10
126.842339376
 20
175.750000000
 10
126.842339376
 20
172.000000000
  0
LINE
  5
AED
330
A02
100
AcDbEntity
  8
Frente
100
AcDbLine
 10
127.503941916
 20
176.900000000
 30
0.000000000
 11
125.945096189
 21
176.900000000
 31
0.000000000
  0
LINE
  5
AEE
330
A02
100
AcDbEntity
  8
Frente
100
AcDbLine
 10
126.353941916
 20
175.750000000
 30
0.000000000
 11
126.353941916
 21
176.900000000
 31
0.000000000
  0
LINE
  5
AEF
330
A02
100
AcDbEntity
  8
Frente
100
AcDbLine
 10
126.353941916
 20
176.900000000
 30
0.000000000
 11
124.795096189
 21
176.900000000
 31
0.000000000
  0
LINE
  5
AF0
330
A02
100
AcDbEntity
  8
Frente
100
AcDbLine
 10
126.353941916
 20
175.750000000
 30
0.000000000
 11
124.795096189
 21
175.750000000
 31
0.000000000
  0
LINE
  5
AF1
330
A02
100
AcDbEntity
  8
Frente
100
AcDbLine
 10
127.503941916
 20
175.750000000
 30
0.000000000
 11
126.353941916
 21
175.750000000
 31
0.000000000
  0
LINE
  5
AF2
330
A02
100
AcDbEntity
  8
Frente
100
AcDbLine
 10
127.503941916
 20
176.900000000
 30
0.000000000
 11
126.353941916
 21
176.900000000
 31
0.000000000
  0
LINE
  5
AF3
330
A02
100
AcDbEntity
  8
Frente
100
AcDbLine
 10
125.945096189
 20
176.900000000
 30
0.000000000
 11
124.795096189
 21
176.900000000
 31
0.000000000
  0
LINE
  5
AF4
330
A02
100
AcDbEntity
  8
Frente
100
AcDbLine
 10
128.592307159
 20
177.100000000
 30
0.000000000
 11
125.994230947
 21
177.100000000
 31
0.000000000
  0
LINE
  5
AF5
330
A02
100
AcDbEntity
  8
Frente
100
AcDbLine
 10
126.304807159
 20
176.900000000
 30
0.000000000
 11
126.304807159
 21
177.100000000
 31
0.000000000
  0
LINE
  5
AF6
330
A02
100
AcDbEntity
  8
Frente
100
AcDbLine
 10
126.304807159
 20
177.100000000
 30
0.000000000
 11
123.706730947
 21
177.100000000
 31
0.000000000
  0
LINE
  5
AF7
330
A02
100
AcDbEntity
  8
Frente
100
AcDbLine
 10
126.304807159
 20
176.900000000
 30
0.000000000
 11
123.706730947
 21
176.900000000
 31
0.000000000
  0
LINE
  5
AF8
330
A02
100
AcDbEntity
  8
Frente
100
AcDbLine
 10
128.592307159
 20
176.900000000
 30
0.000000000
 11
126.304807159
 21
176.900000000
 31
0.000000000
  0
LINE
  5
AF9
330
A02
100
AcDbEntity
  8
Frente
100
AcDbLine
 10
128.592307159
 20
177.100000000
 30
0.000000000
 11
126.304807159
 21
177.100000000
 31
0.000000000
  0
LINE
  5
AFA
330
A02
100
AcDbEntity
  8
Frente
100
AcDbLine
 10
125.994230947
 20
177.100000000
 30
0.000000000
 11
123.706730947
 21
177.100000000
 31
0.000000000
  0
LINE
  5
AFB
330
A02
100
AcDbEntity
  8
Frente
100
AcDbLine
 10
111.415063509
 20
177.100000000
 30
0.000000000
 11
108.915063509
 21
177.100000000
 31
0.000000000
  0
LINE
  5
AFC
330
A02
100
AcDbEntity
  8
Frente
100
AcDbLine
 10
108.915063509
 20
177.100000000
 30
0.000000000
 11
108.915063509
 21
177.300000000
 31
0.000000000
  0
LINE
  5
AFD
330
A02
100
AcDbEntity
  8
Frente
100
AcDbLine
 10
111.415063509
 20
177.300000000
 30
0.000000000
 11
108.915063509
 21
177.300000000
 31
0.000000000
  0
LINE
  5
AFE
330
A02
100
AcDbEntity
  8
Frente
100
AcDbLine
 10
108.915063509
 20
177.300000000
 30
0.000000000
 11
105.883974596
 21
177.300000000
 31
0.000000000
  0
LINE
  5
AFF
330
A02
100
AcDbEntity
  8
Frente
100
AcDbLine
 10
110.272900172
 20
177.300000000
 30
0.000000000
 11
110.897900172
 21
177.300000000
 31
0.000000000
  0
LINE
  5
B00
330
A02
100
AcDbEntity
  8
Frente
100
AcDbLine
 10
110.272900172
 20
177.300000000
 30
0.000000000
 11
109.883188741
 21
177.300000000
 31
0.000000000
  0
LINE
  5
B01
330
A02
100
AcDbEntity
  8
Frente
100
AcDbLine
 10
110.897900172
 20
177.300000000
 30
0.000000000
 11
110.508188741
 21
177.300000000
 31
0.000000000
  0
LINE
  5
B02
330
A02
100
AcDbEntity
  8
Frente
100
AcDbLine
 10
109.883188741
 20
177.300000000
 30
0.000000000
 11
110.508188741
 21
177.300000000
 31
0.000000000
  0
LINE
  5
B03
330
A02
100
AcDbEntity
  8
Frente
100
AcDbLine
 10
108.522900172
 20
177.300000000
 30
0.000000000
 11
109.147900172
 21
177.300000000
 31
0.000000000
  0
LINE
  5
B04
330
A02
100
AcDbEntity
  8
Frente
100
AcDbLine
 10
108.522900172
 20
177.300000000
 30
0.000000000
 11
108.133188741
 21
177.300000000
 31
0.000000000
  0
LINE
  5
B05
330
A02
100
AcDbEntity
  8
Frente
100
AcDbLine
 10
109.147900172
 20
177.300000000
 30
0.000000000
 11
108.758188741
 21
177.300000000
 31
0.000000000
  0
LINE
  5
B06
330
A02
100
AcDbEntity
  8
Frente
100
AcDbLine
 10
108.133188741
 20
177.300000000
 30
0.000000000
 11
108.758188741
 21
177.300000000
 31
0.000000000
  0
LINE
  5
B07
330
A02
100
AcDbEntity
  8
Frente
100
AcDbLine
 10
108.540849365
 20
177.300000000
 30
0.000000000
 11
109.165849365
 21
177.300000000
 31
0.000000000
  0
LINE
  5
B08
330
A02
100
AcDbEntity
  8
Frente
100
AcDbLine
 10
108.540849365
 20
177.300000000
 30
0.000000000
 11
108.151137933
 21
177.300000000
 31
0.000000000
  0
LINE
  5
B09
330
A02
100
AcDbEntity
  8
Frente
100
AcDbLine
 10
109.165849365
 20
177.300000000
 30
0.000000000
 11
108.776137933
 21
177.300000000
 31
0.000000000
  0
LINE
  5
B0A
330
A02
100
AcDbEntity
  8
Frente
100
AcDbLine
 10
108.151137933
 20
177.300000000
 30
0.000000000
 11
108.776137933
 21
177.300000000
 31
0.000000000
  0
LINE
  5
B0B
330
A02
100
AcDbEntity
  8
Frente
100
AcDbLine
 10
106.790849365
 20
177.300000000
 30
0.000000000
 11
107.415849365
 21
177.300000000
 31
0.000000000
  0
LINE
  5
B0C
330
A02
100
AcDbEntity
  8
Frente
100
AcDbLine
 10
106.790849365
 20
177.300000000
 30
0.000000000
 11
106.401137933
 21
177.300000000
 31
0.000000000
  0
LINE
  5
B0D
330
A02
100
AcDbEntity
  8
Frente
100
AcDbLine
 10
106.401137933
 20
177.300000000
 30
0.000000000
 11
107.026137933
 21
177.300000000
 31
0.000000000
  0
LINE
  5
B0E
330
A02
100
AcDbEntity
  8
Frente
100
AcDbLine
 10
107.415849365
 20
177.300000000
 30
0.000000000
 11
107.026137933
 21
177.300000000
 31
0.000000000
  0
LINE
  5
B0F
330
A02
100
AcDbEntity
  8
Frente
100
AcDbLine
 10
108.915063509
 20
177.100000000
 30
0.000000000
 11
105.883974596
 21
177.100000000
 31
0.000000000
  0
LINE
  5
B10
330
A02
100
AcDbEntity
  8
Frente
100
AcDbLine
 10
110.272900172
 20
177.100000000
 30
0.000000000
 11
110.897900172
 21
177.100000000
 31
0.000000000
  0
LINE
  5
B11
330
A02
100
AcDbEntity
  8
Frente
100
AcDbLine
 10
110.272900172
 20
177.100000000
 30
0.000000000
 11
109.883188741
 21
177.100000000
 31
0.000000000
  0
LINE
  5
B12
330
A02
100
AcDbEntity
  8
Frente
100
AcDbLine
 10
110.897900172
 20
177.100000000
 30
0.000000000
 11
110.508188741
 21
177.100000000
 31
0.000000000
  0
LINE
  5
B13
330
A02
100
AcDbEntity
  8
Frente
100
AcDbLine
 10
109.883188741
 20
177.100000000
 30
0.000000000
 11
110.508188741
 21
177.100000000
 31
0.000000000
  0
LINE
  5
B14
330
A02
100
AcDbEntity
  8
Frente
100
AcDbLine
 10
108.522900172
 20
177.100000000
 30
0.000000000
 11
109.147900172
 21
177.100000000
 31
0.000000000
  0
LINE
  5
B15
330
A02
100
AcDbEntity
  8
Frente
100
AcDbLine
 10
108.522900172
 20
177.100000000
 30
0.000000000
 11
108.133188741
 21
177.100000000
 31
0.000000000
  0
LINE
  5
B16
330
A02
100
AcDbEntity
  8
Frente
100
AcDbLine
 10
109.147900172
 20
177.100000000
 30
0.000000000
 11
108.758188741
 21
177.100000000
 31
0.000000000
  0
LINE
  5
B17
330
A02
100
AcDbEntity
  8
Frente
100
AcDbLine
 10
108.133188741
 20
177.100000000
 30
0.000000000
 11
108.758188741
 21
177.100000000
 31
0.000000000
  0
LINE
  5
B18
330
A02
100
AcDbEntity
  8
Frente
100
AcDbLine
 10
108.540849365
 20
177.100000000
 30
0.000000000
 11
109.165849365
 21
177.100000000
 31
0.000000000
  0
LINE
  5
B19
330
A02
100
AcDbEntity
  8
Frente
100
AcDbLine
 10
108.540849365
 20
177.100000000
 30
0.000000000
 11
108.151137933
 21
177.100000000
 31
0.000000000
  0
LINE
  5
B1A
330
A02
100
AcDbEntity
  8
Frente
100
AcDbLine
 10
109.165849365
 20
177.100000000
 30
0.000000000
 11
108.776137933
 21
177.100000000
 31
0.000000000
  0
LINE
  5
B1B
330
A02
100
AcDbEntity
  8
Frente
100
AcDbLine
 10
108.151137933
 20
177.100000000
 30
0.000000000
 11
108.776137933
 21
177.100000000
 31
0.000000000
  0
LINE
  5
B1C
330
A02
100
AcDbEntity
  8
Frente
100
AcDbLine
 10
106.790849365
 20
177.100000000
 30
0.000000000
 11
107.415849365
 21
177.100000000
 31
0.000000000
  0
LINE
  5
B1D
330
A02
100
AcDbEntity
  8
Frente
100
AcDbLine
 10
106.790849365
 20
177.100000000
 30
0.000000000
 11
106.401137933
 21
177.100000000
 31
0.000000000
  0
LINE
  5
B1E
330
A02
100
AcDbEntity
  8
Frente
100
AcDbLine
 10
106.401137933
 20
177.100000000
 30
0.000000000
 11
107.026137933
 21
177.100000000
 31
0.000000000
  0
LINE
  5
B1F
330
A02
100
AcDbEntity
  8
Frente
100
AcDbLine
 10
107.415849365
 20
177.100000000
 30
0.000000000
 11
107.026137933
 21
177.100000000
 31
0.000000000
  0
LINE
  5
B20
330
A02
100
AcDbEntity
  8
Frente
100
AcDbLine
 10
110.272900172
 20
177.100000000
 30
0.000000000
 11
110.272900172
 21
177.300000000
 31
0.000000000
  0
LINE
  5
B21
330
A02
100
AcDbEntity
  8
Frente
100
AcDbLine
 10
110.897900172
 20
177.100000000
 30
0.000000000
 11
110.897900172
 21
177.300000000
 31
0.000000000
  0
LINE
  5
B22
330
A02
100
AcDbEntity
  8
Frente
100
AcDbLine
 10
109.883188741
 20
177.100000000
 30
0.000000000
 11
109.883188741
 21
177.300000000
 31
0.000000000
  0
LINE
  5
B23
330
A02
100
AcDbEntity
  8
Frente
100
AcDbLine
 10
110.508188741
 20
177.100000000
 30
0.000000000
 11
110.508188741
 21
177.300000000
 31
0.000000000
  0
LINE
  5
B24
330
A02
100
AcDbEntity
  8
Frente
100
AcDbLine
 10
108.522900172
 20
177.100000000
 30
0.000000000
 11
108.522900172
 21
177.300000000
 31
0.000000000
  0
LINE
  5
B25
330
A02
100
AcDbEntity
  8
Frente
100
AcDbLine
 10
109.147900172
 20
177.100000000
 30
0.000000000
 11
109.147900172
 21
177.300000000
 31
0.000000000
  0
LINE
  5
B26
330
A02
100
AcDbEntity
  8
Frente
100
AcDbLine
 10
108.133188741
 20
177.100000000
 30
0.000000000
 11
108.133188741
 21
177.300000000
 31
0.000000000
  0
LINE
  5
B27
330
A02
100
AcDbEntity
  8
Frente
100
AcDbLine
 10
108.758188741
 20
177.100000000
 30
0.000000000
 11
108.758188741
 21
177.300000000
 31
0.000000000
  0
LINE
  5
B28
330
A02
100
AcDbEntity
  8
Frente
100
AcDbLine
 10
108.540849365
 20
177.100000000
 30
0.000000000
 11
108.540849365
 21
177.300000000
 31
0.000000000
  0
LINE
  5
B29
330
A02
100
AcDbEntity
  8
Frente
100
AcDbLine
 10
109.165849365
 20
177.100000000
 30
0.000000000
 11
109.165849365
 21
177.300000000
 31
0.000000000
  0
LINE
  5
B2A
330
A02
100
AcDbEntity
  8
Frente
100
AcDbLine
 10
108.151137933
 20
177.100000000
 30
0.000000000
 11
108.151137933
 21
177.300000000
 31
0.000000000
  0
LINE
  5
B2B
330
A02
100
AcDbEntity
  8
Frente
100
AcDbLine
 10
108.776137933
 20
177.100000000
 30
0.000000000
 11
108.776137933
 21
177.300000000
 31
0.000000000
  0
LINE
  5
B2C
330
A02
100
AcDbEntity
  8
Frente
100
AcDbLine
 10
106.790849365
 20
177.100000000
 30
0.000000000
 11
106.790849365
 21
177.300000000
 31
0.000000000
  0
LINE
  5
B2D
330
A02
100
AcDbEntity
  8
Frente
100
AcDbLine
 10
107.415849365
 20
177.100000000
 30
0.000000000
 11
107.415849365
 21
177.300000000
 31
0.000000000
  0
LINE
  5
B2E
330
A02
100
AcDbEntity
  8
Frente
100
AcDbLine
 10
106.401137933
 20
177.100000000
 30
0.000000000
 11
106.401137933
 21
177.300000000
 31
0.000000000
  0
LINE
  5
B2F
330
A02
100
AcDbEntity
  8
Frente
100
AcDbLine
 10
107.026137933
 20
177.100000000
 30
0.000000000
 11
107.026137933
 21
177.300000000
 31
0.000000000
  0
LINE
  5
B30
330
A02
100
AcDbEntity
  8
Frente
100
AcDbLine
 10
109.342339376
 20
175.750000000
 30
0.000000000
 11
107.956698730
 21
175.750000000
 31
0.000000000
  0
LWPOLYLINE
  5
B31
330
A02
100
AcDbEntity
100
AcDbPolyline
  8
Frente
 90
2
 70
0
 43
0
 10
109.342339376
 20
175.750000000
 10
109.342339376
 20
172.000000000
  0
LINE
  5
B32
330
A02
100
AcDbEntity
  8
Frente
100
AcDbLine
 10
110.003941916
 20
176.900000000
 30
0.000000000
 11
108.445096189
 21
176.900000000
 31
0.000000000
  0
LINE
  5
B33
330
A02
100
AcDbEntity
  8
Frente
100
AcDbLine
 10
108.853941916
 20
175.750000000
 30
0.000000000
 11
108.853941916
 21
176.900000000
 31
0.000000000
  0
LINE
  5
B34
330
A02
100
AcDbEntity
  8
Frente
100
AcDbLine
 10
108.853941916
 20
176.900000000
 30
0.000000000
 11
107.295096189
 21
176.900000000
 31
0.000000000
  0
LINE
  5
B35
330
A02
100
AcDbEntity
  8
Frente
100
AcDbLine
 10
108.853941916
 20
175.750000000
 30
0.000000000
 11
107.295096189
 21
175.750000000
 31
0.000000000
  0
LINE
  5
B36
330
A02
100
AcDbEntity
  8
Frente
100
AcDbLine
 10
110.003941916
 20
175.750000000
 30
0.000000000
 11
108.853941916
 21
175.750000000
 31
0.000000000
  0
LINE
  5
B37
330
A02
100
AcDbEntity
  8
Frente
100
AcDbLine
 10
110.003941916
 20
176.900000000
 30
0.000000000
 11
108.853941916
 21
176.900000000
 31
0.000000000
  0
LINE
  5
B38
330
A02
100
AcDbEntity
  8
Frente
100
AcDbLine
 10
108.445096189
 20
176.900000000
 30
0.000000000
 11
107.295096189
 21
176.900000000
 31
0.000000000
  0
LINE
  5
B39
330
A02
100
AcDbEntity
  8
Frente
100
AcDbLine
 10
111.092307159
 20
177.100000000
 30
0.000000000
 11
108.494230947
 21
177.100000000
 31
0.000000000
  0
LINE
  5
B3A
330
A02
100
AcDbEntity
  8
Frente
100
AcDbLine
 10
108.804807159
 20
176.900000000
 30
0.000000000
 11
108.804807159
 21
177.100000000
 31
0.000000000
  0
LINE
  5
B3B
330
A02
100
AcDbEntity
  8
Frente
100
AcDbLine
 10
108.804807159
 20
177.100000000
 30
0.000000000
 11
106.206730947
 21
177.100000000
 31
0.000000000
  0
LINE
  5
B3C
330
A02
100
AcDbEntity
  8
Frente
100
AcDbLine
 10
108.804807159
 20
176.900000000
 30
0.000000000
 11
106.206730947
 21
176.900000000
 31
0.000000000
  0
LINE
  5
B3D
330
A02
100
AcDbEntity
  8
Frente
100
AcDbLine
 10
111.092307159
 20
176.900000000
 30
0.000000000
 11
108.804807159
 21
176.900000000
 31
0.000000000
  0
LINE
  5
B3E
330
A02
100
AcDbEntity
  8
Frente
100
AcDbLine
 10
111.092307159
 20
177.100000000
 30
0.000000000
 11
108.804807159
 21
177.100000000
 31
0.000000000
  0
LINE
  5
B3F
330
A02
100
AcDbEntity
  8
Frente
100
AcDbLine
 10
108.494230947
 20
177.100000000
 30
0.000000000
 11
106.206730947
 21
177.100000000
 31
0.000000000
  0
LINE
  5
B40
330
A02
100
AcDbEntity
  8
Frente
100
AcDbLine
 10
106.424038106
 20
177.300000000
 30
0.000000000
 11
106.424038106
 21
257.300000000
 31
0.000000000
  0
LINE
  5
B41
330
A02
100
AcDbEntity
  8
Frente
100
AcDbLine
 10
106.424038106
 20
257.300000000
 30
0.000000000
 11
106.250000000
 21
257.300000000
 31
0.000000000
  0
LINE
  5
B42
330
A02
100
AcDbEntity
  8
Frente
100
AcDbLine
 10
106.424038106
 20
177.300000000
 30
0.000000000
 11
105.883974596
 21
177.300000000
 31
0.000000000
  0
LINE
  5
B43
330
A02
100
AcDbEntity
  8
Frente
100
AcDbLine
 10
105.674038106
 20
177.300000000
 30
0.000000000
 11
105.674038106
 21
257.300000000
 31
0.000000000
  0
LINE
  5
B44
330
A02
100
AcDbEntity
  8
Frente
100
AcDbLine
 10
105.674038106
 20
257.300000000
 30
0.000000000
 11
104.375000000
 21
257.300000000
 31
0.000000000
  0
LINE
  5
B45
330
A02
100
AcDbEntity
  8
Frente
100
AcDbLine
 10
104.375000000
 20
177.300000000
 30
0.000000000
 11
104.375000000
 21
178.800000000
 31
0.000000000
  0
LINE
  5
B46
330
A02
100
AcDbEntity
  8
Frente
100
AcDbLine
 10
104.375000000
 20
255.800000000
 30
0.000000000
 11
104.375000000
 21
257.300000000
 31
0.000000000
  0
LINE
  5
B47
330
A02
100
AcDbEntity
  8
Frente
100
AcDbLine
 10
105.674038106
 20
177.300000000
 30
0.000000000
 11
104.375000000
 21
177.300000000
 31
0.000000000
  0
LINE
  5
B48
330
A02
100
AcDbEntity
  8
Frente
100
AcDbLine
 10
106.424038106
 20
177.300000000
 30
0.000000000
 11
105.674038106
 21
177.300000000
 31
0.000000000
  0
LINE
  5
B49
330
A02
100
AcDbEntity
  8
Frente
100
AcDbLine
 10
106.424038106
 20
257.300000000
 30
0.000000000
 11
105.674038106
 21
257.300000000
 31
0.000000000
  0
LINE
  5
B4A
330
A02
100
AcDbEntity
  8
Frente
100
AcDbLine
 10
104.649519053
 20
177.300000000
 30
0.000000000
 11
104.375000000
 21
177.300000000
 31
0.000000000
  0
LINE
  5
B4B
330
A02
100
AcDbEntity
  8
Frente
100
AcDbLine
 10
104.649519053
 20
257.300000000
 30
0.000000000
 11
104.375000000
 21
257.300000000
 31
0.000000000
  0
LINE
  5
B4C
330
A02
100
AcDbEntity
  8
Frente
100
AcDbLine
 10
62.924038106
 20
177.300000000
 30
0.000000000
 11
62.924038106
 21
178.800000000
 31
0.000000000
  0
LINE
  5
B4D
330
A02
100
AcDbEntity
  8
Frente
100
AcDbLine
 10
62.924038106
 20
255.800000000
 30
0.000000000
 11
62.924038106
 21
257.300000000
 31
0.000000000
  0
LINE
  5
B4E
330
A02
100
AcDbEntity
  8
Frente
100
AcDbLine
 10
62.924038106
 20
257.300000000
 30
0.000000000
 11
62.649519053
 21
257.300000000
 31
0.000000000
  0
LINE
  5
B4F
330
A02
100
AcDbEntity
  8
Frente
100
AcDbLine
 10
62.924038106
 20
177.300000000
 30
0.000000000
 11
62.649519053
 21
177.300000000
 31
0.000000000
  0
LINE
  5
B50
330
A02
100
AcDbEntity
  8
Frente
100
AcDbLine
 10
62.174038106
 20
177.300000000
 30
0.000000000
 11
62.174038106
 21
257.300000000
 31
0.000000000
  0
LINE
  5
B51
330
A02
100
AcDbEntity
  8
Frente
100
AcDbLine
 10
62.174038106
 20
257.300000000
 30
0.000000000
 11
60.875000000
 21
257.300000000
 31
0.000000000
  0
LINE
  5
B52
330
A02
100
AcDbEntity
  8
Frente
100
AcDbLine
 10
60.875000000
 20
177.300000000
 30
0.000000000
 11
60.875000000
 21
257.300000000
 31
0.000000000
  0
LINE
  5
B53
330
A02
100
AcDbEntity
  8
Frente
100
AcDbLine
 10
62.174038106
 20
177.300000000
 30
0.000000000
 11
60.875000000
 21
177.300000000
 31
0.000000000
  0
LINE
  5
B54
330
A02
100
AcDbEntity
  8
Frente
100
AcDbLine
 10
62.924038106
 20
177.300000000
 30
0.000000000
 11
62.174038106
 21
177.300000000
 31
0.000000000
  0
LINE
  5
B55
330
A02
100
AcDbEntity
  8
Frente
100
AcDbLine
 10
62.924038106
 20
257.300000000
 30
0.000000000
 11
62.174038106
 21
257.300000000
 31
0.000000000
  0
LINE
  5
B56
330
A02
100
AcDbEntity
  8
Frente
100
AcDbLine
 10
61.625000000
 20
177.300000000
 30
0.000000000
 11
60.875000000
 21
177.300000000
 31
0.000000000
  0
LINE
  5
B57
330
A02
100
AcDbEntity
  8
Frente
100
AcDbLine
 10
61.625000000
 20
257.300000000
 30
0.000000000
 11
60.875000000
 21
257.300000000
 31
0.000000000
  0
LINE
  5
B58
330
A02
100
AcDbEntity
  8
Frente
100
AcDbLine
 10
104.649519053
 20
177.300000000
 30
0.000000000
 11
104.649519053
 21
178.800000000
 31
0.000000000
  0
LINE
  5
B59
330
A02
100
AcDbEntity
  8
Frente
100
AcDbLine
 10
62.649519053
 20
177.300000000
 30
0.000000000
 11
62.649519053
 21
178.800000000
 31
0.000000000
  0
LINE
  5
B5A
330
A02
100
AcDbEntity
  8
Frente
100
AcDbLine
 10
104.649519053
 20
177.300000000
 30
0.000000000
 11
62.649519053
 21
177.300000000
 31
0.000000000
  0
LINE
  5
B5B
330
A02
100
AcDbEntity
  8
Frente
100
AcDbLine
 10
104.649519053
 20
178.800000000
 30
0.000000000
 11
62.649519053
 21
178.800000000
 31
0.000000000
  0
LINE
  5
B5C
330
A02
100
AcDbEntity
  8
Frente
100
AcDbLine
 10
104.649519053
 20
255.800000000
 30
0.000000000
 11
104.649519053
 21
257.300000000
 31
0.000000000
  0
LINE
  5
B5D
330
A02
100
AcDbEntity
  8
Frente
100
AcDbLine
 10
62.649519053
 20
255.800000000
 30
0.000000000
 11
62.649519053
 21
257.300000000
 31
0.000000000
  0
LINE
  5
B5E
330
A02
100
AcDbEntity
  8
Frente
100
AcDbLine
 10
104.649519053
 20
255.800000000
 30
0.000000000
 11
62.649519053
 21
255.800000000
 31
0.000000000
  0
LINE
  5
B5F
330
A02
100
AcDbEntity
  8
Frente
100
AcDbLine
 10
104.649519053
 20
257.300000000
 30
0.000000000
 11
62.649519053
 21
257.300000000
 31
0.000000000
  0
LINE
  5
B60
330
A02
100
AcDbEntity
  8
Frente
100
AcDbLine
 10
61.049038106
 20
257.300000000
 30
0.000000000
 11
60.500000000
 21
257.300000000
 31
0.000000000
  0
LINE
  5
B61
330
A02
100
AcDbEntity
  8
Frente
100
AcDbLine
 10
60.500000000
 20
177.300000000
 30
0.000000000
 11
60.500000000
 21
178.800000000
 31
0.000000000
  0
LINE
  5
B62
330
A02
100
AcDbEntity
  8
Frente
100
AcDbLine
 10
60.500000000
 20
255.800000000
 30
0.000000000
 11
60.500000000
 21
257.300000000
 31
0.000000000
  0
LINE
  5
B63
330
A02
100
AcDbEntity
  8
Frente
100
AcDbLine
 10
61.415063509
 20
177.300000000
 30
0.000000000
 11
60.500000000
 21
177.300000000
 31
0.000000000
  0
LINE
  5
B64
330
A02
100
AcDbEntity
  8
Frente
100
AcDbLine
 10
61.049038106
 20
177.300000000
 30
0.000000000
 11
61.049038106
 21
257.300000000
 31
0.000000000
  0
LINE
  5
B65
330
A02
100
AcDbEntity
  8
Frente
100
AcDbLine
 10
61.049038106
 20
257.300000000
 30
0.000000000
 11
59.750000000
 21
257.300000000
 31
0.000000000
  0
LINE
  5
B66
330
A02
100
AcDbEntity
  8
Frente
100
AcDbLine
 10
59.750000000
 20
177.300000000
 30
0.000000000
 11
59.750000000
 21
178.800000000
 31
0.000000000
  0
LINE
  5
B67
330
A02
100
AcDbEntity
  8
Frente
100
AcDbLine
 10
59.750000000
 20
255.800000000
 30
0.000000000
 11
59.750000000
 21
257.300000000
 31
0.000000000
  0
LINE
  5
B68
330
A02
100
AcDbEntity
  8
Frente
100
AcDbLine
 10
61.049038106
 20
177.300000000
 30
0.000000000
 11
59.750000000
 21
177.300000000
 31
0.000000000
  0
LINE
  5
B69
330
A02
100
AcDbEntity
  8
Frente
100
AcDbLine
 10
61.799038106
 20
177.300000000
 30
0.000000000
 11
61.049038106
 21
177.300000000
 31
0.000000000
  0
LINE
  5
B6A
330
A02
100
AcDbEntity
  8
Frente
100
AcDbLine
 10
61.799038106
 20
257.300000000
 30
0.000000000
 11
61.049038106
 21
257.300000000
 31
0.000000000
  0
LINE
  5
B6B
330
A02
100
AcDbEntity
  8
Frente
100
AcDbLine
 10
60.500000000
 20
177.300000000
 30
0.000000000
 11
59.750000000
 21
177.300000000
 31
0.000000000
  0
LINE
  5
B6C
330
A02
100
AcDbEntity
  8
Frente
100
AcDbLine
 10
60.500000000
 20
257.300000000
 30
0.000000000
 11
59.750000000
 21
257.300000000
 31
0.000000000
  0
LINE
  5
B6D
330
A02
100
AcDbEntity
  8
Frente
100
AcDbLine
 10
39.299038106
 20
177.300000000
 30
0.000000000
 11
39.299038106
 21
257.300000000
 31
0.000000000
  0
LINE
  5
B6E
330
A02
100
AcDbEntity
  8
Frente
100
AcDbLine
 10
39.299038106
 20
257.300000000
 30
0.000000000
 11
38.000000000
 21
257.300000000
 31
0.000000000
  0
LINE
  5
B6F
330
A02
100
AcDbEntity
  8
Frente
100
AcDbLine
 10
39.299038106
 20
177.300000000
 30
0.000000000
 11
38.000000000
 21
177.300000000
 31
0.000000000
  0
LINE
  5
B70
330
A02
100
AcDbEntity
  8
Frente
100
AcDbLine
 10
40.049038106
 20
177.300000000
 30
0.000000000
 11
39.299038106
 21
177.300000000
 31
0.000000000
  0
LINE
  5
B71
330
A02
100
AcDbEntity
  8
Frente
100
AcDbLine
 10
40.049038106
 20
257.300000000
 30
0.000000000
 11
39.299038106
 21
257.300000000
 31
0.000000000
  0
LINE
  5
B72
330
A02
100
AcDbEntity
  8
Frente
100
AcDbLine
 10
59.750000000
 20
177.300000000
 30
0.000000000
 11
59.750000000
 21
178.800000000
 31
0.000000000
  0
LINE
  5
B73
330
A02
100
AcDbEntity
  8
Frente
100
AcDbLine
 10
59.750000000
 20
178.800000000
 30
0.000000000
 11
61.049038106
 21
178.800000000
 31
0.000000000
  0
LINE
  5
B74
330
A02
100
AcDbEntity
  8
Frente
100
AcDbLine
 10
59.750000000
 20
177.300000000
 30
0.000000000
 11
61.049038106
 21
177.300000000
 31
0.000000000
  0
LINE
  5
B75
330
A02
100
AcDbEntity
  8
Frente
100
AcDbLine
 10
38.750000000
 20
177.300000000
 30
0.000000000
 11
38.750000000
 21
178.800000000
 31
0.000000000
  0
LINE
  5
B76
330
A02
100
AcDbEntity
  8
Frente
100
AcDbLine
 10
38.750000000
 20
178.800000000
 30
0.000000000
 11
40.049038106
 21
178.800000000
 31
0.000000000
  0
LINE
  5
B77
330
A02
100
AcDbEntity
  8
Frente
100
AcDbLine
 10
40.049038106
 20
177.300000000
 30
0.000000000
 11
40.049038106
 21
178.800000000
 31
0.000000000
  0
LINE
  5
B78
330
A02
100
AcDbEntity
  8
Frente
100
AcDbLine
 10
38.750000000
 20
177.300000000
 30
0.000000000
 11
40.049038106
 21
177.300000000
 31
0.000000000
  0
LINE
  5
B79
330
A02
100
AcDbEntity
  8
Frente
100
AcDbLine
 10
59.750000000
 20
177.300000000
 30
0.000000000
 11
38.750000000
 21
177.300000000
 31
0.000000000
  0
LINE
  5
B7A
330
A02
100
AcDbEntity
  8
Frente
100
AcDbLine
 10
59.750000000
 20
178.800000000
 30
0.000000000
 11
38.750000000
 21
178.800000000
 31
0.000000000
  0
LINE
  5
B7B
330
A02
100
AcDbEntity
  8
Frente
100
AcDbLine
 10
61.049038106
 20
177.300000000
 30
0.000000000
 11
58.133188741
 21
177.300000000
 31
0.000000000
  0
LINE
  5
B7C
330
A02
100
AcDbEntity
  8
Frente
100
AcDbLine
 10
43.915063509
 20
177.300000000
 30
0.000000000
 11
40.049038106
 21
177.300000000
 31
0.000000000
  0
LINE
  5
B7D
330
A02
100
AcDbEntity
  8
Frente
100
AcDbLine
 10
59.750000000
 20
255.800000000
 30
0.000000000
 11
59.750000000
 21
257.300000000
 31
0.000000000
  0
LINE
  5
B7E
330
A02
100
AcDbEntity
  8
Frente
100
AcDbLine
 10
59.750000000
 20
257.300000000
 30
0.000000000
 11
61.049038106
 21
257.300000000
 31
0.000000000
  0
LINE
  5
B7F
330
A02
100
AcDbEntity
  8
Frente
100
AcDbLine
 10
59.750000000
 20
255.800000000
 30
0.000000000
 11
61.049038106
 21
255.800000000
 31
0.000000000
  0
LINE
  5
B80
330
A02
100
AcDbEntity
  8
Frente
100
AcDbLine
 10
38.750000000
 20
255.800000000
 30
0.000000000
 11
38.750000000
 21
257.300000000
 31
0.000000000
  0
LINE
  5
B81
330
A02
100
AcDbEntity
  8
Frente
100
AcDbLine
 10
38.750000000
 20
257.300000000
 30
0.000000000
 11
40.049038106
 21
257.300000000
 31
0.000000000
  0
LINE
  5
B82
330
A02
100
AcDbEntity
  8
Frente
100
AcDbLine
 10
40.049038106
 20
255.800000000
 30
0.000000000
 11
40.049038106
 21
257.300000000
 31
0.000000000
  0
LINE
  5
B83
330
A02
100
AcDbEntity
  8
Frente
100
AcDbLine
 10
38.750000000
 20
255.800000000
 30
0.000000000
 11
40.049038106
 21
255.800000000
 31
0.000000000
  0
LINE
  5
B84
330
A02
100
AcDbEntity
  8
Frente
100
AcDbLine
 10
59.750000000
 20
255.800000000
 30
0.000000000
 11
38.750000000
 21
255.800000000
 31
0.000000000
  0
LINE
  5
B85
330
A02
100
AcDbEntity
  8
Frente
100
AcDbLine
 10
59.750000000
 20
257.300000000
 30
0.000000000
 11
38.750000000
 21
257.300000000
 31
0.000000000
  0
LINE
  5
B86
330
A02
100
AcDbEntity
  8
Frente
100
AcDbLine
 10
58.383974596
 20
177.100000000
 30
0.000000000
 11
58.383974596
 21
177.300000000
 31
0.000000000
  0
LINE
  5
B87
330
A02
100
AcDbEntity
  8
Frente
100
AcDbLine
 10
58.383974596
 20
177.300000000
 30
0.000000000
 11
61.415063509
 21
177.300000000
 31
0.000000000
  0
LINE
  5
B88
330
A02
100
AcDbEntity
  8
Frente
100
AcDbLine
 10
58.383974596
 20
177.100000000
 30
0.000000000
 11
61.415063509
 21
177.100000000
 31
0.000000000
  0
LINE
  5
B89
330
A02
100
AcDbEntity
  8
Frente
100
AcDbLine
 10
58.383974596
 20
177.100000000
 30
0.000000000
 11
55.883974596
 21
177.100000000
 31
0.000000000
  0
LINE
  5
B8A
330
A02
100
AcDbEntity
  8
Frente
100
AcDbLine
 10
58.383974596
 20
177.300000000
 30
0.000000000
 11
55.883974596
 21
177.300000000
 31
0.000000000
  0
LINE
  5
B8B
330
A02
100
AcDbEntity
  8
Frente
100
AcDbLine
 10
58.151137933
 20
177.300000000
 30
0.000000000
 11
58.776137933
 21
177.300000000
 31
0.000000000
  0
LINE
  5
B8C
330
A02
100
AcDbEntity
  8
Frente
100
AcDbLine
 10
58.151137933
 20
177.300000000
 30
0.000000000
 11
58.540849365
 21
177.300000000
 31
0.000000000
  0
LINE
  5
B8D
330
A02
100
AcDbEntity
  8
Frente
100
AcDbLine
 10
58.776137933
 20
177.300000000
 30
0.000000000
 11
59.165849365
 21
177.300000000
 31
0.000000000
  0
LINE
  5
B8E
330
A02
100
AcDbEntity
  8
Frente
100
AcDbLine
 10
58.540849365
 20
177.300000000
 30
0.000000000
 11
59.165849365
 21
177.300000000
 31
0.000000000
  0
LINE
  5
B8F
330
A02
100
AcDbEntity
  8
Frente
100
AcDbLine
 10
56.401137933
 20
177.300000000
 30
0.000000000
 11
57.026137933
 21
177.300000000
 31
0.000000000
  0
LINE
  5
B90
330
A02
100
AcDbEntity
  8
Frente
100
AcDbLine
 10
56.401137933
 20
177.300000000
 30
0.000000000
 11
56.790849365
 21
177.300000000
 31
0.000000000
  0
LINE
  5
B91
330
A02
100
AcDbEntity
  8
Frente
100
AcDbLine
 10
57.026137933
 20
177.300000000
 30
0.000000000
 11
57.415849365
 21
177.300000000
 31
0.000000000
  0
LINE
  5
B92
330
A02
100
AcDbEntity
  8
Frente
100
AcDbLine
 10
56.790849365
 20
177.300000000
 30
0.000000000
 11
57.415849365
 21
177.300000000
 31
0.000000000
  0
LINE
  5
B93
330
A02
100
AcDbEntity
  8
Frente
100
AcDbLine
 10
59.883188741
 20
177.300000000
 30
0.000000000
 11
60.508188741
 21
177.300000000
 31
0.000000000
  0
LINE
  5
B94
330
A02
100
AcDbEntity
  8
Frente
100
AcDbLine
 10
59.883188741
 20
177.300000000
 30
0.000000000
 11
60.272900172
 21
177.300000000
 31
0.000000000
  0
LINE
  5
B95
330
A02
100
AcDbEntity
  8
Frente
100
AcDbLine
 10
60.508188741
 20
177.300000000
 30
0.000000000
 11
60.897900172
 21
177.300000000
 31
0.000000000
  0
LINE
  5
B96
330
A02
100
AcDbEntity
  8
Frente
100
AcDbLine
 10
60.272900172
 20
177.300000000
 30
0.000000000
 11
60.897900172
 21
177.300000000
 31
0.000000000
  0
LINE
  5
B97
330
A02
100
AcDbEntity
  8
Frente
100
AcDbLine
 10
58.133188741
 20
177.300000000
 30
0.000000000
 11
58.758188741
 21
177.300000000
 31
0.000000000
  0
LINE
  5
B98
330
A02
100
AcDbEntity
  8
Frente
100
AcDbLine
 10
58.133188741
 20
177.300000000
 30
0.000000000
 11
58.522900172
 21
177.300000000
 31
0.000000000
  0
LINE
  5
B99
330
A02
100
AcDbEntity
  8
Frente
100
AcDbLine
 10
58.522900172
 20
177.300000000
 30
0.000000000
 11
59.147900172
 21
177.300000000
 31
0.000000000
  0
LINE
  5
B9A
330
A02
100
AcDbEntity
  8
Frente
100
AcDbLine
 10
58.758188741
 20
177.300000000
 30
0.000000000
 11
59.147900172
 21
177.300000000
 31
0.000000000
  0
LINE
  5
B9B
330
A02
100
AcDbEntity
  8
Frente
100
AcDbLine
 10
58.151137933
 20
177.100000000
 30
0.000000000
 11
58.776137933
 21
177.100000000
 31
0.000000000
  0
LINE
  5
B9C
330
A02
100
AcDbEntity
  8
Frente
100
AcDbLine
 10
58.151137933
 20
177.100000000
 30
0.000000000
 11
58.540849365
 21
177.100000000
 31
0.000000000
  0
LINE
  5
B9D
330
A02
100
AcDbEntity
  8
Frente
100
AcDbLine
 10
58.776137933
 20
177.100000000
 30
0.000000000
 11
59.165849365
 21
177.100000000
 31
0.000000000
  0
LINE
  5
B9E
330
A02
100
AcDbEntity
  8
Frente
100
AcDbLine
 10
58.540849365
 20
177.100000000
 30
0.000000000
 11
59.165849365
 21
177.100000000
 31
0.000000000
  0
LINE
  5
B9F
330
A02
100
AcDbEntity
  8
Frente
100
AcDbLine
 10
56.401137933
 20
177.100000000
 30
0.000000000
 11
57.026137933
 21
177.100000000
 31
0.000000000
  0
LINE
  5
BA0
330
A02
100
AcDbEntity
  8
Frente
100
AcDbLine
 10
56.401137933
 20
177.100000000
 30
0.000000000
 11
56.790849365
 21
177.100000000
 31
0.000000000
  0
LINE
  5
BA1
330
A02
100
AcDbEntity
  8
Frente
100
AcDbLine
 10
57.026137933
 20
177.100000000
 30
0.000000000
 11
57.415849365
 21
177.100000000
 31
0.000000000
  0
LINE
  5
BA2
330
A02
100
AcDbEntity
  8
Frente
100
AcDbLine
 10
56.790849365
 20
177.100000000
 30
0.000000000
 11
57.415849365
 21
177.100000000
 31
0.000000000
  0
LINE
  5
BA3
330
A02
100
AcDbEntity
  8
Frente
100
AcDbLine
 10
59.883188741
 20
177.100000000
 30
0.000000000
 11
60.508188741
 21
177.100000000
 31
0.000000000
  0
LINE
  5
BA4
330
A02
100
AcDbEntity
  8
Frente
100
AcDbLine
 10
59.883188741
 20
177.100000000
 30
0.000000000
 11
60.272900172
 21
177.100000000
 31
0.000000000
  0
LINE
  5
BA5
330
A02
100
AcDbEntity
  8
Frente
100
AcDbLine
 10
60.508188741
 20
177.100000000
 30
0.000000000
 11
60.897900172
 21
177.100000000
 31
0.000000000
  0
LINE
  5
BA6
330
A02
100
AcDbEntity
  8
Frente
100
AcDbLine
 10
60.272900172
 20
177.100000000
 30
0.000000000
 11
60.897900172
 21
177.100000000
 31
0.000000000
  0
LINE
  5
BA7
330
A02
100
AcDbEntity
  8
Frente
100
AcDbLine
 10
58.133188741
 20
177.100000000
 30
0.000000000
 11
58.758188741
 21
177.100000000
 31
0.000000000
  0
LINE
  5
BA8
330
A02
100
AcDbEntity
  8
Frente
100
AcDbLine
 10
58.133188741
 20
177.100000000
 30
0.000000000
 11
58.522900172
 21
177.100000000
 31
0.000000000
  0
LINE
  5
BA9
330
A02
100
AcDbEntity
  8
Frente
100
AcDbLine
 10
58.522900172
 20
177.100000000
 30
0.000000000
 11
59.147900172
 21
177.100000000
 31
0.000000000
  0
LINE
  5
BAA
330
A02
100
AcDbEntity
  8
Frente
100
AcDbLine
 10
58.758188741
 20
177.100000000
 30
0.000000000
 11
59.147900172
 21
177.100000000
 31
0.000000000
  0
LINE
  5
BAB
330
A02
100
AcDbEntity
  8
Frente
100
AcDbLine
 10
58.151137933
 20
177.100000000
 30
0.000000000
 11
58.151137933
 21
177.300000000
 31
0.000000000
  0
LINE
  5
BAC
330
A02
100
AcDbEntity
  8
Frente
100
AcDbLine
 10
58.776137933
 20
177.100000000
 30
0.000000000
 11
58.776137933
 21
177.300000000
 31
0.000000000
  0
LINE
  5
BAD
330
A02
100
AcDbEntity
  8
Frente
100
AcDbLine
 10
58.540849365
 20
177.100000000
 30
0.000000000
 11
58.540849365
 21
177.300000000
 31
0.000000000
  0
LINE
  5
BAE
330
A02
100
AcDbEntity
  8
Frente
100
AcDbLine
 10
59.165849365
 20
177.100000000
 30
0.000000000
 11
59.165849365
 21
177.300000000
 31
0.000000000
  0
LINE
  5
BAF
330
A02
100
AcDbEntity
  8
Frente
100
AcDbLine
 10
56.401137933
 20
177.100000000
 30
0.000000000
 11
56.401137933
 21
177.300000000
 31
0.000000000
  0
LINE
  5
BB0
330
A02
100
AcDbEntity
  8
Frente
100
AcDbLine
 10
57.026137933
 20
177.100000000
 30
0.000000000
 11
57.026137933
 21
177.300000000
 31
0.000000000
  0
LINE
  5
BB1
330
A02
100
AcDbEntity
  8
Frente
100
AcDbLine
 10
56.790849365
 20
177.100000000
 30
0.000000000
 11
56.790849365
 21
177.300000000
 31
0.000000000
  0
LINE
  5
BB2
330
A02
100
AcDbEntity
  8
Frente
100
AcDbLine
 10
57.415849365
 20
177.100000000
 30
0.000000000
 11
57.415849365
 21
177.300000000
 31
0.000000000
  0
LINE
  5
BB3
330
A02
100
AcDbEntity
  8
Frente
100
AcDbLine
 10
59.883188741
 20
177.100000000
 30
0.000000000
 11
59.883188741
 21
177.300000000
 31
0.000000000
  0
LINE
  5
BB4
330
A02
100
AcDbEntity
  8
Frente
100
AcDbLine
 10
60.508188741
 20
177.100000000
 30
0.000000000
 11
60.508188741
 21
177.300000000
 31
0.000000000
  0
LINE
  5
BB5
330
A02
100
AcDbEntity
  8
Frente
100
AcDbLine
 10
60.272900172
 20
177.100000000
 30
0.000000000
 11
60.272900172
 21
177.300000000
 31
0.000000000
  0
LINE
  5
BB6
330
A02
100
AcDbEntity
  8
Frente
100
AcDbLine
 10
60.897900172
 20
177.100000000
 30
0.000000000
 11
60.897900172
 21
177.300000000
 31
0.000000000
  0
LINE
  5
BB7
330
A02
100
AcDbEntity
  8
Frente
100
AcDbLine
 10
58.133188741
 20
177.100000000
 30
0.000000000
 11
58.133188741
 21
177.300000000
 31
0.000000000
  0
LINE
  5
BB8
330
A02
100
AcDbEntity
  8
Frente
100
AcDbLine
 10
58.758188741
 20
177.100000000
 30
0.000000000
 11
58.758188741
 21
177.300000000
 31
0.000000000
  0
LINE
  5
BB9
330
A02
100
AcDbEntity
  8
Frente
100
AcDbLine
 10
58.522900172
 20
177.100000000
 30
0.000000000
 11
58.522900172
 21
177.300000000
 31
0.000000000
  0
LINE
  5
BBA
330
A02
100
AcDbEntity
  8
Frente
100
AcDbLine
 10
59.147900172
 20
177.100000000
 30
0.000000000
 11
59.147900172
 21
177.300000000
 31
0.000000000
  0
LINE
  5
BBB
330
A02
100
AcDbEntity
  8
Frente
100
AcDbLine
 10
57.956698730
 20
175.750000000
 30
0.000000000
 11
59.342339376
 21
175.750000000
 31
0.000000000
  0
LWPOLYLINE
  5
BBC
330
A02
100
AcDbEntity
100
AcDbPolyline
  8
Frente
 90
2
 70
0
 43
0
 10
57.956698730
 20
172.000000000
 10
57.956698730
 20
175.750000000
  0
LINE
  5
BBD
330
A02
100
AcDbEntity
  8
Frente
100
AcDbLine
 10
58.445096189
 20
175.750000000
 30
0.000000000
 11
58.445096189
 21
176.900000000
 31
0.000000000
  0
LINE
  5
BBE
330
A02
100
AcDbEntity
  8
Frente
100
AcDbLine
 10
58.445096189
 20
176.900000000
 30
0.000000000
 11
60.003941916
 21
176.900000000
 31
0.000000000
  0
LINE
  5
BBF
330
A02
100
AcDbEntity
  8
Frente
100
AcDbLine
 10
58.445096189
 20
175.750000000
 30
0.000000000
 11
60.003941916
 21
175.750000000
 31
0.000000000
  0
LINE
  5
BC0
330
A02
100
AcDbEntity
  8
Frente
100
AcDbLine
 10
57.295096189
 20
176.900000000
 30
0.000000000
 11
58.853941916
 21
176.900000000
 31
0.000000000
  0
LINE
  5
BC1
330
A02
100
AcDbEntity
  8
Frente
100
AcDbLine
 10
58.445096189
 20
175.750000000
 30
0.000000000
 11
57.295096189
 21
175.750000000
 31
0.000000000
  0
LINE
  5
BC2
330
A02
100
AcDbEntity
  8
Frente
100
AcDbLine
 10
58.445096189
 20
176.900000000
 30
0.000000000
 11
57.295096189
 21
176.900000000
 31
0.000000000
  0
LINE
  5
BC3
330
A02
100
AcDbEntity
  8
Frente
100
AcDbLine
 10
60.003941916
 20
176.900000000
 30
0.000000000
 11
58.853941916
 21
176.900000000
 31
0.000000000
  0
LINE
  5
BC4
330
A02
100
AcDbEntity
  8
Frente
100
AcDbLine
 10
58.494230947
 20
176.900000000
 30
0.000000000
 11
58.494230947
 21
177.100000000
 31
0.000000000
  0
LINE
  5
BC5
330
A02
100
AcDbEntity
  8
Frente
100
AcDbLine
 10
58.494230947
 20
177.100000000
 30
0.000000000
 11
61.092307159
 21
177.100000000
 31
0.000000000
  0
LINE
  5
BC6
330
A02
100
AcDbEntity
  8
Frente
100
AcDbLine
 10
58.494230947
 20
176.900000000
 30
0.000000000
 11
61.092307159
 21
176.900000000
 31
0.000000000
  0
LINE
  5
BC7
330
A02
100
AcDbEntity
  8
Frente
100
AcDbLine
 10
56.206730947
 20
177.100000000
 30
0.000000000
 11
58.804807159
 21
177.100000000
 31
0.000000000
  0
LINE
  5
BC8
330
A02
100
AcDbEntity
  8
Frente
100
AcDbLine
 10
58.494230947
 20
176.900000000
 30
0.000000000
 11
56.206730947
 21
176.900000000
 31
0.000000000
  0
LINE
  5
BC9
330
A02
100
AcDbEntity
  8
Frente
100
AcDbLine
 10
58.494230947
 20
177.100000000
 30
0.000000000
 11
56.206730947
 21
177.100000000
 31
0.000000000
  0
LINE
  5
BCA
330
A02
100
AcDbEntity
  8
Frente
100
AcDbLine
 10
61.092307159
 20
177.100000000
 30
0.000000000
 11
58.804807159
 21
177.100000000
 31
0.000000000
  0
LINE
  5
BCB
330
A02
100
AcDbEntity
  8
Frente
100
AcDbLine
 10
40.883974596
 20
177.100000000
 30
0.000000000
 11
40.883974596
 21
177.300000000
 31
0.000000000
  0
LINE
  5
BCC
330
A02
100
AcDbEntity
  8
Frente
100
AcDbLine
 10
40.883974596
 20
177.300000000
 30
0.000000000
 11
43.915063509
 21
177.300000000
 31
0.000000000
  0
LINE
  5
BCD
330
A02
100
AcDbEntity
  8
Frente
100
AcDbLine
 10
40.883974596
 20
177.100000000
 30
0.000000000
 11
43.915063509
 21
177.100000000
 31
0.000000000
  0
LINE
  5
BCE
330
A02
100
AcDbEntity
  8
Frente
100
AcDbLine
 10
40.883974596
 20
177.100000000
 30
0.000000000
 11
38.383974596
 21
177.100000000
 31
0.000000000
  0
LINE
  5
BCF
330
A02
100
AcDbEntity
  8
Frente
100
AcDbLine
 10
40.883974596
 20
177.300000000
 30
0.000000000
 11
38.383974596
 21
177.300000000
 31
0.000000000
  0
LINE
  5
BD0
330
A02
100
AcDbEntity
  8
Frente
100
AcDbLine
 10
38.383974596
 20
177.300000000
 30
0.000000000
 11
40.049038106
 21
177.300000000
 31
0.000000000
  0
LINE
  5
BD1
330
A02
100
AcDbEntity
  8
Frente
100
AcDbLine
 10
40.651137933
 20
177.300000000
 30
0.000000000
 11
41.276137933
 21
177.300000000
 31
0.000000000
  0
LINE
  5
BD2
330
A02
100
AcDbEntity
  8
Frente
100
AcDbLine
 10
40.651137933
 20
177.300000000
 30
0.000000000
 11
41.040849365
 21
177.300000000
 31
0.000000000
  0
LINE
  5
BD3
330
A02
100
AcDbEntity
  8
Frente
100
AcDbLine
 10
41.276137933
 20
177.300000000
 30
0.000000000
 11
41.665849365
 21
177.300000000
 31
0.000000000
  0
LINE
  5
BD4
330
A02
100
AcDbEntity
  8
Frente
100
AcDbLine
 10
41.040849365
 20
177.300000000
 30
0.000000000
 11
41.665849365
 21
177.300000000
 31
0.000000000
  0
LINE
  5
BD5
330
A02
100
AcDbEntity
  8
Frente
100
AcDbLine
 10
38.901137933
 20
177.300000000
 30
0.000000000
 11
39.526137933
 21
177.300000000
 31
0.000000000
  0
LINE
  5
BD6
330
A02
100
AcDbEntity
  8
Frente
100
AcDbLine
 10
38.901137933
 20
177.300000000
 30
0.000000000
 11
39.290849365
 21
177.300000000
 31
0.000000000
  0
LINE
  5
BD7
330
A02
100
AcDbEntity
  8
Frente
100
AcDbLine
 10
39.526137933
 20
177.300000000
 30
0.000000000
 11
39.915849365
 21
177.300000000
 31
0.000000000
  0
LINE
  5
BD8
330
A02
100
AcDbEntity
  8
Frente
100
AcDbLine
 10
39.290849365
 20
177.300000000
 30
0.000000000
 11
39.915849365
 21
177.300000000
 31
0.000000000
  0
LINE
  5
BD9
330
A02
100
AcDbEntity
  8
Frente
100
AcDbLine
 10
42.383188741
 20
177.300000000
 30
0.000000000
 11
43.008188741
 21
177.300000000
 31
0.000000000
  0
LINE
  5
BDA
330
A02
100
AcDbEntity
  8
Frente
100
AcDbLine
 10
42.383188741
 20
177.300000000
 30
0.000000000
 11
42.772900172
 21
177.300000000
 31
0.000000000
  0
LINE
  5
BDB
330
A02
100
AcDbEntity
  8
Frente
100
AcDbLine
 10
43.008188741
 20
177.300000000
 30
0.000000000
 11
43.397900172
 21
177.300000000
 31
0.000000000
  0
LINE
  5
BDC
330
A02
100
AcDbEntity
  8
Frente
100
AcDbLine
 10
42.772900172
 20
177.300000000
 30
0.000000000
 11
43.397900172
 21
177.300000000
 31
0.000000000
  0
LINE
  5
BDD
330
A02
100
AcDbEntity
  8
Frente
100
AcDbLine
 10
40.633188741
 20
177.300000000
 30
0.000000000
 11
41.258188741
 21
177.300000000
 31
0.000000000
  0
LINE
  5
BDE
330
A02
100
AcDbEntity
  8
Frente
100
AcDbLine
 10
40.633188741
 20
177.300000000
 30
0.000000000
 11
41.022900172
 21
177.300000000
 31
0.000000000
  0
LINE
  5
BDF
330
A02
100
AcDbEntity
  8
Frente
100
AcDbLine
 10
41.022900172
 20
177.300000000
 30
0.000000000
 11
41.647900172
 21
177.300000000
 31
0.000000000
  0
LINE
  5
BE0
330
A02
100
AcDbEntity
  8
Frente
100
AcDbLine
 10
41.258188741
 20
177.300000000
 30
0.000000000
 11
41.647900172
 21
177.300000000
 31
0.000000000
  0
LINE
  5
BE1
330
A02
100
AcDbEntity
  8
Frente
100
AcDbLine
 10
40.651137933
 20
177.100000000
 30
0.000000000
 11
41.276137933
 21
177.100000000
 31
0.000000000
  0
LINE
  5
BE2
330
A02
100
AcDbEntity
  8
Frente
100
AcDbLine
 10
40.651137933
 20
177.100000000
 30
0.000000000
 11
41.040849365
 21
177.100000000
 31
0.000000000
  0
LINE
  5
BE3
330
A02
100
AcDbEntity
  8
Frente
100
AcDbLine
 10
41.276137933
 20
177.100000000
 30
0.000000000
 11
41.665849365
 21
177.100000000
 31
0.000000000
  0
LINE
  5
BE4
330
A02
100
AcDbEntity
  8
Frente
100
AcDbLine
 10
41.040849365
 20
177.100000000
 30
0.000000000
 11
41.665849365
 21
177.100000000
 31
0.000000000
  0
LINE
  5
BE5
330
A02
100
AcDbEntity
  8
Frente
100
AcDbLine
 10
38.901137933
 20
177.100000000
 30
0.000000000
 11
39.526137933
 21
177.100000000
 31
0.000000000
  0
LINE
  5
BE6
330
A02
100
AcDbEntity
  8
Frente
100
AcDbLine
 10
38.901137933
 20
177.100000000
 30
0.000000000
 11
39.290849365
 21
177.100000000
 31
0.000000000
  0
LINE
  5
BE7
330
A02
100
AcDbEntity
  8
Frente
100
AcDbLine
 10
39.526137933
 20
177.100000000
 30
0.000000000
 11
39.915849365
 21
177.100000000
 31
0.000000000
  0
LINE
  5
BE8
330
A02
100
AcDbEntity
  8
Frente
100
AcDbLine
 10
39.290849365
 20
177.100000000
 30
0.000000000
 11
39.915849365
 21
177.100000000
 31
0.000000000
  0
LINE
  5
BE9
330
A02
100
AcDbEntity
  8
Frente
100
AcDbLine
 10
42.383188741
 20
177.100000000
 30
0.000000000
 11
43.008188741
 21
177.100000000
 31
0.000000000
  0
LINE
  5
BEA
330
A02
100
AcDbEntity
  8
Frente
100
AcDbLine
 10
42.383188741
 20
177.100000000
 30
0.000000000
 11
42.772900172
 21
177.100000000
 31
0.000000000
  0
LINE
  5
BEB
330
A02
100
AcDbEntity
  8
Frente
100
AcDbLine
 10
43.008188741
 20
177.100000000
 30
0.000000000
 11
43.397900172
 21
177.100000000
 31
0.000000000
  0
LINE
  5
BEC
330
A02
100
AcDbEntity
  8
Frente
100
AcDbLine
 10
42.772900172
 20
177.100000000
 30
0.000000000
 11
43.397900172
 21
177.100000000
 31
0.000000000
  0
LINE
  5
BED
330
A02
100
AcDbEntity
  8
Frente
100
AcDbLine
 10
40.633188741
 20
177.100000000
 30
0.000000000
 11
41.258188741
 21
177.100000000
 31
0.000000000
  0
LINE
  5
BEE
330
A02
100
AcDbEntity
  8
Frente
100
AcDbLine
 10
40.633188741
 20
177.100000000
 30
0.000000000
 11
41.022900172
 21
177.100000000
 31
0.000000000
  0
LINE
  5
BEF
330
A02
100
AcDbEntity
  8
Frente
100
AcDbLine
 10
41.022900172
 20
177.100000000
 30
0.000000000
 11
41.647900172
 21
177.100000000
 31
0.000000000
  0
LINE
  5
BF0
330
A02
100
AcDbEntity
  8
Frente
100
AcDbLine
 10
41.258188741
 20
177.100000000
 30
0.000000000
 11
41.647900172
 21
177.100000000
 31
0.000000000
  0
LINE
  5
BF1
330
A02
100
AcDbEntity
  8
Frente
100
AcDbLine
 10
40.651137933
 20
177.100000000
 30
0.000000000
 11
40.651137933
 21
177.300000000
 31
0.000000000
  0
LINE
  5
BF2
330
A02
100
AcDbEntity
  8
Frente
100
AcDbLine
 10
41.276137933
 20
177.100000000
 30
0.000000000
 11
41.276137933
 21
177.300000000
 31
0.000000000
  0
LINE
  5
BF3
330
A02
100
AcDbEntity
  8
Frente
100
AcDbLine
 10
41.040849365
 20
177.100000000
 30
0.000000000
 11
41.040849365
 21
177.300000000
 31
0.000000000
  0
LINE
  5
BF4
330
A02
100
AcDbEntity
  8
Frente
100
AcDbLine
 10
41.665849365
 20
177.100000000
 30
0.000000000
 11
41.665849365
 21
177.300000000
 31
0.000000000
  0
LINE
  5
BF5
330
A02
100
AcDbEntity
  8
Frente
100
AcDbLine
 10
38.901137933
 20
177.100000000
 30
0.000000000
 11
38.901137933
 21
177.300000000
 31
0.000000000
  0
LINE
  5
BF6
330
A02
100
AcDbEntity
  8
Frente
100
AcDbLine
 10
39.526137933
 20
177.100000000
 30
0.000000000
 11
39.526137933
 21
177.300000000
 31
0.000000000
  0
LINE
  5
BF7
330
A02
100
AcDbEntity
  8
Frente
100
AcDbLine
 10
39.290849365
 20
177.100000000
 30
0.000000000
 11
39.290849365
 21
177.300000000
 31
0.000000000
  0
LINE
  5
BF8
330
A02
100
AcDbEntity
  8
Frente
100
AcDbLine
 10
39.915849365
 20
177.100000000
 30
0.000000000
 11
39.915849365
 21
177.300000000
 31
0.000000000
  0
LINE
  5
BF9
330
A02
100
AcDbEntity
  8
Frente
100
AcDbLine
 10
42.383188741
 20
177.100000000
 30
0.000000000
 11
42.383188741
 21
177.300000000
 31
0.000000000
  0
LINE
  5
BFA
330
A02
100
AcDbEntity
  8
Frente
100
AcDbLine
 10
43.008188741
 20
177.100000000
 30
0.000000000
 11
43.008188741
 21
177.300000000
 31
0.000000000
  0
LINE
  5
BFB
330
A02
100
AcDbEntity
  8
Frente
100
AcDbLine
 10
42.772900172
 20
177.100000000
 30
0.000000000
 11
42.772900172
 21
177.300000000
 31
0.000000000
  0
LINE
  5
BFC
330
A02
100
AcDbEntity
  8
Frente
100
AcDbLine
 10
43.397900172
 20
177.100000000
 30
0.000000000
 11
43.397900172
 21
177.300000000
 31
0.000000000
  0
LINE
  5
BFD
330
A02
100
AcDbEntity
  8
Frente
100
AcDbLine
 10
40.633188741
 20
177.100000000
 30
0.000000000
 11
40.633188741
 21
177.300000000
 31
0.000000000
  0
LINE
  5
BFE
330
A02
100
AcDbEntity
  8
Frente
100
AcDbLine
 10
41.258188741
 20
177.100000000
 30
0.000000000
 11
41.258188741
 21
177.300000000
 31
0.000000000
  0
LINE
  5
BFF
330
A02
100
AcDbEntity
  8
Frente
100
AcDbLine
 10
41.022900172
 20
177.100000000
 30
0.000000000
 11
41.022900172
 21
177.300000000
 31
0.000000000
  0
LINE
  5
C00
330
A02
100
AcDbEntity
  8
Frente
100
AcDbLine
 10
41.647900172
 20
177.100000000
 30
0.000000000
 11
41.647900172
 21
177.300000000
 31
0.000000000
  0
LINE
  5
C01
330
A02
100
AcDbEntity
  8
Frente
100
AcDbLine
 10
40.456698730
 20
175.750000000
 30
0.000000000
 11
41.842339376
 21
175.750000000
 31
0.000000000
  0
LWPOLYLINE
  5
C02
330
A02
100
AcDbEntity
100
AcDbPolyline
  8
Frente
 90
2
 70
0
 43
0
 10
40.456698730
 20
172.000000000
 10
40.456698730
 20
175.750000000
  0
LINE
  5
C03
330
A02
100
AcDbEntity
  8
Frente
100
AcDbLine
 10
40.945096189
 20
175.750000000
 30
0.000000000
 11
40.945096189
 21
176.900000000
 31
0.000000000
  0
LINE
  5
C04
330
A02
100
AcDbEntity
  8
Frente
100
AcDbLine
 10
40.945096189
 20
176.900000000
 30
0.000000000
 11
42.503941916
 21
176.900000000
 31
0.000000000
  0
LINE
  5
C05
330
A02
100
AcDbEntity
  8
Frente
100
AcDbLine
 10
40.945096189
 20
175.750000000
 30
0.000000000
 11
42.503941916
 21
175.750000000
 31
0.000000000
  0
LINE
  5
C06
330
A02
100
AcDbEntity
  8
Frente
100
AcDbLine
 10
39.795096189
 20
176.900000000
 30
0.000000000
 11
41.353941916
 21
176.900000000
 31
0.000000000
  0
LINE
  5
C07
330
A02
100
AcDbEntity
  8
Frente
100
AcDbLine
 10
40.945096189
 20
175.750000000
 30
0.000000000
 11
39.795096189
 21
175.750000000
 31
0.000000000
  0
LINE
  5
C08
330
A02
100
AcDbEntity
  8
Frente
100
AcDbLine
 10
40.945096189
 20
176.900000000
 30
0.000000000
 11
39.795096189
 21
176.900000000
 31
0.000000000
  0
LINE
  5
C09
330
A02
100
AcDbEntity
  8
Frente
100
AcDbLine
 10
42.503941916
 20
176.900000000
 30
0.000000000
 11
41.353941916
 21
176.900000000
 31
0.000000000
  0
LINE
  5
C0A
330
A02
100
AcDbEntity
  8
Frente
100
AcDbLine
 10
40.994230947
 20
176.900000000
 30
0.000000000
 11
40.994230947
 21
177.100000000
 31
0.000000000
  0
LINE
  5
C0B
330
A02
100
AcDbEntity
  8
Frente
100
AcDbLine
 10
40.994230947
 20
177.100000000
 30
0.000000000
 11
43.592307159
 21
177.100000000
 31
0.000000000
  0
LINE
  5
C0C
330
A02
100
AcDbEntity
  8
Frente
100
AcDbLine
 10
40.994230947
 20
176.900000000
 30
0.000000000
 11
43.592307159
 21
176.900000000
 31
0.000000000
  0
LINE
  5
C0D
330
A02
100
AcDbEntity
  8
Frente
100
AcDbLine
 10
38.706730947
 20
177.100000000
 30
0.000000000
 11
41.304807159
 21
177.100000000
 31
0.000000000
  0
LINE
  5
C0E
330
A02
100
AcDbEntity
  8
Frente
100
AcDbLine
 10
40.994230947
 20
176.900000000
 30
0.000000000
 11
38.706730947
 21
176.900000000
 31
0.000000000
  0
LINE
  5
C0F
330
A02
100
AcDbEntity
  8
Frente
100
AcDbLine
 10
40.994230947
 20
177.100000000
 30
0.000000000
 11
38.706730947
 21
177.100000000
 31
0.000000000
  0
LINE
  5
C10
330
A02
100
AcDbEntity
  8
Frente
100
AcDbLine
 10
43.592307159
 20
177.100000000
 30
0.000000000
 11
41.304807159
 21
177.100000000
 31
0.000000000
  0
LINE
  5
C11
330
A02
100
AcDbEntity
  8
Lateral
100
AcDbLine
 10
165.000000000
 20
177.300000000
 30
0.000000000
 11
165.000000000
 21
257.300000000
 31
0.000000000
  0
LINE
  5
C12
330
A02
100
AcDbEntity
  8
Lateral
100
AcDbLine
 10
166.500000000
 20
177.300000000
 30
0.000000000
 11
166.500000000
 21
257.300000000
 31
0.000000000
  0
LINE
  5
C13
330
A02
100
AcDbEntity
  8
Lateral
100
AcDbLine
 10
165.000000000
 20
177.300000000
 30
0.000000000
 11
166.500000000
 21
177.300000000
 31
0.000000000
  0
LINE
  5
C14
330
A02
100
AcDbEntity
  8
Lateral
100
AcDbLine
 10
165.000000000
 20
257.300000000
 30
0.000000000
 11
166.500000000
 21
257.300000000
 31
0.000000000
  0
LINE
  5
C15
330
A02
100
AcDbEntity
  8
Lateral
100
AcDbLine
 10
208.500000000
 20
177.300000000
 30
0.000000000
 11
208.500000000
 21
257.300000000
 31
0.000000000
  0
LINE
  5
C16
330
A02
100
AcDbEntity
  8
Lateral
100
AcDbLine
 10
210.000000000
 20
177.300000000
 30
0.000000000
 11
210.000000000
 21
257.300000000
 31
0.000000000
  0
LINE
  5
C17
330
A02
100
AcDbEntity
  8
Lateral
100
AcDbLine
 10
208.500000000
 20
177.300000000
 30
0.000000000
 11
210.000000000
 21
177.300000000
 31
0.000000000
  0
LINE
  5
C18
330
A02
100
AcDbEntity
  8
Lateral
100
AcDbLine
 10
208.500000000
 20
257.300000000
 30
0.000000000
 11
210.000000000
 21
257.300000000
 31
0.000000000
  0
LINE
  5
C19
330
A02
100
AcDbEntity
  8
Lateral
100
AcDbLine
 10
166.500000000
 20
177.300000000
 30
0.000000000
 11
166.500000000
 21
178.800000000
 31
0.000000000
  0
LINE
  5
C1A
330
A02
100
AcDbEntity
  8
Lateral
100
AcDbLine
 10
208.500000000
 20
177.300000000
 30
0.000000000
 11
208.500000000
 21
178.800000000
 31
0.000000000
  0
LINE
  5
C1B
330
A02
100
AcDbEntity
  8
Lateral
100
AcDbLine
 10
166.500000000
 20
177.300000000
 30
0.000000000
 11
167.500000000
 21
177.300000000
 31
0.000000000
  0
LINE
  5
C1C
330
A02
100
AcDbEntity
  8
Lateral
100
AcDbLine
 10
172.500000000
 20
177.300000000
 30
0.000000000
 11
202.500000000
 21
177.300000000
 31
0.000000000
  0
LINE
  5
C1D
330
A02
100
AcDbEntity
  8
Lateral
100
AcDbLine
 10
207.500000000
 20
177.300000000
 30
0.000000000
 11
208.500000000
 21
177.300000000
 31
0.000000000
  0
LINE
  5
C1E
330
A02
100
AcDbEntity
  8
Lateral
100
AcDbLine
 10
166.500000000
 20
178.800000000
 30
0.000000000
 11
208.500000000
 21
178.800000000
 31
0.000000000
  0
LINE
  5
C1F
330
A02
100
AcDbEntity
  8
Lateral
100
AcDbLine
 10
166.500000000
 20
255.800000000
 30
0.000000000
 11
166.500000000
 21
257.300000000
 31
0.000000000
  0
LINE
  5
C20
330
A02
100
AcDbEntity
  8
Lateral
100
AcDbLine
 10
208.500000000
 20
255.800000000
 30
0.000000000
 11
208.500000000
 21
257.300000000
 31
0.000000000
  0
LINE
  5
C21
330
A02
100
AcDbEntity
  8
Lateral
100
AcDbLine
 10
166.500000000
 20
255.800000000
 30
0.000000000
 11
208.500000000
 21
255.800000000
 31
0.000000000
  0
LINE
  5
C22
330
A02
100
AcDbEntity
  8
Lateral
100
AcDbLine
 10
166.500000000
 20
257.300000000
 30
0.000000000
 11
208.500000000
 21
257.300000000
 31
0.000000000
  0
LINE
  5
C23
330
A02
100
AcDbEntity
  8
Lateral
100
AcDbLine
 10
167.500000000
 20
177.100000000
 30
0.000000000
 11
167.500000000
 21
177.300000000
 31
0.000000000
  0
LINE
  5
C24
330
A02
100
AcDbEntity
  8
Lateral
100
AcDbLine
 10
167.500000000
 20
177.100000000
 30
0.000000000
 11
172.500000000
 21
177.100000000
 31
0.000000000
  0
LINE
  5
C25
330
A02
100
AcDbEntity
  8
Lateral
100
AcDbLine
 10
172.500000000
 20
177.100000000
 30
0.000000000
 11
172.500000000
 21
177.300000000
 31
0.000000000
  0
LINE
  5
C26
330
A02
100
AcDbEntity
  8
Lateral
100
AcDbLine
 10
167.500000000
 20
177.300000000
 30
0.000000000
 11
172.500000000
 21
177.300000000
 31
0.000000000
  0
CIRCLE
  5
C27
330
A02
100
AcDbEntity
  8
Lateral
100
AcDbCircle
 10
170.000000000
 20
173.875000000
 30
0.000000000
 40
1.875000000
  0
LINE
  5
C28
330
A02
100
AcDbEntity
  8
Lateral
100
AcDbLine
 10
168.850000000
 20
175.750000000
 30
0.000000000
 11
168.850000000
 21
176.900000000
 31
0.000000000
  0
LINE
  5
C29
330
A02
100
AcDbEntity
  8
Lateral
100
AcDbLine
 10
171.150000000
 20
175.750000000
 30
0.000000000
 11
171.150000000
 21
176.900000000
 31
0.000000000
  0
LINE
  5
C2A
330
A02
100
AcDbEntity
  8
Lateral
100
AcDbLine
 10
168.850000000
 20
175.750000000
 30
0.000000000
 11
171.150000000
 21
175.750000000
 31
0.000000000
  0
LINE
  5
C2B
330
A02
100
AcDbEntity
  8
Lateral
100
AcDbLine
 10
167.712500000
 20
176.900000000
 30
0.000000000
 11
167.712500000
 21
177.100000000
 31
0.000000000
  0
LINE
  5
C2C
330
A02
100
AcDbEntity
  8
Lateral
100
AcDbLine
 10
172.287500000
 20
176.900000000
 30
0.000000000
 11
172.287500000
 21
177.100000000
 31
0.000000000
  0
LINE
  5
C2D
330
A02
100
AcDbEntity
  8
Lateral
100
AcDbLine
 10
167.712500000
 20
176.900000000
 30
0.000000000
 11
172.287500000
 21
176.900000000
 31
0.000000000
  0
LINE
  5
C2E
330
A02
100
AcDbEntity
  8
Lateral
100
AcDbLine
 10
202.500000000
 20
177.100000000
 30
0.000000000
 11
202.500000000
 21
177.300000000
 31
0.000000000
  0
LINE
  5
C2F
330
A02
100
AcDbEntity
  8
Lateral
100
AcDbLine
 10
202.500000000
 20
177.100000000
 30
0.000000000
 11
207.500000000
 21
177.100000000
 31
0.000000000
  0
LINE
  5
C30
330
A02
100
AcDbEntity
  8
Lateral
100
AcDbLine
 10
207.500000000
 20
177.100000000
 30
0.000000000
 11
207.500000000
 21
177.300000000
 31
0.000000000
  0
LINE
  5
C31
330
A02
100
AcDbEntity
  8
Lateral
100
AcDbLine
 10
202.500000000
 20
177.300000000
 30
0.000000000
 11
207.500000000
 21
177.300000000
 31
0.000000000
  0
CIRCLE
  5
C32
330
A02
100
AcDbEntity
  8
Lateral
100
AcDbCircle
 10
205.000000000
 20
173.875000000
 30
0.000000000
 40
1.875000000
  0
LINE
  5
C33
330
A02
100
AcDbEntity
  8
Lateral
100
AcDbLine
 10
203.850000000
 20
175.750000000
 30
0.000000000
 11
203.850000000
 21
176.900000000
 31
0.000000000
  0
LINE
  5
C34
330
A02
100
AcDbEntity
  8
Lateral
100
AcDbLine
 10
206.150000000
 20
175.750000000
 30
0.000000000
 11
206.150000000
 21
176.900000000
 31
0.000000000
  0
LINE
  5
C35
330
A02
100
AcDbEntity
  8
Lateral
100
AcDbLine
 10
203.850000000
 20
175.750000000
 30
0.000000000
 11
206.150000000
 21
175.750000000
 31
0.000000000
  0
LINE
  5
C36
330
A02
100
AcDbEntity
  8
Lateral
100
AcDbLine
 10
202.712500000
 20
176.900000000
 30
0.000000000
 11
202.712500000
 21
177.100000000
 31
0.000000000
  0
LINE
  5
C37
330
A02
100
AcDbEntity
  8
Lateral
100
AcDbLine
 10
207.287500000
 20
176.900000000
 30
0.000000000
 11
207.287500000
 21
177.100000000
 31
0.000000000
  0
LINE
  5
C38
330
A02
100
AcDbEntity
  8
Lateral
100
AcDbLine
 10
202.712500000
 20
176.900000000
 30
0.000000000
 11
207.287500000
 21
176.900000000
 31
0.000000000
  0
LINE
  5
C39
330
A02
100
AcDbEntity
  8
Lateral
100
AcDbLine
 10
211.125000000
 20
177.300000000
 30
0.000000000
 11
211.125000000
 21
257.300000000
 31
0.000000000
  0
LINE
  5
C3A
330
A02
100
AcDbEntity
  8
Lateral
100
AcDbLine
 10
210.000000000
 20
177.300000000
 30
0.000000000
 11
211.125000000
 21
177.300000000
 31
0.000000000
  0
LINE
  5
C3B
330
A02
100
AcDbEntity
  8
Lateral
100
AcDbLine
 10
210.000000000
 20
257.300000000
 30
0.000000000
 11
211.125000000
 21
257.300000000
 31
0.000000000
  0
LINE
  5
C3C
330
A02
100
AcDbEntity
  8
Lateral
100
AcDbLine
 10
231.375000000
 20
178.800000000
 30
0.000000000
 11
231.375000000
 21
255.800000000
 31
0.000000000
  0
LINE
  5
C3D
330
A02
100
AcDbEntity
  8
Lateral
100
AcDbLine
 10
232.875000000
 20
177.300000000
 30
0.000000000
 11
232.875000000
 21
257.300000000
 31
0.000000000
  0
LINE
  5
C3E
330
A02
100
AcDbEntity
  8
Lateral
100
AcDbLine
 10
232.399519053
 20
177.300000000
 30
0.000000000
 11
232.875000000
 21
177.300000000
 31
0.000000000
  0
LINE
  5
C3F
330
A02
100
AcDbEntity
  8
Lateral
100
AcDbLine
 10
232.399519053
 20
257.300000000
 30
0.000000000
 11
232.875000000
 21
257.300000000
 31
0.000000000
  0
LINE
  5
C40
330
A02
100
AcDbEntity
  8
Lateral
100
AcDbLine
 10
211.399519053
 20
177.300000000
 30
0.000000000
 11
211.399519053
 21
178.800000000
 31
0.000000000
  0
LINE
  5
C41
330
A02
100
AcDbEntity
  8
Lateral
100
AcDbLine
 10
211.399519053
 20
178.800000000
 30
0.000000000
 11
211.125000000
 21
178.800000000
 31
0.000000000
  0
LINE
  5
C42
330
A02
100
AcDbEntity
  8
Lateral
100
AcDbLine
 10
211.399519053
 20
177.300000000
 30
0.000000000
 11
211.125000000
 21
177.300000000
 31
0.000000000
  0
LINE
  5
C43
330
A02
100
AcDbEntity
  8
Lateral
100
AcDbLine
 10
232.399519053
 20
177.300000000
 30
0.000000000
 11
232.399519053
 21
178.800000000
 31
0.000000000
  0
LINE
  5
C44
330
A02
100
AcDbEntity
  8
Lateral
100
AcDbLine
 10
211.399519053
 20
177.300000000
 30
0.000000000
 11
232.399519053
 21
177.300000000
 31
0.000000000
  0
LINE
  5
C45
330
A02
100
AcDbEntity
  8
Lateral
100
AcDbLine
 10
211.399519053
 20
178.800000000
 30
0.000000000
 11
232.399519053
 21
178.800000000
 31
0.000000000
  0
LINE
  5
C46
330
A02
100
AcDbEntity
  8
Lateral
100
AcDbLine
 10
211.399519053
 20
255.800000000
 30
0.000000000
 11
211.399519053
 21
257.300000000
 31
0.000000000
  0
LINE
  5
C47
330
A02
100
AcDbEntity
  8
Lateral
100
AcDbLine
 10
211.399519053
 20
257.300000000
 30
0.000000000
 11
211.125000000
 21
257.300000000
 31
0.000000000
  0
LINE
  5
C48
330
A02
100
AcDbEntity
  8
Lateral
100
AcDbLine
 10
211.399519053
 20
255.800000000
 30
0.000000000
 11
211.125000000
 21
255.800000000
 31
0.000000000
  0
LINE
  5
C49
330
A02
100
AcDbEntity
  8
Lateral
100
AcDbLine
 10
232.399519053
 20
255.800000000
 30
0.000000000
 11
232.399519053
 21
257.300000000
 31
0.000000000
  0
LINE
  5
C4A
330
A02
100
AcDbEntity
  8
Lateral
100
AcDbLine
 10
211.399519053
 20
255.800000000
 30
0.000000000
 11
232.399519053
 21
255.800000000
 31
0.000000000
  0
LINE
  5
C4B
330
A02
100
AcDbEntity
  8
Lateral
100
AcDbLine
 10
211.399519053
 20
257.300000000
 30
0.000000000
 11
232.399519053
 21
257.300000000
 31
0.000000000
  0
LINE
  5
C4C
330
A02
100
AcDbEntity
  8
Lateral
100
AcDbLine
 10
232.765544457
 20
177.100000000
 30
0.000000000
 11
232.765544457
 21
177.300000000
 31
0.000000000
  0
LINE
  5
C4D
330
A02
100
AcDbEntity
  8
Lateral
100
AcDbLine
 10
229.734455543
 20
177.100000000
 30
0.000000000
 11
229.734455543
 21
177.300000000
 31
0.000000000
  0
LINE
  5
C4E
330
A02
100
AcDbEntity
  8
Lateral
100
AcDbLine
 10
232.765544457
 20
177.100000000
 30
0.000000000
 11
229.734455543
 21
177.100000000
 31
0.000000000
  0
LINE
  5
C4F
330
A02
100
AcDbEntity
  8
Lateral
100
AcDbLine
 10
229.734455543
 20
177.100000000
 30
0.000000000
 11
227.234455543
 21
177.100000000
 31
0.000000000
  0
LINE
  5
C50
330
A02
100
AcDbEntity
  8
Lateral
100
AcDbLine
 10
227.234455543
 20
177.100000000
 30
0.000000000
 11
227.234455543
 21
177.300000000
 31
0.000000000
  0
LWPOLYLINE
  5
C51
330
A02
100
AcDbEntity
100
AcDbPolyline
  8
Lateral
 90
2
 70
0
 43
0
 10
229.307179677
 20
175.750000000
 10
229.307179677
 20
172.000000000
  0
LWPOLYLINE
  5
C52
330
A02
100
AcDbEntity
100
AcDbPolyline
  8
Lateral
 90
2
 70
0
 43
0
 10
229.307179677
 20
172.000000000
 10
229.307179677
 20
175.750000000
  0
LWPOLYLINE
  5
C53
330
A02
100
AcDbEntity
100
AcDbPolyline
  8
Lateral
 90
2
 70
0
 43
0
 10
230.692820323
 20
172.000000000
 10
230.692820323
 20
175.750000000
  0
LINE
  5
C54
330
A02
100
AcDbEntity
  8
Lateral
100
AcDbLine
 10
231.354422863
 20
175.750000000
 30
0.000000000
 11
231.354422863
 21
176.900000000
 31
0.000000000
  0
LINE
  5
C55
330
A02
100
AcDbEntity
  8
Lateral
100
AcDbLine
 10
229.795577137
 20
175.750000000
 30
0.000000000
 11
229.795577137
 21
176.900000000
 31
0.000000000
  0
LINE
  5
C56
330
A02
100
AcDbEntity
  8
Lateral
100
AcDbLine
 10
231.354422863
 20
175.750000000
 30
0.000000000
 11
229.795577137
 21
175.750000000
 31
0.000000000
  0
LINE
  5
C57
330
A02
100
AcDbEntity
  8
Lateral
100
AcDbLine
 10
228.645577137
 20
175.750000000
 30
0.000000000
 11
228.645577137
 21
176.900000000
 31
0.000000000
  0
LINE
  5
C58
330
A02
100
AcDbEntity
  8
Lateral
100
AcDbLine
 10
229.795577137
 20
175.750000000
 30
0.000000000
 11
228.645577137
 21
175.750000000
 31
0.000000000
  0
LINE
  5
C59
330
A02
100
AcDbEntity
  8
Lateral
100
AcDbLine
 10
232.442788106
 20
176.900000000
 30
0.000000000
 11
232.442788106
 21
177.100000000
 31
0.000000000
  0
LINE
  5
C5A
330
A02
100
AcDbEntity
  8
Lateral
100
AcDbLine
 10
229.844711894
 20
176.900000000
 30
0.000000000
 11
229.844711894
 21
177.100000000
 31
0.000000000
  0
LINE
  5
C5B
330
A02
100
AcDbEntity
  8
Lateral
100
AcDbLine
 10
232.442788106
 20
176.900000000
 30
0.000000000
 11
229.844711894
 21
176.900000000
 31
0.000000000
  0
LINE
  5
C5C
330
A02
100
AcDbEntity
  8
Lateral
100
AcDbLine
 10
227.557211894
 20
176.900000000
 30
0.000000000
 11
227.557211894
 21
177.100000000
 31
0.000000000
  0
LINE
  5
C5D
330
A02
100
AcDbEntity
  8
Lateral
100
AcDbLine
 10
229.844711894
 20
176.900000000
 30
0.000000000
 11
227.557211894
 21
176.900000000
 31
0.000000000
  0
LINE
  5
C5E
330
A02
100
AcDbEntity
  8
Lateral
100
AcDbLine
 10
215.265544457
 20
177.100000000
 30
0.000000000
 11
215.265544457
 21
177.300000000
 31
0.000000000
  0
LINE
  5
C5F
330
A02
100
AcDbEntity
  8
Lateral
100
AcDbLine
 10
212.234455543
 20
177.100000000
 30
0.000000000
 11
212.234455543
 21
177.300000000
 31
0.000000000
  0
LINE
  5
C60
330
A02
100
AcDbEntity
  8
Lateral
100
AcDbLine
 10
215.265544457
 20
177.100000000
 30
0.000000000
 11
212.234455543
 21
177.100000000
 31
0.000000000
  0
LINE
  5
C61
330
A02
100
AcDbEntity
  8
Lateral
100
AcDbLine
 10
212.234455543
 20
177.100000000
 30
0.000000000
 11
209.734455543
 21
177.100000000
 31
0.000000000
  0
LINE
  5
C62
330
A02
100
AcDbEntity
  8
Lateral
100
AcDbLine
 10
209.734455543
 20
177.100000000
 30
0.000000000
 11
209.734455543
 21
177.300000000
 31
0.000000000
  0
LWPOLYLINE
  5
C63
330
A02
100
AcDbEntity
100
AcDbPolyline
  8
Lateral
 90
2
 70
0
 43
0
 10
211.807179677
 20
175.750000000
 10
211.807179677
 20
172.000000000
  0
LWPOLYLINE
  5
C64
330
A02
100
AcDbEntity
100
AcDbPolyline
  8
Lateral
 90
2
 70
0
 43
0
 10
211.807179677
 20
172.000000000
 10
211.807179677
 20
175.750000000
  0
LWPOLYLINE
  5
C65
330
A02
100
AcDbEntity
100
AcDbPolyline
  8
Lateral
 90
2
 70
0
 43
0
 10
213.192820323
 20
172.000000000
 10
213.192820323
 20
175.750000000
  0
LINE
  5
C66
330
A02
100
AcDbEntity
  8
Lateral
100
AcDbLine
 10
213.854422863
 20
175.750000000
 30
0.000000000
 11
213.854422863
 21
176.900000000
 31
0.000000000
  0
LINE
  5
C67
330
A02
100
AcDbEntity
  8
Lateral
100
AcDbLine
 10
212.295577137
 20
175.750000000
 30
0.000000000
 11
212.295577137
 21
176.900000000
 31
0.000000000
  0
LINE
  5
C68
330
A02
100
AcDbEntity
  8
Lateral
100
AcDbLine
 10
213.854422863
 20
175.750000000
 30
0.000000000
 11
212.295577137
 21
175.750000000
 31
0.000000000
  0
LINE
  5
C69
330
A02
100
AcDbEntity
  8
Lateral
100
AcDbLine
 10
211.145577137
 20
175.750000000
 30
0.000000000
 11
211.145577137
 21
176.900000000
 31
0.000000000
  0
LINE
  5
C6A
330
A02
100
AcDbEntity
  8
Lateral
100
AcDbLine
 10
212.295577137
 20
175.750000000
 30
0.000000000
 11
211.145577137
 21
175.750000000
 31
0.000000000
  0
LINE
  5
C6B
330
A02
100
AcDbEntity
  8
Lateral
100
AcDbLine
 10
214.942788106
 20
176.900000000
 30
0.000000000
 11
214.942788106
 21
177.100000000
 31
0.000000000
  0
LINE
  5
C6C
330
A02
100
AcDbEntity
  8
Lateral
100
AcDbLine
 10
212.344711894
 20
176.900000000
 30
0.000000000
 11
212.344711894
 21
177.100000000
 31
0.000000000
  0
LINE
  5
C6D
330
A02
100
AcDbEntity
  8
Lateral
100
AcDbLine
 10
214.942788106
 20
176.900000000
 30
0.000000000
 11
212.344711894
 21
176.900000000
 31
0.000000000
  0
LINE
  5
C6E
330
A02
100
AcDbEntity
  8
Lateral
100
AcDbLine
 10
210.057211894
 20
176.900000000
 30
0.000000000
 11
210.057211894
 21
177.100000000
 31
0.000000000
  0
LINE
  5
C6F
330
A02
100
AcDbEntity
  8
Lateral
100
AcDbLine
 10
212.344711894
 20
176.900000000
 30
0.000000000
 11
210.057211894
 21
176.900000000
 31
0.000000000
  0
LINE
  5
C70
330
A02
100
AcDbEntity
  8
Lateral
100
AcDbLine
 10
230.692820323
 20
172.000000000
 30
0.000000000
 11
229.307179677
 21
172.000000000
 31
0.000000000
  0
LINE
  5
C71
330
A02
100
AcDbEntity
  8
Lateral
100
AcDbLine
 10
213.192820323
 20
172.000000000
 30
0.000000000
 11
211.807179677
 21
172.000000000
 31
0.000000000
  0
LINE
  5
C72
330
A02
100
AcDbEntity
  8
Lateral
100
AcDbLine
 10
165.000000000
 20
177.300000000
 30
0.000000000
 11
165.000000000
 21
257.300000000
 31
0.000000000
  0
LINE
  5
C73
330
A02
100
AcDbEntity
  8
Lateral
100
AcDbLine
 10
166.500000000
 20
177.300000000
 30
0.000000000
 11
166.500000000
 21
257.300000000
 31
0.000000000
  0
LINE
  5
C74
330
A02
100
AcDbEntity
  8
Lateral
100
AcDbLine
 10
165.000000000
 20
177.300000000
 30
0.000000000
 11
166.500000000
 21
177.300000000
 31
0.000000000
  0
LINE
  5
C75
330
A02
100
AcDbEntity
  8
Lateral
100
AcDbLine
 10
165.000000000
 20
257.300000000
 30
0.000000000
 11
166.500000000
 21
257.300000000
 31
0.000000000
  0
LINE
  5
C76
330
A02
100
AcDbEntity
  8
Lateral
100
AcDbLine
 10
208.500000000
 20
177.300000000
 30
0.000000000
 11
208.500000000
 21
257.300000000
 31
0.000000000
  0
LINE
  5
C77
330
A02
100
AcDbEntity
  8
Lateral
100
AcDbLine
 10
210.000000000
 20
177.300000000
 30
0.000000000
 11
210.000000000
 21
257.300000000
 31
0.000000000
  0
LINE
  5
C78
330
A02
100
AcDbEntity
  8
Lateral
100
AcDbLine
 10
208.500000000
 20
177.300000000
 30
0.000000000
 11
210.000000000
 21
177.300000000
 31
0.000000000
  0
LINE
  5
C79
330
A02
100
AcDbEntity
  8
Lateral
100
AcDbLine
 10
208.500000000
 20
257.300000000
 30
0.000000000
 11
210.000000000
 21
257.300000000
 31
0.000000000
  0
LINE
  5
C7A
330
A02
100
AcDbEntity
  8
Lateral
100
AcDbLine
 10
166.500000000
 20
177.300000000
 30
0.000000000
 11
166.500000000
 21
178.800000000
 31
0.000000000
  0
LINE
  5
C7B
330
A02
100
AcDbEntity
  8
Lateral
100
AcDbLine
 10
208.500000000
 20
177.300000000
 30
0.000000000
 11
208.500000000
 21
178.800000000
 31
0.000000000
  0
LINE
  5
C7C
330
A02
100
AcDbEntity
  8
Lateral
100
AcDbLine
 10
167.500000000
 20
177.300000000
 30
0.000000000
 11
172.500000000
 21
177.300000000
 31
0.000000000
  0
LINE
  5
C7D
330
A02
100
AcDbEntity
  8
Lateral
100
AcDbLine
 10
202.500000000
 20
177.300000000
 30
0.000000000
 11
207.500000000
 21
177.300000000
 31
0.000000000
  0
LINE
  5
C7E
330
A02
100
AcDbEntity
  8
Lateral
100
AcDbLine
 10
166.500000000
 20
177.300000000
 30
0.000000000
 11
208.500000000
 21
177.300000000
 31
0.000000000
  0
LINE
  5
C7F
330
A02
100
AcDbEntity
  8
Lateral
100
AcDbLine
 10
166.500000000
 20
178.800000000
 30
0.000000000
 11
208.500000000
 21
178.800000000
 31
0.000000000
  0
LINE
  5
C80
330
A02
100
AcDbEntity
  8
Lateral
100
AcDbLine
 10
166.500000000
 20
255.800000000
 30
0.000000000
 11
166.500000000
 21
257.300000000
 31
0.000000000
  0
LINE
  5
C81
330
A02
100
AcDbEntity
  8
Lateral
100
AcDbLine
 10
208.500000000
 20
255.800000000
 30
0.000000000
 11
208.500000000
 21
257.300000000
 31
0.000000000
  0
LINE
  5
C82
330
A02
100
AcDbEntity
  8
Lateral
100
AcDbLine
 10
166.500000000
 20
255.800000000
 30
0.000000000
 11
208.500000000
 21
255.800000000
 31
0.000000000
  0
LINE
  5
C83
330
A02
100
AcDbEntity
  8
Lateral
100
AcDbLine
 10
166.500000000
 20
257.300000000
 30
0.000000000
 11
208.500000000
 21
257.300000000
 31
0.000000000
  0
LINE
  5
C84
330
A02
100
AcDbEntity
  8
Lateral
100
AcDbLine
 10
167.500000000
 20
177.100000000
 30
0.000000000
 11
167.500000000
 21
177.300000000
 31
0.000000000
  0
LINE
  5
C85
330
A02
100
AcDbEntity
  8
Lateral
100
AcDbLine
 10
167.500000000
 20
177.300000000
 30
0.000000000
 11
172.500000000
 21
177.300000000
 31
0.000000000
  0
LINE
  5
C86
330
A02
100
AcDbEntity
  8
Lateral
100
AcDbLine
 10
168.875000000
 20
177.300000000
 30
0.000000000
 11
167.625000000
 21
177.300000000
 31
0.000000000
  0
LINE
  5
C87
330
A02
100
AcDbEntity
  8
Lateral
100
AcDbLine
 10
168.875000000
 20
177.300000000
 30
0.000000000
 11
167.625000000
 21
177.300000000
 31
0.000000000
  0
LINE
  5
C88
330
A02
100
AcDbEntity
  8
Lateral
100
AcDbLine
 10
172.375000000
 20
177.300000000
 30
0.000000000
 11
171.125000000
 21
177.300000000
 31
0.000000000
  0
LINE
  5
C89
330
A02
100
AcDbEntity
  8
Lateral
100
AcDbLine
 10
172.375000000
 20
177.300000000
 30
0.000000000
 11
171.125000000
 21
177.300000000
 31
0.000000000
  0
LINE
  5
C8A
330
A02
100
AcDbEntity
  8
Lateral
100
AcDbLine
 10
168.875000000
 20
177.300000000
 30
0.000000000
 11
167.625000000
 21
177.300000000
 31
0.000000000
  0
LINE
  5
C8B
330
A02
100
AcDbEntity
  8
Lateral
100
AcDbLine
 10
168.875000000
 20
177.300000000
 30
0.000000000
 11
167.625000000
 21
177.300000000
 31
0.000000000
  0
LINE
  5
C8C
330
A02
100
AcDbEntity
  8
Lateral
100
AcDbLine
 10
172.375000000
 20
177.300000000
 30
0.000000000
 11
171.125000000
 21
177.300000000
 31
0.000000000
  0
LINE
  5
C8D
330
A02
100
AcDbEntity
  8
Lateral
100
AcDbLine
 10
172.375000000
 20
177.300000000
 30
0.000000000
 11
171.125000000
 21
177.300000000
 31
0.000000000
  0
LINE
  5
C8E
330
A02
100
AcDbEntity
  8
Lateral
100
AcDbLine
 10
167.500000000
 20
177.100000000
 30
0.000000000
 11
172.500000000
 21
177.100000000
 31
0.000000000
  0
LINE
  5
C8F
330
A02
100
AcDbEntity
  8
Lateral
100
AcDbLine
 10
172.500000000
 20
177.100000000
 30
0.000000000
 11
172.500000000
 21
177.300000000
 31
0.000000000
  0
LINE
  5
C90
330
A02
100
AcDbEntity
  8
Lateral
100
AcDbLine
 10
168.875000000
 20
177.100000000
 30
0.000000000
 11
167.625000000
 21
177.100000000
 31
0.000000000
  0
LINE
  5
C91
330
A02
100
AcDbEntity
  8
Lateral
100
AcDbLine
 10
168.875000000
 20
177.100000000
 30
0.000000000
 11
167.625000000
 21
177.100000000
 31
0.000000000
  0
LINE
  5
C92
330
A02
100
AcDbEntity
  8
Lateral
100
AcDbLine
 10
172.375000000
 20
177.100000000
 30
0.000000000
 11
171.125000000
 21
177.100000000
 31
0.000000000
  0
LINE
  5
C93
330
A02
100
AcDbEntity
  8
Lateral
100
AcDbLine
 10
172.375000000
 20
177.100000000
 30
0.000000000
 11
171.125000000
 21
177.100000000
 31
0.000000000
  0
LINE
  5
C94
330
A02
100
AcDbEntity
  8
Lateral
100
AcDbLine
 10
168.875000000
 20
177.100000000
 30
0.000000000
 11
167.625000000
 21
177.100000000
 31
0.000000000
  0
LINE
  5
C95
330
A02
100
AcDbEntity
  8
Lateral
100
AcDbLine
 10
168.875000000
 20
177.100000000
 30
0.000000000
 11
167.625000000
 21
177.100000000
 31
0.000000000
  0
LINE
  5
C96
330
A02
100
AcDbEntity
  8
Lateral
100
AcDbLine
 10
172.375000000
 20
177.100000000
 30
0.000000000
 11
171.125000000
 21
177.100000000
 31
0.000000000
  0
LINE
  5
C97
330
A02
100
AcDbEntity
  8
Lateral
100
AcDbLine
 10
172.375000000
 20
177.100000000
 30
0.000000000
 11
171.125000000
 21
177.100000000
 31
0.000000000
  0
LINE
  5
C98
330
A02
100
AcDbEntity
  8
Lateral
100
AcDbLine
 10
168.875000000
 20
177.100000000
 30
0.000000000
 11
168.875000000
 21
177.300000000
 31
0.000000000
  0
LINE
  5
C99
330
A02
100
AcDbEntity
  8
Lateral
100
AcDbLine
 10
167.625000000
 20
177.100000000
 30
0.000000000
 11
167.625000000
 21
177.300000000
 31
0.000000000
  0
LINE
  5
C9A
330
A02
100
AcDbEntity
  8
Lateral
100
AcDbLine
 10
168.875000000
 20
177.100000000
 30
0.000000000
 11
168.875000000
 21
177.300000000
 31
0.000000000
  0
LINE
  5
C9B
330
A02
100
AcDbEntity
  8
Lateral
100
AcDbLine
 10
167.625000000
 20
177.100000000
 30
0.000000000
 11
167.625000000
 21
177.300000000
 31
0.000000000
  0
LINE
  5
C9C
330
A02
100
AcDbEntity
  8
Lateral
100
AcDbLine
 10
172.375000000
 20
177.100000000
 30
0.000000000
 11
172.375000000
 21
177.300000000
 31
0.000000000
  0
LINE
  5
C9D
330
A02
100
AcDbEntity
  8
Lateral
100
AcDbLine
 10
171.125000000
 20
177.100000000
 30
0.000000000
 11
171.125000000
 21
177.300000000
 31
0.000000000
  0
LINE
  5
C9E
330
A02
100
AcDbEntity
  8
Lateral
100
AcDbLine
 10
172.375000000
 20
177.100000000
 30
0.000000000
 11
172.375000000
 21
177.300000000
 31
0.000000000
  0
LINE
  5
C9F
330
A02
100
AcDbEntity
  8
Lateral
100
AcDbLine
 10
171.125000000
 20
177.100000000
 30
0.000000000
 11
171.125000000
 21
177.300000000
 31
0.000000000
  0
LINE
  5
CA0
330
A02
100
AcDbEntity
  8
Lateral
100
AcDbLine
 10
168.875000000
 20
177.100000000
 30
0.000000000
 11
168.875000000
 21
177.300000000
 31
0.000000000
  0
LINE
  5
CA1
330
A02
100
AcDbEntity
  8
Lateral
100
AcDbLine
 10
167.625000000
 20
177.100000000
 30
0.000000000
 11
167.625000000
 21
177.300000000
 31
0.000000000
  0
LINE
  5
CA2
330
A02
100
AcDbEntity
  8
Lateral
100
AcDbLine
 10
168.875000000
 20
177.100000000
 30
0.000000000
 11
168.875000000
 21
177.300000000
 31
0.000000000
  0
LINE
  5
CA3
330
A02
100
AcDbEntity
  8
Lateral
100
AcDbLine
 10
167.625000000
 20
177.100000000
 30
0.000000000
 11
167.625000000
 21
177.300000000
 31
0.000000000
  0
LINE
  5
CA4
330
A02
100
AcDbEntity
  8
Lateral
100
AcDbLine
 10
172.375000000
 20
177.100000000
 30
0.000000000
 11
172.375000000
 21
177.300000000
 31
0.000000000
  0
LINE
  5
CA5
330
A02
100
AcDbEntity
  8
Lateral
100
AcDbLine
 10
171.125000000
 20
177.100000000
 30
0.000000000
 11
171.125000000
 21
177.300000000
 31
0.000000000
  0
LINE
  5
CA6
330
A02
100
AcDbEntity
  8
Lateral
100
AcDbLine
 10
172.375000000
 20
177.100000000
 30
0.000000000
 11
172.375000000
 21
177.300000000
 31
0.000000000
  0
LINE
  5
CA7
330
A02
100
AcDbEntity
  8
Lateral
100
AcDbLine
 10
171.125000000
 20
177.100000000
 30
0.000000000
 11
171.125000000
 21
177.300000000
 31
0.000000000
  0
CIRCLE
  5
CA8
330
A02
100
AcDbEntity
  8
Lateral
100
AcDbCircle
 10
170.000000000
 20
173.875000000
 30
0.000000000
 40
1.875000000
  0
LINE
  5
CA9
330
A02
100
AcDbEntity
  8
Lateral
100
AcDbLine
 10
168.850000000
 20
175.750000000
 30
0.000000000
 11
168.850000000
 21
176.900000000
 31
0.000000000
  0
LINE
  5
CAA
330
A02
100
AcDbEntity
  8
Lateral
100
AcDbLine
 10
171.150000000
 20
175.750000000
 30
0.000000000
 11
171.150000000
 21
176.900000000
 31
0.000000000
  0
LINE
  5
CAB
330
A02
100
AcDbEntity
  8
Lateral
100
AcDbLine
 10
168.850000000
 20
176.900000000
 30
0.000000000
 11
171.150000000
 21
176.900000000
 31
0.000000000
  0
LINE
  5
CAC
330
A02
100
AcDbEntity
  8
Lateral
100
AcDbLine
 10
168.850000000
 20
175.750000000
 30
0.000000000
 11
171.150000000
 21
175.750000000
 31
0.000000000
  0
LINE
  5
CAD
330
A02
100
AcDbEntity
  8
Lateral
100
AcDbLine
 10
168.850000000
 20
176.900000000
 30
0.000000000
 11
171.150000000
 21
176.900000000
 31
0.000000000
  0
LINE
  5
CAE
330
A02
100
AcDbEntity
  8
Lateral
100
AcDbLine
 10
167.712500000
 20
176.900000000
 30
0.000000000
 11
167.712500000
 21
177.100000000
 31
0.000000000
  0
LINE
  5
CAF
330
A02
100
AcDbEntity
  8
Lateral
100
AcDbLine
 10
172.287500000
 20
176.900000000
 30
0.000000000
 11
172.287500000
 21
177.100000000
 31
0.000000000
  0
LINE
  5
CB0
330
A02
100
AcDbEntity
  8
Lateral
100
AcDbLine
 10
167.712500000
 20
177.100000000
 30
0.000000000
 11
172.287500000
 21
177.100000000
 31
0.000000000
  0
LINE
  5
CB1
330
A02
100
AcDbEntity
  8
Lateral
100
AcDbLine
 10
167.712500000
 20
176.900000000
 30
0.000000000
 11
172.287500000
 21
176.900000000
 31
0.000000000
  0
LINE
  5
CB2
330
A02
100
AcDbEntity
  8
Lateral
100
AcDbLine
 10
167.712500000
 20
177.100000000
 30
0.000000000
 11
172.287500000
 21
177.100000000
 31
0.000000000
  0
LINE
  5
CB3
330
A02
100
AcDbEntity
  8
Lateral
100
AcDbLine
 10
202.500000000
 20
177.100000000
 30
0.000000000
 11
202.500000000
 21
177.300000000
 31
0.000000000
  0
LINE
  5
CB4
330
A02
100
AcDbEntity
  8
Lateral
100
AcDbLine
 10
202.500000000
 20
177.300000000
 30
0.000000000
 11
207.500000000
 21
177.300000000
 31
0.000000000
  0
LINE
  5
CB5
330
A02
100
AcDbEntity
  8
Lateral
100
AcDbLine
 10
203.875000000
 20
177.300000000
 30
0.000000000
 11
202.625000000
 21
177.300000000
 31
0.000000000
  0
LINE
  5
CB6
330
A02
100
AcDbEntity
  8
Lateral
100
AcDbLine
 10
203.875000000
 20
177.300000000
 30
0.000000000
 11
202.625000000
 21
177.300000000
 31
0.000000000
  0
LINE
  5
CB7
330
A02
100
AcDbEntity
  8
Lateral
100
AcDbLine
 10
207.375000000
 20
177.300000000
 30
0.000000000
 11
206.125000000
 21
177.300000000
 31
0.000000000
  0
LINE
  5
CB8
330
A02
100
AcDbEntity
  8
Lateral
100
AcDbLine
 10
207.375000000
 20
177.300000000
 30
0.000000000
 11
206.125000000
 21
177.300000000
 31
0.000000000
  0
LINE
  5
CB9
330
A02
100
AcDbEntity
  8
Lateral
100
AcDbLine
 10
203.875000000
 20
177.300000000
 30
0.000000000
 11
202.625000000
 21
177.300000000
 31
0.000000000
  0
LINE
  5
CBA
330
A02
100
AcDbEntity
  8
Lateral
100
AcDbLine
 10
203.875000000
 20
177.300000000
 30
0.000000000
 11
202.625000000
 21
177.300000000
 31
0.000000000
  0
LINE
  5
CBB
330
A02
100
AcDbEntity
  8
Lateral
100
AcDbLine
 10
207.375000000
 20
177.300000000
 30
0.000000000
 11
206.125000000
 21
177.300000000
 31
0.000000000
  0
LINE
  5
CBC
330
A02
100
AcDbEntity
  8
Lateral
100
AcDbLine
 10
207.375000000
 20
177.300000000
 30
0.000000000
 11
206.125000000
 21
177.300000000
 31
0.000000000
  0
LINE
  5
CBD
330
A02
100
AcDbEntity
  8
Lateral
100
AcDbLine
 10
202.500000000
 20
177.100000000
 30
0.000000000
 11
207.500000000
 21
177.100000000
 31
0.000000000
  0
LINE
  5
CBE
330
A02
100
AcDbEntity
  8
Lateral
100
AcDbLine
 10
207.500000000
 20
177.100000000
 30
0.000000000
 11
207.500000000
 21
177.300000000
 31
0.000000000
  0
LINE
  5
CBF
330
A02
100
AcDbEntity
  8
Lateral
100
AcDbLine
 10
203.875000000
 20
177.100000000
 30
0.000000000
 11
202.625000000
 21
177.100000000
 31
0.000000000
  0
LINE
  5
CC0
330
A02
100
AcDbEntity
  8
Lateral
100
AcDbLine
 10
203.875000000
 20
177.100000000
 30
0.000000000
 11
202.625000000
 21
177.100000000
 31
0.000000000
  0
LINE
  5
CC1
330
A02
100
AcDbEntity
  8
Lateral
100
AcDbLine
 10
207.375000000
 20
177.100000000
 30
0.000000000
 11
206.125000000
 21
177.100000000
 31
0.000000000
  0
LINE
  5
CC2
330
A02
100
AcDbEntity
  8
Lateral
100
AcDbLine
 10
207.375000000
 20
177.100000000
 30
0.000000000
 11
206.125000000
 21
177.100000000
 31
0.000000000
  0
LINE
  5
CC3
330
A02
100
AcDbEntity
  8
Lateral
100
AcDbLine
 10
203.875000000
 20
177.100000000
 30
0.000000000
 11
202.625000000
 21
177.100000000
 31
0.000000000
  0
LINE
  5
CC4
330
A02
100
AcDbEntity
  8
Lateral
100
AcDbLine
 10
203.875000000
 20
177.100000000
 30
0.000000000
 11
202.625000000
 21
177.100000000
 31
0.000000000
  0
LINE
  5
CC5
330
A02
100
AcDbEntity
  8
Lateral
100
AcDbLine
 10
207.375000000
 20
177.100000000
 30
0.000000000
 11
206.125000000
 21
177.100000000
 31
0.000000000
  0
LINE
  5
CC6
330
A02
100
AcDbEntity
  8
Lateral
100
AcDbLine
 10
207.375000000
 20
177.100000000
 30
0.000000000
 11
206.125000000
 21
177.100000000
 31
0.000000000
  0
LINE
  5
CC7
330
A02
100
AcDbEntity
  8
Lateral
100
AcDbLine
 10
203.875000000
 20
177.100000000
 30
0.000000000
 11
203.875000000
 21
177.300000000
 31
0.000000000
  0
LINE
  5
CC8
330
A02
100
AcDbEntity
  8
Lateral
100
AcDbLine
 10
202.625000000
 20
177.100000000
 30
0.000000000
 11
202.625000000
 21
177.300000000
 31
0.000000000
  0
LINE
  5
CC9
330
A02
100
AcDbEntity
  8
Lateral
100
AcDbLine
 10
203.875000000
 20
177.100000000
 30
0.000000000
 11
203.875000000
 21
177.300000000
 31
0.000000000
  0
LINE
  5
CCA
330
A02
100
AcDbEntity
  8
Lateral
100
AcDbLine
 10
202.625000000
 20
177.100000000
 30
0.000000000
 11
202.625000000
 21
177.300000000
 31
0.000000000
  0
LINE
  5
CCB
330
A02
100
AcDbEntity
  8
Lateral
100
AcDbLine
 10
207.375000000
 20
177.100000000
 30
0.000000000
 11
207.375000000
 21
177.300000000
 31
0.000000000
  0
LINE
  5
CCC
330
A02
100
AcDbEntity
  8
Lateral
100
AcDbLine
 10
206.125000000
 20
177.100000000
 30
0.000000000
 11
206.125000000
 21
177.300000000
 31
0.000000000
  0
LINE
  5
CCD
330
A02
100
AcDbEntity
  8
Lateral
100
AcDbLine
 10
207.375000000
 20
177.100000000
 30
0.000000000
 11
207.375000000
 21
177.300000000
 31
0.000000000
  0
LINE
  5
CCE
330
A02
100
AcDbEntity
  8
Lateral
100
AcDbLine
 10
206.125000000
 20
177.100000000
 30
0.000000000
 11
206.125000000
 21
177.300000000
 31
0.000000000
  0
LINE
  5
CCF
330
A02
100
AcDbEntity
  8
Lateral
100
AcDbLine
 10
203.875000000
 20
177.100000000
 30
0.000000000
 11
203.875000000
 21
177.300000000
 31
0.000000000
  0
LINE
  5
CD0
330
A02
100
AcDbEntity
  8
Lateral
100
AcDbLine
 10
202.625000000
 20
177.100000000
 30
0.000000000
 11
202.625000000
 21
177.300000000
 31
0.000000000
  0
LINE
  5
CD1
330
A02
100
AcDbEntity
  8
Lateral
100
AcDbLine
 10
203.875000000
 20
177.100000000
 30
0.000000000
 11
203.875000000
 21
177.300000000
 31
0.000000000
  0
LINE
  5
CD2
330
A02
100
AcDbEntity
  8
Lateral
100
AcDbLine
 10
202.625000000
 20
177.100000000
 30
0.000000000
 11
202.625000000
 21
177.300000000
 31
0.000000000
  0
LINE
  5
CD3
330
A02
100
AcDbEntity
  8
Lateral
100
AcDbLine
 10
207.375000000
 20
177.100000000
 30
0.000000000
 11
207.375000000
 21
177.300000000
 31
0.000000000
  0
LINE
  5
CD4
330
A02
100
AcDbEntity
  8
Lateral
100
AcDbLine
 10
206.125000000
 20
177.100000000
 30
0.000000000
 11
206.125000000
 21
177.300000000
 31
0.000000000
  0
LINE
  5
CD5
330
A02
100
AcDbEntity
  8
Lateral
100
AcDbLine
 10
207.375000000
 20
177.100000000
 30
0.000000000
 11
207.375000000
 21
177.300000000
 31
0.000000000
  0
LINE
  5
CD6
330
A02
100
AcDbEntity
  8
Lateral
100
AcDbLine
 10
206.125000000
 20
177.100000000
 30
0.000000000
 11
206.125000000
 21
177.300000000
 31
0.000000000
  0
CIRCLE
  5
CD7
330
A02
100
AcDbEntity
  8
Lateral
100
AcDbCircle
 10
205.000000000
 20
173.875000000
 30
0.000000000
 40
1.875000000
  0
LINE
  5
CD8
330
A02
100
AcDbEntity
  8
Lateral
100
AcDbLine
 10
203.850000000
 20
175.750000000
 30
0.000000000
 11
203.850000000
 21
176.900000000
 31
0.000000000
  0
LINE
  5
CD9
330
A02
100
AcDbEntity
  8
Lateral
100
AcDbLine
 10
206.150000000
 20
175.750000000
 30
0.000000000
 11
206.150000000
 21
176.900000000
 31
0.000000000
  0
LINE
  5
CDA
330
A02
100
AcDbEntity
  8
Lateral
100
AcDbLine
 10
203.850000000
 20
176.900000000
 30
0.000000000
 11
206.150000000
 21
176.900000000
 31
0.000000000
  0
LINE
  5
CDB
330
A02
100
AcDbEntity
  8
Lateral
100
AcDbLine
 10
203.850000000
 20
175.750000000
 30
0.000000000
 11
206.150000000
 21
175.750000000
 31
0.000000000
  0
LINE
  5
CDC
330
A02
100
AcDbEntity
  8
Lateral
100
AcDbLine
 10
203.850000000
 20
176.900000000
 30
0.000000000
 11
206.150000000
 21
176.900000000
 31
0.000000000
  0
LINE
  5
CDD
330
A02
100
AcDbEntity
  8
Lateral
100
AcDbLine
 10
202.712500000
 20
176.900000000
 30
0.000000000
 11
202.712500000
 21
177.100000000
 31
0.000000000
  0
LINE
  5
CDE
330
A02
100
AcDbEntity
  8
Lateral
100
AcDbLine
 10
207.287500000
 20
176.900000000
 30
0.000000000
 11
207.287500000
 21
177.100000000
 31
0.000000000
  0
LINE
  5
CDF
330
A02
100
AcDbEntity
  8
Lateral
100
AcDbLine
 10
202.712500000
 20
177.100000000
 30
0.000000000
 11
207.287500000
 21
177.100000000
 31
0.000000000
  0
LINE
  5
CE0
330
A02
100
AcDbEntity
  8
Lateral
100
AcDbLine
 10
202.712500000
 20
176.900000000
 30
0.000000000
 11
207.287500000
 21
176.900000000
 31
0.000000000
  0
LINE
  5
CE1
330
A02
100
AcDbEntity
  8
Lateral
100
AcDbLine
 10
202.712500000
 20
177.100000000
 30
0.000000000
 11
207.287500000
 21
177.100000000
 31
0.000000000
  0
LINE
  5
CE2
330
A02
100
AcDbEntity
  8
Lateral
100
AcDbLine
 10
209.625000000
 20
177.300000000
 30
0.000000000
 11
209.625000000
 21
257.300000000
 31
0.000000000
  0
LINE
  5
CE3
330
A02
100
AcDbEntity
  8
Lateral
100
AcDbLine
 10
209.625000000
 20
177.300000000
 30
0.000000000
 11
209.625000000
 21
257.300000000
 31
0.000000000
  0
LINE
  5
CE4
330
A02
100
AcDbEntity
  8
Lateral
100
AcDbLine
 10
211.125000000
 20
177.300000000
 30
0.000000000
 11
211.125000000
 21
257.300000000
 31
0.000000000
  0
LINE
  5
CE5
330
A02
100
AcDbEntity
  8
Lateral
100
AcDbLine
 10
209.625000000
 20
177.300000000
 30
0.000000000
 11
210.000000000
 21
177.300000000
 31
0.000000000
  0
LINE
  5
CE6
330
A02
100
AcDbEntity
  8
Lateral
100
AcDbLine
 10
209.625000000
 20
257.300000000
 30
0.000000000
 11
210.000000000
 21
257.300000000
 31
0.000000000
  0
LINE
  5
CE7
330
A02
100
AcDbEntity
  8
Lateral
100
AcDbLine
 10
209.625000000
 20
177.300000000
 30
0.000000000
 11
211.125000000
 21
177.300000000
 31
0.000000000
  0
LINE
  5
CE8
330
A02
100
AcDbEntity
  8
Lateral
100
AcDbLine
 10
209.625000000
 20
257.300000000
 30
0.000000000
 11
211.125000000
 21
257.300000000
 31
0.000000000
  0
LINE
  5
CE9
330
A02
100
AcDbEntity
  8
Lateral
100
AcDbLine
 10
231.375000000
 20
177.300000000
 30
0.000000000
 11
231.375000000
 21
178.800000000
 31
0.000000000
  0
LINE
  5
CEA
330
A02
100
AcDbEntity
  8
Lateral
100
AcDbLine
 10
231.375000000
 20
255.800000000
 30
0.000000000
 11
231.375000000
 21
257.300000000
 31
0.000000000
  0
LINE
  5
CEB
330
A02
100
AcDbEntity
  8
Lateral
100
AcDbLine
 10
231.375000000
 20
177.300000000
 30
0.000000000
 11
231.375000000
 21
257.300000000
 31
0.000000000
  0
LINE
  5
CEC
330
A02
100
AcDbEntity
  8
Lateral
100
AcDbLine
 10
232.875000000
 20
177.300000000
 30
0.000000000
 11
232.875000000
 21
257.300000000
 31
0.000000000
  0
LINE
  5
CED
330
A02
100
AcDbEntity
  8
Lateral
100
AcDbLine
 10
231.375000000
 20
177.300000000
 30
0.000000000
 11
232.399519053
 21
177.300000000
 31
0.000000000
  0
LINE
  5
CEE
330
A02
100
AcDbEntity
  8
Lateral
100
AcDbLine
 10
231.375000000
 20
257.300000000
 30
0.000000000
 11
232.399519053
 21
257.300000000
 31
0.000000000
  0
LINE
  5
CEF
330
A02
100
AcDbEntity
  8
Lateral
100
AcDbLine
 10
231.375000000
 20
177.300000000
 30
0.000000000
 11
232.875000000
 21
177.300000000
 31
0.000000000
  0
LINE
  5
CF0
330
A02
100
AcDbEntity
  8
Lateral
100
AcDbLine
 10
231.375000000
 20
257.300000000
 30
0.000000000
 11
232.875000000
 21
257.300000000
 31
0.000000000
  0
LINE
  5
CF1
330
A02
100
AcDbEntity
  8
Lateral
100
AcDbLine
 10
211.125000000
 20
178.800000000
 30
0.000000000
 11
210.100480947
 21
178.800000000
 31
0.000000000
  0
LINE
  5
CF2
330
A02
100
AcDbEntity
  8
Lateral
100
AcDbLine
 10
210.100480947
 20
177.300000000
 30
0.000000000
 11
210.100480947
 21
178.800000000
 31
0.000000000
  0
LINE
  5
CF3
330
A02
100
AcDbEntity
  8
Lateral
100
AcDbLine
 10
211.125000000
 20
177.300000000
 30
0.000000000
 11
210.100480947
 21
177.300000000
 31
0.000000000
  0
LINE
  5
CF4
330
A02
100
AcDbEntity
  8
Lateral
100
AcDbLine
 10
232.399519053
 20
178.800000000
 30
0.000000000
 11
231.100480947
 21
178.800000000
 31
0.000000000
  0
LINE
  5
CF5
330
A02
100
AcDbEntity
  8
Lateral
100
AcDbLine
 10
231.100480947
 20
177.300000000
 30
0.000000000
 11
231.100480947
 21
178.800000000
 31
0.000000000
  0
LINE
  5
CF6
330
A02
100
AcDbEntity
  8
Lateral
100
AcDbLine
 10
232.399519053
 20
177.300000000
 30
0.000000000
 11
231.100480947
 21
177.300000000
 31
0.000000000
  0
LINE
  5
CF7
330
A02
100
AcDbEntity
  8
Lateral
100
AcDbLine
 10
210.100480947
 20
177.300000000
 30
0.000000000
 11
231.100480947
 21
177.300000000
 31
0.000000000
  0
LINE
  5
CF8
330
A02
100
AcDbEntity
  8
Lateral
100
AcDbLine
 10
210.100480947
 20
178.800000000
 30
0.000000000
 11
231.100480947
 21
178.800000000
 31
0.000000000
  0
LINE
  5
CF9
330
A02
100
AcDbEntity
  8
Lateral
100
AcDbLine
 10
211.125000000
 20
257.300000000
 30
0.000000000
 11
210.100480947
 21
257.300000000
 31
0.000000000
  0
LINE
  5
CFA
330
A02
100
AcDbEntity
  8
Lateral
100
AcDbLine
 10
210.100480947
 20
255.800000000
 30
0.000000000
 11
210.100480947
 21
257.300000000
 31
0.000000000
  0
LINE
  5
CFB
330
A02
100
AcDbEntity
  8
Lateral
100
AcDbLine
 10
211.125000000
 20
255.800000000
 30
0.000000000
 11
210.100480947
 21
255.800000000
 31
0.000000000
  0
LINE
  5
CFC
330
A02
100
AcDbEntity
  8
Lateral
100
AcDbLine
 10
232.399519053
 20
257.300000000
 30
0.000000000
 11
231.100480947
 21
257.300000000
 31
0.000000000
  0
LINE
  5
CFD
330
A02
100
AcDbEntity
  8
Lateral
100
AcDbLine
 10
231.100480947
 20
255.800000000
 30
0.000000000
 11
231.100480947
 21
257.300000000
 31
0.000000000
  0
LINE
  5
CFE
330
A02
100
AcDbEntity
  8
Lateral
100
AcDbLine
 10
232.399519053
 20
255.800000000
 30
0.000000000
 11
231.100480947
 21
255.800000000
 31
0.000000000
  0
LINE
  5
CFF
330
A02
100
AcDbEntity
  8
Lateral
100
AcDbLine
 10
210.100480947
 20
255.800000000
 30
0.000000000
 11
231.100480947
 21
255.800000000
 31
0.000000000
  0
LINE
  5
D00
330
A02
100
AcDbEntity
  8
Lateral
100
AcDbLine
 10
210.100480947
 20
257.300000000
 30
0.000000000
 11
231.100480947
 21
257.300000000
 31
0.000000000
  0
LINE
  5
D01
330
A02
100
AcDbEntity
  8
Lateral
100
AcDbLine
 10
231.375000000
 20
177.300000000
 30
0.000000000
 11
231.375000000
 21
257.300000000
 31
0.000000000
  0
LINE
  5
D02
330
A02
100
AcDbEntity
  8
Lateral
100
AcDbLine
 10
231.375000000
 20
177.300000000
 30
0.000000000
 11
231.375000000
 21
257.300000000
 31
0.000000000
  0
LINE
  5
D03
330
A02
100
AcDbEntity
  8
Lateral
100
AcDbLine
 10
232.875000000
 20
177.300000000
 30
0.000000000
 11
232.875000000
 21
257.300000000
 31
0.000000000
  0
LINE
  5
D04
330
A02
100
AcDbEntity
  8
Lateral
100
AcDbLine
 10
232.875000000
 20
177.300000000
 30
0.000000000
 11
232.875000000
 21
257.300000000
 31
0.000000000
  0
LINE
  5
D05
330
A02
100
AcDbEntity
  8
Lateral
100
AcDbLine
 10
231.375000000
 20
177.300000000
 30
0.000000000
 11
232.875000000
 21
177.300000000
 31
0.000000000
  0
LINE
  5
D06
330
A02
100
AcDbEntity
  8
Lateral
100
AcDbLine
 10
231.375000000
 20
257.300000000
 30
0.000000000
 11
232.875000000
 21
257.300000000
 31
0.000000000
  0
LINE
  5
D07
330
A02
100
AcDbEntity
  8
Lateral
100
AcDbLine
 10
231.375000000
 20
177.300000000
 30
0.000000000
 11
232.875000000
 21
177.300000000
 31
0.000000000
  0
LINE
  5
D08
330
A02
100
AcDbEntity
  8
Lateral
100
AcDbLine
 10
231.375000000
 20
257.300000000
 30
0.000000000
 11
232.875000000
 21
257.300000000
 31
0.000000000
  0
LINE
  5
D09
330
A02
100
AcDbEntity
  8
Lateral
100
AcDbLine
 10
209.625000000
 20
177.300000000
 30
0.000000000
 11
209.625000000
 21
257.300000000
 31
0.000000000
  0
LINE
  5
D0A
330
A02
100
AcDbEntity
  8
Lateral
100
AcDbLine
 10
209.625000000
 20
177.300000000
 30
0.000000000
 11
209.625000000
 21
257.300000000
 31
0.000000000
  0
LINE
  5
D0B
330
A02
100
AcDbEntity
  8
Lateral
100
AcDbLine
 10
211.125000000
 20
177.300000000
 30
0.000000000
 11
211.125000000
 21
257.300000000
 31
0.000000000
  0
LINE
  5
D0C
330
A02
100
AcDbEntity
  8
Lateral
100
AcDbLine
 10
211.125000000
 20
177.300000000
 30
0.000000000
 11
211.125000000
 21
257.300000000
 31
0.000000000
  0
LINE
  5
D0D
330
A02
100
AcDbEntity
  8
Lateral
100
AcDbLine
 10
209.625000000
 20
177.300000000
 30
0.000000000
 11
211.125000000
 21
177.300000000
 31
0.000000000
  0
LINE
  5
D0E
330
A02
100
AcDbEntity
  8
Lateral
100
AcDbLine
 10
209.625000000
 20
257.300000000
 30
0.000000000
 11
211.125000000
 21
257.300000000
 31
0.000000000
  0
LINE
  5
D0F
330
A02
100
AcDbEntity
  8
Lateral
100
AcDbLine
 10
209.625000000
 20
177.300000000
 30
0.000000000
 11
211.125000000
 21
177.300000000
 31
0.000000000
  0
LINE
  5
D10
330
A02
100
AcDbEntity
  8
Lateral
100
AcDbLine
 10
209.625000000
 20
257.300000000
 30
0.000000000
 11
211.125000000
 21
257.300000000
 31
0.000000000
  0
LINE
  5
D11
330
A02
100
AcDbEntity
  8
Lateral
100
AcDbLine
 10
232.399519053
 20
177.300000000
 30
0.000000000
 11
232.399519053
 21
178.800000000
 31
0.000000000
  0
LINE
  5
D12
330
A02
100
AcDbEntity
  8
Lateral
100
AcDbLine
 10
232.399519053
 20
178.800000000
 30
0.000000000
 11
231.100480947
 21
178.800000000
 31
0.000000000
  0
LINE
  5
D13
330
A02
100
AcDbEntity
  8
Lateral
100
AcDbLine
 10
231.100480947
 20
177.300000000
 30
0.000000000
 11
231.100480947
 21
178.800000000
 31
0.000000000
  0
LINE
  5
D14
330
A02
100
AcDbEntity
  8
Lateral
100
AcDbLine
 10
232.399519053
 20
177.300000000
 30
0.000000000
 11
231.100480947
 21
177.300000000
 31
0.000000000
  0
LINE
  5
D15
330
A02
100
AcDbEntity
  8
Lateral
100
AcDbLine
 10
211.399519053
 20
177.300000000
 30
0.000000000
 11
211.399519053
 21
178.800000000
 31
0.000000000
  0
LINE
  5
D16
330
A02
100
AcDbEntity
  8
Lateral
100
AcDbLine
 10
211.399519053
 20
178.800000000
 30
0.000000000
 11
210.100480947
 21
178.800000000
 31
0.000000000
  0
LINE
  5
D17
330
A02
100
AcDbEntity
  8
Lateral
100
AcDbLine
 10
210.100480947
 20
177.300000000
 30
0.000000000
 11
210.100480947
 21
178.800000000
 31
0.000000000
  0
LINE
  5
D18
330
A02
100
AcDbEntity
  8
Lateral
100
AcDbLine
 10
211.399519053
 20
177.300000000
 30
0.000000000
 11
210.100480947
 21
177.300000000
 31
0.000000000
  0
LINE
  5
D19
330
A02
100
AcDbEntity
  8
Lateral
100
AcDbLine
 10
232.399519053
 20
177.300000000
 30
0.000000000
 11
211.399519053
 21
177.300000000
 31
0.000000000
  0
LINE
  5
D1A
330
A02
100
AcDbEntity
  8
Lateral
100
AcDbLine
 10
232.399519053
 20
178.800000000
 30
0.000000000
 11
211.399519053
 21
178.800000000
 31
0.000000000
  0
LINE
  5
D1B
330
A02
100
AcDbEntity
  8
Lateral
100
AcDbLine
 10
231.100480947
 20
177.300000000
 30
0.000000000
 11
210.100480947
 21
177.300000000
 31
0.000000000
  0
LINE
  5
D1C
330
A02
100
AcDbEntity
  8
Lateral
100
AcDbLine
 10
231.100480947
 20
178.800000000
 30
0.000000000
 11
210.100480947
 21
178.800000000
 31
0.000000000
  0
LINE
  5
D1D
330
A02
100
AcDbEntity
  8
Lateral
100
AcDbLine
 10
232.399519053
 20
255.800000000
 30
0.000000000
 11
232.399519053
 21
257.300000000
 31
0.000000000
  0
LINE
  5
D1E
330
A02
100
AcDbEntity
  8
Lateral
100
AcDbLine
 10
232.399519053
 20
257.300000000
 30
0.000000000
 11
231.100480947
 21
257.300000000
 31
0.000000000
  0
LINE
  5
D1F
330
A02
100
AcDbEntity
  8
Lateral
100
AcDbLine
 10
231.100480947
 20
255.800000000
 30
0.000000000
 11
231.100480947
 21
257.300000000
 31
0.000000000
  0
LINE
  5
D20
330
A02
100
AcDbEntity
  8
Lateral
100
AcDbLine
 10
232.399519053
 20
255.800000000
 30
0.000000000
 11
231.100480947
 21
255.800000000
 31
0.000000000
  0
LINE
  5
D21
330
A02
100
AcDbEntity
  8
Lateral
100
AcDbLine
 10
211.399519053
 20
255.800000000
 30
0.000000000
 11
211.399519053
 21
257.300000000
 31
0.000000000
  0
LINE
  5
D22
330
A02
100
AcDbEntity
  8
Lateral
100
AcDbLine
 10
211.399519053
 20
257.300000000
 30
0.000000000
 11
210.100480947
 21
257.300000000
 31
0.000000000
  0
LINE
  5
D23
330
A02
100
AcDbEntity
  8
Lateral
100
AcDbLine
 10
210.100480947
 20
255.800000000
 30
0.000000000
 11
210.100480947
 21
257.300000000
 31
0.000000000
  0
LINE
  5
D24
330
A02
100
AcDbEntity
  8
Lateral
100
AcDbLine
 10
211.399519053
 20
255.800000000
 30
0.000000000
 11
210.100480947
 21
255.800000000
 31
0.000000000
  0
LINE
  5
D25
330
A02
100
AcDbEntity
  8
Lateral
100
AcDbLine
 10
232.399519053
 20
255.800000000
 30
0.000000000
 11
211.399519053
 21
255.800000000
 31
0.000000000
  0
LINE
  5
D26
330
A02
100
AcDbEntity
  8
Lateral
100
AcDbLine
 10
232.399519053
 20
257.300000000
 30
0.000000000
 11
211.399519053
 21
257.300000000
 31
0.000000000
  0
LINE
  5
D27
330
A02
100
AcDbEntity
  8
Lateral
100
AcDbLine
 10
231.100480947
 20
255.800000000
 30
0.000000000
 11
210.100480947
 21
255.800000000
 31
0.000000000
  0
LINE
  5
D28
330
A02
100
AcDbEntity
  8
Lateral
100
AcDbLine
 10
231.100480947
 20
257.300000000
 30
0.000000000
 11
210.100480947
 21
257.300000000
 31
0.000000000
  0
LINE
  5
D29
330
A02
100
AcDbEntity
  8
Lateral
100
AcDbLine
 10
232.765544457
 20
177.300000000
 30
0.000000000
 11
229.734455543
 21
177.300000000
 31
0.000000000
  0
LINE
  5
D2A
330
A02
100
AcDbEntity
  8
Lateral
100
AcDbLine
 10
232.765544457
 20
177.100000000
 30
0.000000000
 11
230.265544457
 21
177.100000000
 31
0.000000000
  0
LINE
  5
D2B
330
A02
100
AcDbEntity
  8
Lateral
100
AcDbLine
 10
230.265544457
 20
177.100000000
 30
0.000000000
 11
230.265544457
 21
177.300000000
 31
0.000000000
  0
LINE
  5
D2C
330
A02
100
AcDbEntity
  8
Lateral
100
AcDbLine
 10
232.765544457
 20
177.300000000
 30
0.000000000
 11
230.265544457
 21
177.300000000
 31
0.000000000
  0
LINE
  5
D2D
330
A02
100
AcDbEntity
  8
Lateral
100
AcDbLine
 10
229.734455543
 20
177.300000000
 30
0.000000000
 11
227.234455543
 21
177.300000000
 31
0.000000000
  0
LINE
  5
D2E
330
A02
100
AcDbEntity
  8
Lateral
100
AcDbLine
 10
230.265544457
 20
177.300000000
 30
0.000000000
 11
227.234455543
 21
177.300000000
 31
0.000000000
  0
LINE
  5
D2F
330
A02
100
AcDbEntity
  8
Lateral
100
AcDbLine
 10
231.623381120
 20
177.300000000
 30
0.000000000
 11
232.248381120
 21
177.300000000
 31
0.000000000
  0
LINE
  5
D30
330
A02
100
AcDbEntity
  8
Lateral
100
AcDbLine
 10
231.623381120
 20
177.300000000
 30
0.000000000
 11
231.233669688
 21
177.300000000
 31
0.000000000
  0
LINE
  5
D31
330
A02
100
AcDbEntity
  8
Lateral
100
AcDbLine
 10
232.248381120
 20
177.300000000
 30
0.000000000
 11
231.858669688
 21
177.300000000
 31
0.000000000
  0
LINE
  5
D32
330
A02
100
AcDbEntity
  8
Lateral
100
AcDbLine
 10
231.233669688
 20
177.300000000
 30
0.000000000
 11
231.858669688
 21
177.300000000
 31
0.000000000
  0
LINE
  5
D33
330
A02
100
AcDbEntity
  8
Lateral
100
AcDbLine
 10
229.873381120
 20
177.300000000
 30
0.000000000
 11
230.498381120
 21
177.300000000
 31
0.000000000
  0
LINE
  5
D34
330
A02
100
AcDbEntity
  8
Lateral
100
AcDbLine
 10
229.873381120
 20
177.300000000
 30
0.000000000
 11
229.483669688
 21
177.300000000
 31
0.000000000
  0
LINE
  5
D35
330
A02
100
AcDbEntity
  8
Lateral
100
AcDbLine
 10
230.498381120
 20
177.300000000
 30
0.000000000
 11
230.108669688
 21
177.300000000
 31
0.000000000
  0
LINE
  5
D36
330
A02
100
AcDbEntity
  8
Lateral
100
AcDbLine
 10
229.483669688
 20
177.300000000
 30
0.000000000
 11
230.108669688
 21
177.300000000
 31
0.000000000
  0
LINE
  5
D37
330
A02
100
AcDbEntity
  8
Lateral
100
AcDbLine
 10
229.891330312
 20
177.300000000
 30
0.000000000
 11
230.516330312
 21
177.300000000
 31
0.000000000
  0
LINE
  5
D38
330
A02
100
AcDbEntity
  8
Lateral
100
AcDbLine
 10
229.891330312
 20
177.300000000
 30
0.000000000
 11
229.501618880
 21
177.300000000
 31
0.000000000
  0
LINE
  5
D39
330
A02
100
AcDbEntity
  8
Lateral
100
AcDbLine
 10
230.516330312
 20
177.300000000
 30
0.000000000
 11
230.126618880
 21
177.300000000
 31
0.000000000
  0
LINE
  5
D3A
330
A02
100
AcDbEntity
  8
Lateral
100
AcDbLine
 10
229.501618880
 20
177.300000000
 30
0.000000000
 11
230.126618880
 21
177.300000000
 31
0.000000000
  0
LINE
  5
D3B
330
A02
100
AcDbEntity
  8
Lateral
100
AcDbLine
 10
228.141330312
 20
177.300000000
 30
0.000000000
 11
228.766330312
 21
177.300000000
 31
0.000000000
  0
LINE
  5
D3C
330
A02
100
AcDbEntity
  8
Lateral
100
AcDbLine
 10
228.141330312
 20
177.300000000
 30
0.000000000
 11
227.751618880
 21
177.300000000
 31
0.000000000
  0
LINE
  5
D3D
330
A02
100
AcDbEntity
  8
Lateral
100
AcDbLine
 10
227.751618880
 20
177.300000000
 30
0.000000000
 11
228.376618880
 21
177.300000000
 31
0.000000000
  0
LINE
  5
D3E
330
A02
100
AcDbEntity
  8
Lateral
100
AcDbLine
 10
228.766330312
 20
177.300000000
 30
0.000000000
 11
228.376618880
 21
177.300000000
 31
0.000000000
  0
LINE
  5
D3F
330
A02
100
AcDbEntity
  8
Lateral
100
AcDbLine
 10
230.265544457
 20
177.100000000
 30
0.000000000
 11
227.234455543
 21
177.100000000
 31
0.000000000
  0
LINE
  5
D40
330
A02
100
AcDbEntity
  8
Lateral
100
AcDbLine
 10
231.623381120
 20
177.100000000
 30
0.000000000
 11
232.248381120
 21
177.100000000
 31
0.000000000
  0
LINE
  5
D41
330
A02
100
AcDbEntity
  8
Lateral
100
AcDbLine
 10
231.623381120
 20
177.100000000
 30
0.000000000
 11
231.233669688
 21
177.100000000
 31
0.000000000
  0
LINE
  5
D42
330
A02
100
AcDbEntity
  8
Lateral
100
AcDbLine
 10
232.248381120
 20
177.100000000
 30
0.000000000
 11
231.858669688
 21
177.100000000
 31
0.000000000
  0
LINE
  5
D43
330
A02
100
AcDbEntity
  8
Lateral
100
AcDbLine
 10
231.233669688
 20
177.100000000
 30
0.000000000
 11
231.858669688
 21
177.100000000
 31
0.000000000
  0
LINE
  5
D44
330
A02
100
AcDbEntity
  8
Lateral
100
AcDbLine
 10
229.873381120
 20
177.100000000
 30
0.000000000
 11
230.498381120
 21
177.100000000
 31
0.000000000
  0
LINE
  5
D45
330
A02
100
AcDbEntity
  8
Lateral
100
AcDbLine
 10
229.873381120
 20
177.100000000
 30
0.000000000
 11
229.483669688
 21
177.100000000
 31
0.000000000
  0
LINE
  5
D46
330
A02
100
AcDbEntity
  8
Lateral
100
AcDbLine
 10
230.498381120
 20
177.100000000
 30
0.000000000
 11
230.108669688
 21
177.100000000
 31
0.000000000
  0
LINE
  5
D47
330
A02
100
AcDbEntity
  8
Lateral
100
AcDbLine
 10
229.483669688
 20
177.100000000
 30
0.000000000
 11
230.108669688
 21
177.100000000
 31
0.000000000
  0
LINE
  5
D48
330
A02
100
AcDbEntity
  8
Lateral
100
AcDbLine
 10
229.891330312
 20
177.100000000
 30
0.000000000
 11
230.516330312
 21
177.100000000
 31
0.000000000
  0
LINE
  5
D49
330
A02
100
AcDbEntity
  8
Lateral
100
AcDbLine
 10
229.891330312
 20
177.100000000
 30
0.000000000
 11
229.501618880
 21
177.100000000
 31
0.000000000
  0
LINE
  5
D4A
330
A02
100
AcDbEntity
  8
Lateral
100
AcDbLine
 10
230.516330312
 20
177.100000000
 30
0.000000000
 11
230.126618880
 21
177.100000000
 31
0.000000000
  0
LINE
  5
D4B
330
A02
100
AcDbEntity
  8
Lateral
100
AcDbLine
 10
229.501618880
 20
177.100000000
 30
0.000000000
 11
230.126618880
 21
177.100000000
 31
0.000000000
  0
LINE
  5
D4C
330
A02
100
AcDbEntity
  8
Lateral
100
AcDbLine
 10
228.141330312
 20
177.100000000
 30
0.000000000
 11
228.766330312
 21
177.100000000
 31
0.000000000
  0
LINE
  5
D4D
330
A02
100
AcDbEntity
  8
Lateral
100
AcDbLine
 10
228.141330312
 20
177.100000000
 30
0.000000000
 11
227.751618880
 21
177.100000000
 31
0.000000000
  0
LINE
  5
D4E
330
A02
100
AcDbEntity
  8
Lateral
100
AcDbLine
 10
227.751618880
 20
177.100000000
 30
0.000000000
 11
228.376618880
 21
177.100000000
 31
0.000000000
  0
LINE
  5
D4F
330
A02
100
AcDbEntity
  8
Lateral
100
AcDbLine
 10
228.766330312
 20
177.100000000
 30
0.000000000
 11
228.376618880
 21
177.100000000
 31
0.000000000
  0
LINE
  5
D50
330
A02
100
AcDbEntity
  8
Lateral
100
AcDbLine
 10
231.623381120
 20
177.100000000
 30
0.000000000
 11
231.623381120
 21
177.300000000
 31
0.000000000
  0
LINE
  5
D51
330
A02
100
AcDbEntity
  8
Lateral
100
AcDbLine
 10
232.248381120
 20
177.100000000
 30
0.000000000
 11
232.248381120
 21
177.300000000
 31
0.000000000
  0
LINE
  5
D52
330
A02
100
AcDbEntity
  8
Lateral
100
AcDbLine
 10
231.233669688
 20
177.100000000
 30
0.000000000
 11
231.233669688
 21
177.300000000
 31
0.000000000
  0
LINE
  5
D53
330
A02
100
AcDbEntity
  8
Lateral
100
AcDbLine
 10
231.858669688
 20
177.100000000
 30
0.000000000
 11
231.858669688
 21
177.300000000
 31
0.000000000
  0
LINE
  5
D54
330
A02
100
AcDbEntity
  8
Lateral
100
AcDbLine
 10
229.873381120
 20
177.100000000
 30
0.000000000
 11
229.873381120
 21
177.300000000
 31
0.000000000
  0
LINE
  5
D55
330
A02
100
AcDbEntity
  8
Lateral
100
AcDbLine
 10
230.498381120
 20
177.100000000
 30
0.000000000
 11
230.498381120
 21
177.300000000
 31
0.000000000
  0
LINE
  5
D56
330
A02
100
AcDbEntity
  8
Lateral
100
AcDbLine
 10
229.483669688
 20
177.100000000
 30
0.000000000
 11
229.483669688
 21
177.300000000
 31
0.000000000
  0
LINE
  5
D57
330
A02
100
AcDbEntity
  8
Lateral
100
AcDbLine
 10
230.108669688
 20
177.100000000
 30
0.000000000
 11
230.108669688
 21
177.300000000
 31
0.000000000
  0
LINE
  5
D58
330
A02
100
AcDbEntity
  8
Lateral
100
AcDbLine
 10
229.891330312
 20
177.100000000
 30
0.000000000
 11
229.891330312
 21
177.300000000
 31
0.000000000
  0
LINE
  5
D59
330
A02
100
AcDbEntity
  8
Lateral
100
AcDbLine
 10
230.516330312
 20
177.100000000
 30
0.000000000
 11
230.516330312
 21
177.300000000
 31
0.000000000
  0
LINE
  5
D5A
330
A02
100
AcDbEntity
  8
Lateral
100
AcDbLine
 10
229.501618880
 20
177.100000000
 30
0.000000000
 11
229.501618880
 21
177.300000000
 31
0.000000000
  0
LINE
  5
D5B
330
A02
100
AcDbEntity
  8
Lateral
100
AcDbLine
 10
230.126618880
 20
177.100000000
 30
0.000000000
 11
230.126618880
 21
177.300000000
 31
0.000000000
  0
LINE
  5
D5C
330
A02
100
AcDbEntity
  8
Lateral
100
AcDbLine
 10
228.141330312
 20
177.100000000
 30
0.000000000
 11
228.141330312
 21
177.300000000
 31
0.000000000
  0
LINE
  5
D5D
330
A02
100
AcDbEntity
  8
Lateral
100
AcDbLine
 10
228.766330312
 20
177.100000000
 30
0.000000000
 11
228.766330312
 21
177.300000000
 31
0.000000000
  0
LINE
  5
D5E
330
A02
100
AcDbEntity
  8
Lateral
100
AcDbLine
 10
227.751618880
 20
177.100000000
 30
0.000000000
 11
227.751618880
 21
177.300000000
 31
0.000000000
  0
LINE
  5
D5F
330
A02
100
AcDbEntity
  8
Lateral
100
AcDbLine
 10
228.376618880
 20
177.100000000
 30
0.000000000
 11
228.376618880
 21
177.300000000
 31
0.000000000
  0
LINE
  5
D60
330
A02
100
AcDbEntity
  8
Lateral
100
AcDbLine
 10
230.692820323
 20
175.750000000
 30
0.000000000
 11
229.307179677
 21
175.750000000
 31
0.000000000
  0
LWPOLYLINE
  5
D61
330
A02
100
AcDbEntity
100
AcDbPolyline
  8
Lateral
 90
2
 70
0
 43
0
 10
230.692820323
 20
175.750000000
 10
230.692820323
 20
172.000000000
  0
LINE
  5
D62
330
A02
100
AcDbEntity
  8
Lateral
100
AcDbLine
 10
231.354422863
 20
176.900000000
 30
0.000000000
 11
229.795577137
 21
176.900000000
 31
0.000000000
  0
LINE
  5
D63
330
A02
100
AcDbEntity
  8
Lateral
100
AcDbLine
 10
230.204422863
 20
175.750000000
 30
0.000000000
 11
230.204422863
 21
176.900000000
 31
0.000000000
  0
LINE
  5
D64
330
A02
100
AcDbEntity
  8
Lateral
100
AcDbLine
 10
230.204422863
 20
176.900000000
 30
0.000000000
 11
228.645577137
 21
176.900000000
 31
0.000000000
  0
LINE
  5
D65
330
A02
100
AcDbEntity
  8
Lateral
100
AcDbLine
 10
230.204422863
 20
175.750000000
 30
0.000000000
 11
228.645577137
 21
175.750000000
 31
0.000000000
  0
LINE
  5
D66
330
A02
100
AcDbEntity
  8
Lateral
100
AcDbLine
 10
231.354422863
 20
175.750000000
 30
0.000000000
 11
230.204422863
 21
175.750000000
 31
0.000000000
  0
LINE
  5
D67
330
A02
100
AcDbEntity
  8
Lateral
100
AcDbLine
 10
231.354422863
 20
176.900000000
 30
0.000000000
 11
230.204422863
 21
176.900000000
 31
0.000000000
  0
LINE
  5
D68
330
A02
100
AcDbEntity
  8
Lateral
100
AcDbLine
 10
229.795577137
 20
176.900000000
 30
0.000000000
 11
228.645577137
 21
176.900000000
 31
0.000000000
  0
LINE
  5
D69
330
A02
100
AcDbEntity
  8
Lateral
100
AcDbLine
 10
232.442788106
 20
177.100000000
 30
0.000000000
 11
229.844711894
 21
177.100000000
 31
0.000000000
  0
LINE
  5
D6A
330
A02
100
AcDbEntity
  8
Lateral
100
AcDbLine
 10
230.155288106
 20
176.900000000
 30
0.000000000
 11
230.155288106
 21
177.100000000
 31
0.000000000
  0
LINE
  5
D6B
330
A02
100
AcDbEntity
  8
Lateral
100
AcDbLine
 10
230.155288106
 20
177.100000000
 30
0.000000000
 11
227.557211894
 21
177.100000000
 31
0.000000000
  0
LINE
  5
D6C
330
A02
100
AcDbEntity
  8
Lateral
100
AcDbLine
 10
230.155288106
 20
176.900000000
 30
0.000000000
 11
227.557211894
 21
176.900000000
 31
0.000000000
  0
LINE
  5
D6D
330
A02
100
AcDbEntity
  8
Lateral
100
AcDbLine
 10
232.442788106
 20
176.900000000
 30
0.000000000
 11
230.155288106
 21
176.900000000
 31
0.000000000
  0
LINE
  5
D6E
330
A02
100
AcDbEntity
  8
Lateral
100
AcDbLine
 10
232.442788106
 20
177.100000000
 30
0.000000000
 11
230.155288106
 21
177.100000000
 31
0.000000000
  0
LINE
  5
D6F
330
A02
100
AcDbEntity
  8
Lateral
100
AcDbLine
 10
229.844711894
 20
177.100000000
 30
0.000000000
 11
227.557211894
 21
177.100000000
 31
0.000000000
  0
LINE
  5
D70
330
A02
100
AcDbEntity
  8
Lateral
100
AcDbLine
 10
215.265544457
 20
177.300000000
 30
0.000000000
 11
212.234455543
 21
177.300000000
 31
0.000000000
  0
LINE
  5
D71
330
A02
100
AcDbEntity
  8
Lateral
100
AcDbLine
 10
215.265544457
 20
177.100000000
 30
0.000000000
 11
212.765544457
 21
177.100000000
 31
0.000000000
  0
LINE
  5
D72
330
A02
100
AcDbEntity
  8
Lateral
100
AcDbLine
 10
212.765544457
 20
177.100000000
 30
0.000000000
 11
212.765544457
 21
177.300000000
 31
0.000000000
  0
LINE
  5
D73
330
A02
100
AcDbEntity
  8
Lateral
100
AcDbLine
 10
215.265544457
 20
177.300000000
 30
0.000000000
 11
212.765544457
 21
177.300000000
 31
0.000000000
  0
LINE
  5
D74
330
A02
100
AcDbEntity
  8
Lateral
100
AcDbLine
 10
212.234455543
 20
177.300000000
 30
0.000000000
 11
209.734455543
 21
177.300000000
 31
0.000000000
  0
LINE
  5
D75
330
A02
100
AcDbEntity
  8
Lateral
100
AcDbLine
 10
212.765544457
 20
177.300000000
 30
0.000000000
 11
209.734455543
 21
177.300000000
 31
0.000000000
  0
LINE
  5
D76
330
A02
100
AcDbEntity
  8
Lateral
100
AcDbLine
 10
214.123381120
 20
177.300000000
 30
0.000000000
 11
214.748381120
 21
177.300000000
 31
0.000000000
  0
LINE
  5
D77
330
A02
100
AcDbEntity
  8
Lateral
100
AcDbLine
 10
214.123381120
 20
177.300000000
 30
0.000000000
 11
213.733669688
 21
177.300000000
 31
0.000000000
  0
LINE
  5
D78
330
A02
100
AcDbEntity
  8
Lateral
100
AcDbLine
 10
214.748381120
 20
177.300000000
 30
0.000000000
 11
214.358669688
 21
177.300000000
 31
0.000000000
  0
LINE
  5
D79
330
A02
100
AcDbEntity
  8
Lateral
100
AcDbLine
 10
213.733669688
 20
177.300000000
 30
0.000000000
 11
214.358669688
 21
177.300000000
 31
0.000000000
  0
LINE
  5
D7A
330
A02
100
AcDbEntity
  8
Lateral
100
AcDbLine
 10
212.373381120
 20
177.300000000
 30
0.000000000
 11
212.998381120
 21
177.300000000
 31
0.000000000
  0
LINE
  5
D7B
330
A02
100
AcDbEntity
  8
Lateral
100
AcDbLine
 10
212.373381120
 20
177.300000000
 30
0.000000000
 11
211.983669688
 21
177.300000000
 31
0.000000000
  0
LINE
  5
D7C
330
A02
100
AcDbEntity
  8
Lateral
100
AcDbLine
 10
212.998381120
 20
177.300000000
 30
0.000000000
 11
212.608669688
 21
177.300000000
 31
0.000000000
  0
LINE
  5
D7D
330
A02
100
AcDbEntity
  8
Lateral
100
AcDbLine
 10
211.983669688
 20
177.300000000
 30
0.000000000
 11
212.608669688
 21
177.300000000
 31
0.000000000
  0
LINE
  5
D7E
330
A02
100
AcDbEntity
  8
Lateral
100
AcDbLine
 10
212.391330312
 20
177.300000000
 30
0.000000000
 11
213.016330312
 21
177.300000000
 31
0.000000000
  0
LINE
  5
D7F
330
A02
100
AcDbEntity
  8
Lateral
100
AcDbLine
 10
212.391330312
 20
177.300000000
 30
0.000000000
 11
212.001618880
 21
177.300000000
 31
0.000000000
  0
LINE
  5
D80
330
A02
100
AcDbEntity
  8
Lateral
100
AcDbLine
 10
213.016330312
 20
177.300000000
 30
0.000000000
 11
212.626618880
 21
177.300000000
 31
0.000000000
  0
LINE
  5
D81
330
A02
100
AcDbEntity
  8
Lateral
100
AcDbLine
 10
212.001618880
 20
177.300000000
 30
0.000000000
 11
212.626618880
 21
177.300000000
 31
0.000000000
  0
LINE
  5
D82
330
A02
100
AcDbEntity
  8
Lateral
100
AcDbLine
 10
210.641330312
 20
177.300000000
 30
0.000000000
 11
211.266330312
 21
177.300000000
 31
0.000000000
  0
LINE
  5
D83
330
A02
100
AcDbEntity
  8
Lateral
100
AcDbLine
 10
210.641330312
 20
177.300000000
 30
0.000000000
 11
210.251618880
 21
177.300000000
 31
0.000000000
  0
LINE
  5
D84
330
A02
100
AcDbEntity
  8
Lateral
100
AcDbLine
 10
210.251618880
 20
177.300000000
 30
0.000000000
 11
210.876618880
 21
177.300000000
 31
0.000000000
  0
LINE
  5
D85
330
A02
100
AcDbEntity
  8
Lateral
100
AcDbLine
 10
211.266330312
 20
177.300000000
 30
0.000000000
 11
210.876618880
 21
177.300000000
 31
0.000000000
  0
LINE
  5
D86
330
A02
100
AcDbEntity
  8
Lateral
100
AcDbLine
 10
212.765544457
 20
177.100000000
 30
0.000000000
 11
209.734455543
 21
177.100000000
 31
0.000000000
  0
LINE
  5
D87
330
A02
100
AcDbEntity
  8
Lateral
100
AcDbLine
 10
214.123381120
 20
177.100000000
 30
0.000000000
 11
214.748381120
 21
177.100000000
 31
0.000000000
  0
LINE
  5
D88
330
A02
100
AcDbEntity
  8
Lateral
100
AcDbLine
 10
214.123381120
 20
177.100000000
 30
0.000000000
 11
213.733669688
 21
177.100000000
 31
0.000000000
  0
LINE
  5
D89
330
A02
100
AcDbEntity
  8
Lateral
100
AcDbLine
 10
214.748381120
 20
177.100000000
 30
0.000000000
 11
214.358669688
 21
177.100000000
 31
0.000000000
  0
LINE
  5
D8A
330
A02
100
AcDbEntity
  8
Lateral
100
AcDbLine
 10
213.733669688
 20
177.100000000
 30
0.000000000
 11
214.358669688
 21
177.100000000
 31
0.000000000
  0
LINE
  5
D8B
330
A02
100
AcDbEntity
  8
Lateral
100
AcDbLine
 10
212.373381120
 20
177.100000000
 30
0.000000000
 11
212.998381120
 21
177.100000000
 31
0.000000000
  0
LINE
  5
D8C
330
A02
100
AcDbEntity
  8
Lateral
100
AcDbLine
 10
212.373381120
 20
177.100000000
 30
0.000000000
 11
211.983669688
 21
177.100000000
 31
0.000000000
  0
LINE
  5
D8D
330
A02
100
AcDbEntity
  8
Lateral
100
AcDbLine
 10
212.998381120
 20
177.100000000
 30
0.000000000
 11
212.608669688
 21
177.100000000
 31
0.000000000
  0
LINE
  5
D8E
330
A02
100
AcDbEntity
  8
Lateral
100
AcDbLine
 10
211.983669688
 20
177.100000000
 30
0.000000000
 11
212.608669688
 21
177.100000000
 31
0.000000000
  0
LINE
  5
D8F
330
A02
100
AcDbEntity
  8
Lateral
100
AcDbLine
 10
212.391330312
 20
177.100000000
 30
0.000000000
 11
213.016330312
 21
177.100000000
 31
0.000000000
  0
LINE
  5
D90
330
A02
100
AcDbEntity
  8
Lateral
100
AcDbLine
 10
212.391330312
 20
177.100000000
 30
0.000000000
 11
212.001618880
 21
177.100000000
 31
0.000000000
  0
LINE
  5
D91
330
A02
100
AcDbEntity
  8
Lateral
100
AcDbLine
 10
213.016330312
 20
177.100000000
 30
0.000000000
 11
212.626618880
 21
177.100000000
 31
0.000000000
  0
LINE
  5
D92
330
A02
100
AcDbEntity
  8
Lateral
100
AcDbLine
 10
212.001618880
 20
177.100000000
 30
0.000000000
 11
212.626618880
 21
177.100000000
 31
0.000000000
  0
LINE
  5
D93
330
A02
100
AcDbEntity
  8
Lateral
100
AcDbLine
 10
210.641330312
 20
177.100000000
 30
0.000000000
 11
211.266330312
 21
177.100000000
 31
0.000000000
  0
LINE
  5
D94
330
A02
100
AcDbEntity
  8
Lateral
100
AcDbLine
 10
210.641330312
 20
177.100000000
 30
0.000000000
 11
210.251618880
 21
177.100000000
 31
0.000000000
  0
LINE
  5
D95
330
A02
100
AcDbEntity
  8
Lateral
100
AcDbLine
 10
210.251618880
 20
177.100000000
 30
0.000000000
 11
210.876618880
 21
177.100000000
 31
0.000000000
  0
LINE
  5
D96
330
A02
100
AcDbEntity
  8
Lateral
100
AcDbLine
 10
211.266330312
 20
177.100000000
 30
0.000000000
 11
210.876618880
 21
177.100000000
 31
0.000000000
  0
LINE
  5
D97
330
A02
100
AcDbEntity
  8
Lateral
100
AcDbLine
 10
214.123381120
 20
177.100000000
 30
0.000000000
 11
214.123381120
 21
177.300000000
 31
0.000000000
  0
LINE
  5
D98
330
A02
100
AcDbEntity
  8
Lateral
100
AcDbLine
 10
214.748381120
 20
177.100000000
 30
0.000000000
 11
214.748381120
 21
177.300000000
 31
0.000000000
  0
LINE
  5
D99
330
A02
100
AcDbEntity
  8
Lateral
100
AcDbLine
 10
213.733669688
 20
177.100000000
 30
0.000000000
 11
213.733669688
 21
177.300000000
 31
0.000000000
  0
LINE
  5
D9A
330
A02
100
AcDbEntity
  8
Lateral
100
AcDbLine
 10
214.358669688
 20
177.100000000
 30
0.000000000
 11
214.358669688
 21
177.300000000
 31
0.000000000
  0
LINE
  5
D9B
330
A02
100
AcDbEntity
  8
Lateral
100
AcDbLine
 10
212.373381120
 20
177.100000000
 30
0.000000000
 11
212.373381120
 21
177.300000000
 31
0.000000000
  0
LINE
  5
D9C
330
A02
100
AcDbEntity
  8
Lateral
100
AcDbLine
 10
212.998381120
 20
177.100000000
 30
0.000000000
 11
212.998381120
 21
177.300000000
 31
0.000000000
  0
LINE
  5
D9D
330
A02
100
AcDbEntity
  8
Lateral
100
AcDbLine
 10
211.983669688
 20
177.100000000
 30
0.000000000
 11
211.983669688
 21
177.300000000
 31
0.000000000
  0
LINE
  5
D9E
330
A02
100
AcDbEntity
  8
Lateral
100
AcDbLine
 10
212.608669688
 20
177.100000000
 30
0.000000000
 11
212.608669688
 21
177.300000000
 31
0.000000000
  0
LINE
  5
D9F
330
A02
100
AcDbEntity
  8
Lateral
100
AcDbLine
 10
212.391330312
 20
177.100000000
 30
0.000000000
 11
212.391330312
 21
177.300000000
 31
0.000000000
  0
LINE
  5
DA0
330
A02
100
AcDbEntity
  8
Lateral
100
AcDbLine
 10
213.016330312
 20
177.100000000
 30
0.000000000
 11
213.016330312
 21
177.300000000
 31
0.000000000
  0
LINE
  5
DA1
330
A02
100
AcDbEntity
  8
Lateral
100
AcDbLine
 10
212.001618880
 20
177.100000000
 30
0.000000000
 11
212.001618880
 21
177.300000000
 31
0.000000000
  0
LINE
  5
DA2
330
A02
100
AcDbEntity
  8
Lateral
100
AcDbLine
 10
212.626618880
 20
177.100000000
 30
0.000000000
 11
212.626618880
 21
177.300000000
 31
0.000000000
  0
LINE
  5
DA3
330
A02
100
AcDbEntity
  8
Lateral
100
AcDbLine
 10
210.641330312
 20
177.100000000
 30
0.000000000
 11
210.641330312
 21
177.300000000
 31
0.000000000
  0
LINE
  5
DA4
330
A02
100
AcDbEntity
  8
Lateral
100
AcDbLine
 10
211.266330312
 20
177.100000000
 30
0.000000000
 11
211.266330312
 21
177.300000000
 31
0.000000000
  0
LINE
  5
DA5
330
A02
100
AcDbEntity
  8
Lateral
100
AcDbLine
 10
210.251618880
 20
177.100000000
 30
0.000000000
 11
210.251618880
 21
177.300000000
 31
0.000000000
  0
LINE
  5
DA6
330
A02
100
AcDbEntity
  8
Lateral
100
AcDbLine
 10
210.876618880
 20
177.100000000
 30
0.000000000
 11
210.876618880
 21
177.300000000
 31
0.000000000
  0
LINE
  5
DA7
330
A02
100
AcDbEntity
  8
Lateral
100
AcDbLine
 10
213.192820323
 20
175.750000000
 30
0.000000000
 11
211.807179677
 21
175.750000000
 31
0.000000000
  0
LWPOLYLINE
  5
DA8
330
A02
100
AcDbEntity
100
AcDbPolyline
  8
Lateral
 90
2
 70
0
 43
0
 10
213.192820323
 20
175.750000000
 10
213.192820323
 20
172.000000000
  0
LINE
  5
DA9
330
A02
100
AcDbEntity
  8
Lateral
100
AcDbLine
 10
213.854422863
 20
176.900000000
 30
0.000000000
 11
212.295577137
 21
176.900000000
 31
0.000000000
  0
LINE
  5
DAA
330
A02
100
AcDbEntity
  8
Lateral
100
AcDbLine
 10
212.704422863
 20
175.750000000
 30
0.000000000
 11
212.704422863
 21
176.900000000
 31
0.000000000
  0
LINE
  5
DAB
330
A02
100
AcDbEntity
  8
Lateral
100
AcDbLine
 10
212.704422863
 20
176.900000000
 30
0.000000000
 11
211.145577137
 21
176.900000000
 31
0.000000000
  0
LINE
  5
DAC
330
A02
100
AcDbEntity
  8
Lateral
100
AcDbLine
 10
212.704422863
 20
175.750000000
 30
0.000000000
 11
211.145577137
 21
175.750000000
 31
0.000000000
  0
LINE
  5
DAD
330
A02
100
AcDbEntity
  8
Lateral
100
AcDbLine
 10
213.854422863
 20
175.750000000
 30
0.000000000
 11
212.704422863
 21
175.750000000
 31
0.000000000
  0
LINE
  5
DAE
330
A02
100
AcDbEntity
  8
Lateral
100
AcDbLine
 10
213.854422863
 20
176.900000000
 30
0.000000000
 11
212.704422863
 21
176.900000000
 31
0.000000000
  0
LINE
  5
DAF
330
A02
100
AcDbEntity
  8
Lateral
100
AcDbLine
 10
212.295577137
 20
176.900000000
 30
0.000000000
 11
211.145577137
 21
176.900000000
 31
0.000000000
  0
LINE
  5
DB0
330
A02
100
AcDbEntity
  8
Lateral
100
AcDbLine
 10
214.942788106
 20
177.100000000
 30
0.000000000
 11
212.344711894
 21
177.100000000
 31
0.000000000
  0
LINE
  5
DB1
330
A02
100
AcDbEntity
  8
Lateral
100
AcDbLine
 10
212.655288106
 20
176.900000000
 30
0.000000000
 11
212.655288106
 21
177.100000000
 31
0.000000000
  0
LINE
  5
DB2
330
A02
100
AcDbEntity
  8
Lateral
100
AcDbLine
 10
212.655288106
 20
177.100000000
 30
0.000000000
 11
210.057211894
 21
177.100000000
 31
0.000000000
  0
LINE
  5
DB3
330
A02
100
AcDbEntity
  8
Lateral
100
AcDbLine
 10
212.655288106
 20
176.900000000
 30
0.000000000
 11
210.057211894
 21
176.900000000
 31
0.000000000
  0
LINE
  5
DB4
330
A02
100
AcDbEntity
  8
Lateral
100
AcDbLine
 10
214.942788106
 20
176.900000000
 30
0.000000000
 11
212.655288106
 21
176.900000000
 31
0.000000000
  0
LINE
  5
DB5
330
A02
100
AcDbEntity
  8
Lateral
100
AcDbLine
 10
214.942788106
 20
177.100000000
 30
0.000000000
 11
212.655288106
 21
177.100000000
 31
0.000000000
  0
LINE
  5
DB6
330
A02
100
AcDbEntity
  8
Lateral
100
AcDbLine
 10
212.344711894
 20
177.100000000
 30
0.000000000
 11
210.057211894
 21
177.100000000
 31
0.000000000
  0
LINE
  5
DB7
330
A02
100
AcDbEntity
  8
Planta
100
AcDbLine
 10
129.299038106
 20
87.620662223
 30
0.000000000
 11
128.000000000
 21
88.370662223
 31
0.000000000
  0
LINE
  5
DB8
330
A02
100
AcDbEntity
  8
Planta
100
AcDbLine
 10
128.549038106
 20
86.321624117
 30
0.000000000
 11
127.250000000
 21
87.071624117
 31
0.000000000
  0
LINE
  5
DB9
330
A02
100
AcDbEntity
  8
Planta
100
AcDbLine
 10
129.299038106
 20
87.620662223
 30
0.000000000
 11
128.549038106
 21
86.321624117
 31
0.000000000
  0
LINE
  5
DBA
330
A02
100
AcDbEntity
  8
Planta
100
AcDbLine
 10
128.000000000
 20
88.370662223
 30
0.000000000
 11
127.250000000
 21
87.071624117
 31
0.000000000
  0
LINE
  5
DBB
330
A02
100
AcDbEntity
  8
Planta
100
AcDbLine
 10
107.549038106
 20
49.948557159
 30
0.000000000
 11
106.250000000
 21
50.698557159
 31
0.000000000
  0
LINE
  5
DBC
330
A02
100
AcDbEntity
  8
Planta
100
AcDbLine
 10
106.799038106
 20
48.649519053
 30
0.000000000
 11
105.500000000
 21
49.399519053
 31
0.000000000
  0
LINE
  5
DBD
330
A02
100
AcDbEntity
  8
Planta
100
AcDbLine
 10
107.549038106
 20
49.948557159
 30
0.000000000
 11
106.799038106
 21
48.649519053
 31
0.000000000
  0
LINE
  5
DBE
330
A02
100
AcDbEntity
  8
Planta
100
AcDbLine
 10
106.250000000
 20
50.698557159
 30
0.000000000
 11
105.500000000
 21
49.399519053
 31
0.000000000
  0
LINE
  5
DBF
330
A02
100
AcDbEntity
  8
Planta
100
AcDbLine
 10
128.549038106
 20
86.321624117
 30
0.000000000
 11
127.250000000
 21
87.071624117
 31
0.000000000
  0
LINE
  5
DC0
330
A02
100
AcDbEntity
  8
Planta
100
AcDbLine
 10
107.549038106
 20
49.948557159
 30
0.000000000
 11
106.250000000
 21
50.698557159
 31
0.000000000
  0
LINE
  5
DC1
330
A02
100
AcDbEntity
  8
Planta
100
AcDbLine
 10
128.549038106
 20
86.321624117
 30
0.000000000
 11
128.049038106
 21
85.455598714
 31
0.000000000
  0
LINE
  5
DC2
330
A02
100
AcDbEntity
  8
Planta
100
AcDbLine
 10
125.549038106
 20
81.125471695
 30
0.000000000
 11
110.549038106
 21
55.144709581
 31
0.000000000
  0
LINE
  5
DC3
330
A02
100
AcDbEntity
  8
Planta
100
AcDbLine
 10
108.049038106
 20
50.814582562
 30
0.000000000
 11
107.549038106
 21
49.948557159
 31
0.000000000
  0
LINE
  5
DC4
330
A02
100
AcDbEntity
  8
Planta
100
AcDbLine
 10
127.250000000
 20
87.071624117
 30
0.000000000
 11
126.750000000
 21
86.205598714
 31
0.000000000
  0
LINE
  5
DC5
330
A02
100
AcDbEntity
  8
Planta
100
AcDbLine
 10
124.250000000
 20
81.875471695
 30
0.000000000
 11
109.250000000
 21
55.894709581
 31
0.000000000
  0
LINE
  5
DC6
330
A02
100
AcDbEntity
  8
Planta
100
AcDbLine
 10
106.750000000
 20
51.564582562
 30
0.000000000
 11
106.250000000
 21
50.698557159
 31
0.000000000
  0
LINE
  5
DC7
330
A02
100
AcDbEntity
  8
Planta
100
AcDbLine
 10
128.915063509
 20
84.955598714
 30
0.000000000
 11
125.883974596
 21
86.705598714
 31
0.000000000
  0
LINE
  5
DC8
330
A02
100
AcDbEntity
  8
Planta
100
AcDbLine
 10
128.915063509
 20
84.955598714
 30
0.000000000
 11
126.415063509
 21
80.625471695
 31
0.000000000
  0
LINE
  5
DC9
330
A02
100
AcDbEntity
  8
Planta
100
AcDbLine
 10
125.883974596
 20
86.705598714
 30
0.000000000
 11
123.383974596
 21
82.375471695
 31
0.000000000
  0
LINE
  5
DCA
330
A02
100
AcDbEntity
  8
Planta
100
AcDbLine
 10
126.415063509
 20
80.625471695
 30
0.000000000
 11
123.383974596
 21
82.375471695
 31
0.000000000
  0
LINE
  5
DCB
330
A02
100
AcDbEntity
  8
Planta
100
AcDbLine
 10
128.354150172
 20
85.034068315
 30
0.000000000
 11
128.397900172
 21
85.109845538
 31
0.000000000
  0
LINE
  5
DCC
330
A02
100
AcDbEntity
  8
Planta
100
AcDbLine
 10
128.397900172
 20
85.109845538
 30
0.000000000
 11
128.008188741
 21
85.334845538
 31
0.000000000
  0
LINE
  5
DCD
330
A02
100
AcDbEntity
  8
Planta
100
AcDbLine
 10
127.964438741
 20
85.259068315
 30
0.000000000
 11
128.008188741
 21
85.334845538
 31
0.000000000
  0
LINE
  5
DCE
330
A02
100
AcDbEntity
  8
Planta
100
AcDbLine
 10
126.022900172
 20
80.996224870
 30
0.000000000
 11
126.066650172
 21
81.072002093
 31
0.000000000
  0
LINE
  5
DCF
330
A02
100
AcDbEntity
  8
Planta
100
AcDbLine
 10
126.022900172
 20
80.996224870
 30
0.000000000
 11
125.633188741
 21
81.221224870
 31
0.000000000
  0
LINE
  5
DD0
330
A02
100
AcDbEntity
  8
Planta
100
AcDbLine
 10
125.633188741
 20
81.221224870
 30
0.000000000
 11
125.676938741
 21
81.297002093
 31
0.000000000
  0
LINE
  5
DD1
330
A02
100
AcDbEntity
  8
Planta
100
AcDbLine
 10
126.622099365
 20
86.034068315
 30
0.000000000
 11
126.665849365
 21
86.109845538
 31
0.000000000
  0
LINE
  5
DD2
330
A02
100
AcDbEntity
  8
Planta
100
AcDbLine
 10
126.665849365
 20
86.109845538
 30
0.000000000
 11
126.276137933
 21
86.334845538
 31
0.000000000
  0
LINE
  5
DD3
330
A02
100
AcDbEntity
  8
Planta
100
AcDbLine
 10
126.232387933
 20
86.259068315
 30
0.000000000
 11
126.276137933
 21
86.334845538
 31
0.000000000
  0
LINE
  5
DD4
330
A02
100
AcDbEntity
  8
Planta
100
AcDbLine
 10
124.290849365
 20
81.996224870
 30
0.000000000
 11
124.334599365
 21
82.072002093
 31
0.000000000
  0
LINE
  5
DD5
330
A02
100
AcDbEntity
  8
Planta
100
AcDbLine
 10
124.290849365
 20
81.996224870
 30
0.000000000
 11
123.901137933
 21
82.221224870
 31
0.000000000
  0
LINE
  5
DD6
330
A02
100
AcDbEntity
  8
Planta
100
AcDbLine
 10
123.901137933
 20
82.221224870
 30
0.000000000
 11
123.944887933
 21
82.297002093
 31
0.000000000
  0
LWPOLYLINE
  5
DD7
330
A02
100
AcDbEntity
100
AcDbPolyline
  8
Planta
 90
2
 70
0
 43
0
 10
124.519198730
 20
82.441737572
 10
126.394198730
 20
85.689332836
  0
LWPOLYLINE
  5
DD8
330
A02
100
AcDbEntity
100
AcDbPolyline
  8
Planta
 90
2
 70
0
 43
0
 10
125.904839376
 20
81.641737572
 10
127.779839376
 20
84.889332836
  0
LINE
  5
DD9
330
A02
100
AcDbEntity
  8
Planta
100
AcDbLine
 10
127.503941916
 20
84.211464419
 30
0.000000000
 11
127.417339376
 21
84.261464419
 31
0.000000000
  0
LINE
  5
DDA
330
A02
100
AcDbEntity
  8
Planta
100
AcDbLine
 10
126.031698730
 20
85.061464419
 30
0.000000000
 11
125.945096189
 21
85.111464419
 31
0.000000000
  0
LINE
  5
DDB
330
A02
100
AcDbEntity
  8
Planta
100
AcDbLine
 10
126.353941916
 20
82.219605990
 30
0.000000000
 11
126.267339376
 21
82.269605990
 31
0.000000000
  0
LINE
  5
DDC
330
A02
100
AcDbEntity
  8
Planta
100
AcDbLine
 10
124.881698730
 20
83.069605990
 30
0.000000000
 11
124.795096189
 21
83.119605990
 31
0.000000000
  0
LINE
  5
DDD
330
A02
100
AcDbEntity
  8
Planta
100
AcDbLine
 10
127.503941916
 20
84.211464419
 30
0.000000000
 11
126.353941916
 21
82.219605990
 31
0.000000000
  0
LINE
  5
DDE
330
A02
100
AcDbEntity
  8
Planta
100
AcDbLine
 10
125.945096189
 20
85.111464419
 30
0.000000000
 11
124.795096189
 21
83.119605990
 31
0.000000000
  0
LINE
  5
DDF
330
A02
100
AcDbEntity
  8
Planta
100
AcDbLine
 10
128.592307159
 20
84.896568315
 30
0.000000000
 11
125.994230947
 21
86.396568315
 31
0.000000000
  0
LINE
  5
DE0
330
A02
100
AcDbEntity
  8
Planta
100
AcDbLine
 10
126.304807159
 20
80.934502093
 30
0.000000000
 11
123.706730947
 21
82.434502093
 31
0.000000000
  0
LINE
  5
DE1
330
A02
100
AcDbEntity
  8
Planta
100
AcDbLine
 10
128.592307159
 20
84.896568315
 30
0.000000000
 11
126.304807159
 21
80.934502093
 31
0.000000000
  0
LINE
  5
DE2
330
A02
100
AcDbEntity
  8
Planta
100
AcDbLine
 10
125.994230947
 20
86.396568315
 30
0.000000000
 11
123.706730947
 21
82.434502093
 31
0.000000000
  0
LINE
  5
DE3
330
A02
100
AcDbEntity
  8
Planta
100
AcDbLine
 10
111.415063509
 20
54.644709581
 30
0.000000000
 11
108.383974596
 21
56.394709581
 31
0.000000000
  0
LINE
  5
DE4
330
A02
100
AcDbEntity
  8
Planta
100
AcDbLine
 10
111.415063509
 20
54.644709581
 30
0.000000000
 11
108.915063509
 21
50.314582562
 31
0.000000000
  0
LINE
  5
DE5
330
A02
100
AcDbEntity
  8
Planta
100
AcDbLine
 10
108.383974596
 20
56.394709581
 30
0.000000000
 11
105.883974596
 21
52.064582562
 31
0.000000000
  0
LINE
  5
DE6
330
A02
100
AcDbEntity
  8
Planta
100
AcDbLine
 10
108.915063509
 20
50.314582562
 30
0.000000000
 11
105.883974596
 21
52.064582562
 31
0.000000000
  0
LINE
  5
DE7
330
A02
100
AcDbEntity
  8
Planta
100
AcDbLine
 10
110.854150172
 20
54.723179183
 30
0.000000000
 11
110.897900172
 21
54.798956406
 31
0.000000000
  0
LINE
  5
DE8
330
A02
100
AcDbEntity
  8
Planta
100
AcDbLine
 10
110.897900172
 20
54.798956406
 30
0.000000000
 11
110.508188741
 21
55.023956406
 31
0.000000000
  0
LINE
  5
DE9
330
A02
100
AcDbEntity
  8
Planta
100
AcDbLine
 10
110.464438741
 20
54.948179183
 30
0.000000000
 11
110.508188741
 21
55.023956406
 31
0.000000000
  0
LINE
  5
DEA
330
A02
100
AcDbEntity
  8
Planta
100
AcDbLine
 10
108.522900172
 20
50.685335738
 30
0.000000000
 11
108.566650172
 21
50.761112961
 31
0.000000000
  0
LINE
  5
DEB
330
A02
100
AcDbEntity
  8
Planta
100
AcDbLine
 10
108.522900172
 20
50.685335738
 30
0.000000000
 11
108.133188741
 21
50.910335738
 31
0.000000000
  0
LINE
  5
DEC
330
A02
100
AcDbEntity
  8
Planta
100
AcDbLine
 10
108.133188741
 20
50.910335738
 30
0.000000000
 11
108.176938741
 21
50.986112961
 31
0.000000000
  0
LINE
  5
DED
330
A02
100
AcDbEntity
  8
Planta
100
AcDbLine
 10
109.122099365
 20
55.723179183
 30
0.000000000
 11
109.165849365
 21
55.798956406
 31
0.000000000
  0
LINE
  5
DEE
330
A02
100
AcDbEntity
  8
Planta
100
AcDbLine
 10
109.165849365
 20
55.798956406
 30
0.000000000
 11
108.776137933
 21
56.023956406
 31
0.000000000
  0
LINE
  5
DEF
330
A02
100
AcDbEntity
  8
Planta
100
AcDbLine
 10
108.732387933
 20
55.948179183
 30
0.000000000
 11
108.776137933
 21
56.023956406
 31
0.000000000
  0
LINE
  5
DF0
330
A02
100
AcDbEntity
  8
Planta
100
AcDbLine
 10
106.790849365
 20
51.685335738
 30
0.000000000
 11
106.834599365
 21
51.761112961
 31
0.000000000
  0
LINE
  5
DF1
330
A02
100
AcDbEntity
  8
Planta
100
AcDbLine
 10
106.790849365
 20
51.685335738
 30
0.000000000
 11
106.401137933
 21
51.910335738
 31
0.000000000
  0
LINE
  5
DF2
330
A02
100
AcDbEntity
  8
Planta
100
AcDbLine
 10
106.401137933
 20
51.910335738
 30
0.000000000
 11
106.444887933
 21
51.986112961
 31
0.000000000
  0
LWPOLYLINE
  5
DF3
330
A02
100
AcDbEntity
100
AcDbPolyline
  8
Planta
 90
2
 70
0
 43
0
 10
107.019198730
 20
52.130848440
 10
108.894198730
 20
55.378443704
  0
LWPOLYLINE
  5
DF4
330
A02
100
AcDbEntity
100
AcDbPolyline
  8
Planta
 90
2
 70
0
 43
0
 10
108.404839376
 20
51.330848440
 10
110.279839376
 20
54.578443704
  0
LINE
  5
DF5
330
A02
100
AcDbEntity
  8
Planta
100
AcDbLine
 10
110.003941916
 20
53.900575286
 30
0.000000000
 11
109.917339376
 21
53.950575286
 31
0.000000000
  0
LINE
  5
DF6
330
A02
100
AcDbEntity
  8
Planta
100
AcDbLine
 10
108.531698730
 20
54.750575286
 30
0.000000000
 11
108.445096189
 21
54.800575286
 31
0.000000000
  0
LINE
  5
DF7
330
A02
100
AcDbEntity
  8
Planta
100
AcDbLine
 10
108.853941916
 20
51.908716857
 30
0.000000000
 11
108.767339376
 21
51.958716857
 31
0.000000000
  0
LINE
  5
DF8
330
A02
100
AcDbEntity
  8
Planta
100
AcDbLine
 10
107.381698730
 20
52.758716857
 30
0.000000000
 11
107.295096189
 21
52.808716857
 31
0.000000000
  0
LINE
  5
DF9
330
A02
100
AcDbEntity
  8
Planta
100
AcDbLine
 10
110.003941916
 20
53.900575286
 30
0.000000000
 11
108.853941916
 21
51.908716857
 31
0.000000000
  0
LINE
  5
DFA
330
A02
100
AcDbEntity
  8
Planta
100
AcDbLine
 10
108.445096189
 20
54.800575286
 30
0.000000000
 11
107.295096189
 21
52.808716857
 31
0.000000000
  0
LINE
  5
DFB
330
A02
100
AcDbEntity
  8
Planta
100
AcDbLine
 10
111.092307159
 20
54.585679183
 30
0.000000000
 11
108.494230947
 21
56.085679183
 31
0.000000000
  0
LINE
  5
DFC
330
A02
100
AcDbEntity
  8
Planta
100
AcDbLine
 10
108.804807159
 20
50.623612961
 30
0.000000000
 11
106.206730947
 21
52.123612961
 31
0.000000000
  0
LINE
  5
DFD
330
A02
100
AcDbEntity
  8
Planta
100
AcDbLine
 10
111.092307159
 20
54.585679183
 30
0.000000000
 11
108.804807159
 21
50.623612961
 31
0.000000000
  0
LINE
  5
DFE
330
A02
100
AcDbEntity
  8
Planta
100
AcDbLine
 10
108.494230947
 20
56.085679183
 30
0.000000000
 11
106.206730947
 21
52.123612961
 31
0.000000000
  0
LINE
  5
DFF
330
A02
100
AcDbEntity
  8
Planta
100
AcDbLine
 10
106.424038106
 20
49.299038106
 30
0.000000000
 11
105.125000000
 21
50.049038106
 31
0.000000000
  0
LINE
  5
E00
330
A02
100
AcDbEntity
  8
Planta
100
AcDbLine
 10
105.674038106
 20
48.000000000
 30
0.000000000
 11
104.375000000
 21
48.750000000
 31
0.000000000
  0
LINE
  5
E01
330
A02
100
AcDbEntity
  8
Planta
100
AcDbLine
 10
106.424038106
 20
49.299038106
 30
0.000000000
 11
105.674038106
 21
48.000000000
 31
0.000000000
  0
LINE
  5
E02
330
A02
100
AcDbEntity
  8
Planta
100
AcDbLine
 10
105.125000000
 20
50.049038106
 30
0.000000000
 11
104.375000000
 21
48.750000000
 31
0.000000000
  0
LINE
  5
E03
330
A02
100
AcDbEntity
  8
Planta
100
AcDbLine
 10
62.924038106
 20
49.299038106
 30
0.000000000
 11
61.625000000
 21
50.049038106
 31
0.000000000
  0
LINE
  5
E04
330
A02
100
AcDbEntity
  8
Planta
100
AcDbLine
 10
62.174038106
 20
48.000000000
 30
0.000000000
 11
60.875000000
 21
48.750000000
 31
0.000000000
  0
LINE
  5
E05
330
A02
100
AcDbEntity
  8
Planta
100
AcDbLine
 10
62.924038106
 20
49.299038106
 30
0.000000000
 11
62.174038106
 21
48.000000000
 31
0.000000000
  0
LINE
  5
E06
330
A02
100
AcDbEntity
  8
Planta
100
AcDbLine
 10
61.625000000
 20
50.049038106
 30
0.000000000
 11
60.875000000
 21
48.750000000
 31
0.000000000
  0
LINE
  5
E07
330
A02
100
AcDbEntity
  8
Planta
100
AcDbLine
 10
104.649519053
 20
48.274519053
 30
0.000000000
 11
104.649519053
 21
49.774519053
 31
0.000000000
  0
LINE
  5
E08
330
A02
100
AcDbEntity
  8
Planta
100
AcDbLine
 10
62.649519053
 20
48.274519053
 30
0.000000000
 11
62.649519053
 21
49.774519053
 31
0.000000000
  0
LINE
  5
E09
330
A02
100
AcDbEntity
  8
Planta
100
AcDbLine
 10
104.649519053
 20
48.274519053
 30
0.000000000
 11
62.649519053
 21
48.274519053
 31
0.000000000
  0
LINE
  5
E0A
330
A02
100
AcDbEntity
  8
Planta
100
AcDbLine
 10
104.649519053
 20
49.774519053
 30
0.000000000
 11
62.649519053
 21
49.774519053
 31
0.000000000
  0
LINE
  5
E0B
330
A02
100
AcDbEntity
  8
Planta
100
AcDbLine
 10
61.799038106
 20
49.948557159
 30
0.000000000
 11
60.500000000
 21
50.698557159
 31
0.000000000
  0
LINE
  5
E0C
330
A02
100
AcDbEntity
  8
Planta
100
AcDbLine
 10
61.049038106
 20
48.649519053
 30
0.000000000
 11
59.750000000
 21
49.399519053
 31
0.000000000
  0
LINE
  5
E0D
330
A02
100
AcDbEntity
  8
Planta
100
AcDbLine
 10
61.799038106
 20
49.948557159
 30
0.000000000
 11
61.049038106
 21
48.649519053
 31
0.000000000
  0
LINE
  5
E0E
330
A02
100
AcDbEntity
  8
Planta
100
AcDbLine
 10
60.500000000
 20
50.698557159
 30
0.000000000
 11
59.750000000
 21
49.399519053
 31
0.000000000
  0
LINE
  5
E0F
330
A02
100
AcDbEntity
  8
Planta
100
AcDbLine
 10
40.049038106
 20
87.620662223
 30
0.000000000
 11
38.750000000
 21
88.370662223
 31
0.000000000
  0
LINE
  5
E10
330
A02
100
AcDbEntity
  8
Planta
100
AcDbLine
 10
39.299038106
 20
86.321624117
 30
0.000000000
 11
38.000000000
 21
87.071624117
 31
0.000000000
  0
LINE
  5
E11
330
A02
100
AcDbEntity
  8
Planta
100
AcDbLine
 10
40.049038106
 20
87.620662223
 30
0.000000000
 11
39.299038106
 21
86.321624117
 31
0.000000000
  0
LINE
  5
E12
330
A02
100
AcDbEntity
  8
Planta
100
AcDbLine
 10
38.750000000
 20
88.370662223
 30
0.000000000
 11
38.000000000
 21
87.071624117
 31
0.000000000
  0
LINE
  5
E13
330
A02
100
AcDbEntity
  8
Planta
100
AcDbLine
 10
59.750000000
 20
49.948557159
 30
0.000000000
 11
61.049038106
 21
50.698557159
 31
0.000000000
  0
LINE
  5
E14
330
A02
100
AcDbEntity
  8
Planta
100
AcDbLine
 10
38.750000000
 20
86.321624117
 30
0.000000000
 11
40.049038106
 21
87.071624117
 31
0.000000000
  0
LINE
  5
E15
330
A02
100
AcDbEntity
  8
Planta
100
AcDbLine
 10
59.750000000
 20
49.948557159
 30
0.000000000
 11
59.250000000
 21
50.814582562
 31
0.000000000
  0
LINE
  5
E16
330
A02
100
AcDbEntity
  8
Planta
100
AcDbLine
 10
56.750000000
 20
55.144709581
 30
0.000000000
 11
41.750000000
 21
81.125471695
 31
0.000000000
  0
LINE
  5
E17
330
A02
100
AcDbEntity
  8
Planta
100
AcDbLine
 10
39.250000000
 20
85.455598714
 30
0.000000000
 11
38.750000000
 21
86.321624117
 31
0.000000000
  0
LINE
  5
E18
330
A02
100
AcDbEntity
  8
Planta
100
AcDbLine
 10
61.049038106
 20
50.698557159
 30
0.000000000
 11
60.549038106
 21
51.564582562
 31
0.000000000
  0
LINE
  5
E19
330
A02
100
AcDbEntity
  8
Planta
100
AcDbLine
 10
58.049038106
 20
55.894709581
 30
0.000000000
 11
43.049038106
 21
81.875471695
 31
0.000000000
  0
LINE
  5
E1A
330
A02
100
AcDbEntity
  8
Planta
100
AcDbLine
 10
40.549038106
 20
86.205598714
 30
0.000000000
 11
40.049038106
 21
87.071624117
 31
0.000000000
  0
LINE
  5
E1B
330
A02
100
AcDbEntity
  8
Planta
100
AcDbLine
 10
58.383974596
 20
50.314582562
 30
0.000000000
 11
61.415063509
 21
52.064582562
 31
0.000000000
  0
LINE
  5
E1C
330
A02
100
AcDbEntity
  8
Planta
100
AcDbLine
 10
58.383974596
 20
50.314582562
 30
0.000000000
 11
55.883974596
 21
54.644709581
 31
0.000000000
  0
LINE
  5
E1D
330
A02
100
AcDbEntity
  8
Planta
100
AcDbLine
 10
61.415063509
 20
52.064582562
 30
0.000000000
 11
58.915063509
 21
56.394709581
 31
0.000000000
  0
LINE
  5
E1E
330
A02
100
AcDbEntity
  8
Planta
100
AcDbLine
 10
55.883974596
 20
54.644709581
 30
0.000000000
 11
58.915063509
 21
56.394709581
 31
0.000000000
  0
LINE
  5
E1F
330
A02
100
AcDbEntity
  8
Planta
100
AcDbLine
 10
58.732387933
 20
50.761112961
 30
0.000000000
 11
58.776137933
 21
50.685335738
 31
0.000000000
  0
LINE
  5
E20
330
A02
100
AcDbEntity
  8
Planta
100
AcDbLine
 10
58.776137933
 20
50.685335738
 30
0.000000000
 11
59.165849365
 21
50.910335738
 31
0.000000000
  0
LINE
  5
E21
330
A02
100
AcDbEntity
  8
Planta
100
AcDbLine
 10
59.122099365
 20
50.986112961
 30
0.000000000
 11
59.165849365
 21
50.910335738
 31
0.000000000
  0
LINE
  5
E22
330
A02
100
AcDbEntity
  8
Planta
100
AcDbLine
 10
56.401137933
 20
54.798956406
 30
0.000000000
 11
56.444887933
 21
54.723179183
 31
0.000000000
  0
LINE
  5
E23
330
A02
100
AcDbEntity
  8
Planta
100
AcDbLine
 10
56.401137933
 20
54.798956406
 30
0.000000000
 11
56.790849365
 21
55.023956406
 31
0.000000000
  0
LINE
  5
E24
330
A02
100
AcDbEntity
  8
Planta
100
AcDbLine
 10
56.790849365
 20
55.023956406
 30
0.000000000
 11
56.834599365
 21
54.948179183
 31
0.000000000
  0
LINE
  5
E25
330
A02
100
AcDbEntity
  8
Planta
100
AcDbLine
 10
60.464438741
 20
51.761112961
 30
0.000000000
 11
60.508188741
 21
51.685335738
 31
0.000000000
  0
LINE
  5
E26
330
A02
100
AcDbEntity
  8
Planta
100
AcDbLine
 10
60.508188741
 20
51.685335738
 30
0.000000000
 11
60.897900172
 21
51.910335738
 31
0.000000000
  0
LINE
  5
E27
330
A02
100
AcDbEntity
  8
Planta
100
AcDbLine
 10
60.854150172
 20
51.986112961
 30
0.000000000
 11
60.897900172
 21
51.910335738
 31
0.000000000
  0
LINE
  5
E28
330
A02
100
AcDbEntity
  8
Planta
100
AcDbLine
 10
58.133188741
 20
55.798956406
 30
0.000000000
 11
58.176938741
 21
55.723179183
 31
0.000000000
  0
LINE
  5
E29
330
A02
100
AcDbEntity
  8
Planta
100
AcDbLine
 10
58.133188741
 20
55.798956406
 30
0.000000000
 11
58.522900172
 21
56.023956406
 31
0.000000000
  0
LINE
  5
E2A
330
A02
100
AcDbEntity
  8
Planta
100
AcDbLine
 10
58.522900172
 20
56.023956406
 30
0.000000000
 11
58.566650172
 21
55.948179183
 31
0.000000000
  0
LWPOLYLINE
  5
E2B
330
A02
100
AcDbEntity
100
AcDbPolyline
  8
Planta
 90
2
 70
0
 43
0
 10
58.404839376
 20
55.378443704
 10
60.279839376
 20
52.130848440
  0
LWPOLYLINE
  5
E2C
330
A02
100
AcDbEntity
100
AcDbPolyline
  8
Planta
 90
2
 70
0
 43
0
 10
57.019198730
 20
54.578443704
 10
58.894198730
 20
51.330848440
  0
LINE
  5
E2D
330
A02
100
AcDbEntity
  8
Planta
100
AcDbLine
 10
58.445096189
 20
51.908716857
 30
0.000000000
 11
58.531698730
 21
51.958716857
 31
0.000000000
  0
LINE
  5
E2E
330
A02
100
AcDbEntity
  8
Planta
100
AcDbLine
 10
59.917339376
 20
52.758716857
 30
0.000000000
 11
60.003941916
 21
52.808716857
 31
0.000000000
  0
LINE
  5
E2F
330
A02
100
AcDbEntity
  8
Planta
100
AcDbLine
 10
57.295096189
 20
53.900575286
 30
0.000000000
 11
57.381698730
 21
53.950575286
 31
0.000000000
  0
LINE
  5
E30
330
A02
100
AcDbEntity
  8
Planta
100
AcDbLine
 10
58.767339376
 20
54.750575286
 30
0.000000000
 11
58.853941916
 21
54.800575286
 31
0.000000000
  0
LINE
  5
E31
330
A02
100
AcDbEntity
  8
Planta
100
AcDbLine
 10
58.445096189
 20
51.908716857
 30
0.000000000
 11
57.295096189
 21
53.900575286
 31
0.000000000
  0
LINE
  5
E32
330
A02
100
AcDbEntity
  8
Planta
100
AcDbLine
 10
60.003941916
 20
52.808716857
 30
0.000000000
 11
58.853941916
 21
54.800575286
 31
0.000000000
  0
LINE
  5
E33
330
A02
100
AcDbEntity
  8
Planta
100
AcDbLine
 10
58.494230947
 20
50.623612961
 30
0.000000000
 11
61.092307159
 21
52.123612961
 31
0.000000000
  0
LINE
  5
E34
330
A02
100
AcDbEntity
  8
Planta
100
AcDbLine
 10
56.206730947
 20
54.585679183
 30
0.000000000
 11
58.804807159
 21
56.085679183
 31
0.000000000
  0
LINE
  5
E35
330
A02
100
AcDbEntity
  8
Planta
100
AcDbLine
 10
58.494230947
 20
50.623612961
 30
0.000000000
 11
56.206730947
 21
54.585679183
 31
0.000000000
  0
LINE
  5
E36
330
A02
100
AcDbEntity
  8
Planta
100
AcDbLine
 10
61.092307159
 20
52.123612961
 30
0.000000000
 11
58.804807159
 21
56.085679183
 31
0.000000000
  0
LINE
  5
E37
330
A02
100
AcDbEntity
  8
Planta
100
AcDbLine
 10
40.883974596
 20
80.625471695
 30
0.000000000
 11
43.915063509
 21
82.375471695
 31
0.000000000
  0
LINE
  5
E38
330
A02
100
AcDbEntity
  8
Planta
100
AcDbLine
 10
40.883974596
 20
80.625471695
 30
0.000000000
 11
38.383974596
 21
84.955598714
 31
0.000000000
  0
LINE
  5
E39
330
A02
100
AcDbEntity
  8
Planta
100
AcDbLine
 10
43.915063509
 20
82.375471695
 30
0.000000000
 11
41.415063509
 21
86.705598714
 31
0.000000000
  0
LINE
  5
E3A
330
A02
100
AcDbEntity
  8
Planta
100
AcDbLine
 10
38.383974596
 20
84.955598714
 30
0.000000000
 11
41.415063509
 21
86.705598714
 31
0.000000000
  0
LINE
  5
E3B
330
A02
100
AcDbEntity
  8
Planta
100
AcDbLine
 10
41.232387933
 20
81.072002093
 30
0.000000000
 11
41.276137933
 21
80.996224870
 31
0.000000000
  0
LINE
  5
E3C
330
A02
100
AcDbEntity
  8
Planta
100
AcDbLine
 10
41.276137933
 20
80.996224870
 30
0.000000000
 11
41.665849365
 21
81.221224870
 31
0.000000000
  0
LINE
  5
E3D
330
A02
100
AcDbEntity
  8
Planta
100
AcDbLine
 10
41.622099365
 20
81.297002093
 30
0.000000000
 11
41.665849365
 21
81.221224870
 31
0.000000000
  0
LINE
  5
E3E
330
A02
100
AcDbEntity
  8
Planta
100
AcDbLine
 10
38.901137933
 20
85.109845538
 30
0.000000000
 11
38.944887933
 21
85.034068315
 31
0.000000000
  0
LINE
  5
E3F
330
A02
100
AcDbEntity
  8
Planta
100
AcDbLine
 10
38.901137933
 20
85.109845538
 30
0.000000000
 11
39.290849365
 21
85.334845538
 31
0.000000000
  0
LINE
  5
E40
330
A02
100
AcDbEntity
  8
Planta
100
AcDbLine
 10
39.290849365
 20
85.334845538
 30
0.000000000
 11
39.334599365
 21
85.259068315
 31
0.000000000
  0
LINE
  5
E41
330
A02
100
AcDbEntity
  8
Planta
100
AcDbLine
 10
42.964438741
 20
82.072002093
 30
0.000000000
 11
43.008188741
 21
81.996224870
 31
0.000000000
  0
LINE
  5
E42
330
A02
100
AcDbEntity
  8
Planta
100
AcDbLine
 10
43.008188741
 20
81.996224870
 30
0.000000000
 11
43.397900172
 21
82.221224870
 31
0.000000000
  0
LINE
  5
E43
330
A02
100
AcDbEntity
  8
Planta
100
AcDbLine
 10
43.354150172
 20
82.297002093
 30
0.000000000
 11
43.397900172
 21
82.221224870
 31
0.000000000
  0
LINE
  5
E44
330
A02
100
AcDbEntity
  8
Planta
100
AcDbLine
 10
40.633188741
 20
86.109845538
 30
0.000000000
 11
40.676938741
 21
86.034068315
 31
0.000000000
  0
LINE
  5
E45
330
A02
100
AcDbEntity
  8
Planta
100
AcDbLine
 10
40.633188741
 20
86.109845538
 30
0.000000000
 11
41.022900172
 21
86.334845538
 31
0.000000000
  0
LINE
  5
E46
330
A02
100
AcDbEntity
  8
Planta
100
AcDbLine
 10
41.022900172
 20
86.334845538
 30
0.000000000
 11
41.066650172
 21
86.259068315
 31
0.000000000
  0
LWPOLYLINE
  5
E47
330
A02
100
AcDbEntity
100
AcDbPolyline
  8
Planta
 90
2
 70
0
 43
0
 10
40.904839376
 20
85.689332836
 10
42.779839376
 20
82.441737572
  0
LWPOLYLINE
  5
E48
330
A02
100
AcDbEntity
100
AcDbPolyline
  8
Planta
 90
2
 70
0
 43
0
 10
39.519198730
 20
84.889332836
 10
41.394198730
 20
81.641737572
  0
LINE
  5
E49
330
A02
100
AcDbEntity
  8
Planta
100
AcDbLine
 10
40.945096189
 20
82.219605990
 30
0.000000000
 11
41.031698730
 21
82.269605990
 31
0.000000000
  0
LINE
  5
E4A
330
A02
100
AcDbEntity
  8
Planta
100
AcDbLine
 10
42.417339376
 20
83.069605990
 30
0.000000000
 11
42.503941916
 21
83.119605990
 31
0.000000000
  0
LINE
  5
E4B
330
A02
100
AcDbEntity
  8
Planta
100
AcDbLine
 10
39.795096189
 20
84.211464419
 30
0.000000000
 11
39.881698730
 21
84.261464419
 31
0.000000000
  0
LINE
  5
E4C
330
A02
100
AcDbEntity
  8
Planta
100
AcDbLine
 10
41.267339376
 20
85.061464419
 30
0.000000000
 11
41.353941916
 21
85.111464419
 31
0.000000000
  0
LINE
  5
E4D
330
A02
100
AcDbEntity
  8
Planta
100
AcDbLine
 10
40.945096189
 20
82.219605990
 30
0.000000000
 11
39.795096189
 21
84.211464419
 31
0.000000000
  0
LINE
  5
E4E
330
A02
100
AcDbEntity
  8
Planta
100
AcDbLine
 10
42.503941916
 20
83.119605990
 30
0.000000000
 11
41.353941916
 21
85.111464419
 31
0.000000000
  0
LINE
  5
E4F
330
A02
100
AcDbEntity
  8
Planta
100
AcDbLine
 10
40.994230947
 20
80.934502093
 30
0.000000000
 11
43.592307159
 21
82.434502093
 31
0.000000000
  0
LINE
  5
E50
330
A02
100
AcDbEntity
  8
Planta
100
AcDbLine
 10
38.706730947
 20
84.896568315
 30
0.000000000
 11
41.304807159
 21
86.396568315
 31
0.000000000
  0
LINE
  5
E51
330
A02
100
AcDbEntity
  8
Planta
100
AcDbLine
 10
40.994230947
 20
80.934502093
 30
0.000000000
 11
38.706730947
 21
84.896568315
 31
0.000000000
  0
LINE
  5
E52
330
A02
100
AcDbEntity
  8
Planta
100
AcDbLine
 10
43.592307159
 20
82.434502093
 30
0.000000000
 11
41.304807159
 21
86.396568315
 31
0.000000000
  0
LINE
  5
E53
330
A02
100
AcDbEntity
  8
Planta
100
AcDbLine
 10
127.779839376
 20
84.889332836
 30
0.000000000
 11
126.394198730
 21
85.689332836
 31
0.000000000
  0
LINE
  5
E54
330
A02
100
AcDbEntity
  8
Planta
100
AcDbLine
 10
125.904839376
 20
81.641737572
 30
0.000000000
 11
124.519198730
 21
82.441737572
 31
0.000000000
  0
LINE
  5
E55
330
A02
100
AcDbEntity
  8
Planta
100
AcDbLine
 10
110.279839376
 20
54.578443704
 30
0.000000000
 11
108.894198730
 21
55.378443704
 31
0.000000000
  0
LINE
  5
E56
330
A02
100
AcDbEntity
  8
Planta
100
AcDbLine
 10
108.404839376
 20
51.330848440
 30
0.000000000
 11
107.019198730
 21
52.130848440
 31
0.000000000
  0
LINE
  5
E57
330
A02
100
AcDbEntity
  8
Planta
100
AcDbLine
 10
58.894198730
 20
51.330848440
 30
0.000000000
 11
60.279839376
 21
52.130848440
 31
0.000000000
  0
LINE
  5
E58
330
A02
100
AcDbEntity
  8
Planta
100
AcDbLine
 10
57.019198730
 20
54.578443704
 30
0.000000000
 11
58.404839376
 21
55.378443704
 31
0.000000000
  0
LINE
  5
E59
330
A02
100
AcDbEntity
  8
Planta
100
AcDbLine
 10
41.394198730
 20
81.641737572
 30
0.000000000
 11
42.779839376
 21
82.441737572
 31
0.000000000
  0
LINE
  5
E5A
330
A02
100
AcDbEntity
  8
Planta
100
AcDbLine
 10
39.519198730
 20
84.889332836
 30
0.000000000
 11
40.904839376
 21
85.689332836
 31
0.000000000
  0
LINE
  5
E5B
330
A02
100
AcDbEntity
  8
Planta
100
AcDbLine
 10
129.299038106
 20
87.620662223
 30
0.000000000
 11
128.000000000
 21
88.370662223
 31
0.000000000
  0
LINE
  5
E5C
330
A02
100
AcDbEntity
  8
Planta
100
AcDbLine
 10
128.549038106
 20
86.321624117
 30
0.000000000
 11
127.250000000
 21
87.071624117
 31
0.000000000
  0
LINE
  5
E5D
330
A02
100
AcDbEntity
  8
Planta
100
AcDbLine
 10
129.299038106
 20
87.620662223
 30
0.000000000
 11
128.549038106
 21
86.321624117
 31
0.000000000
  0
LINE
  5
E5E
330
A02
100
AcDbEntity
  8
Planta
100
AcDbLine
 10
128.000000000
 20
88.370662223
 30
0.000000000
 11
127.250000000
 21
87.071624117
 31
0.000000000
  0
LINE
  5
E5F
330
A02
100
AcDbEntity
  8
Planta
100
AcDbLine
 10
107.549038106
 20
49.948557159
 30
0.000000000
 11
106.250000000
 21
50.698557159
 31
0.000000000
  0
LINE
  5
E60
330
A02
100
AcDbEntity
  8
Planta
100
AcDbLine
 10
106.799038106
 20
48.649519053
 30
0.000000000
 11
105.500000000
 21
49.399519053
 31
0.000000000
  0
LINE
  5
E61
330
A02
100
AcDbEntity
  8
Planta
100
AcDbLine
 10
107.549038106
 20
49.948557159
 30
0.000000000
 11
106.799038106
 21
48.649519053
 31
0.000000000
  0
LINE
  5
E62
330
A02
100
AcDbEntity
  8
Planta
100
AcDbLine
 10
106.250000000
 20
50.698557159
 30
0.000000000
 11
105.500000000
 21
49.399519053
 31
0.000000000
  0
LINE
  5
E63
330
A02
100
AcDbEntity
  8
Planta
100
AcDbLine
 10
128.549038106
 20
86.321624117
 30
0.000000000
 11
127.250000000
 21
87.071624117
 31
0.000000000
  0
LINE
  5
E64
330
A02
100
AcDbEntity
  8
Planta
100
AcDbLine
 10
107.549038106
 20
49.948557159
 30
0.000000000
 11
106.250000000
 21
50.698557159
 31
0.000000000
  0
LINE
  5
E65
330
A02
100
AcDbEntity
  8
Planta
100
AcDbLine
 10
128.049038106
 20
85.455598714
 30
0.000000000
 11
125.549038106
 21
81.125471695
 31
0.000000000
  0
LINE
  5
E66
330
A02
100
AcDbEntity
  8
Planta
100
AcDbLine
 10
110.549038106
 20
55.144709581
 30
0.000000000
 11
108.049038106
 21
50.814582562
 31
0.000000000
  0
LINE
  5
E67
330
A02
100
AcDbEntity
  8
Planta
100
AcDbLine
 10
128.549038106
 20
86.321624117
 30
0.000000000
 11
107.549038106
 21
49.948557159
 31
0.000000000
  0
LINE
  5
E68
330
A02
100
AcDbEntity
  8
Planta
100
AcDbLine
 10
126.750000000
 20
86.205598714
 30
0.000000000
 11
124.250000000
 21
81.875471695
 31
0.000000000
  0
LINE
  5
E69
330
A02
100
AcDbEntity
  8
Planta
100
AcDbLine
 10
109.250000000
 20
55.894709581
 30
0.000000000
 11
106.750000000
 21
51.564582562
 31
0.000000000
  0
LINE
  5
E6A
330
A02
100
AcDbEntity
  8
Planta
100
AcDbLine
 10
127.250000000
 20
87.071624117
 30
0.000000000
 11
106.250000000
 21
50.698557159
 31
0.000000000
  0
LINE
  5
E6B
330
A02
100
AcDbEntity
  8
Planta
100
AcDbLine
 10
128.549038106
 20
86.321624117
 30
0.000000000
 11
127.250000000
 21
87.071624117
 31
0.000000000
  0
LINE
  5
E6C
330
A02
100
AcDbEntity
  8
Planta
100
AcDbLine
 10
128.549038106
 20
86.321624117
 30
0.000000000
 11
127.250000000
 21
87.071624117
 31
0.000000000
  0
LINE
  5
E6D
330
A02
100
AcDbEntity
  8
Planta
100
AcDbLine
 10
107.549038106
 20
49.948557159
 30
0.000000000
 11
106.250000000
 21
50.698557159
 31
0.000000000
  0
LINE
  5
E6E
330
A02
100
AcDbEntity
  8
Planta
100
AcDbLine
 10
107.549038106
 20
49.948557159
 30
0.000000000
 11
106.250000000
 21
50.698557159
 31
0.000000000
  0
LINE
  5
E6F
330
A02
100
AcDbEntity
  8
Planta
100
AcDbLine
 10
128.549038106
 20
86.321624117
 30
0.000000000
 11
107.549038106
 21
49.948557159
 31
0.000000000
  0
LINE
  5
E70
330
A02
100
AcDbEntity
  8
Planta
100
AcDbLine
 10
128.549038106
 20
86.321624117
 30
0.000000000
 11
107.549038106
 21
49.948557159
 31
0.000000000
  0
LINE
  5
E71
330
A02
100
AcDbEntity
  8
Planta
100
AcDbLine
 10
127.250000000
 20
87.071624117
 30
0.000000000
 11
106.250000000
 21
50.698557159
 31
0.000000000
  0
LINE
  5
E72
330
A02
100
AcDbEntity
  8
Planta
100
AcDbLine
 10
127.250000000
 20
87.071624117
 30
0.000000000
 11
106.250000000
 21
50.698557159
 31
0.000000000
  0
LINE
  5
E73
330
A02
100
AcDbEntity
  8
Planta
100
AcDbLine
 10
128.915063509
 20
84.955598714
 30
0.000000000
 11
125.883974596
 21
86.705598714
 31
0.000000000
  0
LINE
  5
E74
330
A02
100
AcDbEntity
  8
Planta
100
AcDbLine
 10
128.915063509
 20
84.955598714
 30
0.000000000
 11
126.415063509
 21
80.625471695
 31
0.000000000
  0
LINE
  5
E75
330
A02
100
AcDbEntity
  8
Planta
100
AcDbLine
 10
125.883974596
 20
86.705598714
 30
0.000000000
 11
123.383974596
 21
82.375471695
 31
0.000000000
  0
LINE
  5
E76
330
A02
100
AcDbEntity
  8
Planta
100
AcDbLine
 10
126.415063509
 20
80.625471695
 30
0.000000000
 11
123.383974596
 21
82.375471695
 31
0.000000000
  0
LINE
  5
E77
330
A02
100
AcDbEntity
  8
Planta
100
AcDbLine
 10
127.772900172
 20
84.027313783
 30
0.000000000
 11
128.397900172
 21
85.109845538
 31
0.000000000
  0
LINE
  5
E78
330
A02
100
AcDbEntity
  8
Planta
100
AcDbLine
 10
127.772900172
 20
84.027313783
 30
0.000000000
 11
127.383188741
 21
84.252313783
 31
0.000000000
  0
LINE
  5
E79
330
A02
100
AcDbEntity
  8
Planta
100
AcDbLine
 10
128.397900172
 20
85.109845538
 30
0.000000000
 11
128.008188741
 21
85.334845538
 31
0.000000000
  0
LINE
  5
E7A
330
A02
100
AcDbEntity
  8
Planta
100
AcDbLine
 10
127.383188741
 20
84.252313783
 30
0.000000000
 11
128.008188741
 21
85.334845538
 31
0.000000000
  0
LINE
  5
E7B
330
A02
100
AcDbEntity
  8
Planta
100
AcDbLine
 10
126.022900172
 20
80.996224870
 30
0.000000000
 11
126.647900172
 21
82.078756625
 31
0.000000000
  0
LINE
  5
E7C
330
A02
100
AcDbEntity
  8
Planta
100
AcDbLine
 10
126.022900172
 20
80.996224870
 30
0.000000000
 11
125.633188741
 21
81.221224870
 31
0.000000000
  0
LINE
  5
E7D
330
A02
100
AcDbEntity
  8
Planta
100
AcDbLine
 10
126.647900172
 20
82.078756625
 30
0.000000000
 11
126.258188741
 21
82.303756625
 31
0.000000000
  0
LINE
  5
E7E
330
A02
100
AcDbEntity
  8
Planta
100
AcDbLine
 10
125.633188741
 20
81.221224870
 30
0.000000000
 11
126.258188741
 21
82.303756625
 31
0.000000000
  0
LINE
  5
E7F
330
A02
100
AcDbEntity
  8
Planta
100
AcDbLine
 10
126.040849365
 20
85.027313783
 30
0.000000000
 11
126.665849365
 21
86.109845538
 31
0.000000000
  0
LINE
  5
E80
330
A02
100
AcDbEntity
  8
Planta
100
AcDbLine
 10
126.040849365
 20
85.027313783
 30
0.000000000
 11
125.651137933
 21
85.252313783
 31
0.000000000
  0
LINE
  5
E81
330
A02
100
AcDbEntity
  8
Planta
100
AcDbLine
 10
126.665849365
 20
86.109845538
 30
0.000000000
 11
126.276137933
 21
86.334845538
 31
0.000000000
  0
LINE
  5
E82
330
A02
100
AcDbEntity
  8
Planta
100
AcDbLine
 10
125.651137933
 20
85.252313783
 30
0.000000000
 11
126.276137933
 21
86.334845538
 31
0.000000000
  0
LINE
  5
E83
330
A02
100
AcDbEntity
  8
Planta
100
AcDbLine
 10
124.290849365
 20
81.996224870
 30
0.000000000
 11
124.915849365
 21
83.078756625
 31
0.000000000
  0
LINE
  5
E84
330
A02
100
AcDbEntity
  8
Planta
100
AcDbLine
 10
124.290849365
 20
81.996224870
 30
0.000000000
 11
123.901137933
 21
82.221224870
 31
0.000000000
  0
LINE
  5
E85
330
A02
100
AcDbEntity
  8
Planta
100
AcDbLine
 10
123.901137933
 20
82.221224870
 30
0.000000000
 11
124.526137933
 21
83.303756625
 31
0.000000000
  0
LINE
  5
E86
330
A02
100
AcDbEntity
  8
Planta
100
AcDbLine
 10
124.915849365
 20
83.078756625
 30
0.000000000
 11
124.526137933
 21
83.303756625
 31
0.000000000
  0
LINE
  5
E87
330
A02
100
AcDbEntity
  8
Planta
100
AcDbLine
 10
127.772900172
 20
84.027313783
 30
0.000000000
 11
128.354150172
 21
85.034068315
 31
0.000000000
  0
LINE
  5
E88
330
A02
100
AcDbEntity
  8
Planta
100
AcDbLine
 10
127.772900172
 20
84.027313783
 30
0.000000000
 11
127.383188741
 21
84.252313783
 31
0.000000000
  0
LINE
  5
E89
330
A02
100
AcDbEntity
  8
Planta
100
AcDbLine
 10
127.383188741
 20
84.252313783
 30
0.000000000
 11
127.964438741
 21
85.259068315
 31
0.000000000
  0
LINE
  5
E8A
330
A02
100
AcDbEntity
  8
Planta
100
AcDbLine
 10
126.066650172
 20
81.072002093
 30
0.000000000
 11
126.647900172
 21
82.078756625
 31
0.000000000
  0
LINE
  5
E8B
330
A02
100
AcDbEntity
  8
Planta
100
AcDbLine
 10
126.647900172
 20
82.078756625
 30
0.000000000
 11
126.258188741
 21
82.303756625
 31
0.000000000
  0
LINE
  5
E8C
330
A02
100
AcDbEntity
  8
Planta
100
AcDbLine
 10
125.676938741
 20
81.297002093
 30
0.000000000
 11
126.258188741
 21
82.303756625
 31
0.000000000
  0
LINE
  5
E8D
330
A02
100
AcDbEntity
  8
Planta
100
AcDbLine
 10
126.040849365
 20
85.027313783
 30
0.000000000
 11
126.622099365
 21
86.034068315
 31
0.000000000
  0
LINE
  5
E8E
330
A02
100
AcDbEntity
  8
Planta
100
AcDbLine
 10
126.040849365
 20
85.027313783
 30
0.000000000
 11
125.651137933
 21
85.252313783
 31
0.000000000
  0
LINE
  5
E8F
330
A02
100
AcDbEntity
  8
Planta
100
AcDbLine
 10
125.651137933
 20
85.252313783
 30
0.000000000
 11
126.232387933
 21
86.259068315
 31
0.000000000
  0
LINE
  5
E90
330
A02
100
AcDbEntity
  8
Planta
100
AcDbLine
 10
124.334599365
 20
82.072002093
 30
0.000000000
 11
124.915849365
 21
83.078756625
 31
0.000000000
  0
LINE
  5
E91
330
A02
100
AcDbEntity
  8
Planta
100
AcDbLine
 10
123.944887933
 20
82.297002093
 30
0.000000000
 11
124.526137933
 21
83.303756625
 31
0.000000000
  0
LINE
  5
E92
330
A02
100
AcDbEntity
  8
Planta
100
AcDbLine
 10
124.915849365
 20
83.078756625
 30
0.000000000
 11
124.526137933
 21
83.303756625
 31
0.000000000
  0
LWPOLYLINE
  5
E93
330
A02
100
AcDbEntity
100
AcDbPolyline
  8
Planta
 90
2
 70
0
 43
0
 10
125.456698730
 20
84.065535204
 10
124.519198730
 20
82.441737572
  0
LWPOLYLINE
  5
E94
330
A02
100
AcDbEntity
100
AcDbPolyline
  8
Planta
 90
2
 70
0
 43
0
 10
126.394198730
 20
85.689332836
 10
125.456698730
 20
84.065535204
  0
LWPOLYLINE
  5
E95
330
A02
100
AcDbEntity
100
AcDbPolyline
  8
Planta
 90
2
 70
0
 43
0
 10
126.842339376
 20
83.265535204
 10
125.904839376
 20
81.641737572
  0
LWPOLYLINE
  5
E96
330
A02
100
AcDbEntity
100
AcDbPolyline
  8
Planta
 90
2
 70
0
 43
0
 10
127.779839376
 20
84.889332836
 10
126.842339376
 20
83.265535204
  0
LINE
  5
E97
330
A02
100
AcDbEntity
  8
Planta
100
AcDbLine
 10
127.503941916
 20
84.211464419
 30
0.000000000
 11
125.945096189
 21
85.111464419
 31
0.000000000
  0
LINE
  5
E98
330
A02
100
AcDbEntity
  8
Planta
100
AcDbLine
 10
127.417339376
 20
84.261464419
 30
0.000000000
 11
126.031698730
 21
85.061464419
 31
0.000000000
  0
LINE
  5
E99
330
A02
100
AcDbEntity
  8
Planta
100
AcDbLine
 10
126.353941916
 20
82.219605990
 30
0.000000000
 11
124.795096189
 21
83.119605990
 31
0.000000000
  0
LINE
  5
E9A
330
A02
100
AcDbEntity
  8
Planta
100
AcDbLine
 10
126.267339376
 20
82.269605990
 30
0.000000000
 11
124.881698730
 21
83.069605990
 31
0.000000000
  0
LINE
  5
E9B
330
A02
100
AcDbEntity
  8
Planta
100
AcDbLine
 10
127.503941916
 20
84.211464419
 30
0.000000000
 11
126.353941916
 21
82.219605990
 31
0.000000000
  0
LINE
  5
E9C
330
A02
100
AcDbEntity
  8
Planta
100
AcDbLine
 10
125.945096189
 20
85.111464419
 30
0.000000000
 11
124.795096189
 21
83.119605990
 31
0.000000000
  0
LINE
  5
E9D
330
A02
100
AcDbEntity
  8
Planta
100
AcDbLine
 10
128.592307159
 20
84.896568315
 30
0.000000000
 11
125.994230947
 21
86.396568315
 31
0.000000000
  0
LINE
  5
E9E
330
A02
100
AcDbEntity
  8
Planta
100
AcDbLine
 10
126.304807159
 20
80.934502093
 30
0.000000000
 11
123.706730947
 21
82.434502093
 31
0.000000000
  0
LINE
  5
E9F
330
A02
100
AcDbEntity
  8
Planta
100
AcDbLine
 10
128.592307159
 20
84.896568315
 30
0.000000000
 11
126.304807159
 21
80.934502093
 31
0.000000000
  0
LINE
  5
EA0
330
A02
100
AcDbEntity
  8
Planta
100
AcDbLine
 10
125.994230947
 20
86.396568315
 30
0.000000000
 11
123.706730947
 21
82.434502093
 31
0.000000000
  0
LINE
  5
EA1
330
A02
100
AcDbEntity
  8
Planta
100
AcDbLine
 10
111.415063509
 20
54.644709581
 30
0.000000000
 11
108.383974596
 21
56.394709581
 31
0.000000000
  0
LINE
  5
EA2
330
A02
100
AcDbEntity
  8
Planta
100
AcDbLine
 10
111.415063509
 20
54.644709581
 30
0.000000000
 11
108.915063509
 21
50.314582562
 31
0.000000000
  0
LINE
  5
EA3
330
A02
100
AcDbEntity
  8
Planta
100
AcDbLine
 10
108.383974596
 20
56.394709581
 30
0.000000000
 11
105.883974596
 21
52.064582562
 31
0.000000000
  0
LINE
  5
EA4
330
A02
100
AcDbEntity
  8
Planta
100
AcDbLine
 10
108.915063509
 20
50.314582562
 30
0.000000000
 11
105.883974596
 21
52.064582562
 31
0.000000000
  0
LINE
  5
EA5
330
A02
100
AcDbEntity
  8
Planta
100
AcDbLine
 10
110.272900172
 20
53.716424651
 30
0.000000000
 11
110.897900172
 21
54.798956406
 31
0.000000000
  0
LINE
  5
EA6
330
A02
100
AcDbEntity
  8
Planta
100
AcDbLine
 10
110.272900172
 20
53.716424651
 30
0.000000000
 11
109.883188741
 21
53.941424651
 31
0.000000000
  0
LINE
  5
EA7
330
A02
100
AcDbEntity
  8
Planta
100
AcDbLine
 10
110.897900172
 20
54.798956406
 30
0.000000000
 11
110.508188741
 21
55.023956406
 31
0.000000000
  0
LINE
  5
EA8
330
A02
100
AcDbEntity
  8
Planta
100
AcDbLine
 10
109.883188741
 20
53.941424651
 30
0.000000000
 11
110.508188741
 21
55.023956406
 31
0.000000000
  0
LINE
  5
EA9
330
A02
100
AcDbEntity
  8
Planta
100
AcDbLine
 10
108.522900172
 20
50.685335738
 30
0.000000000
 11
109.147900172
 21
51.767867493
 31
0.000000000
  0
LINE
  5
EAA
330
A02
100
AcDbEntity
  8
Planta
100
AcDbLine
 10
108.522900172
 20
50.685335738
 30
0.000000000
 11
108.133188741
 21
50.910335738
 31
0.000000000
  0
LINE
  5
EAB
330
A02
100
AcDbEntity
  8
Planta
100
AcDbLine
 10
109.147900172
 20
51.767867493
 30
0.000000000
 11
108.758188741
 21
51.992867493
 31
0.000000000
  0
LINE
  5
EAC
330
A02
100
AcDbEntity
  8
Planta
100
AcDbLine
 10
108.133188741
 20
50.910335738
 30
0.000000000
 11
108.758188741
 21
51.992867493
 31
0.000000000
  0
LINE
  5
EAD
330
A02
100
AcDbEntity
  8
Planta
100
AcDbLine
 10
108.540849365
 20
54.716424651
 30
0.000000000
 11
109.165849365
 21
55.798956406
 31
0.000000000
  0
LINE
  5
EAE
330
A02
100
AcDbEntity
  8
Planta
100
AcDbLine
 10
108.540849365
 20
54.716424651
 30
0.000000000
 11
108.151137933
 21
54.941424651
 31
0.000000000
  0
LINE
  5
EAF
330
A02
100
AcDbEntity
  8
Planta
100
AcDbLine
 10
109.165849365
 20
55.798956406
 30
0.000000000
 11
108.776137933
 21
56.023956406
 31
0.000000000
  0
LINE
  5
EB0
330
A02
100
AcDbEntity
  8
Planta
100
AcDbLine
 10
108.151137933
 20
54.941424651
 30
0.000000000
 11
108.776137933
 21
56.023956406
 31
0.000000000
  0
LINE
  5
EB1
330
A02
100
AcDbEntity
  8
Planta
100
AcDbLine
 10
106.790849365
 20
51.685335738
 30
0.000000000
 11
107.415849365
 21
52.767867493
 31
0.000000000
  0
LINE
  5
EB2
330
A02
100
AcDbEntity
  8
Planta
100
AcDbLine
 10
106.790849365
 20
51.685335738
 30
0.000000000
 11
106.401137933
 21
51.910335738
 31
0.000000000
  0
LINE
  5
EB3
330
A02
100
AcDbEntity
  8
Planta
100
AcDbLine
 10
106.401137933
 20
51.910335738
 30
0.000000000
 11
107.026137933
 21
52.992867493
 31
0.000000000
  0
LINE
  5
EB4
330
A02
100
AcDbEntity
  8
Planta
100
AcDbLine
 10
107.415849365
 20
52.767867493
 30
0.000000000
 11
107.026137933
 21
52.992867493
 31
0.000000000
  0
LINE
  5
EB5
330
A02
100
AcDbEntity
  8
Planta
100
AcDbLine
 10
110.272900172
 20
53.716424651
 30
0.000000000
 11
110.854150172
 21
54.723179183
 31
0.000000000
  0
LINE
  5
EB6
330
A02
100
AcDbEntity
  8
Planta
100
AcDbLine
 10
110.272900172
 20
53.716424651
 30
0.000000000
 11
109.883188741
 21
53.941424651
 31
0.000000000
  0
LINE
  5
EB7
330
A02
100
AcDbEntity
  8
Planta
100
AcDbLine
 10
109.883188741
 20
53.941424651
 30
0.000000000
 11
110.464438741
 21
54.948179183
 31
0.000000000
  0
LINE
  5
EB8
330
A02
100
AcDbEntity
  8
Planta
100
AcDbLine
 10
108.566650172
 20
50.761112961
 30
0.000000000
 11
109.147900172
 21
51.767867493
 31
0.000000000
  0
LINE
  5
EB9
330
A02
100
AcDbEntity
  8
Planta
100
AcDbLine
 10
109.147900172
 20
51.767867493
 30
0.000000000
 11
108.758188741
 21
51.992867493
 31
0.000000000
  0
LINE
  5
EBA
330
A02
100
AcDbEntity
  8
Planta
100
AcDbLine
 10
108.176938741
 20
50.986112961
 30
0.000000000
 11
108.758188741
 21
51.992867493
 31
0.000000000
  0
LINE
  5
EBB
330
A02
100
AcDbEntity
  8
Planta
100
AcDbLine
 10
108.540849365
 20
54.716424651
 30
0.000000000
 11
109.122099365
 21
55.723179183
 31
0.000000000
  0
LINE
  5
EBC
330
A02
100
AcDbEntity
  8
Planta
100
AcDbLine
 10
108.540849365
 20
54.716424651
 30
0.000000000
 11
108.151137933
 21
54.941424651
 31
0.000000000
  0
LINE
  5
EBD
330
A02
100
AcDbEntity
  8
Planta
100
AcDbLine
 10
108.151137933
 20
54.941424651
 30
0.000000000
 11
108.732387933
 21
55.948179183
 31
0.000000000
  0
LINE
  5
EBE
330
A02
100
AcDbEntity
  8
Planta
100
AcDbLine
 10
106.834599365
 20
51.761112961
 30
0.000000000
 11
107.415849365
 21
52.767867493
 31
0.000000000
  0
LINE
  5
EBF
330
A02
100
AcDbEntity
  8
Planta
100
AcDbLine
 10
106.444887933
 20
51.986112961
 30
0.000000000
 11
107.026137933
 21
52.992867493
 31
0.000000000
  0
LINE
  5
EC0
330
A02
100
AcDbEntity
  8
Planta
100
AcDbLine
 10
107.415849365
 20
52.767867493
 30
0.000000000
 11
107.026137933
 21
52.992867493
 31
0.000000000
  0
LWPOLYLINE
  5
EC1
330
A02
100
AcDbEntity
100
AcDbPolyline
  8
Planta
 90
2
 70
0
 43
0
 10
107.956698730
 20
53.754646072
 10
107.019198730
 20
52.130848440
  0
LWPOLYLINE
  5
EC2
330
A02
100
AcDbEntity
100
AcDbPolyline
  8
Planta
 90
2
 70
0
 43
0
 10
108.894198730
 20
55.378443704
 10
107.956698730
 20
53.754646072
  0
LWPOLYLINE
  5
EC3
330
A02
100
AcDbEntity
100
AcDbPolyline
  8
Planta
 90
2
 70
0
 43
0
 10
109.342339376
 20
52.954646072
 10
108.404839376
 20
51.330848440
  0
LWPOLYLINE
  5
EC4
330
A02
100
AcDbEntity
100
AcDbPolyline
  8
Planta
 90
2
 70
0
 43
0
 10
110.279839376
 20
54.578443704
 10
109.342339376
 20
52.954646072
  0
LINE
  5
EC5
330
A02
100
AcDbEntity
  8
Planta
100
AcDbLine
 10
110.003941916
 20
53.900575286
 30
0.000000000
 11
108.445096189
 21
54.800575286
 31
0.000000000
  0
LINE
  5
EC6
330
A02
100
AcDbEntity
  8
Planta
100
AcDbLine
 10
109.917339376
 20
53.950575286
 30
0.000000000
 11
108.531698730
 21
54.750575286
 31
0.000000000
  0
LINE
  5
EC7
330
A02
100
AcDbEntity
  8
Planta
100
AcDbLine
 10
108.853941916
 20
51.908716857
 30
0.000000000
 11
107.295096189
 21
52.808716857
 31
0.000000000
  0
LINE
  5
EC8
330
A02
100
AcDbEntity
  8
Planta
100
AcDbLine
 10
108.767339376
 20
51.958716857
 30
0.000000000
 11
107.381698730
 21
52.758716857
 31
0.000000000
  0
LINE
  5
EC9
330
A02
100
AcDbEntity
  8
Planta
100
AcDbLine
 10
110.003941916
 20
53.900575286
 30
0.000000000
 11
108.853941916
 21
51.908716857
 31
0.000000000
  0
LINE
  5
ECA
330
A02
100
AcDbEntity
  8
Planta
100
AcDbLine
 10
108.445096189
 20
54.800575286
 30
0.000000000
 11
107.295096189
 21
52.808716857
 31
0.000000000
  0
LINE
  5
ECB
330
A02
100
AcDbEntity
  8
Planta
100
AcDbLine
 10
111.092307159
 20
54.585679183
 30
0.000000000
 11
108.494230947
 21
56.085679183
 31
0.000000000
  0
LINE
  5
ECC
330
A02
100
AcDbEntity
  8
Planta
100
AcDbLine
 10
108.804807159
 20
50.623612961
 30
0.000000000
 11
106.206730947
 21
52.123612961
 31
0.000000000
  0
LINE
  5
ECD
330
A02
100
AcDbEntity
  8
Planta
100
AcDbLine
 10
111.092307159
 20
54.585679183
 30
0.000000000
 11
108.804807159
 21
50.623612961
 31
0.000000000
  0
LINE
  5
ECE
330
A02
100
AcDbEntity
  8
Planta
100
AcDbLine
 10
108.494230947
 20
56.085679183
 30
0.000000000
 11
106.206730947
 21
52.123612961
 31
0.000000000
  0
LINE
  5
ECF
330
A02
100
AcDbEntity
  8
Planta
100
AcDbLine
 10
106.424038106
 20
49.299038106
 30
0.000000000
 11
105.125000000
 21
50.049038106
 31
0.000000000
  0
LINE
  5
ED0
330
A02
100
AcDbEntity
  8
Planta
100
AcDbLine
 10
105.674038106
 20
48.000000000
 30
0.000000000
 11
104.375000000
 21
48.750000000
 31
0.000000000
  0
LINE
  5
ED1
330
A02
100
AcDbEntity
  8
Planta
100
AcDbLine
 10
106.424038106
 20
49.299038106
 30
0.000000000
 11
105.674038106
 21
48.000000000
 31
0.000000000
  0
LINE
  5
ED2
330
A02
100
AcDbEntity
  8
Planta
100
AcDbLine
 10
105.125000000
 20
50.049038106
 30
0.000000000
 11
104.375000000
 21
48.750000000
 31
0.000000000
  0
LINE
  5
ED3
330
A02
100
AcDbEntity
  8
Planta
100
AcDbLine
 10
62.924038106
 20
49.299038106
 30
0.000000000
 11
61.625000000
 21
50.049038106
 31
0.000000000
  0
LINE
  5
ED4
330
A02
100
AcDbEntity
  8
Planta
100
AcDbLine
 10
62.174038106
 20
48.000000000
 30
0.000000000
 11
60.875000000
 21
48.750000000
 31
0.000000000
  0
LINE
  5
ED5
330
A02
100
AcDbEntity
  8
Planta
100
AcDbLine
 10
62.924038106
 20
49.299038106
 30
0.000000000
 11
62.174038106
 21
48.000000000
 31
0.000000000
  0
LINE
  5
ED6
330
A02
100
AcDbEntity
  8
Planta
100
AcDbLine
 10
61.625000000
 20
50.049038106
 30
0.000000000
 11
60.875000000
 21
48.750000000
 31
0.000000000
  0
LINE
  5
ED7
330
A02
100
AcDbEntity
  8
Planta
100
AcDbLine
 10
104.649519053
 20
48.274519053
 30
0.000000000
 11
104.649519053
 21
49.774519053
 31
0.000000000
  0
LINE
  5
ED8
330
A02
100
AcDbEntity
  8
Planta
100
AcDbLine
 10
62.649519053
 20
48.274519053
 30
0.000000000
 11
62.649519053
 21
49.774519053
 31
0.000000000
  0
LINE
  5
ED9
330
A02
100
AcDbEntity
  8
Planta
100
AcDbLine
 10
104.649519053
 20
48.274519053
 30
0.000000000
 11
62.649519053
 21
48.274519053
 31
0.000000000
  0
LINE
  5
EDA
330
A02
100
AcDbEntity
  8
Planta
100
AcDbLine
 10
104.649519053
 20
49.774519053
 30
0.000000000
 11
62.649519053
 21
49.774519053
 31
0.000000000
  0
LINE
  5
EDB
330
A02
100
AcDbEntity
  8
Planta
100
AcDbLine
 10
104.649519053
 20
48.274519053
 30
0.000000000
 11
104.649519053
 21
49.774519053
 31
0.000000000
  0
LINE
  5
EDC
330
A02
100
AcDbEntity
  8
Planta
100
AcDbLine
 10
104.649519053
 20
48.274519053
 30
0.000000000
 11
104.649519053
 21
49.774519053
 31
0.000000000
  0
LINE
  5
EDD
330
A02
100
AcDbEntity
  8
Planta
100
AcDbLine
 10
62.649519053
 20
48.274519053
 30
0.000000000
 11
62.649519053
 21
49.774519053
 31
0.000000000
  0
LINE
  5
EDE
330
A02
100
AcDbEntity
  8
Planta
100
AcDbLine
 10
62.649519053
 20
48.274519053
 30
0.000000000
 11
62.649519053
 21
49.774519053
 31
0.000000000
  0
LINE
  5
EDF
330
A02
100
AcDbEntity
  8
Planta
100
AcDbLine
 10
104.649519053
 20
48.274519053
 30
0.000000000
 11
62.649519053
 21
48.274519053
 31
0.000000000
  0
LINE
  5
EE0
330
A02
100
AcDbEntity
  8
Planta
100
AcDbLine
 10
104.649519053
 20
48.274519053
 30
0.000000000
 11
62.649519053
 21
48.274519053
 31
0.000000000
  0
LINE
  5
EE1
330
A02
100
AcDbEntity
  8
Planta
100
AcDbLine
 10
104.649519053
 20
49.774519053
 30
0.000000000
 11
62.649519053
 21
49.774519053
 31
0.000000000
  0
LINE
  5
EE2
330
A02
100
AcDbEntity
  8
Planta
100
AcDbLine
 10
104.649519053
 20
49.774519053
 30
0.000000000
 11
62.649519053
 21
49.774519053
 31
0.000000000
  0
LINE
  5
EE3
330
A02
100
AcDbEntity
  8
Planta
100
AcDbLine
 10
61.799038106
 20
49.948557159
 30
0.000000000
 11
60.500000000
 21
50.698557159
 31
0.000000000
  0
LINE
  5
EE4
330
A02
100
AcDbEntity
  8
Planta
100
AcDbLine
 10
61.049038106
 20
48.649519053
 30
0.000000000
 11
59.750000000
 21
49.399519053
 31
0.000000000
  0
LINE
  5
EE5
330
A02
100
AcDbEntity
  8
Planta
100
AcDbLine
 10
61.799038106
 20
49.948557159
 30
0.000000000
 11
61.049038106
 21
48.649519053
 31
0.000000000
  0
LINE
  5
EE6
330
A02
100
AcDbEntity
  8
Planta
100
AcDbLine
 10
60.500000000
 20
50.698557159
 30
0.000000000
 11
59.750000000
 21
49.399519053
 31
0.000000000
  0
LINE
  5
EE7
330
A02
100
AcDbEntity
  8
Planta
100
AcDbLine
 10
40.049038106
 20
87.620662223
 30
0.000000000
 11
38.750000000
 21
88.370662223
 31
0.000000000
  0
LINE
  5
EE8
330
A02
100
AcDbEntity
  8
Planta
100
AcDbLine
 10
39.299038106
 20
86.321624117
 30
0.000000000
 11
38.000000000
 21
87.071624117
 31
0.000000000
  0
LINE
  5
EE9
330
A02
100
AcDbEntity
  8
Planta
100
AcDbLine
 10
40.049038106
 20
87.620662223
 30
0.000000000
 11
39.299038106
 21
86.321624117
 31
0.000000000
  0
LINE
  5
EEA
330
A02
100
AcDbEntity
  8
Planta
100
AcDbLine
 10
38.750000000
 20
88.370662223
 30
0.000000000
 11
38.000000000
 21
87.071624117
 31
0.000000000
  0
LINE
  5
EEB
330
A02
100
AcDbEntity
  8
Planta
100
AcDbLine
 10
59.750000000
 20
49.948557159
 30
0.000000000
 11
61.049038106
 21
50.698557159
 31
0.000000000
  0
LINE
  5
EEC
330
A02
100
AcDbEntity
  8
Planta
100
AcDbLine
 10
38.750000000
 20
86.321624117
 30
0.000000000
 11
40.049038106
 21
87.071624117
 31
0.000000000
  0
LINE
  5
EED
330
A02
100
AcDbEntity
  8
Planta
100
AcDbLine
 10
59.250000000
 20
50.814582562
 30
0.000000000
 11
56.750000000
 21
55.144709581
 31
0.000000000
  0
LINE
  5
EEE
330
A02
100
AcDbEntity
  8
Planta
100
AcDbLine
 10
41.750000000
 20
81.125471695
 30
0.000000000
 11
39.250000000
 21
85.455598714
 31
0.000000000
  0
LINE
  5
EEF
330
A02
100
AcDbEntity
  8
Planta
100
AcDbLine
 10
59.750000000
 20
49.948557159
 30
0.000000000
 11
38.750000000
 21
86.321624117
 31
0.000000000
  0
LINE
  5
EF0
330
A02
100
AcDbEntity
  8
Planta
100
AcDbLine
 10
60.549038106
 20
51.564582562
 30
0.000000000
 11
58.049038106
 21
55.894709581
 31
0.000000000
  0
LINE
  5
EF1
330
A02
100
AcDbEntity
  8
Planta
100
AcDbLine
 10
43.049038106
 20
81.875471695
 30
0.000000000
 11
40.549038106
 21
86.205598714
 31
0.000000000
  0
LINE
  5
EF2
330
A02
100
AcDbEntity
  8
Planta
100
AcDbLine
 10
61.049038106
 20
50.698557159
 30
0.000000000
 11
40.049038106
 21
87.071624117
 31
0.000000000
  0
LINE
  5
EF3
330
A02
100
AcDbEntity
  8
Planta
100
AcDbLine
 10
59.750000000
 20
49.948557159
 30
0.000000000
 11
61.049038106
 21
50.698557159
 31
0.000000000
  0
LINE
  5
EF4
330
A02
100
AcDbEntity
  8
Planta
100
AcDbLine
 10
59.750000000
 20
49.948557159
 30
0.000000000
 11
61.049038106
 21
50.698557159
 31
0.000000000
  0
LINE
  5
EF5
330
A02
100
AcDbEntity
  8
Planta
100
AcDbLine
 10
38.750000000
 20
86.321624117
 30
0.000000000
 11
40.049038106
 21
87.071624117
 31
0.000000000
  0
LINE
  5
EF6
330
A02
100
AcDbEntity
  8
Planta
100
AcDbLine
 10
38.750000000
 20
86.321624117
 30
0.000000000
 11
40.049038106
 21
87.071624117
 31
0.000000000
  0
LINE
  5
EF7
330
A02
100
AcDbEntity
  8
Planta
100
AcDbLine
 10
59.750000000
 20
49.948557159
 30
0.000000000
 11
38.750000000
 21
86.321624117
 31
0.000000000
  0
LINE
  5
EF8
330
A02
100
AcDbEntity
  8
Planta
100
AcDbLine
 10
59.750000000
 20
49.948557159
 30
0.000000000
 11
38.750000000
 21
86.321624117
 31
0.000000000
  0
LINE
  5
EF9
330
A02
100
AcDbEntity
  8
Planta
100
AcDbLine
 10
61.049038106
 20
50.698557159
 30
0.000000000
 11
40.049038106
 21
87.071624117
 31
0.000000000
  0
LINE
  5
EFA
330
A02
100
AcDbEntity
  8
Planta
100
AcDbLine
 10
61.049038106
 20
50.698557159
 30
0.000000000
 11
40.049038106
 21
87.071624117
 31
0.000000000
  0
LINE
  5
EFB
330
A02
100
AcDbEntity
  8
Planta
100
AcDbLine
 10
58.383974596
 20
50.314582562
 30
0.000000000
 11
61.415063509
 21
52.064582562
 31
0.000000000
  0
LINE
  5
EFC
330
A02
100
AcDbEntity
  8
Planta
100
AcDbLine
 10
58.383974596
 20
50.314582562
 30
0.000000000
 11
55.883974596
 21
54.644709581
 31
0.000000000
  0
LINE
  5
EFD
330
A02
100
AcDbEntity
  8
Planta
100
AcDbLine
 10
61.415063509
 20
52.064582562
 30
0.000000000
 11
58.915063509
 21
56.394709581
 31
0.000000000
  0
LINE
  5
EFE
330
A02
100
AcDbEntity
  8
Planta
100
AcDbLine
 10
55.883974596
 20
54.644709581
 30
0.000000000
 11
58.915063509
 21
56.394709581
 31
0.000000000
  0
LINE
  5
EFF
330
A02
100
AcDbEntity
  8
Planta
100
AcDbLine
 10
58.151137933
 20
51.767867493
 30
0.000000000
 11
58.776137933
 21
50.685335738
 31
0.000000000
  0
LINE
  5
F00
330
A02
100
AcDbEntity
  8
Planta
100
AcDbLine
 10
58.151137933
 20
51.767867493
 30
0.000000000
 11
58.540849365
 21
51.992867493
 31
0.000000000
  0
LINE
  5
F01
330
A02
100
AcDbEntity
  8
Planta
100
AcDbLine
 10
58.776137933
 20
50.685335738
 30
0.000000000
 11
59.165849365
 21
50.910335738
 31
0.000000000
  0
LINE
  5
F02
330
A02
100
AcDbEntity
  8
Planta
100
AcDbLine
 10
58.540849365
 20
51.992867493
 30
0.000000000
 11
59.165849365
 21
50.910335738
 31
0.000000000
  0
LINE
  5
F03
330
A02
100
AcDbEntity
  8
Planta
100
AcDbLine
 10
56.401137933
 20
54.798956406
 30
0.000000000
 11
57.026137933
 21
53.716424651
 31
0.000000000
  0
LINE
  5
F04
330
A02
100
AcDbEntity
  8
Planta
100
AcDbLine
 10
56.401137933
 20
54.798956406
 30
0.000000000
 11
56.790849365
 21
55.023956406
 31
0.000000000
  0
LINE
  5
F05
330
A02
100
AcDbEntity
  8
Planta
100
AcDbLine
 10
57.026137933
 20
53.716424651
 30
0.000000000
 11
57.415849365
 21
53.941424651
 31
0.000000000
  0
LINE
  5
F06
330
A02
100
AcDbEntity
  8
Planta
100
AcDbLine
 10
56.790849365
 20
55.023956406
 30
0.000000000
 11
57.415849365
 21
53.941424651
 31
0.000000000
  0
LINE
  5
F07
330
A02
100
AcDbEntity
  8
Planta
100
AcDbLine
 10
59.883188741
 20
52.767867493
 30
0.000000000
 11
60.508188741
 21
51.685335738
 31
0.000000000
  0
LINE
  5
F08
330
A02
100
AcDbEntity
  8
Planta
100
AcDbLine
 10
59.883188741
 20
52.767867493
 30
0.000000000
 11
60.272900172
 21
52.992867493
 31
0.000000000
  0
LINE
  5
F09
330
A02
100
AcDbEntity
  8
Planta
100
AcDbLine
 10
60.508188741
 20
51.685335738
 30
0.000000000
 11
60.897900172
 21
51.910335738
 31
0.000000000
  0
LINE
  5
F0A
330
A02
100
AcDbEntity
  8
Planta
100
AcDbLine
 10
60.272900172
 20
52.992867493
 30
0.000000000
 11
60.897900172
 21
51.910335738
 31
0.000000000
  0
LINE
  5
F0B
330
A02
100
AcDbEntity
  8
Planta
100
AcDbLine
 10
58.133188741
 20
55.798956406
 30
0.000000000
 11
58.758188741
 21
54.716424651
 31
0.000000000
  0
LINE
  5
F0C
330
A02
100
AcDbEntity
  8
Planta
100
AcDbLine
 10
58.133188741
 20
55.798956406
 30
0.000000000
 11
58.522900172
 21
56.023956406
 31
0.000000000
  0
LINE
  5
F0D
330
A02
100
AcDbEntity
  8
Planta
100
AcDbLine
 10
58.522900172
 20
56.023956406
 30
0.000000000
 11
59.147900172
 21
54.941424651
 31
0.000000000
  0
LINE
  5
F0E
330
A02
100
AcDbEntity
  8
Planta
100
AcDbLine
 10
58.758188741
 20
54.716424651
 30
0.000000000
 11
59.147900172
 21
54.941424651
 31
0.000000000
  0
LINE
  5
F0F
330
A02
100
AcDbEntity
  8
Planta
100
AcDbLine
 10
58.151137933
 20
51.767867493
 30
0.000000000
 11
58.732387933
 21
50.761112961
 31
0.000000000
  0
LINE
  5
F10
330
A02
100
AcDbEntity
  8
Planta
100
AcDbLine
 10
58.151137933
 20
51.767867493
 30
0.000000000
 11
58.540849365
 21
51.992867493
 31
0.000000000
  0
LINE
  5
F11
330
A02
100
AcDbEntity
  8
Planta
100
AcDbLine
 10
58.540849365
 20
51.992867493
 30
0.000000000
 11
59.122099365
 21
50.986112961
 31
0.000000000
  0
LINE
  5
F12
330
A02
100
AcDbEntity
  8
Planta
100
AcDbLine
 10
56.444887933
 20
54.723179183
 30
0.000000000
 11
57.026137933
 21
53.716424651
 31
0.000000000
  0
LINE
  5
F13
330
A02
100
AcDbEntity
  8
Planta
100
AcDbLine
 10
57.026137933
 20
53.716424651
 30
0.000000000
 11
57.415849365
 21
53.941424651
 31
0.000000000
  0
LINE
  5
F14
330
A02
100
AcDbEntity
  8
Planta
100
AcDbLine
 10
56.834599365
 20
54.948179183
 30
0.000000000
 11
57.415849365
 21
53.941424651
 31
0.000000000
  0
LINE
  5
F15
330
A02
100
AcDbEntity
  8
Planta
100
AcDbLine
 10
59.883188741
 20
52.767867493
 30
0.000000000
 11
60.464438741
 21
51.761112961
 31
0.000000000
  0
LINE
  5
F16
330
A02
100
AcDbEntity
  8
Planta
100
AcDbLine
 10
59.883188741
 20
52.767867493
 30
0.000000000
 11
60.272900172
 21
52.992867493
 31
0.000000000
  0
LINE
  5
F17
330
A02
100
AcDbEntity
  8
Planta
100
AcDbLine
 10
60.272900172
 20
52.992867493
 30
0.000000000
 11
60.854150172
 21
51.986112961
 31
0.000000000
  0
LINE
  5
F18
330
A02
100
AcDbEntity
  8
Planta
100
AcDbLine
 10
58.176938741
 20
55.723179183
 30
0.000000000
 11
58.758188741
 21
54.716424651
 31
0.000000000
  0
LINE
  5
F19
330
A02
100
AcDbEntity
  8
Planta
100
AcDbLine
 10
58.566650172
 20
55.948179183
 30
0.000000000
 11
59.147900172
 21
54.941424651
 31
0.000000000
  0
LINE
  5
F1A
330
A02
100
AcDbEntity
  8
Planta
100
AcDbLine
 10
58.758188741
 20
54.716424651
 30
0.000000000
 11
59.147900172
 21
54.941424651
 31
0.000000000
  0
LWPOLYLINE
  5
F1B
330
A02
100
AcDbEntity
100
AcDbPolyline
  8
Planta
 90
2
 70
0
 43
0
 10
59.342339376
 20
53.754646072
 10
58.404839376
 20
55.378443704
  0
LWPOLYLINE
  5
F1C
330
A02
100
AcDbEntity
100
AcDbPolyline
  8
Planta
 90
2
 70
0
 43
0
 10
60.279839376
 20
52.130848440
 10
59.342339376
 20
53.754646072
  0
LWPOLYLINE
  5
F1D
330
A02
100
AcDbEntity
100
AcDbPolyline
  8
Planta
 90
2
 70
0
 43
0
 10
57.956698730
 20
52.954646072
 10
57.019198730
 20
54.578443704
  0
LWPOLYLINE
  5
F1E
330
A02
100
AcDbEntity
100
AcDbPolyline
  8
Planta
 90
2
 70
0
 43
0
 10
58.894198730
 20
51.330848440
 10
57.956698730
 20
52.954646072
  0
LINE
  5
F1F
330
A02
100
AcDbEntity
  8
Planta
100
AcDbLine
 10
58.445096189
 20
51.908716857
 30
0.000000000
 11
60.003941916
 21
52.808716857
 31
0.000000000
  0
LINE
  5
F20
330
A02
100
AcDbEntity
  8
Planta
100
AcDbLine
 10
58.531698730
 20
51.958716857
 30
0.000000000
 11
59.917339376
 21
52.758716857
 31
0.000000000
  0
LINE
  5
F21
330
A02
100
AcDbEntity
  8
Planta
100
AcDbLine
 10
57.295096189
 20
53.900575286
 30
0.000000000
 11
58.853941916
 21
54.800575286
 31
0.000000000
  0
LINE
  5
F22
330
A02
100
AcDbEntity
  8
Planta
100
AcDbLine
 10
57.381698730
 20
53.950575286
 30
0.000000000
 11
58.767339376
 21
54.750575286
 31
0.000000000
  0
LINE
  5
F23
330
A02
100
AcDbEntity
  8
Planta
100
AcDbLine
 10
58.445096189
 20
51.908716857
 30
0.000000000
 11
57.295096189
 21
53.900575286
 31
0.000000000
  0
LINE
  5
F24
330
A02
100
AcDbEntity
  8
Planta
100
AcDbLine
 10
60.003941916
 20
52.808716857
 30
0.000000000
 11
58.853941916
 21
54.800575286
 31
0.000000000
  0
LINE
  5
F25
330
A02
100
AcDbEntity
  8
Planta
100
AcDbLine
 10
58.494230947
 20
50.623612961
 30
0.000000000
 11
61.092307159
 21
52.123612961
 31
0.000000000
  0
LINE
  5
F26
330
A02
100
AcDbEntity
  8
Planta
100
AcDbLine
 10
56.206730947
 20
54.585679183
 30
0.000000000
 11
58.804807159
 21
56.085679183
 31
0.000000000
  0
LINE
  5
F27
330
A02
100
AcDbEntity
  8
Planta
100
AcDbLine
 10
58.494230947
 20
50.623612961
 30
0.000000000
 11
56.206730947
 21
54.585679183
 31
0.000000000
  0
LINE
  5
F28
330
A02
100
AcDbEntity
  8
Planta
100
AcDbLine
 10
61.092307159
 20
52.123612961
 30
0.000000000
 11
58.804807159
 21
56.085679183
 31
0.000000000
  0
LINE
  5
F29
330
A02
100
AcDbEntity
  8
Planta
100
AcDbLine
 10
40.883974596
 20
80.625471695
 30
0.000000000
 11
43.915063509
 21
82.375471695
 31
0.000000000
  0
LINE
  5
F2A
330
A02
100
AcDbEntity
  8
Planta
100
AcDbLine
 10
40.883974596
 20
80.625471695
 30
0.000000000
 11
38.383974596
 21
84.955598714
 31
0.000000000
  0
LINE
  5
F2B
330
A02
100
AcDbEntity
  8
Planta
100
AcDbLine
 10
43.915063509
 20
82.375471695
 30
0.000000000
 11
41.415063509
 21
86.705598714
 31
0.000000000
  0
LINE
  5
F2C
330
A02
100
AcDbEntity
  8
Planta
100
AcDbLine
 10
38.383974596
 20
84.955598714
 30
0.000000000
 11
41.415063509
 21
86.705598714
 31
0.000000000
  0
LINE
  5
F2D
330
A02
100
AcDbEntity
  8
Planta
100
AcDbLine
 10
40.651137933
 20
82.078756625
 30
0.000000000
 11
41.276137933
 21
80.996224870
 31
0.000000000
  0
LINE
  5
F2E
330
A02
100
AcDbEntity
  8
Planta
100
AcDbLine
 10
40.651137933
 20
82.078756625
 30
0.000000000
 11
41.040849365
 21
82.303756625
 31
0.000000000
  0
LINE
  5
F2F
330
A02
100
AcDbEntity
  8
Planta
100
AcDbLine
 10
41.276137933
 20
80.996224870
 30
0.000000000
 11
41.665849365
 21
81.221224870
 31
0.000000000
  0
LINE
  5
F30
330
A02
100
AcDbEntity
  8
Planta
100
AcDbLine
 10
41.040849365
 20
82.303756625
 30
0.000000000
 11
41.665849365
 21
81.221224870
 31
0.000000000
  0
LINE
  5
F31
330
A02
100
AcDbEntity
  8
Planta
100
AcDbLine
 10
38.901137933
 20
85.109845538
 30
0.000000000
 11
39.526137933
 21
84.027313783
 31
0.000000000
  0
LINE
  5
F32
330
A02
100
AcDbEntity
  8
Planta
100
AcDbLine
 10
38.901137933
 20
85.109845538
 30
0.000000000
 11
39.290849365
 21
85.334845538
 31
0.000000000
  0
LINE
  5
F33
330
A02
100
AcDbEntity
  8
Planta
100
AcDbLine
 10
39.526137933
 20
84.027313783
 30
0.000000000
 11
39.915849365
 21
84.252313783
 31
0.000000000
  0
LINE
  5
F34
330
A02
100
AcDbEntity
  8
Planta
100
AcDbLine
 10
39.290849365
 20
85.334845538
 30
0.000000000
 11
39.915849365
 21
84.252313783
 31
0.000000000
  0
LINE
  5
F35
330
A02
100
AcDbEntity
  8
Planta
100
AcDbLine
 10
42.383188741
 20
83.078756625
 30
0.000000000
 11
43.008188741
 21
81.996224870
 31
0.000000000
  0
LINE
  5
F36
330
A02
100
AcDbEntity
  8
Planta
100
AcDbLine
 10
42.383188741
 20
83.078756625
 30
0.000000000
 11
42.772900172
 21
83.303756625
 31
0.000000000
  0
LINE
  5
F37
330
A02
100
AcDbEntity
  8
Planta
100
AcDbLine
 10
43.008188741
 20
81.996224870
 30
0.000000000
 11
43.397900172
 21
82.221224870
 31
0.000000000
  0
LINE
  5
F38
330
A02
100
AcDbEntity
  8
Planta
100
AcDbLine
 10
42.772900172
 20
83.303756625
 30
0.000000000
 11
43.397900172
 21
82.221224870
 31
0.000000000
  0
LINE
  5
F39
330
A02
100
AcDbEntity
  8
Planta
100
AcDbLine
 10
40.633188741
 20
86.109845538
 30
0.000000000
 11
41.258188741
 21
85.027313783
 31
0.000000000
  0
LINE
  5
F3A
330
A02
100
AcDbEntity
  8
Planta
100
AcDbLine
 10
40.633188741
 20
86.109845538
 30
0.000000000
 11
41.022900172
 21
86.334845538
 31
0.000000000
  0
LINE
  5
F3B
330
A02
100
AcDbEntity
  8
Planta
100
AcDbLine
 10
41.022900172
 20
86.334845538
 30
0.000000000
 11
41.647900172
 21
85.252313783
 31
0.000000000
  0
LINE
  5
F3C
330
A02
100
AcDbEntity
  8
Planta
100
AcDbLine
 10
41.258188741
 20
85.027313783
 30
0.000000000
 11
41.647900172
 21
85.252313783
 31
0.000000000
  0
LINE
  5
F3D
330
A02
100
AcDbEntity
  8
Planta
100
AcDbLine
 10
40.651137933
 20
82.078756625
 30
0.000000000
 11
41.232387933
 21
81.072002093
 31
0.000000000
  0
LINE
  5
F3E
330
A02
100
AcDbEntity
  8
Planta
100
AcDbLine
 10
40.651137933
 20
82.078756625
 30
0.000000000
 11
41.040849365
 21
82.303756625
 31
0.000000000
  0
LINE
  5
F3F
330
A02
100
AcDbEntity
  8
Planta
100
AcDbLine
 10
41.040849365
 20
82.303756625
 30
0.000000000
 11
41.622099365
 21
81.297002093
 31
0.000000000
  0
LINE
  5
F40
330
A02
100
AcDbEntity
  8
Planta
100
AcDbLine
 10
38.944887933
 20
85.034068315
 30
0.000000000
 11
39.526137933
 21
84.027313783
 31
0.000000000
  0
LINE
  5
F41
330
A02
100
AcDbEntity
  8
Planta
100
AcDbLine
 10
39.526137933
 20
84.027313783
 30
0.000000000
 11
39.915849365
 21
84.252313783
 31
0.000000000
  0
LINE
  5
F42
330
A02
100
AcDbEntity
  8
Planta
100
AcDbLine
 10
39.334599365
 20
85.259068315
 30
0.000000000
 11
39.915849365
 21
84.252313783
 31
0.000000000
  0
LINE
  5
F43
330
A02
100
AcDbEntity
  8
Planta
100
AcDbLine
 10
42.383188741
 20
83.078756625
 30
0.000000000
 11
42.964438741
 21
82.072002093
 31
0.000000000
  0
LINE
  5
F44
330
A02
100
AcDbEntity
  8
Planta
100
AcDbLine
 10
42.383188741
 20
83.078756625
 30
0.000000000
 11
42.772900172
 21
83.303756625
 31
0.000000000
  0
LINE
  5
F45
330
A02
100
AcDbEntity
  8
Planta
100
AcDbLine
 10
42.772900172
 20
83.303756625
 30
0.000000000
 11
43.354150172
 21
82.297002093
 31
0.000000000
  0
LINE
  5
F46
330
A02
100
AcDbEntity
  8
Planta
100
AcDbLine
 10
40.676938741
 20
86.034068315
 30
0.000000000
 11
41.258188741
 21
85.027313783
 31
0.000000000
  0
LINE
  5
F47
330
A02
100
AcDbEntity
  8
Planta
100
AcDbLine
 10
41.066650172
 20
86.259068315
 30
0.000000000
 11
41.647900172
 21
85.252313783
 31
0.000000000
  0
LINE
  5
F48
330
A02
100
AcDbEntity
  8
Planta
100
AcDbLine
 10
41.258188741
 20
85.027313783
 30
0.000000000
 11
41.647900172
 21
85.252313783
 31
0.000000000
  0
LWPOLYLINE
  5
F49
330
A02
100
AcDbEntity
100
AcDbPolyline
  8
Planta
 90
2
 70
0
 43
0
 10
41.842339376
 20
84.065535204
 10
40.904839376
 20
85.689332836
  0
LWPOLYLINE
  5
F4A
330
A02
100
AcDbEntity
100
AcDbPolyline
  8
Planta
 90
2
 70
0
 43
0
 10
42.779839376
 20
82.441737572
 10
41.842339376
 20
84.065535204
  0
LWPOLYLINE
  5
F4B
330
A02
100
AcDbEntity
100
AcDbPolyline
  8
Planta
 90
2
 70
0
 43
0
 10
40.456698730
 20
83.265535204
 10
39.519198730
 20
84.889332836
  0
LWPOLYLINE
  5
F4C
330
A02
100
AcDbEntity
100
AcDbPolyline
  8
Planta
 90
2
 70
0
 43
0
 10
41.394198730
 20
81.641737572
 10
40.456698730
 20
83.265535204
  0
LINE
  5
F4D
330
A02
100
AcDbEntity
  8
Planta
100
AcDbLine
 10
40.945096189
 20
82.219605990
 30
0.000000000
 11
42.503941916
 21
83.119605990
 31
0.000000000
  0
LINE
  5
F4E
330
A02
100
AcDbEntity
  8
Planta
100
AcDbLine
 10
41.031698730
 20
82.269605990
 30
0.000000000
 11
42.417339376
 21
83.069605990
 31
0.000000000
  0
LINE
  5
F4F
330
A02
100
AcDbEntity
  8
Planta
100
AcDbLine
 10
39.795096189
 20
84.211464419
 30
0.000000000
 11
41.353941916
 21
85.111464419
 31
0.000000000
  0
LINE
  5
F50
330
A02
100
AcDbEntity
  8
Planta
100
AcDbLine
 10
39.881698730
 20
84.261464419
 30
0.000000000
 11
41.267339376
 21
85.061464419
 31
0.000000000
  0
LINE
  5
F51
330
A02
100
AcDbEntity
  8
Planta
100
AcDbLine
 10
40.945096189
 20
82.219605990
 30
0.000000000
 11
39.795096189
 21
84.211464419
 31
0.000000000
  0
LINE
  5
F52
330
A02
100
AcDbEntity
  8
Planta
100
AcDbLine
 10
42.503941916
 20
83.119605990
 30
0.000000000
 11
41.353941916
 21
85.111464419
 31
0.000000000
  0
LINE
  5
F53
330
A02
100
AcDbEntity
  8
Planta
100
AcDbLine
 10
40.994230947
 20
80.934502093
 30
0.000000000
 11
43.592307159
 21
82.434502093
 31
0.000000000
  0
LINE
  5
F54
330
A02
100
AcDbEntity
  8
Planta
100
AcDbLine
 10
38.706730947
 20
84.896568315
 30
0.000000000
 11
41.304807159
 21
86.396568315
 31
0.000000000
  0
LINE
  5
F55
330
A02
100
AcDbEntity
  8
Planta
100
AcDbLine
 10
40.994230947
 20
80.934502093
 30
0.000000000
 11
38.706730947
 21
84.896568315
 31
0.000000000
  0
LINE
  5
F56
330
A02
100
AcDbEntity
  8
Planta
100
AcDbLine
 10
43.592307159
 20
82.434502093
 30
0.000000000
 11
41.304807159
 21
86.396568315
 31
0.000000000
  0
LINE
  5
F57
330
A02
100
AcDbEntity
  8
Iso
100
AcDbLine
 10
292.000000000
 20
188.651648108
 30
0.000000000
 11
292.000000000
 21
240.907429287
 31
0.000000000
  0
LINE
  5
F58
330
A02
100
AcDbEntity
  8
Iso
100
AcDbLine
 10
292.000000000
 20
240.907429287
 30
0.000000000
 11
292.848528137
 21
241.397327236
 31
0.000000000
  0
LINE
  5
F59
330
A02
100
AcDbEntity
  8
Iso
100
AcDbLine
 10
292.848528137
 20
188.161750159
 30
0.000000000
 11
292.848528137
 21
240.417531339
 31
0.000000000
  0
LINE
  5
F5A
330
A02
100
AcDbEntity
  8
Iso
100
AcDbLine
 10
292.848528137
 20
240.417531339
 30
0.000000000
 11
293.697056275
 21
240.907429287
 31
0.000000000
  0
LINE
  5
F5B
330
A02
100
AcDbEntity
  8
Iso
100
AcDbLine
 10
293.697056275
 20
189.631444005
 30
0.000000000
 11
293.697056275
 21
238.947837493
 31
0.000000000
  0
LINE
  5
F5C
330
A02
100
AcDbEntity
  8
Iso
100
AcDbLine
 10
292.000000000
 20
188.651648108
 30
0.000000000
 11
292.848528137
 21
188.161750159
 31
0.000000000
  0
LINE
  5
F5D
330
A02
100
AcDbEntity
  8
Iso
100
AcDbLine
 10
292.000000000
 20
240.907429287
 30
0.000000000
 11
292.848528137
 21
240.417531339
 31
0.000000000
  0
LINE
  5
F5E
330
A02
100
AcDbEntity
  8
Iso
100
AcDbLine
 10
292.848528137
 20
241.397327236
 30
0.000000000
 11
293.697056275
 21
240.907429287
 31
0.000000000
  0
LINE
  5
F5F
330
A02
100
AcDbEntity
  8
Iso
100
AcDbLine
 10
316.607315985
 20
174.444607600
 30
0.000000000
 11
316.607315985
 21
226.700388779
 31
0.000000000
  0
LINE
  5
F60
330
A02
100
AcDbEntity
  8
Iso
100
AcDbLine
 10
316.607315985
 20
226.700388779
 30
0.000000000
 11
317.455844123
 21
227.190286728
 31
0.000000000
  0
LINE
  5
F61
330
A02
100
AcDbEntity
  8
Iso
100
AcDbLine
 10
317.455844123
 20
173.954709651
 30
0.000000000
 11
317.455844123
 21
226.210490831
 31
0.000000000
  0
LINE
  5
F62
330
A02
100
AcDbEntity
  8
Iso
100
AcDbLine
 10
317.455844123
 20
226.210490831
 30
0.000000000
 11
318.304372260
 21
226.700388779
 31
0.000000000
  0
LINE
  5
F63
330
A02
100
AcDbEntity
  8
Iso
100
AcDbLine
 10
317.455844123
 20
173.954709651
 30
0.000000000
 11
317.823267584
 21
174.166841686
 31
0.000000000
  0
LINE
  5
F64
330
A02
100
AcDbEntity
  8
Iso
100
AcDbLine
 10
316.607315985
 20
174.444607600
 30
0.000000000
 11
317.455844123
 21
173.954709651
 31
0.000000000
  0
LINE
  5
F65
330
A02
100
AcDbEntity
  8
Iso
100
AcDbLine
 10
316.607315985
 20
226.700388779
 30
0.000000000
 11
317.455844123
 21
226.210490831
 31
0.000000000
  0
LINE
  5
F66
330
A02
100
AcDbEntity
  8
Iso
100
AcDbLine
 10
317.455844123
 20
227.190286728
 30
0.000000000
 11
318.304372260
 21
226.700388779
 31
0.000000000
  0
LINE
  5
F67
330
A02
100
AcDbEntity
  8
Iso
100
AcDbLine
 10
292.848528137
 20
188.161750159
 30
0.000000000
 11
292.848528137
 21
189.141546056
 31
0.000000000
  0
LINE
  5
F68
330
A02
100
AcDbEntity
  8
Iso
100
AcDbLine
 10
292.848528137
 20
189.141546056
 30
0.000000000
 11
293.697056275
 21
189.631444005
 31
0.000000000
  0
LINE
  5
F69
330
A02
100
AcDbEntity
  8
Iso
100
AcDbLine
 10
316.607315985
 20
174.444607600
 30
0.000000000
 11
316.607315985
 21
175.424403497
 31
0.000000000
  0
LINE
  5
F6A
330
A02
100
AcDbEntity
  8
Iso
100
AcDbLine
 10
292.848528137
 20
188.161750159
 30
0.000000000
 11
316.607315985
 21
174.444607600
 31
0.000000000
  0
LINE
  5
F6B
330
A02
100
AcDbEntity
  8
Iso
100
AcDbLine
 10
292.848528137
 20
189.141546056
 30
0.000000000
 11
316.607315985
 21
175.424403497
 31
0.000000000
  0
LINE
  5
F6C
330
A02
100
AcDbEntity
  8
Iso
100
AcDbLine
 10
293.697056275
 20
189.631444005
 30
0.000000000
 11
316.607315985
 21
176.404199394
 31
0.000000000
  0
LINE
  5
F6D
330
A02
100
AcDbEntity
  8
Iso
100
AcDbLine
 10
292.848528137
 20
239.437735442
 30
0.000000000
 11
292.848528137
 21
240.417531339
 31
0.000000000
  0
LINE
  5
F6E
330
A02
100
AcDbEntity
  8
Iso
100
AcDbLine
 10
292.848528137
 20
240.417531339
 30
0.000000000
 11
293.697056275
 21
240.907429287
 31
0.000000000
  0
LINE
  5
F6F
330
A02
100
AcDbEntity
  8
Iso
100
AcDbLine
 10
316.607315985
 20
225.720592882
 30
0.000000000
 11
316.607315985
 21
226.700388779
 31
0.000000000
  0
LINE
  5
F70
330
A02
100
AcDbEntity
  8
Iso
100
AcDbLine
 10
316.607315985
 20
226.700388779
 30
0.000000000
 11
317.455844123
 21
227.190286728
 31
0.000000000
  0
LINE
  5
F71
330
A02
100
AcDbEntity
  8
Iso
100
AcDbLine
 10
292.848528137
 20
239.437735442
 30
0.000000000
 11
316.607315985
 21
225.720592882
 31
0.000000000
  0
LINE
  5
F72
330
A02
100
AcDbEntity
  8
Iso
100
AcDbLine
 10
292.848528137
 20
240.417531339
 30
0.000000000
 11
316.607315985
 21
226.700388779
 31
0.000000000
  0
LINE
  5
F73
330
A02
100
AcDbEntity
  8
Iso
100
AcDbLine
 10
293.697056275
 20
240.907429287
 30
0.000000000
 11
317.455844123
 21
227.190286728
 31
0.000000000
  0
LINE
  5
F74
330
A02
100
AcDbEntity
  8
Iso
100
AcDbLine
 10
292.848528137
 20
187.377913442
 30
0.000000000
 11
292.848528137
 21
187.508552895
 31
0.000000000
  0
LINE
  5
F75
330
A02
100
AcDbEntity
  8
Iso
100
AcDbLine
 10
292.848528137
 20
187.508552895
 30
0.000000000
 11
293.414213562
 21
187.835151527
 31
0.000000000
  0
LINE
  5
F76
330
A02
100
AcDbEntity
  8
Iso
100
AcDbLine
 10
292.848528137
 20
187.377913442
 30
0.000000000
 11
295.676955262
 21
185.744920280
 31
0.000000000
  0
LINE
  5
F77
330
A02
100
AcDbEntity
  8
Iso
100
AcDbLine
 10
295.676955262
 20
185.744920280
 30
0.000000000
 11
295.676955262
 21
185.875559733
 31
0.000000000
  0
LINE
  5
F78
330
A02
100
AcDbEntity
  8
Iso
100
AcDbLine
 10
292.848528137
 20
187.508552895
 30
0.000000000
 11
295.676955262
 21
185.875559733
 31
0.000000000
  0
LINE
  5
F79
330
A02
100
AcDbEntity
  8
Iso
100
AcDbLine
 10
295.676955262
 20
185.875559733
 30
0.000000000
 11
296.242640687
 21
186.202158365
 31
0.000000000
  0
LINE
  5
F7A
330
A02
100
AcDbEntity
  8
Iso
100
AcDbLine
 10
293.923330445
 20
187.230944057
 30
0.000000000
 11
293.216223664
 21
187.639192348
 31
0.000000000
  0
LINE
  5
F7B
330
A02
100
AcDbEntity
  8
Iso
100
AcDbLine
 10
293.923330445
 20
187.230944057
 30
0.000000000
 11
294.177888886
 21
187.377913442
 31
0.000000000
  0
LINE
  5
F7C
330
A02
100
AcDbEntity
  8
Iso
100
AcDbLine
 10
293.216223664
 20
187.639192348
 30
0.000000000
 11
293.470782105
 21
187.786161732
 31
0.000000000
  0
LINE
  5
F7D
330
A02
100
AcDbEntity
  8
Iso
100
AcDbLine
 10
294.177888886
 20
187.377913442
 30
0.000000000
 11
293.470782105
 21
187.786161732
 31
0.000000000
  0
LINE
  5
F7E
330
A02
100
AcDbEntity
  8
Iso
100
AcDbLine
 10
295.903229432
 20
186.087848844
 30
0.000000000
 11
295.196122651
 21
186.496097134
 31
0.000000000
  0
LINE
  5
F7F
330
A02
100
AcDbEntity
  8
Iso
100
AcDbLine
 10
295.903229432
 20
186.087848844
 30
0.000000000
 11
296.157787873
 21
186.234818228
 31
0.000000000
  0
LINE
  5
F80
330
A02
100
AcDbEntity
  8
Iso
100
AcDbLine
 10
295.196122651
 20
186.496097134
 30
0.000000000
 11
295.450681092
 21
186.643066519
 31
0.000000000
  0
LINE
  5
F81
330
A02
100
AcDbEntity
  8
Iso
100
AcDbLine
 10
296.157787873
 20
186.234818228
 30
0.000000000
 11
295.450681092
 21
186.643066519
 31
0.000000000
  0
LINE
  5
F82
330
A02
100
AcDbEntity
  8
Iso
100
AcDbLine
 10
295.676955262
 20
185.744920280
 30
0.000000000
 11
296.355777772
 21
186.136838639
 31
0.000000000
  0
LINE
  5
F83
330
A02
100
AcDbEntity
  8
Iso
100
AcDbLine
 10
293.329360749
 20
187.573872621
 30
0.000000000
 11
293.470782105
 21
187.655522279
 31
0.000000000
  0
LINE
  5
F84
330
A02
100
AcDbEntity
  8
Iso
100
AcDbLine
 10
294.064751801
 20
187.312593715
 30
0.000000000
 11
293.470782105
 21
187.655522279
 31
0.000000000
  0
LINE
  5
F85
330
A02
100
AcDbEntity
  8
Iso
100
AcDbLine
 10
295.309259736
 20
186.430777408
 30
0.000000000
 11
295.450681092
 21
186.512427066
 31
0.000000000
  0
LINE
  5
F86
330
A02
100
AcDbEntity
  8
Iso
100
AcDbLine
 10
296.044650788
 20
186.169498502
 30
0.000000000
 11
295.450681092
 21
186.512427066
 31
0.000000000
  0
LINE
  5
F87
330
A02
100
AcDbEntity
  8
Iso
100
AcDbLine
 10
293.470782105
 20
187.655522279
 30
0.000000000
 11
293.470782105
 21
187.786161732
 31
0.000000000
  0
LINE
  5
F88
330
A02
100
AcDbEntity
  8
Iso
100
AcDbLine
 10
295.450681092
 20
186.512427066
 30
0.000000000
 11
295.450681092
 21
186.643066519
 31
0.000000000
  0
LWPOLYLINE
  5
F89
330
A02
100
AcDbEntity
100
AcDbPolyline
  8
Iso
 90
2
 70
0
 43
0
 10
296.221600773
 20
186.059371512
 10
296.455239533
 20
183.988644089
  0
LWPOLYLINE
  5
F8A
330
A02
100
AcDbEntity
100
AcDbPolyline
  8
Iso
 90
2
 70
0
 43
0
 10
295.141903003
 20
185.727234213
 10
295.550142853
 20
183.466086277
  0
LWPOLYLINE
  5
F8B
330
A02
100
AcDbEntity
100
AcDbPolyline
  8
Iso
 90
2
 70
0
 43
0
 10
295.550142853
 20
183.466086277
 10
294.050142853
 20
186.064162488
  0
LWPOLYLINE
  5
F8C
330
A02
100
AcDbEntity
100
AcDbPolyline
  8
Iso
 90
2
 70
0
 43
0
 10
294.050142853
 20
186.064162488
 10
294.458382704
 20
186.121864842
  0
LINE
  5
F8D
330
A02
100
AcDbEntity
  8
Iso
100
AcDbLine
 10
294.093036072
 20
186.332797818
 30
0.000000000
 11
294.093036072
 21
186.659396450
 31
0.000000000
  0
LINE
  5
F8E
330
A02
100
AcDbEntity
  8
Iso
100
AcDbLine
 10
295.394112550
 20
185.581620964
 30
0.000000000
 11
295.394112550
 21
185.908219596
 31
0.000000000
  0
LINE
  5
F8F
330
A02
100
AcDbEntity
  8
Iso
100
AcDbLine
 10
295.394112550
 20
185.581620964
 30
0.000000000
 11
295.676955262
 21
185.744920280
 31
0.000000000
  0
LINE
  5
F90
330
A02
100
AcDbEntity
  8
Iso
100
AcDbLine
 10
294.093036072
 20
186.332797818
 30
0.000000000
 11
295.394112550
 21
185.581620964
 31
0.000000000
  0
LINE
  5
F91
330
A02
100
AcDbEntity
  8
Iso
100
AcDbLine
 10
293.378858223
 20
187.545295241
 30
0.000000000
 11
293.520279580
 21
187.626944899
 31
0.000000000
  0
LINE
  5
F92
330
A02
100
AcDbEntity
  8
Iso
100
AcDbLine
 10
312.647518011
 20
175.946961309
 30
0.000000000
 11
312.647518011
 21
176.077600762
 31
0.000000000
  0
LINE
  5
F93
330
A02
100
AcDbEntity
  8
Iso
100
AcDbLine
 10
312.647518011
 20
176.077600762
 30
0.000000000
 11
313.213203436
 21
176.404199394
 31
0.000000000
  0
LINE
  5
F94
330
A02
100
AcDbEntity
  8
Iso
100
AcDbLine
 10
312.647518011
 20
175.946961309
 30
0.000000000
 11
315.475945135
 21
174.313968147
 31
0.000000000
  0
LINE
  5
F95
330
A02
100
AcDbEntity
  8
Iso
100
AcDbLine
 10
315.475945135
 20
174.313968147
 30
0.000000000
 11
315.475945135
 21
174.444607600
 31
0.000000000
  0
LINE
  5
F96
330
A02
100
AcDbEntity
  8
Iso
100
AcDbLine
 10
312.647518011
 20
176.077600762
 30
0.000000000
 11
315.475945135
 21
174.444607600
 31
0.000000000
  0
LINE
  5
F97
330
A02
100
AcDbEntity
  8
Iso
100
AcDbLine
 10
315.475945135
 20
174.444607600
 30
0.000000000
 11
316.041630560
 21
174.771206232
 31
0.000000000
  0
LINE
  5
F98
330
A02
100
AcDbEntity
  8
Iso
100
AcDbLine
 10
313.722320318
 20
175.799991924
 30
0.000000000
 11
313.015213537
 21
176.208240215
 31
0.000000000
  0
LINE
  5
F99
330
A02
100
AcDbEntity
  8
Iso
100
AcDbLine
 10
313.722320318
 20
175.799991924
 30
0.000000000
 11
313.976878759
 21
175.946961309
 31
0.000000000
  0
LINE
  5
F9A
330
A02
100
AcDbEntity
  8
Iso
100
AcDbLine
 10
313.015213537
 20
176.208240215
 30
0.000000000
 11
313.269771978
 21
176.355209599
 31
0.000000000
  0
LINE
  5
F9B
330
A02
100
AcDbEntity
  8
Iso
100
AcDbLine
 10
313.976878759
 20
175.946961309
 30
0.000000000
 11
313.269771978
 21
176.355209599
 31
0.000000000
  0
LINE
  5
F9C
330
A02
100
AcDbEntity
  8
Iso
100
AcDbLine
 10
315.702219305
 20
174.656896711
 30
0.000000000
 11
314.995112524
 21
175.065145001
 31
0.000000000
  0
LINE
  5
F9D
330
A02
100
AcDbEntity
  8
Iso
100
AcDbLine
 10
315.702219305
 20
174.656896711
 30
0.000000000
 11
315.956777747
 21
174.803866095
 31
0.000000000
  0
LINE
  5
F9E
330
A02
100
AcDbEntity
  8
Iso
100
AcDbLine
 10
314.995112524
 20
175.065145001
 30
0.000000000
 11
315.249670965
 21
175.212114386
 31
0.000000000
  0
LINE
  5
F9F
330
A02
100
AcDbEntity
  8
Iso
100
AcDbLine
 10
315.956777747
 20
174.803866095
 30
0.000000000
 11
315.249670965
 21
175.212114386
 31
0.000000000
  0
LINE
  5
FA0
330
A02
100
AcDbEntity
  8
Iso
100
AcDbLine
 10
315.475945135
 20
174.313968147
 30
0.000000000
 11
316.154767645
 21
174.705886506
 31
0.000000000
  0
LINE
  5
FA1
330
A02
100
AcDbEntity
  8
Iso
100
AcDbLine
 10
313.128350622
 20
176.142920488
 30
0.000000000
 11
313.269771978
 21
176.224570146
 31
0.000000000
  0
LINE
  5
FA2
330
A02
100
AcDbEntity
  8
Iso
100
AcDbLine
 10
313.863741674
 20
175.881641582
 30
0.000000000
 11
313.269771978
 21
176.224570146
 31
0.000000000
  0
LINE
  5
FA3
330
A02
100
AcDbEntity
  8
Iso
100
AcDbLine
 10
315.108249609
 20
174.999825275
 30
0.000000000
 11
315.249670965
 21
175.081474933
 31
0.000000000
  0
LINE
  5
FA4
330
A02
100
AcDbEntity
  8
Iso
100
AcDbLine
 10
315.843640662
 20
174.738546369
 30
0.000000000
 11
315.249670965
 21
175.081474933
 31
0.000000000
  0
LINE
  5
FA5
330
A02
100
AcDbEntity
  8
Iso
100
AcDbLine
 10
313.269771978
 20
176.224570146
 30
0.000000000
 11
313.269771978
 21
176.355209599
 31
0.000000000
  0
LINE
  5
FA6
330
A02
100
AcDbEntity
  8
Iso
100
AcDbLine
 10
315.249670965
 20
175.081474933
 30
0.000000000
 11
315.249670965
 21
175.212114386
 31
0.000000000
  0
LWPOLYLINE
  5
FA7
330
A02
100
AcDbEntity
100
AcDbPolyline
  8
Iso
 90
2
 70
0
 43
0
 10
316.020590647
 20
174.628419379
 10
316.254229407
 20
172.557691956
  0
LWPOLYLINE
  5
FA8
330
A02
100
AcDbEntity
100
AcDbPolyline
  8
Iso
 90
2
 70
0
 43
0
 10
314.940892877
 20
174.296282080
 10
315.349132727
 20
172.035134144
  0
LWPOLYLINE
  5
FA9
330
A02
100
AcDbEntity
100
AcDbPolyline
  8
Iso
 90
2
 70
0
 43
0
 10
315.349132727
 20
172.035134144
 10
313.849132727
 20
174.633210355
  0
LWPOLYLINE
  5
FAA
330
A02
100
AcDbEntity
100
AcDbPolyline
  8
Iso
 90
2
 70
0
 43
0
 10
313.849132727
 20
174.633210355
 10
314.257372577
 20
174.690912709
  0
LINE
  5
FAB
330
A02
100
AcDbEntity
  8
Iso
100
AcDbLine
 10
313.892025946
 20
174.901845685
 30
0.000000000
 11
313.892025946
 21
175.228444317
 31
0.000000000
  0
LINE
  5
FAC
330
A02
100
AcDbEntity
  8
Iso
100
AcDbLine
 10
315.193102423
 20
174.150668831
 30
0.000000000
 11
315.193102423
 21
174.477267463
 31
0.000000000
  0
LINE
  5
FAD
330
A02
100
AcDbEntity
  8
Iso
100
AcDbLine
 10
315.193102423
 20
174.150668831
 30
0.000000000
 11
315.475945135
 21
174.313968147
 31
0.000000000
  0
LINE
  5
FAE
330
A02
100
AcDbEntity
  8
Iso
100
AcDbLine
 10
313.892025946
 20
174.901845685
 30
0.000000000
 11
315.193102423
 21
174.150668831
 31
0.000000000
  0
LINE
  5
FAF
330
A02
100
AcDbEntity
  8
Iso
100
AcDbLine
 10
313.177848097
 20
176.114343108
 30
0.000000000
 11
313.319269453
 21
176.195992766
 31
0.000000000
  0
LINE
  5
FB0
330
A02
100
AcDbEntity
  8
Iso
100
AcDbLine
 10
317.611135550
 20
226.545097352
 30
0.000000000
 11
318.459663687
 21
227.034995301
 31
0.000000000
  0
LINE
  5
FB1
330
A02
100
AcDbEntity
  8
Iso
100
AcDbLine
 10
318.459663687
 20
173.799418224
 30
0.000000000
 11
318.459663687
 21
226.055199404
 31
0.000000000
  0
LINE
  5
FB2
330
A02
100
AcDbEntity
  8
Iso
100
AcDbLine
 10
318.459663687
 20
226.055199404
 30
0.000000000
 11
319.308191825
 21
226.545097352
 31
0.000000000
  0
LINE
  5
FB3
330
A02
100
AcDbEntity
  8
Iso
100
AcDbLine
 10
319.308191825
 20
175.041749641
 30
0.000000000
 11
319.308191825
 21
225.337939026
 31
0.000000000
  0
LINE
  5
FB4
330
A02
100
AcDbEntity
  8
Iso
100
AcDbLine
 10
318.459663687
 20
173.799418224
 30
0.000000000
 11
319.128876730
 21
174.185788555
 31
0.000000000
  0
LINE
  5
FB5
330
A02
100
AcDbEntity
  8
Iso
100
AcDbLine
 10
317.823267584
 20
174.166841686
 30
0.000000000
 11
318.459663687
 21
173.799418224
 31
0.000000000
  0
LINE
  5
FB6
330
A02
100
AcDbEntity
  8
Iso
100
AcDbLine
 10
317.611135550
 20
226.545097352
 30
0.000000000
 11
318.459663687
 21
226.055199404
 31
0.000000000
  0
LINE
  5
FB7
330
A02
100
AcDbEntity
  8
Iso
100
AcDbLine
 10
318.459663687
 20
227.034995301
 30
0.000000000
 11
319.308191825
 21
226.545097352
 31
0.000000000
  0
LINE
  5
FB8
330
A02
100
AcDbEntity
  8
Iso
100
AcDbLine
 10
351.225354305
 20
179.979351860
 30
0.000000000
 11
351.225354305
 21
230.275541245
 31
0.000000000
  0
LINE
  5
FB9
330
A02
100
AcDbEntity
  8
Iso
100
AcDbLine
 10
351.225354305
 20
231.745235091
 30
0.000000000
 11
352.073882442
 21
232.235133039
 31
0.000000000
  0
LINE
  5
FBA
330
A02
100
AcDbEntity
  8
Iso
100
AcDbLine
 10
352.073882442
 20
178.999555963
 30
0.000000000
 11
352.073882442
 21
231.255337142
 31
0.000000000
  0
LINE
  5
FBB
330
A02
100
AcDbEntity
  8
Iso
100
AcDbLine
 10
352.073882442
 20
231.255337142
 30
0.000000000
 11
352.922410579
 21
231.745235091
 31
0.000000000
  0
LINE
  5
FBC
330
A02
100
AcDbEntity
  8
Iso
100
AcDbLine
 10
352.922410579
 20
179.489453911
 30
0.000000000
 11
352.922410579
 21
231.745235091
 31
0.000000000
  0
LINE
  5
FBD
330
A02
100
AcDbEntity
  8
Iso
100
AcDbLine
 10
352.073882442
 20
178.999555963
 30
0.000000000
 11
352.922410579
 21
179.489453911
 31
0.000000000
  0
LINE
  5
FBE
330
A02
100
AcDbEntity
  8
Iso
100
AcDbLine
 10
351.649618373
 20
179.244504937
 30
0.000000000
 11
352.073882442
 21
178.999555963
 31
0.000000000
  0
LINE
  5
FBF
330
A02
100
AcDbEntity
  8
Iso
100
AcDbLine
 10
351.225354305
 20
231.745235091
 30
0.000000000
 11
352.073882442
 21
231.255337142
 31
0.000000000
  0
LINE
  5
FC0
330
A02
100
AcDbEntity
  8
Iso
100
AcDbLine
 10
352.073882442
 20
232.235133039
 30
0.000000000
 11
352.922410579
 21
231.745235091
 31
0.000000000
  0
LINE
  5
FC1
330
A02
100
AcDbEntity
  8
Iso
100
AcDbLine
 10
319.194510610
 20
174.044367198
 30
0.000000000
 11
319.194510610
 21
175.024163096
 31
0.000000000
  0
LINE
  5
FC2
330
A02
100
AcDbEntity
  8
Iso
100
AcDbLine
 10
319.194510610
 20
174.044367198
 30
0.000000000
 11
319.128876730
 21
174.185788555
 31
0.000000000
  0
LINE
  5
FC3
330
A02
100
AcDbEntity
  8
Iso
100
AcDbLine
 10
351.649618373
 20
179.065189843
 30
0.000000000
 11
351.649618373
 21
180.044985740
 31
0.000000000
  0
LINE
  5
FC4
330
A02
100
AcDbEntity
  8
Iso
100
AcDbLine
 10
319.194510610
 20
174.044367198
 30
0.000000000
 11
351.649618373
 21
179.065189843
 31
0.000000000
  0
LINE
  5
FC5
330
A02
100
AcDbEntity
  8
Iso
100
AcDbLine
 10
319.194510610
 20
175.024163096
 30
0.000000000
 11
351.649618373
 21
180.044985740
 31
0.000000000
  0
LINE
  5
FC6
330
A02
100
AcDbEntity
  8
Iso
100
AcDbLine
 10
319.308191825
 20
175.759010018
 30
0.000000000
 11
351.225354305
 21
180.696612238
 31
0.000000000
  0
LINE
  5
FC7
330
A02
100
AcDbEntity
  8
Iso
100
AcDbLine
 10
319.194510610
 20
225.320352481
 30
0.000000000
 11
319.194510610
 21
226.300148378
 31
0.000000000
  0
LINE
  5
FC8
330
A02
100
AcDbEntity
  8
Iso
100
AcDbLine
 10
319.194510610
 20
226.300148378
 30
0.000000000
 11
318.883927756
 21
226.969361421
 31
0.000000000
  0
LINE
  5
FC9
330
A02
100
AcDbEntity
  8
Iso
100
AcDbLine
 10
318.883927756
 20
226.790046326
 30
0.000000000
 11
318.883927756
 21
226.969361421
 31
0.000000000
  0
LINE
  5
FCA
330
A02
100
AcDbEntity
  8
Iso
100
AcDbLine
 10
351.649618373
 20
230.341175125
 30
0.000000000
 11
351.649618373
 21
231.320971022
 31
0.000000000
  0
LINE
  5
FCB
330
A02
100
AcDbEntity
  8
Iso
100
AcDbLine
 10
351.649618373
 20
231.320971022
 30
0.000000000
 11
351.339035519
 21
231.990184065
 31
0.000000000
  0
LINE
  5
FCC
330
A02
100
AcDbEntity
  8
Iso
100
AcDbLine
 10
319.194510610
 20
225.320352481
 30
0.000000000
 11
351.649618373
 21
230.341175125
 31
0.000000000
  0
LINE
  5
FCD
330
A02
100
AcDbEntity
  8
Iso
100
AcDbLine
 10
319.194510610
 20
226.300148378
 30
0.000000000
 11
351.649618373
 21
231.320971022
 31
0.000000000
  0
LINE
  5
FCE
330
A02
100
AcDbEntity
  8
Iso
100
AcDbLine
 10
318.883927756
 20
226.969361421
 30
0.000000000
 11
351.339035519
 21
231.990184065
 31
0.000000000
  0
LINE
  5
FCF
330
A02
100
AcDbEntity
  8
Iso
100
AcDbLine
 10
351.960201227
 20
232.169499159
 30
0.000000000
 11
352.808729365
 21
232.659397108
 31
0.000000000
  0
LINE
  5
FD0
330
A02
100
AcDbEntity
  8
Iso
100
AcDbLine
 10
352.808729365
 20
179.423820031
 30
0.000000000
 11
352.808729365
 21
231.679601211
 31
0.000000000
  0
LINE
  5
FD1
330
A02
100
AcDbEntity
  8
Iso
100
AcDbLine
 10
352.808729365
 20
231.679601211
 30
0.000000000
 11
353.657257502
 21
232.169499159
 31
0.000000000
  0
LINE
  5
FD2
330
A02
100
AcDbEntity
  8
Iso
100
AcDbLine
 10
353.657257502
 20
179.913717980
 30
0.000000000
 11
353.657257502
 21
232.169499159
 31
0.000000000
  0
LINE
  5
FD3
330
A02
100
AcDbEntity
  8
Iso
100
AcDbLine
 10
352.808729365
 20
179.423820031
 30
0.000000000
 11
353.657257502
 21
179.913717980
 31
0.000000000
  0
LINE
  5
FD4
330
A02
100
AcDbEntity
  8
Iso
100
AcDbLine
 10
351.960201227
 20
232.169499159
 30
0.000000000
 11
352.808729365
 21
231.679601211
 31
0.000000000
  0
LINE
  5
FD5
330
A02
100
AcDbEntity
  8
Iso
100
AcDbLine
 10
352.808729365
 20
232.659397108
 30
0.000000000
 11
353.657257502
 21
232.169499159
 31
0.000000000
  0
LINE
  5
FD6
330
A02
100
AcDbEntity
  8
Iso
100
AcDbLine
 10
360.967103997
 20
199.810794175
 30
0.000000000
 11
360.967103997
 21
247.430131388
 31
0.000000000
  0
LINE
  5
FD7
330
A02
100
AcDbEntity
  8
Iso
100
AcDbLine
 10
360.967103997
 20
251.086779458
 30
0.000000000
 11
360.967103997
 21
251.576677406
 31
0.000000000
  0
LINE
  5
FD8
330
A02
100
AcDbEntity
  8
Iso
100
AcDbLine
 10
360.967103997
 20
251.576677406
 30
0.000000000
 11
361.815632134
 21
252.066575355
 31
0.000000000
  0
LINE
  5
FD9
330
A02
100
AcDbEntity
  8
Iso
100
AcDbLine
 10
361.815632134
 20
198.962266038
 30
0.000000000
 11
361.815632134
 21
249.258455423
 31
0.000000000
  0
LINE
  5
FDA
330
A02
100
AcDbEntity
  8
Iso
100
AcDbLine
 10
361.815632134
 20
251.086779458
 30
0.000000000
 11
362.664160272
 21
251.576677406
 31
0.000000000
  0
LINE
  5
FDB
330
A02
100
AcDbEntity
  8
Iso
100
AcDbLine
 10
362.664160272
 20
199.320896227
 30
0.000000000
 11
362.664160272
 21
251.576677406
 31
0.000000000
  0
LINE
  5
FDC
330
A02
100
AcDbEntity
  8
Iso
100
AcDbLine
 10
362.239896203
 20
199.075947252
 30
0.000000000
 11
362.664160272
 21
199.320896227
 31
0.000000000
  0
LINE
  5
FDD
330
A02
100
AcDbEntity
  8
Iso
100
AcDbLine
 10
360.967103997
 20
251.576677406
 30
0.000000000
 11
361.815632134
 21
251.086779458
 31
0.000000000
  0
LINE
  5
FDE
330
A02
100
AcDbEntity
  8
Iso
100
AcDbLine
 10
361.815632134
 20
252.066575355
 30
0.000000000
 11
362.664160272
 21
251.576677406
 31
0.000000000
  0
LINE
  5
FDF
330
A02
100
AcDbEntity
  8
Iso
100
AcDbLine
 10
362.239896203
 20
198.896632158
 30
0.000000000
 11
362.239896203
 21
199.876428055
 31
0.000000000
  0
LINE
  5
FE0
330
A02
100
AcDbEntity
  8
Iso
100
AcDbLine
 10
362.239896203
 20
199.876428055
 30
0.000000000
 11
361.080785212
 21
200.055743150
 31
0.000000000
  0
LINE
  5
FE1
330
A02
100
AcDbEntity
  8
Iso
100
AcDbLine
 10
353.657257502
 20
180.403615929
 30
0.000000000
 11
362.239896203
 21
198.896632158
 31
0.000000000
  0
LINE
  5
FE2
330
A02
100
AcDbEntity
  8
Iso
100
AcDbLine
 10
353.657257502
 20
181.383411826
 30
0.000000000
 11
362.239896203
 21
199.876428055
 31
0.000000000
  0
LINE
  5
FE3
330
A02
100
AcDbEntity
  8
Iso
100
AcDbLine
 10
353.657257502
 20
184.060263998
 30
0.000000000
 11
361.080785212
 21
200.055743150
 31
0.000000000
  0
LINE
  5
FE4
330
A02
100
AcDbEntity
  8
Iso
100
AcDbLine
 10
353.543576288
 20
232.235133039
 30
0.000000000
 11
353.543576288
 21
232.414448134
 31
0.000000000
  0
LINE
  5
FE5
330
A02
100
AcDbEntity
  8
Iso
100
AcDbLine
 10
353.543576288
 20
232.414448134
 30
0.000000000
 11
352.384465296
 21
232.593763228
 31
0.000000000
  0
LINE
  5
FE6
330
A02
100
AcDbEntity
  8
Iso
100
AcDbLine
 10
352.384465296
 20
232.414448134
 30
0.000000000
 11
352.384465296
 21
232.593763228
 31
0.000000000
  0
LINE
  5
FE7
330
A02
100
AcDbEntity
  8
Iso
100
AcDbLine
 10
362.239896203
 20
250.172617440
 30
0.000000000
 11
362.239896203
 21
251.152413337
 31
0.000000000
  0
LINE
  5
FE8
330
A02
100
AcDbEntity
  8
Iso
100
AcDbLine
 10
362.239896203
 20
251.152413337
 30
0.000000000
 11
361.080785212
 21
251.331728432
 31
0.000000000
  0
LINE
  5
FE9
330
A02
100
AcDbEntity
  8
Iso
100
AcDbLine
 10
353.657257502
 20
231.679601211
 30
0.000000000
 11
362.239896203
 21
250.172617440
 31
0.000000000
  0
LINE
  5
FEA
330
A02
100
AcDbEntity
  8
Iso
100
AcDbLine
 10
353.543576288
 20
232.414448134
 30
0.000000000
 11
362.239896203
 21
251.152413337
 31
0.000000000
  0
LINE
  5
FEB
330
A02
100
AcDbEntity
  8
Iso
100
AcDbLine
 10
352.384465296
 20
232.593763228
 30
0.000000000
 11
361.080785212
 21
251.331728432
 31
0.000000000
  0
LINE
  5
FEC
330
A02
100
AcDbEntity
  8
Iso
100
AcDbLine
 10
354.523372185
 20
180.354626134
 30
0.000000000
 11
354.523372185
 21
180.485265587
 31
0.000000000
  0
LINE
  5
FED
330
A02
100
AcDbEntity
  8
Iso
100
AcDbLine
 10
354.523372185
 20
180.485265587
 30
0.000000000
 11
353.750631524
 21
180.604808983
 31
0.000000000
  0
LINE
  5
FEE
330
A02
100
AcDbEntity
  8
Iso
100
AcDbLine
 10
354.523372185
 20
180.354626134
 30
0.000000000
 11
353.694062981
 21
180.482920714
 31
0.000000000
  0
LINE
  5
FEF
330
A02
100
AcDbEntity
  8
Iso
100
AcDbLine
 10
354.523372185
 20
180.354626134
 30
0.000000000
 11
355.558648365
 21
182.585336277
 31
0.000000000
  0
LINE
  5
FF0
330
A02
100
AcDbEntity
  8
Iso
100
AcDbLine
 10
355.558648365
 20
182.585336277
 30
0.000000000
 11
355.558648365
 21
182.715975730
 31
0.000000000
  0
LINE
  5
FF1
330
A02
100
AcDbEntity
  8
Iso
100
AcDbLine
 10
354.523372185
 20
180.485265587
 30
0.000000000
 11
355.558648365
 21
182.715975730
 31
0.000000000
  0
LINE
  5
FF2
330
A02
100
AcDbEntity
  8
Iso
100
AcDbLine
 10
355.558648365
 20
182.715975730
 30
0.000000000
 11
354.785907704
 21
182.835519126
 31
0.000000000
  0
LINE
  5
FF3
330
A02
100
AcDbEntity
  8
Iso
100
AcDbLine
 10
354.402384287
 20
181.161471159
 30
0.000000000
 11
354.143565242
 21
180.603793623
 31
0.000000000
  0
LINE
  5
FF4
330
A02
100
AcDbEntity
  8
Iso
100
AcDbLine
 10
354.402384287
 20
181.161471159
 30
0.000000000
 11
354.054650990
 21
181.215265687
 31
0.000000000
  0
LINE
  5
FF5
330
A02
100
AcDbEntity
  8
Iso
100
AcDbLine
 10
354.143565242
 20
180.603793623
 30
0.000000000
 11
353.795831945
 21
180.657588152
 31
0.000000000
  0
LINE
  5
FF6
330
A02
100
AcDbEntity
  8
Iso
100
AcDbLine
 10
354.054650990
 20
181.215265687
 30
0.000000000
 11
353.795831945
 21
180.657588152
 31
0.000000000
  0
LINE
  5
FF7
330
A02
100
AcDbEntity
  8
Iso
100
AcDbLine
 10
355.127077614
 20
182.722968259
 30
0.000000000
 11
354.868258569
 21
182.165290724
 31
0.000000000
  0
LINE
  5
FF8
330
A02
100
AcDbEntity
  8
Iso
100
AcDbLine
 10
355.127077614
 20
182.722968259
 30
0.000000000
 11
354.779344316
 21
182.776762788
 31
0.000000000
  0
LINE
  5
FF9
330
A02
100
AcDbEntity
  8
Iso
100
AcDbLine
 10
354.868258569
 20
182.165290724
 30
0.000000000
 11
354.520525271
 21
182.219085252
 31
0.000000000
  0
LINE
  5
FFA
330
A02
100
AcDbEntity
  8
Iso
100
AcDbLine
 10
354.779344316
 20
182.776762788
 30
0.000000000
 11
354.520525271
 21
182.219085252
 31
0.000000000
  0
LINE
  5
FFB
330
A02
100
AcDbEntity
  8
Iso
100
AcDbLine
 10
354.345815745
 20
181.039582890
 30
0.000000000
 11
354.054650990
 21
181.084626234
 31
0.000000000
  0
LINE
  5
FFC
330
A02
100
AcDbEntity
  8
Iso
100
AcDbLine
 10
354.054650990
 20
181.084626234
 30
0.000000000
 11
353.852400487
 21
180.648836968
 31
0.000000000
  0
LINE
  5
FFD
330
A02
100
AcDbEntity
  8
Iso
100
AcDbLine
 10
355.070509071
 20
182.601079990
 30
0.000000000
 11
354.779344316
 21
182.646123335
 31
0.000000000
  0
LINE
  5
FFE
330
A02
100
AcDbEntity
  8
Iso
100
AcDbLine
 10
354.779344316
 20
182.646123335
 30
0.000000000
 11
354.577093814
 21
182.210334068
 31
0.000000000
  0
LINE
  5
FFF
330
A02
100
AcDbEntity
  8
Iso
100
AcDbLine
 10
354.054650990
 20
181.084626234
 30
0.000000000
 11
354.054650990
 21
181.215265687
 31
0.000000000
  0
LINE
  5
1000
330
A02
100
AcDbEntity
  8
Iso
100
AcDbLine
 10
354.779344316
 20
182.646123335
 30
0.000000000
 11
354.779344316
 21
182.776762788
 31
0.000000000
  0
LWPOLYLINE
  5
1001
330
A02
100
AcDbEntity
100
AcDbPolyline
  8
Iso
 90
2
 70
0
 43
0
 10
352.841198665
 20
178.185889000
 10
352.712257540
 20
179.368121998
  0
LWPOLYLINE
  5
1002
330
A02
100
AcDbEntity
100
AcDbPolyline
  8
Iso
 90
2
 70
0
 43
0
 10
354.672597475
 20
180.676161946
 10
354.077583722
 20
177.994619566
  0
LWPOLYLINE
  5
1003
330
A02
100
AcDbEntity
100
AcDbPolyline
  8
Iso
 90
2
 70
0
 43
0
 10
354.077583722
 20
177.994619566
 10
354.128269739
 20
180.179466727
  0
LINE
  5
1004
330
A02
100
AcDbEntity
  8
Iso
100
AcDbLine
 10
354.146067192
 20
180.176713452
 30
0.000000000
 11
354.146067192
 21
180.383967853
 31
0.000000000
  0
LINE
  5
1005
330
A02
100
AcDbEntity
  8
Iso
100
AcDbLine
 10
354.146067192
 20
180.176713452
 30
0.000000000
 11
353.657257502
 21
180.252332574
 31
0.000000000
  0
LINE
  5
1006
330
A02
100
AcDbEntity
  8
Iso
100
AcDbLine
 10
354.146067192
 20
180.176713452
 30
0.000000000
 11
354.235810980
 21
180.370084441
 31
0.000000000
  0
LINE
  5
1007
330
A02
100
AcDbEntity
  8
Iso
100
AcDbLine
 10
354.374186257
 20
180.348677711
 30
0.000000000
 11
354.374186257
 21
180.377705277
 31
0.000000000
  0
LINE
  5
1008
330
A02
100
AcDbEntity
  8
Iso
100
AcDbLine
 10
354.374186257
 20
180.348677711
 30
0.000000000
 11
353.681493676
 21
180.455837626
 31
0.000000000
  0
LINE
  5
1009
330
A02
100
AcDbEntity
  8
Iso
100
AcDbLine
 10
355.052391738
 20
182.562042563
 30
0.000000000
 11
354.761226983
 21
182.607085907
 31
0.000000000
  0
LINE
  5
100A
330
A02
100
AcDbEntity
  8
Iso
100
AcDbLine
 10
354.374186257
 20
180.348677711
 30
0.000000000
 11
354.386755562
 21
180.375760799
 31
0.000000000
  0
LINE
  5
100B
330
A02
100
AcDbEntity
  8
Iso
100
AcDbLine
 10
361.770305448
 20
195.969597137
 30
0.000000000
 11
361.770305448
 21
196.100236590
 31
0.000000000
  0
LINE
  5
100C
330
A02
100
AcDbEntity
  8
Iso
100
AcDbLine
 10
361.770305448
 20
196.100236590
 30
0.000000000
 11
360.997564787
 21
196.219779986
 31
0.000000000
  0
LINE
  5
100D
330
A02
100
AcDbEntity
  8
Iso
100
AcDbLine
 10
359.414189726
 20
196.464728960
 30
0.000000000
 11
359.065713134
 21
196.518638477
 31
0.000000000
  0
LINE
  5
100E
330
A02
100
AcDbEntity
  8
Iso
100
AcDbLine
 10
359.065713134
 20
196.387999024
 30
0.000000000
 11
359.065713134
 21
196.518638477
 31
0.000000000
  0
LINE
  5
100F
330
A02
100
AcDbEntity
  8
Iso
100
AcDbLine
 10
361.770305448
 20
195.969597137
 30
0.000000000
 11
360.940996244
 21
196.097891717
 31
0.000000000
  0
LINE
  5
1010
330
A02
100
AcDbEntity
  8
Iso
100
AcDbLine
 10
359.357621184
 20
196.342840691
 30
0.000000000
 11
359.065713134
 21
196.387999024
 31
0.000000000
  0
LINE
  5
1011
330
A02
100
AcDbEntity
  8
Iso
100
AcDbLine
 10
361.770305448
 20
195.969597137
 30
0.000000000
 11
362.805581628
 21
198.200307280
 31
0.000000000
  0
LINE
  5
1012
330
A02
100
AcDbEntity
  8
Iso
100
AcDbLine
 10
362.805581628
 20
198.200307280
 30
0.000000000
 11
362.805581628
 21
198.330946733
 31
0.000000000
  0
LINE
  5
1013
330
A02
100
AcDbEntity
  8
Iso
100
AcDbLine
 10
361.770305448
 20
196.100236590
 30
0.000000000
 11
362.805581628
 21
198.330946733
 31
0.000000000
  0
LINE
  5
1014
330
A02
100
AcDbEntity
  8
Iso
100
AcDbLine
 10
359.065713134
 20
196.518638477
 30
0.000000000
 11
360.100989315
 21
198.749348620
 31
0.000000000
  0
LINE
  5
1015
330
A02
100
AcDbEntity
  8
Iso
100
AcDbLine
 10
362.805581628
 20
198.330946733
 30
0.000000000
 11
362.032840967
 21
198.450490129
 31
0.000000000
  0
LINE
  5
1016
330
A02
100
AcDbEntity
  8
Iso
100
AcDbLine
 10
360.449465907
 20
198.695439104
 30
0.000000000
 11
360.100989315
 21
198.749348620
 31
0.000000000
  0
LINE
  5
1017
330
A02
100
AcDbEntity
  8
Iso
100
AcDbLine
 10
361.649317550
 20
196.776442162
 30
0.000000000
 11
361.390498505
 21
196.218764626
 31
0.000000000
  0
LINE
  5
1018
330
A02
100
AcDbEntity
  8
Iso
100
AcDbLine
 10
361.649317550
 20
196.776442162
 30
0.000000000
 11
361.301584253
 21
196.830236691
 31
0.000000000
  0
LINE
  5
1019
330
A02
100
AcDbEntity
  8
Iso
100
AcDbLine
 10
361.390498505
 20
196.218764626
 30
0.000000000
 11
361.042765208
 21
196.272559155
 31
0.000000000
  0
LINE
  5
101A
330
A02
100
AcDbEntity
  8
Iso
100
AcDbLine
 10
361.301584253
 20
196.830236691
 30
0.000000000
 11
361.042765208
 21
196.272559155
 31
0.000000000
  0
LINE
  5
101B
330
A02
100
AcDbEntity
  8
Iso
100
AcDbLine
 10
362.374010877
 20
198.337939263
 30
0.000000000
 11
362.115191831
 21
197.780261727
 31
0.000000000
  0
LINE
  5
101C
330
A02
100
AcDbEntity
  8
Iso
100
AcDbLine
 10
362.374010877
 20
198.337939263
 30
0.000000000
 11
362.026277579
 21
198.391733791
 31
0.000000000
  0
LINE
  5
101D
330
A02
100
AcDbEntity
  8
Iso
100
AcDbLine
 10
362.115191831
 20
197.780261727
 30
0.000000000
 11
361.767458534
 21
197.834056255
 31
0.000000000
  0
LINE
  5
101E
330
A02
100
AcDbEntity
  8
Iso
100
AcDbLine
 10
362.026277579
 20
198.391733791
 30
0.000000000
 11
361.767458534
 21
197.834056255
 31
0.000000000
  0
LINE
  5
101F
330
A02
100
AcDbEntity
  8
Iso
100
AcDbLine
 10
361.592749008
 20
196.654553893
 30
0.000000000
 11
361.301584253
 21
196.699597238
 31
0.000000000
  0
LINE
  5
1020
330
A02
100
AcDbEntity
  8
Iso
100
AcDbLine
 10
361.301584253
 20
196.699597238
 30
0.000000000
 11
361.099333750
 21
196.263807971
 31
0.000000000
  0
LINE
  5
1021
330
A02
100
AcDbEntity
  8
Iso
100
AcDbLine
 10
362.317442334
 20
198.216050994
 30
0.000000000
 11
362.026277579
 21
198.261094338
 31
0.000000000
  0
LINE
  5
1022
330
A02
100
AcDbEntity
  8
Iso
100
AcDbLine
 10
362.026277579
 20
198.261094338
 30
0.000000000
 11
361.824027077
 21
197.825305071
 31
0.000000000
  0
LINE
  5
1023
330
A02
100
AcDbEntity
  8
Iso
100
AcDbLine
 10
361.301584253
 20
196.699597238
 30
0.000000000
 11
361.301584253
 21
196.830236691
 31
0.000000000
  0
LINE
  5
1024
330
A02
100
AcDbEntity
  8
Iso
100
AcDbLine
 10
362.026277579
 20
198.261094338
 30
0.000000000
 11
362.026277579
 21
198.391733791
 31
0.000000000
  0
LWPOLYLINE
  5
1025
330
A02
100
AcDbEntity
100
AcDbPolyline
  8
Iso
 90
2
 70
0
 43
0
 10
360.088131928
 20
193.800860003
 10
359.967289901
 20
193.999846134
  0
LWPOLYLINE
  5
1026
330
A02
100
AcDbEntity
100
AcDbPolyline
  8
Iso
 90
2
 70
0
 43
0
 10
361.919530737
 20
196.291132949
 10
361.324516985
 20
193.609590569
  0
LWPOLYLINE
  5
1027
330
A02
100
AcDbEntity
100
AcDbPolyline
  8
Iso
 90
2
 70
0
 43
0
 10
361.324516985
 20
193.609590569
 10
361.375203002
 20
195.794437730
  0
LINE
  5
1028
330
A02
100
AcDbEntity
  8
Iso
100
AcDbLine
 10
361.393000455
 20
195.791684455
 30
0.000000000
 11
361.393000455
 21
195.998938856
 31
0.000000000
  0
LINE
  5
1029
330
A02
100
AcDbEntity
  8
Iso
100
AcDbLine
 10
361.393000455
 20
195.791684455
 30
0.000000000
 11
360.838683151
 21
195.877437640
 31
0.000000000
  0
LINE
  5
102A
330
A02
100
AcDbEntity
  8
Iso
100
AcDbLine
 10
361.393000455
 20
195.791684455
 30
0.000000000
 11
361.482744243
 21
195.985055444
 31
0.000000000
  0
LINE
  5
102B
330
A02
100
AcDbEntity
  8
Iso
100
AcDbLine
 10
361.621119520
 20
195.963648714
 30
0.000000000
 11
361.621119520
 21
195.992676280
 31
0.000000000
  0
LINE
  5
102C
330
A02
100
AcDbEntity
  8
Iso
100
AcDbLine
 10
359.302897537
 20
196.322278903
 30
0.000000000
 11
359.302897537
 21
196.351306469
 31
0.000000000
  0
LINE
  5
102D
330
A02
100
AcDbEntity
  8
Iso
100
AcDbLine
 10
361.621119520
 20
195.963648714
 30
0.000000000
 11
360.928426939
 21
196.070808629
 31
0.000000000
  0
LINE
  5
102E
330
A02
100
AcDbEntity
  8
Iso
100
AcDbLine
 10
359.345051879
 20
196.315757603
 30
0.000000000
 11
359.302897537
 21
196.322278903
 31
0.000000000
  0
LINE
  5
102F
330
A02
100
AcDbEntity
  8
Iso
100
AcDbLine
 10
362.299325001
 20
198.177013566
 30
0.000000000
 11
362.008160246
 21
198.222056910
 31
0.000000000
  0
LINE
  5
1030
330
A02
100
AcDbEntity
  8
Iso
100
AcDbLine
 10
361.621119520
 20
195.963648714
 30
0.000000000
 11
361.633688825
 21
195.990731802
 31
0.000000000
  0
LINE
  5
1031
330
A02
100
AcDbEntity
  8
Iso
100
AcDbLine
 10
295.550142853
 20
183.466086277
 30
0.000000000
 11
296.455239533
 21
183.988644089
 31
0.000000000
  0
LINE
  5
1032
330
A02
100
AcDbEntity
  8
Iso
100
AcDbLine
 10
294.050142853
 20
186.064162488
 30
0.000000000
 11
294.304234483
 21
186.210862359
 31
0.000000000
  0
LINE
  5
1033
330
A02
100
AcDbEntity
  8
Iso
100
AcDbLine
 10
315.349132727
 20
172.035134144
 30
0.000000000
 11
316.254229407
 21
172.557691956
 31
0.000000000
  0
LINE
  5
1034
330
A02
100
AcDbEntity
  8
Iso
100
AcDbLine
 10
313.849132727
 20
174.633210355
 30
0.000000000
 11
314.103224356
 21
174.779910226
 31
0.000000000
  0
LINE
  5
1035
330
A02
100
AcDbEntity
  8
Iso
100
AcDbLine
 10
354.077583722
 20
177.994619566
 30
0.000000000
 11
352.841198665
 21
178.185889000
 31
0.000000000
  0
LINE
  5
1036
330
A02
100
AcDbEntity
  8
Iso
100
AcDbLine
 10
361.324516985
 20
193.609590569
 30
0.000000000
 11
360.088131928
 21
193.800860003
 31
0.000000000
  0
LINE
  5
1037
330
A02
100
AcDbEntity
  8
Iso
100
AcDbLine
 10
292.848528137
 20
189.141546056
 30
0.000000000
 11
292.848528137
 21
241.397327236
 31
0.000000000
  0
LINE
  5
1038
330
A02
100
AcDbEntity
  8
Iso
100
AcDbLine
 10
292.000000000
 20
188.651648108
 30
0.000000000
 11
292.848528137
 21
189.141546056
 31
0.000000000
  0
LINE
  5
1039
330
A02
100
AcDbEntity
  8
Iso
100
AcDbLine
 10
293.697056275
 20
188.651648108
 30
0.000000000
 11
293.697056275
 21
189.631444005
 31
0.000000000
  0
LINE
  5
103A
330
A02
100
AcDbEntity
  8
Iso
100
AcDbLine
 10
293.697056275
 20
238.947837493
 30
0.000000000
 11
293.697056275
 21
240.907429287
 31
0.000000000
  0
LINE
  5
103B
330
A02
100
AcDbEntity
  8
Iso
100
AcDbLine
 10
292.848528137
 20
188.161750159
 30
0.000000000
 11
293.697056275
 21
188.651648108
 31
0.000000000
  0
LINE
  5
103C
330
A02
100
AcDbEntity
  8
Iso
100
AcDbLine
 10
292.848528137
 20
189.141546056
 30
0.000000000
 11
293.697056275
 21
188.651648108
 31
0.000000000
  0
LINE
  5
103D
330
A02
100
AcDbEntity
  8
Iso
100
AcDbLine
 10
317.455844123
 20
174.934505548
 30
0.000000000
 11
317.455844123
 21
227.190286728
 31
0.000000000
  0
LINE
  5
103E
330
A02
100
AcDbEntity
  8
Iso
100
AcDbLine
 10
316.607315985
 20
174.444607600
 30
0.000000000
 11
317.455844123
 21
174.934505548
 31
0.000000000
  0
LINE
  5
103F
330
A02
100
AcDbEntity
  8
Iso
100
AcDbLine
 10
318.304372260
 20
174.444607600
 30
0.000000000
 11
318.304372260
 21
226.700388779
 31
0.000000000
  0
LINE
  5
1040
330
A02
100
AcDbEntity
  8
Iso
100
AcDbLine
 10
317.823267584
 20
174.166841686
 30
0.000000000
 11
318.304372260
 21
174.444607600
 31
0.000000000
  0
LINE
  5
1041
330
A02
100
AcDbEntity
  8
Iso
100
AcDbLine
 10
317.455844123
 20
174.934505548
 30
0.000000000
 11
318.304372260
 21
174.444607600
 31
0.000000000
  0
LINE
  5
1042
330
A02
100
AcDbEntity
  8
Iso
100
AcDbLine
 10
293.697056275
 20
188.651648108
 30
0.000000000
 11
293.697056275
 21
189.631444005
 31
0.000000000
  0
LINE
  5
1043
330
A02
100
AcDbEntity
  8
Iso
100
AcDbLine
 10
292.848528137
 20
188.161750159
 30
0.000000000
 11
293.697056275
 21
188.651648108
 31
0.000000000
  0
LINE
  5
1044
330
A02
100
AcDbEntity
  8
Iso
100
AcDbLine
 10
316.607315985
 20
175.424403497
 30
0.000000000
 11
317.455844123
 21
175.914301445
 31
0.000000000
  0
LINE
  5
1045
330
A02
100
AcDbEntity
  8
Iso
100
AcDbLine
 10
317.455844123
 20
174.934505548
 30
0.000000000
 11
317.455844123
 21
175.914301445
 31
0.000000000
  0
LINE
  5
1046
330
A02
100
AcDbEntity
  8
Iso
100
AcDbLine
 10
316.607315985
 20
174.444607600
 30
0.000000000
 11
317.455844123
 21
174.934505548
 31
0.000000000
  0
LINE
  5
1047
330
A02
100
AcDbEntity
  8
Iso
100
AcDbLine
 10
293.697056275
 20
188.651648108
 30
0.000000000
 11
317.455844123
 21
174.934505548
 31
0.000000000
  0
LINE
  5
1048
330
A02
100
AcDbEntity
  8
Iso
100
AcDbLine
 10
316.607315985
 20
176.404199394
 30
0.000000000
 11
317.455844123
 21
175.914301445
 31
0.000000000
  0
LINE
  5
1049
330
A02
100
AcDbEntity
  8
Iso
100
AcDbLine
 10
293.697056275
 20
239.927633390
 30
0.000000000
 11
293.697056275
 21
240.907429287
 31
0.000000000
  0
LINE
  5
104A
330
A02
100
AcDbEntity
  8
Iso
100
AcDbLine
 10
292.848528137
 20
239.437735442
 30
0.000000000
 11
293.697056275
 21
239.927633390
 31
0.000000000
  0
LINE
  5
104B
330
A02
100
AcDbEntity
  8
Iso
100
AcDbLine
 10
317.455844123
 20
226.210490831
 30
0.000000000
 11
317.455844123
 21
227.190286728
 31
0.000000000
  0
LINE
  5
104C
330
A02
100
AcDbEntity
  8
Iso
100
AcDbLine
 10
316.607315985
 20
225.720592882
 30
0.000000000
 11
317.455844123
 21
226.210490831
 31
0.000000000
  0
LINE
  5
104D
330
A02
100
AcDbEntity
  8
Iso
100
AcDbLine
 10
293.697056275
 20
239.927633390
 30
0.000000000
 11
317.455844123
 21
226.210490831
 31
0.000000000
  0
LINE
  5
104E
330
A02
100
AcDbEntity
  8
Iso
100
AcDbLine
 10
293.414213562
 20
187.835151527
 30
0.000000000
 11
294.828427125
 21
188.651648108
 31
0.000000000
  0
LINE
  5
104F
330
A02
100
AcDbEntity
  8
Iso
100
AcDbLine
 10
294.828427125
 20
188.521008655
 30
0.000000000
 11
294.828427125
 21
188.651648108
 31
0.000000000
  0
LINE
  5
1050
330
A02
100
AcDbEntity
  8
Iso
100
AcDbLine
 10
292.848528137
 20
187.377913442
 30
0.000000000
 11
294.828427125
 21
188.521008655
 31
0.000000000
  0
LINE
  5
1051
330
A02
100
AcDbEntity
  8
Iso
100
AcDbLine
 10
294.828427125
 20
188.651648108
 30
0.000000000
 11
297.656854249
 21
187.018654946
 31
0.000000000
  0
LINE
  5
1052
330
A02
100
AcDbEntity
  8
Iso
100
AcDbLine
 10
296.242640687
 20
186.202158365
 30
0.000000000
 11
297.656854249
 21
187.018654946
 31
0.000000000
  0
LINE
  5
1053
330
A02
100
AcDbEntity
  8
Iso
100
AcDbLine
 10
295.054701295
 20
187.884141322
 30
0.000000000
 11
294.347594514
 21
188.292389612
 31
0.000000000
  0
LINE
  5
1054
330
A02
100
AcDbEntity
  8
Iso
100
AcDbLine
 10
295.054701295
 20
187.884141322
 30
0.000000000
 11
295.309259736
 21
188.031110706
 31
0.000000000
  0
LINE
  5
1055
330
A02
100
AcDbEntity
  8
Iso
100
AcDbLine
 10
294.347594514
 20
188.292389612
 30
0.000000000
 11
294.602152955
 21
188.439358997
 31
0.000000000
  0
LINE
  5
1056
330
A02
100
AcDbEntity
  8
Iso
100
AcDbLine
 10
295.309259736
 20
188.031110706
 30
0.000000000
 11
294.602152955
 21
188.439358997
 31
0.000000000
  0
LINE
  5
1057
330
A02
100
AcDbEntity
  8
Iso
100
AcDbLine
 10
297.034600282
 20
186.741046109
 30
0.000000000
 11
296.327493501
 21
187.149294399
 31
0.000000000
  0
LINE
  5
1058
330
A02
100
AcDbEntity
  8
Iso
100
AcDbLine
 10
297.034600282
 20
186.741046109
 30
0.000000000
 11
297.289158723
 21
186.888015493
 31
0.000000000
  0
LINE
  5
1059
330
A02
100
AcDbEntity
  8
Iso
100
AcDbLine
 10
297.289158723
 20
186.888015493
 30
0.000000000
 11
296.582051942
 21
187.296263784
 31
0.000000000
  0
LINE
  5
105A
330
A02
100
AcDbEntity
  8
Iso
100
AcDbLine
 10
296.327493501
 20
187.149294399
 30
0.000000000
 11
296.582051942
 21
187.296263784
 31
0.000000000
  0
LINE
  5
105B
330
A02
100
AcDbEntity
  8
Iso
100
AcDbLine
 10
294.828427125
 20
188.521008655
 30
0.000000000
 11
297.656854249
 21
186.888015493
 31
0.000000000
  0
LINE
  5
105C
330
A02
100
AcDbEntity
  8
Iso
100
AcDbLine
 10
297.656854249
 20
186.888015493
 30
0.000000000
 11
297.656854249
 21
187.018654946
 31
0.000000000
  0
LINE
  5
105D
330
A02
100
AcDbEntity
  8
Iso
100
AcDbLine
 10
296.355777772
 20
186.136838639
 30
0.000000000
 11
297.656854249
 21
186.888015493
 31
0.000000000
  0
LINE
  5
105E
330
A02
100
AcDbEntity
  8
Iso
100
AcDbLine
 10
293.923330445
 20
187.100304604
 30
0.000000000
 11
293.216223664
 21
187.508552895
 31
0.000000000
  0
LINE
  5
105F
330
A02
100
AcDbEntity
  8
Iso
100
AcDbLine
 10
293.923330445
 20
187.100304604
 30
0.000000000
 11
294.177888886
 21
187.247273989
 31
0.000000000
  0
LINE
  5
1060
330
A02
100
AcDbEntity
  8
Iso
100
AcDbLine
 10
293.216223664
 20
187.508552895
 30
0.000000000
 11
293.329360749
 21
187.573872621
 31
0.000000000
  0
LINE
  5
1061
330
A02
100
AcDbEntity
  8
Iso
100
AcDbLine
 10
294.177888886
 20
187.247273989
 30
0.000000000
 11
294.064751801
 21
187.312593715
 31
0.000000000
  0
LINE
  5
1062
330
A02
100
AcDbEntity
  8
Iso
100
AcDbLine
 10
295.903229432
 20
185.957209391
 30
0.000000000
 11
295.196122651
 21
186.365457681
 31
0.000000000
  0
LINE
  5
1063
330
A02
100
AcDbEntity
  8
Iso
100
AcDbLine
 10
295.903229432
 20
185.957209391
 30
0.000000000
 11
296.157787873
 21
186.104178775
 31
0.000000000
  0
LINE
  5
1064
330
A02
100
AcDbEntity
  8
Iso
100
AcDbLine
 10
295.196122651
 20
186.365457681
 30
0.000000000
 11
295.309259736
 21
186.430777408
 31
0.000000000
  0
LINE
  5
1065
330
A02
100
AcDbEntity
  8
Iso
100
AcDbLine
 10
296.157787873
 20
186.104178775
 30
0.000000000
 11
296.044650788
 21
186.169498502
 31
0.000000000
  0
LINE
  5
1066
330
A02
100
AcDbEntity
  8
Iso
100
AcDbLine
 10
295.054701295
 20
187.753501869
 30
0.000000000
 11
294.347594514
 21
188.161750159
 31
0.000000000
  0
LINE
  5
1067
330
A02
100
AcDbEntity
  8
Iso
100
AcDbLine
 10
295.054701295
 20
187.753501869
 30
0.000000000
 11
295.309259736
 21
187.900471253
 31
0.000000000
  0
LINE
  5
1068
330
A02
100
AcDbEntity
  8
Iso
100
AcDbLine
 10
294.347594514
 20
188.161750159
 30
0.000000000
 11
294.602152955
 21
188.308719544
 31
0.000000000
  0
LINE
  5
1069
330
A02
100
AcDbEntity
  8
Iso
100
AcDbLine
 10
295.309259736
 20
187.900471253
 30
0.000000000
 11
294.602152955
 21
188.308719544
 31
0.000000000
  0
LINE
  5
106A
330
A02
100
AcDbEntity
  8
Iso
100
AcDbLine
 10
297.034600282
 20
186.610406656
 30
0.000000000
 11
296.327493501
 21
187.018654946
 31
0.000000000
  0
LINE
  5
106B
330
A02
100
AcDbEntity
  8
Iso
100
AcDbLine
 10
297.034600282
 20
186.610406656
 30
0.000000000
 11
297.289158723
 21
186.757376040
 31
0.000000000
  0
LINE
  5
106C
330
A02
100
AcDbEntity
  8
Iso
100
AcDbLine
 10
297.289158723
 20
186.757376040
 30
0.000000000
 11
296.582051942
 21
187.165624331
 31
0.000000000
  0
LINE
  5
106D
330
A02
100
AcDbEntity
  8
Iso
100
AcDbLine
 10
296.327493501
 20
187.018654946
 30
0.000000000
 11
296.582051942
 21
187.165624331
 31
0.000000000
  0
LINE
  5
106E
330
A02
100
AcDbEntity
  8
Iso
100
AcDbLine
 10
293.923330445
 20
187.100304604
 30
0.000000000
 11
293.923330445
 21
187.230944057
 31
0.000000000
  0
LINE
  5
106F
330
A02
100
AcDbEntity
  8
Iso
100
AcDbLine
 10
293.216223664
 20
187.508552895
 30
0.000000000
 11
293.216223664
 21
187.639192348
 31
0.000000000
  0
LINE
  5
1070
330
A02
100
AcDbEntity
  8
Iso
100
AcDbLine
 10
294.177888886
 20
187.247273989
 30
0.000000000
 11
294.177888886
 21
187.377913442
 31
0.000000000
  0
LINE
  5
1071
330
A02
100
AcDbEntity
  8
Iso
100
AcDbLine
 10
295.903229432
 20
185.957209391
 30
0.000000000
 11
295.903229432
 21
186.087848844
 31
0.000000000
  0
LINE
  5
1072
330
A02
100
AcDbEntity
  8
Iso
100
AcDbLine
 10
295.196122651
 20
186.365457681
 30
0.000000000
 11
295.196122651
 21
186.496097134
 31
0.000000000
  0
LINE
  5
1073
330
A02
100
AcDbEntity
  8
Iso
100
AcDbLine
 10
296.157787873
 20
186.104178775
 30
0.000000000
 11
296.157787873
 21
186.234818228
 31
0.000000000
  0
LINE
  5
1074
330
A02
100
AcDbEntity
  8
Iso
100
AcDbLine
 10
295.054701295
 20
187.753501869
 30
0.000000000
 11
295.054701295
 21
187.884141322
 31
0.000000000
  0
LINE
  5
1075
330
A02
100
AcDbEntity
  8
Iso
100
AcDbLine
 10
294.347594514
 20
188.161750159
 30
0.000000000
 11
294.347594514
 21
188.292389612
 31
0.000000000
  0
LINE
  5
1076
330
A02
100
AcDbEntity
  8
Iso
100
AcDbLine
 10
295.309259736
 20
187.900471253
 30
0.000000000
 11
295.309259736
 21
188.031110706
 31
0.000000000
  0
LINE
  5
1077
330
A02
100
AcDbEntity
  8
Iso
100
AcDbLine
 10
294.602152955
 20
188.308719544
 30
0.000000000
 11
294.602152955
 21
188.439358997
 31
0.000000000
  0
LINE
  5
1078
330
A02
100
AcDbEntity
  8
Iso
100
AcDbLine
 10
297.034600282
 20
186.610406656
 30
0.000000000
 11
297.034600282
 21
186.741046109
 31
0.000000000
  0
LINE
  5
1079
330
A02
100
AcDbEntity
  8
Iso
100
AcDbLine
 10
296.327493501
 20
187.018654946
 30
0.000000000
 11
296.327493501
 21
187.149294399
 31
0.000000000
  0
LINE
  5
107A
330
A02
100
AcDbEntity
  8
Iso
100
AcDbLine
 10
297.289158723
 20
186.757376040
 30
0.000000000
 11
297.289158723
 21
186.888015493
 31
0.000000000
  0
LINE
  5
107B
330
A02
100
AcDbEntity
  8
Iso
100
AcDbLine
 10
296.582051942
 20
187.165624331
 30
0.000000000
 11
296.582051942
 21
187.296263784
 31
0.000000000
  0
LWPOLYLINE
  5
107C
330
A02
100
AcDbEntity
100
AcDbPolyline
  8
Iso
 90
2
 70
0
 43
0
 10
295.705239533
 20
186.512427066
 10
296.221600773
 20
186.059371512
  0
LWPOLYLINE
  5
107D
330
A02
100
AcDbEntity
100
AcDbPolyline
  8
Iso
 90
2
 70
0
 43
0
 10
296.455239533
 20
183.988644089
 10
294.955239533
 20
186.586720300
  0
LWPOLYLINE
  5
107E
330
A02
100
AcDbEntity
100
AcDbPolyline
  8
Iso
 90
2
 70
0
 43
0
 10
294.955239533
 20
186.586720300
 10
295.705239533
 20
186.512427066
  0
LWPOLYLINE
  5
107F
330
A02
100
AcDbEntity
100
AcDbPolyline
  8
Iso
 90
2
 70
0
 43
0
 10
294.800142853
 20
185.989869254
 10
295.141903003
 20
185.727234213
  0
LWPOLYLINE
  5
1080
330
A02
100
AcDbEntity
100
AcDbPolyline
  8
Iso
 90
2
 70
0
 43
0
 10
294.458382704
 20
186.121864842
 10
294.800142853
 20
185.989869254
  0
LINE
  5
1081
330
A02
100
AcDbEntity
  8
Iso
100
AcDbLine
 10
294.093036072
 20
186.659396450
 30
0.000000000
 11
294.093036072
 21
187.083974673
 31
0.000000000
  0
LINE
  5
1082
330
A02
100
AcDbEntity
  8
Iso
100
AcDbLine
 10
294.093036072
 20
187.083974673
 30
0.000000000
 11
295.111269837
 21
187.671852211
 31
0.000000000
  0
LINE
  5
1083
330
A02
100
AcDbEntity
  8
Iso
100
AcDbLine
 10
295.111269837
 20
186.920675356
 30
0.000000000
 11
295.111269837
 21
187.671852211
 31
0.000000000
  0
LINE
  5
1084
330
A02
100
AcDbEntity
  8
Iso
100
AcDbLine
 10
294.093036072
 20
186.332797818
 30
0.000000000
 11
295.111269837
 21
186.920675356
 31
0.000000000
  0
LINE
  5
1085
330
A02
100
AcDbEntity
  8
Iso
100
AcDbLine
 10
295.394112550
 20
185.908219596
 30
0.000000000
 11
295.394112550
 21
186.332797818
 31
0.000000000
  0
LINE
  5
1086
330
A02
100
AcDbEntity
  8
Iso
100
AcDbLine
 10
295.394112550
 20
186.332797818
 30
0.000000000
 11
296.412346315
 21
186.920675356
 31
0.000000000
  0
LINE
  5
1087
330
A02
100
AcDbEntity
  8
Iso
100
AcDbLine
 10
296.412346315
 20
186.169498502
 30
0.000000000
 11
296.412346315
 21
186.920675356
 31
0.000000000
  0
LINE
  5
1088
330
A02
100
AcDbEntity
  8
Iso
100
AcDbLine
 10
295.676955262
 20
185.744920280
 30
0.000000000
 11
296.412346315
 21
186.169498502
 31
0.000000000
  0
LINE
  5
1089
330
A02
100
AcDbEntity
  8
Iso
100
AcDbLine
 10
294.093036072
 20
187.083974673
 30
0.000000000
 11
295.394112550
 21
186.332797818
 31
0.000000000
  0
LINE
  5
108A
330
A02
100
AcDbEntity
  8
Iso
100
AcDbLine
 10
295.111269837
 20
186.920675356
 30
0.000000000
 11
296.412346315
 21
186.169498502
 31
0.000000000
  0
LINE
  5
108B
330
A02
100
AcDbEntity
  8
Iso
100
AcDbLine
 10
295.111269837
 20
187.671852211
 30
0.000000000
 11
296.412346315
 21
186.920675356
 31
0.000000000
  0
LINE
  5
108C
330
A02
100
AcDbEntity
  8
Iso
100
AcDbLine
 10
293.110157646
 20
187.259521437
 30
0.000000000
 11
293.110157646
 21
187.390160890
 31
0.000000000
  0
LINE
  5
108D
330
A02
100
AcDbEntity
  8
Iso
100
AcDbLine
 10
293.110157646
 20
187.390160890
 30
0.000000000
 11
293.378858223
 21
187.545295241
 31
0.000000000
  0
LINE
  5
108E
330
A02
100
AcDbEntity
  8
Iso
100
AcDbLine
 10
293.520279580
 20
187.626944899
 30
0.000000000
 11
294.807213921
 21
188.369956788
 31
0.000000000
  0
LINE
  5
108F
330
A02
100
AcDbEntity
  8
Iso
100
AcDbLine
 10
294.807213921
 20
188.239317335
 30
0.000000000
 11
294.807213921
 21
188.369956788
 31
0.000000000
  0
LINE
  5
1090
330
A02
100
AcDbEntity
  8
Iso
100
AcDbLine
 10
293.110157646
 20
187.259521437
 30
0.000000000
 11
294.807213921
 21
188.239317335
 31
0.000000000
  0
LINE
  5
1091
330
A02
100
AcDbEntity
  8
Iso
100
AcDbLine
 10
295.698168466
 20
185.765332694
 30
0.000000000
 11
295.698168466
 21
185.895972147
 31
0.000000000
  0
LINE
  5
1092
330
A02
100
AcDbEntity
  8
Iso
100
AcDbLine
 10
295.698168466
 20
185.895972147
 30
0.000000000
 11
297.395224740
 21
186.875768044
 31
0.000000000
  0
LINE
  5
1093
330
A02
100
AcDbEntity
  8
Iso
100
AcDbLine
 10
297.395224740
 20
186.745128591
 30
0.000000000
 11
297.395224740
 21
186.875768044
 31
0.000000000
  0
LINE
  5
1094
330
A02
100
AcDbEntity
  8
Iso
100
AcDbLine
 10
295.698168466
 20
185.765332694
 30
0.000000000
 11
297.395224740
 21
186.745128591
 31
0.000000000
  0
LINE
  5
1095
330
A02
100
AcDbEntity
  8
Iso
100
AcDbLine
 10
293.110157646
 20
187.259521437
 30
0.000000000
 11
295.698168466
 21
185.765332694
 31
0.000000000
  0
LINE
  5
1096
330
A02
100
AcDbEntity
  8
Iso
100
AcDbLine
 10
293.110157646
 20
187.390160890
 30
0.000000000
 11
295.698168466
 21
185.895972147
 31
0.000000000
  0
LINE
  5
1097
330
A02
100
AcDbEntity
  8
Iso
100
AcDbLine
 10
294.807213921
 20
188.239317335
 30
0.000000000
 11
297.395224740
 21
186.745128591
 31
0.000000000
  0
LINE
  5
1098
330
A02
100
AcDbEntity
  8
Iso
100
AcDbLine
 10
294.807213921
 20
188.369956788
 30
0.000000000
 11
297.395224740
 21
186.875768044
 31
0.000000000
  0
LINE
  5
1099
330
A02
100
AcDbEntity
  8
Iso
100
AcDbLine
 10
313.213203436
 20
176.404199394
 30
0.000000000
 11
314.627416998
 21
177.220695975
 31
0.000000000
  0
LINE
  5
109A
330
A02
100
AcDbEntity
  8
Iso
100
AcDbLine
 10
314.627416998
 20
177.090056522
 30
0.000000000
 11
314.627416998
 21
177.220695975
 31
0.000000000
  0
LINE
  5
109B
330
A02
100
AcDbEntity
  8
Iso
100
AcDbLine
 10
312.647518011
 20
175.946961309
 30
0.000000000
 11
314.627416998
 21
177.090056522
 31
0.000000000
  0
LINE
  5
109C
330
A02
100
AcDbEntity
  8
Iso
100
AcDbLine
 10
314.627416998
 20
177.220695975
 30
0.000000000
 11
317.455844123
 21
175.587702813
 31
0.000000000
  0
LINE
  5
109D
330
A02
100
AcDbEntity
  8
Iso
100
AcDbLine
 10
316.041630560
 20
174.771206232
 30
0.000000000
 11
317.455844123
 21
175.587702813
 31
0.000000000
  0
LINE
  5
109E
330
A02
100
AcDbEntity
  8
Iso
100
AcDbLine
 10
314.853691168
 20
176.453189189
 30
0.000000000
 11
314.146584387
 21
176.861437479
 31
0.000000000
  0
LINE
  5
109F
330
A02
100
AcDbEntity
  8
Iso
100
AcDbLine
 10
314.853691168
 20
176.453189189
 30
0.000000000
 11
315.108249609
 21
176.600158573
 31
0.000000000
  0
LINE
  5
10A0
330
A02
100
AcDbEntity
  8
Iso
100
AcDbLine
 10
314.146584387
 20
176.861437479
 30
0.000000000
 11
314.401142828
 21
177.008406864
 31
0.000000000
  0
LINE
  5
10A1
330
A02
100
AcDbEntity
  8
Iso
100
AcDbLine
 10
315.108249609
 20
176.600158573
 30
0.000000000
 11
314.401142828
 21
177.008406864
 31
0.000000000
  0
LINE
  5
10A2
330
A02
100
AcDbEntity
  8
Iso
100
AcDbLine
 10
316.833590155
 20
175.310093976
 30
0.000000000
 11
316.126483374
 21
175.718342266
 31
0.000000000
  0
LINE
  5
10A3
330
A02
100
AcDbEntity
  8
Iso
100
AcDbLine
 10
316.833590155
 20
175.310093976
 30
0.000000000
 11
317.088148596
 21
175.457063360
 31
0.000000000
  0
LINE
  5
10A4
330
A02
100
AcDbEntity
  8
Iso
100
AcDbLine
 10
317.088148596
 20
175.457063360
 30
0.000000000
 11
316.381041815
 21
175.865311651
 31
0.000000000
  0
LINE
  5
10A5
330
A02
100
AcDbEntity
  8
Iso
100
AcDbLine
 10
316.126483374
 20
175.718342266
 30
0.000000000
 11
316.381041815
 21
175.865311651
 31
0.000000000
  0
LINE
  5
10A6
330
A02
100
AcDbEntity
  8
Iso
100
AcDbLine
 10
314.627416998
 20
177.090056522
 30
0.000000000
 11
317.455844123
 21
175.457063360
 31
0.000000000
  0
LINE
  5
10A7
330
A02
100
AcDbEntity
  8
Iso
100
AcDbLine
 10
317.455844123
 20
175.457063360
 30
0.000000000
 11
317.455844123
 21
175.587702813
 31
0.000000000
  0
LINE
  5
10A8
330
A02
100
AcDbEntity
  8
Iso
100
AcDbLine
 10
316.154767645
 20
174.705886506
 30
0.000000000
 11
317.455844123
 21
175.457063360
 31
0.000000000
  0
LINE
  5
10A9
330
A02
100
AcDbEntity
  8
Iso
100
AcDbLine
 10
313.722320318
 20
175.669352471
 30
0.000000000
 11
313.015213537
 21
176.077600762
 31
0.000000000
  0
LINE
  5
10AA
330
A02
100
AcDbEntity
  8
Iso
100
AcDbLine
 10
313.722320318
 20
175.669352471
 30
0.000000000
 11
313.976878759
 21
175.816321856
 31
0.000000000
  0
LINE
  5
10AB
330
A02
100
AcDbEntity
  8
Iso
100
AcDbLine
 10
313.015213537
 20
176.077600762
 30
0.000000000
 11
313.128350622
 21
176.142920488
 31
0.000000000
  0
LINE
  5
10AC
330
A02
100
AcDbEntity
  8
Iso
100
AcDbLine
 10
313.976878759
 20
175.816321856
 30
0.000000000
 11
313.863741674
 21
175.881641582
 31
0.000000000
  0
LINE
  5
10AD
330
A02
100
AcDbEntity
  8
Iso
100
AcDbLine
 10
315.702219305
 20
174.526257258
 30
0.000000000
 11
314.995112524
 21
174.934505548
 31
0.000000000
  0
LINE
  5
10AE
330
A02
100
AcDbEntity
  8
Iso
100
AcDbLine
 10
315.702219305
 20
174.526257258
 30
0.000000000
 11
315.956777747
 21
174.673226642
 31
0.000000000
  0
LINE
  5
10AF
330
A02
100
AcDbEntity
  8
Iso
100
AcDbLine
 10
314.995112524
 20
174.934505548
 30
0.000000000
 11
315.108249609
 21
174.999825275
 31
0.000000000
  0
LINE
  5
10B0
330
A02
100
AcDbEntity
  8
Iso
100
AcDbLine
 10
315.956777747
 20
174.673226642
 30
0.000000000
 11
315.843640662
 21
174.738546369
 31
0.000000000
  0
LINE
  5
10B1
330
A02
100
AcDbEntity
  8
Iso
100
AcDbLine
 10
314.853691168
 20
176.322549736
 30
0.000000000
 11
314.146584387
 21
176.730798026
 31
0.000000000
  0
LINE
  5
10B2
330
A02
100
AcDbEntity
  8
Iso
100
AcDbLine
 10
314.853691168
 20
176.322549736
 30
0.000000000
 11
315.108249609
 21
176.469519120
 31
0.000000000
  0
LINE
  5
10B3
330
A02
100
AcDbEntity
  8
Iso
100
AcDbLine
 10
314.146584387
 20
176.730798026
 30
0.000000000
 11
314.401142828
 21
176.877767411
 31
0.000000000
  0
LINE
  5
10B4
330
A02
100
AcDbEntity
  8
Iso
100
AcDbLine
 10
315.108249609
 20
176.469519120
 30
0.000000000
 11
314.401142828
 21
176.877767411
 31
0.000000000
  0
LINE
  5
10B5
330
A02
100
AcDbEntity
  8
Iso
100
AcDbLine
 10
316.833590155
 20
175.179454523
 30
0.000000000
 11
316.126483374
 21
175.587702813
 31
0.000000000
  0
LINE
  5
10B6
330
A02
100
AcDbEntity
  8
Iso
100
AcDbLine
 10
316.833590155
 20
175.179454523
 30
0.000000000
 11
317.088148596
 21
175.326423907
 31
0.000000000
  0
LINE
  5
10B7
330
A02
100
AcDbEntity
  8
Iso
100
AcDbLine
 10
317.088148596
 20
175.326423907
 30
0.000000000
 11
316.381041815
 21
175.734672198
 31
0.000000000
  0
LINE
  5
10B8
330
A02
100
AcDbEntity
  8
Iso
100
AcDbLine
 10
316.126483374
 20
175.587702813
 30
0.000000000
 11
316.381041815
 21
175.734672198
 31
0.000000000
  0
LINE
  5
10B9
330
A02
100
AcDbEntity
  8
Iso
100
AcDbLine
 10
313.722320318
 20
175.669352471
 30
0.000000000
 11
313.722320318
 21
175.799991924
 31
0.000000000
  0
LINE
  5
10BA
330
A02
100
AcDbEntity
  8
Iso
100
AcDbLine
 10
313.015213537
 20
176.077600762
 30
0.000000000
 11
313.015213537
 21
176.208240215
 31
0.000000000
  0
LINE
  5
10BB
330
A02
100
AcDbEntity
  8
Iso
100
AcDbLine
 10
313.976878759
 20
175.816321856
 30
0.000000000
 11
313.976878759
 21
175.946961309
 31
0.000000000
  0
LINE
  5
10BC
330
A02
100
AcDbEntity
  8
Iso
100
AcDbLine
 10
315.702219305
 20
174.526257258
 30
0.000000000
 11
315.702219305
 21
174.656896711
 31
0.000000000
  0
LINE
  5
10BD
330
A02
100
AcDbEntity
  8
Iso
100
AcDbLine
 10
314.995112524
 20
174.934505548
 30
0.000000000
 11
314.995112524
 21
175.065145001
 31
0.000000000
  0
LINE
  5
10BE
330
A02
100
AcDbEntity
  8
Iso
100
AcDbLine
 10
315.956777747
 20
174.673226642
 30
0.000000000
 11
315.956777747
 21
174.803866095
 31
0.000000000
  0
LINE
  5
10BF
330
A02
100
AcDbEntity
  8
Iso
100
AcDbLine
 10
314.853691168
 20
176.322549736
 30
0.000000000
 11
314.853691168
 21
176.453189189
 31
0.000000000
  0
LINE
  5
10C0
330
A02
100
AcDbEntity
  8
Iso
100
AcDbLine
 10
314.146584387
 20
176.730798026
 30
0.000000000
 11
314.146584387
 21
176.861437479
 31
0.000000000
  0
LINE
  5
10C1
330
A02
100
AcDbEntity
  8
Iso
100
AcDbLine
 10
315.108249609
 20
176.469519120
 30
0.000000000
 11
315.108249609
 21
176.600158573
 31
0.000000000
  0
LINE
  5
10C2
330
A02
100
AcDbEntity
  8
Iso
100
AcDbLine
 10
314.401142828
 20
176.877767411
 30
0.000000000
 11
314.401142828
 21
177.008406864
 31
0.000000000
  0
LINE
  5
10C3
330
A02
100
AcDbEntity
  8
Iso
100
AcDbLine
 10
316.833590155
 20
175.179454523
 30
0.000000000
 11
316.833590155
 21
175.310093976
 31
0.000000000
  0
LINE
  5
10C4
330
A02
100
AcDbEntity
  8
Iso
100
AcDbLine
 10
316.126483374
 20
175.587702813
 30
0.000000000
 11
316.126483374
 21
175.718342266
 31
0.000000000
  0
LINE
  5
10C5
330
A02
100
AcDbEntity
  8
Iso
100
AcDbLine
 10
317.088148596
 20
175.326423907
 30
0.000000000
 11
317.088148596
 21
175.457063360
 31
0.000000000
  0
LINE
  5
10C6
330
A02
100
AcDbEntity
  8
Iso
100
AcDbLine
 10
316.381041815
 20
175.734672198
 30
0.000000000
 11
316.381041815
 21
175.865311651
 31
0.000000000
  0
LWPOLYLINE
  5
10C7
330
A02
100
AcDbEntity
100
AcDbPolyline
  8
Iso
 90
2
 70
0
 43
0
 10
315.504229407
 20
175.081474933
 10
316.020590647
 20
174.628419379
  0
LWPOLYLINE
  5
10C8
330
A02
100
AcDbEntity
100
AcDbPolyline
  8
Iso
 90
2
 70
0
 43
0
 10
316.254229407
 20
172.557691956
 10
314.754229407
 20
175.155768167
  0
LWPOLYLINE
  5
10C9
330
A02
100
AcDbEntity
100
AcDbPolyline
  8
Iso
 90
2
 70
0
 43
0
 10
314.754229407
 20
175.155768167
 10
315.504229407
 20
175.081474933
  0
LWPOLYLINE
  5
10CA
330
A02
100
AcDbEntity
100
AcDbPolyline
  8
Iso
 90
2
 70
0
 43
0
 10
314.599132727
 20
174.558917121
 10
314.940892877
 20
174.296282080
  0
LWPOLYLINE
  5
10CB
330
A02
100
AcDbEntity
100
AcDbPolyline
  8
Iso
 90
2
 70
0
 43
0
 10
314.257372577
 20
174.690912709
 10
314.599132727
 20
174.558917121
  0
LINE
  5
10CC
330
A02
100
AcDbEntity
  8
Iso
100
AcDbLine
 10
313.892025946
 20
175.228444317
 30
0.000000000
 11
313.892025946
 21
175.653022540
 31
0.000000000
  0
LINE
  5
10CD
330
A02
100
AcDbEntity
  8
Iso
100
AcDbLine
 10
313.892025946
 20
175.653022540
 30
0.000000000
 11
314.910259710
 21
176.240900078
 31
0.000000000
  0
LINE
  5
10CE
330
A02
100
AcDbEntity
  8
Iso
100
AcDbLine
 10
314.910259710
 20
175.489723223
 30
0.000000000
 11
314.910259710
 21
176.240900078
 31
0.000000000
  0
LINE
  5
10CF
330
A02
100
AcDbEntity
  8
Iso
100
AcDbLine
 10
313.892025946
 20
174.901845685
 30
0.000000000
 11
314.910259710
 21
175.489723223
 31
0.000000000
  0
LINE
  5
10D0
330
A02
100
AcDbEntity
  8
Iso
100
AcDbLine
 10
315.193102423
 20
174.477267463
 30
0.000000000
 11
315.193102423
 21
174.901845685
 31
0.000000000
  0
LINE
  5
10D1
330
A02
100
AcDbEntity
  8
Iso
100
AcDbLine
 10
315.193102423
 20
174.901845685
 30
0.000000000
 11
316.211336188
 21
175.489723223
 31
0.000000000
  0
LINE
  5
10D2
330
A02
100
AcDbEntity
  8
Iso
100
AcDbLine
 10
316.211336188
 20
174.738546369
 30
0.000000000
 11
316.211336188
 21
175.489723223
 31
0.000000000
  0
LINE
  5
10D3
330
A02
100
AcDbEntity
  8
Iso
100
AcDbLine
 10
315.475945135
 20
174.313968147
 30
0.000000000
 11
316.211336188
 21
174.738546369
 31
0.000000000
  0
LINE
  5
10D4
330
A02
100
AcDbEntity
  8
Iso
100
AcDbLine
 10
313.892025946
 20
175.653022540
 30
0.000000000
 11
315.193102423
 21
174.901845685
 31
0.000000000
  0
LINE
  5
10D5
330
A02
100
AcDbEntity
  8
Iso
100
AcDbLine
 10
314.910259710
 20
175.489723223
 30
0.000000000
 11
316.211336188
 21
174.738546369
 31
0.000000000
  0
LINE
  5
10D6
330
A02
100
AcDbEntity
  8
Iso
100
AcDbLine
 10
314.910259710
 20
176.240900078
 30
0.000000000
 11
316.211336188
 21
175.489723223
 31
0.000000000
  0
LINE
  5
10D7
330
A02
100
AcDbEntity
  8
Iso
100
AcDbLine
 10
312.909147520
 20
175.828569304
 30
0.000000000
 11
312.909147520
 21
175.959208757
 31
0.000000000
  0
LINE
  5
10D8
330
A02
100
AcDbEntity
  8
Iso
100
AcDbLine
 10
312.909147520
 20
175.959208757
 30
0.000000000
 11
313.177848097
 21
176.114343108
 31
0.000000000
  0
LINE
  5
10D9
330
A02
100
AcDbEntity
  8
Iso
100
AcDbLine
 10
313.319269453
 20
176.195992766
 30
0.000000000
 11
314.606203795
 21
176.939004655
 31
0.000000000
  0
LINE
  5
10DA
330
A02
100
AcDbEntity
  8
Iso
100
AcDbLine
 10
314.606203795
 20
176.808365202
 30
0.000000000
 11
314.606203795
 21
176.939004655
 31
0.000000000
  0
LINE
  5
10DB
330
A02
100
AcDbEntity
  8
Iso
100
AcDbLine
 10
312.909147520
 20
175.828569304
 30
0.000000000
 11
314.606203795
 21
176.808365202
 31
0.000000000
  0
LINE
  5
10DC
330
A02
100
AcDbEntity
  8
Iso
100
AcDbLine
 10
315.497158339
 20
174.334380561
 30
0.000000000
 11
315.497158339
 21
174.465020014
 31
0.000000000
  0
LINE
  5
10DD
330
A02
100
AcDbEntity
  8
Iso
100
AcDbLine
 10
315.497158339
 20
174.465020014
 30
0.000000000
 11
317.194214614
 21
175.444815911
 31
0.000000000
  0
LINE
  5
10DE
330
A02
100
AcDbEntity
  8
Iso
100
AcDbLine
 10
317.194214614
 20
175.314176458
 30
0.000000000
 11
317.194214614
 21
175.444815911
 31
0.000000000
  0
LINE
  5
10DF
330
A02
100
AcDbEntity
  8
Iso
100
AcDbLine
 10
315.497158339
 20
174.334380561
 30
0.000000000
 11
317.194214614
 21
175.314176458
 31
0.000000000
  0
LINE
  5
10E0
330
A02
100
AcDbEntity
  8
Iso
100
AcDbLine
 10
312.909147520
 20
175.828569304
 30
0.000000000
 11
315.497158339
 21
174.334380561
 31
0.000000000
  0
LINE
  5
10E1
330
A02
100
AcDbEntity
  8
Iso
100
AcDbLine
 10
312.909147520
 20
175.959208757
 30
0.000000000
 11
315.497158339
 21
174.465020014
 31
0.000000000
  0
LINE
  5
10E2
330
A02
100
AcDbEntity
  8
Iso
100
AcDbLine
 10
314.606203795
 20
176.808365202
 30
0.000000000
 11
317.194214614
 21
175.314176458
 31
0.000000000
  0
LINE
  5
10E3
330
A02
100
AcDbEntity
  8
Iso
100
AcDbLine
 10
314.606203795
 20
176.939004655
 30
0.000000000
 11
317.194214614
 21
175.444815911
 31
0.000000000
  0
LINE
  5
10E4
330
A02
100
AcDbEntity
  8
Iso
100
AcDbLine
 10
317.611135550
 20
174.289316173
 30
0.000000000
 11
317.611135550
 21
226.545097352
 31
0.000000000
  0
LINE
  5
10E5
330
A02
100
AcDbEntity
  8
Iso
100
AcDbLine
 10
318.459663687
 20
174.779214121
 30
0.000000000
 11
318.459663687
 21
227.034995301
 31
0.000000000
  0
LINE
  5
10E6
330
A02
100
AcDbEntity
  8
Iso
100
AcDbLine
 10
317.611135550
 20
174.289316173
 30
0.000000000
 11
318.459663687
 21
174.779214121
 31
0.000000000
  0
LINE
  5
10E7
330
A02
100
AcDbEntity
  8
Iso
100
AcDbLine
 10
319.308191825
 20
174.289316173
 30
0.000000000
 11
319.308191825
 21
175.041749641
 31
0.000000000
  0
LINE
  5
10E8
330
A02
100
AcDbEntity
  8
Iso
100
AcDbLine
 10
319.308191825
 20
225.337939026
 30
0.000000000
 11
319.308191825
 21
226.545097352
 31
0.000000000
  0
LINE
  5
10E9
330
A02
100
AcDbEntity
  8
Iso
100
AcDbLine
 10
319.128876730
 20
174.185788555
 30
0.000000000
 11
319.308191825
 21
174.289316173
 31
0.000000000
  0
LINE
  5
10EA
330
A02
100
AcDbEntity
  8
Iso
100
AcDbLine
 10
317.611135550
 20
174.289316173
 30
0.000000000
 11
317.823267584
 21
174.166841686
 31
0.000000000
  0
LINE
  5
10EB
330
A02
100
AcDbEntity
  8
Iso
100
AcDbLine
 10
318.459663687
 20
174.779214121
 30
0.000000000
 11
319.308191825
 21
174.289316173
 31
0.000000000
  0
LINE
  5
10EC
330
A02
100
AcDbEntity
  8
Iso
100
AcDbLine
 10
351.225354305
 20
179.489453911
 30
0.000000000
 11
351.225354305
 21
179.979351860
 31
0.000000000
  0
LINE
  5
10ED
330
A02
100
AcDbEntity
  8
Iso
100
AcDbLine
 10
351.225354305
 20
230.275541245
 30
0.000000000
 11
351.225354305
 21
231.745235091
 31
0.000000000
  0
LINE
  5
10EE
330
A02
100
AcDbEntity
  8
Iso
100
AcDbLine
 10
352.073882442
 20
179.979351860
 30
0.000000000
 11
352.073882442
 21
232.235133039
 31
0.000000000
  0
LINE
  5
10EF
330
A02
100
AcDbEntity
  8
Iso
100
AcDbLine
 10
351.225354305
 20
179.489453911
 30
0.000000000
 11
352.073882442
 21
179.979351860
 31
0.000000000
  0
LINE
  5
10F0
330
A02
100
AcDbEntity
  8
Iso
100
AcDbLine
 10
351.225354305
 20
179.489453911
 30
0.000000000
 11
351.649618373
 21
179.244504937
 31
0.000000000
  0
LINE
  5
10F1
330
A02
100
AcDbEntity
  8
Iso
100
AcDbLine
 10
352.073882442
 20
179.979351860
 30
0.000000000
 11
352.922410579
 21
179.489453911
 31
0.000000000
  0
LINE
  5
10F2
330
A02
100
AcDbEntity
  8
Iso
100
AcDbLine
 10
319.194510610
 20
175.024163096
 30
0.000000000
 11
318.883927756
 21
175.693376139
 31
0.000000000
  0
LINE
  5
10F3
330
A02
100
AcDbEntity
  8
Iso
100
AcDbLine
 10
318.883927756
 20
174.713580241
 30
0.000000000
 11
318.883927756
 21
175.693376139
 31
0.000000000
  0
LINE
  5
10F4
330
A02
100
AcDbEntity
  8
Iso
100
AcDbLine
 10
319.128876730
 20
174.185788555
 30
0.000000000
 11
318.883927756
 21
174.713580241
 31
0.000000000
  0
LINE
  5
10F5
330
A02
100
AcDbEntity
  8
Iso
100
AcDbLine
 10
351.649618373
 20
180.044985740
 30
0.000000000
 11
351.339035519
 21
180.714198783
 31
0.000000000
  0
LINE
  5
10F6
330
A02
100
AcDbEntity
  8
Iso
100
AcDbLine
 10
351.339035519
 20
179.734402886
 30
0.000000000
 11
351.339035519
 21
180.714198783
 31
0.000000000
  0
LINE
  5
10F7
330
A02
100
AcDbEntity
  8
Iso
100
AcDbLine
 10
351.649618373
 20
179.065189843
 30
0.000000000
 11
351.339035519
 21
179.734402886
 31
0.000000000
  0
LINE
  5
10F8
330
A02
100
AcDbEntity
  8
Iso
100
AcDbLine
 10
318.883927756
 20
174.713580241
 30
0.000000000
 11
351.339035519
 21
179.734402886
 31
0.000000000
  0
LINE
  5
10F9
330
A02
100
AcDbEntity
  8
Iso
100
AcDbLine
 10
318.883927756
 20
175.693376139
 30
0.000000000
 11
319.308191825
 21
175.759010018
 31
0.000000000
  0
LINE
  5
10FA
330
A02
100
AcDbEntity
  8
Iso
100
AcDbLine
 10
351.225354305
 20
180.696612238
 30
0.000000000
 11
351.339035519
 21
180.714198783
 31
0.000000000
  0
LINE
  5
10FB
330
A02
100
AcDbEntity
  8
Iso
100
AcDbLine
 10
318.883927756
 20
225.989565524
 30
0.000000000
 11
318.883927756
 21
226.790046326
 31
0.000000000
  0
LINE
  5
10FC
330
A02
100
AcDbEntity
  8
Iso
100
AcDbLine
 10
319.194510610
 20
225.320352481
 30
0.000000000
 11
318.883927756
 21
225.989565524
 31
0.000000000
  0
LINE
  5
10FD
330
A02
100
AcDbEntity
  8
Iso
100
AcDbLine
 10
351.339035519
 20
231.010388168
 30
0.000000000
 11
351.339035519
 21
231.990184065
 31
0.000000000
  0
LINE
  5
10FE
330
A02
100
AcDbEntity
  8
Iso
100
AcDbLine
 10
351.649618373
 20
230.341175125
 30
0.000000000
 11
351.339035519
 21
231.010388168
 31
0.000000000
  0
LINE
  5
10FF
330
A02
100
AcDbEntity
  8
Iso
100
AcDbLine
 10
318.883927756
 20
225.989565524
 30
0.000000000
 11
351.339035519
 21
231.010388168
 31
0.000000000
  0
LINE
  5
1100
330
A02
100
AcDbEntity
  8
Iso
100
AcDbLine
 10
351.960201227
 20
179.913717980
 30
0.000000000
 11
351.960201227
 21
232.169499159
 31
0.000000000
  0
LINE
  5
1101
330
A02
100
AcDbEntity
  8
Iso
100
AcDbLine
 10
352.808729365
 20
180.403615929
 30
0.000000000
 11
352.808729365
 21
232.659397108
 31
0.000000000
  0
LINE
  5
1102
330
A02
100
AcDbEntity
  8
Iso
100
AcDbLine
 10
351.960201227
 20
179.913717980
 30
0.000000000
 11
352.808729365
 21
180.403615929
 31
0.000000000
  0
LINE
  5
1103
330
A02
100
AcDbEntity
  8
Iso
100
AcDbLine
 10
351.960201227
 20
179.913717980
 30
0.000000000
 11
352.808729365
 21
179.423820031
 31
0.000000000
  0
LINE
  5
1104
330
A02
100
AcDbEntity
  8
Iso
100
AcDbLine
 10
352.808729365
 20
180.403615929
 30
0.000000000
 11
353.657257502
 21
179.913717980
 31
0.000000000
  0
LINE
  5
1105
330
A02
100
AcDbEntity
  8
Iso
100
AcDbLine
 10
360.967103997
 20
199.320896227
 30
0.000000000
 11
360.967103997
 21
199.810794175
 31
0.000000000
  0
LINE
  5
1106
330
A02
100
AcDbEntity
  8
Iso
100
AcDbLine
 10
360.967103997
 20
247.430131388
 30
0.000000000
 11
360.967103997
 21
251.086779458
 31
0.000000000
  0
LINE
  5
1107
330
A02
100
AcDbEntity
  8
Iso
100
AcDbLine
 10
361.815632134
 20
199.810794175
 30
0.000000000
 11
361.815632134
 21
252.066575355
 31
0.000000000
  0
LINE
  5
1108
330
A02
100
AcDbEntity
  8
Iso
100
AcDbLine
 10
360.967103997
 20
199.320896227
 30
0.000000000
 11
361.815632134
 21
199.810794175
 31
0.000000000
  0
LINE
  5
1109
330
A02
100
AcDbEntity
  8
Iso
100
AcDbLine
 10
361.815632134
 20
198.830998278
 30
0.000000000
 11
361.815632134
 21
198.962266038
 31
0.000000000
  0
LINE
  5
110A
330
A02
100
AcDbEntity
  8
Iso
100
AcDbLine
 10
361.815632134
 20
249.258455423
 30
0.000000000
 11
361.815632134
 21
251.086779458
 31
0.000000000
  0
LINE
  5
110B
330
A02
100
AcDbEntity
  8
Iso
100
AcDbLine
 10
361.815632134
 20
198.830998278
 30
0.000000000
 11
362.239896203
 21
199.075947252
 31
0.000000000
  0
LINE
  5
110C
330
A02
100
AcDbEntity
  8
Iso
100
AcDbLine
 10
360.967103997
 20
199.320896227
 30
0.000000000
 11
361.815632134
 21
198.830998278
 31
0.000000000
  0
LINE
  5
110D
330
A02
100
AcDbEntity
  8
Iso
100
AcDbLine
 10
361.815632134
 20
199.810794175
 30
0.000000000
 11
362.664160272
 21
199.320896227
 31
0.000000000
  0
LINE
  5
110E
330
A02
100
AcDbEntity
  8
Iso
100
AcDbLine
 10
353.543576288
 20
180.158666954
 30
0.000000000
 11
353.543576288
 21
181.138462851
 31
0.000000000
  0
LINE
  5
110F
330
A02
100
AcDbEntity
  8
Iso
100
AcDbLine
 10
353.543576288
 20
181.138462851
 30
0.000000000
 11
352.384465296
 21
181.317777946
 31
0.000000000
  0
LINE
  5
1110
330
A02
100
AcDbEntity
  8
Iso
100
AcDbLine
 10
352.384465296
 20
180.337982049
 30
0.000000000
 11
352.384465296
 21
181.317777946
 31
0.000000000
  0
LINE
  5
1111
330
A02
100
AcDbEntity
  8
Iso
100
AcDbLine
 10
353.543576288
 20
180.158666954
 30
0.000000000
 11
352.384465296
 21
180.337982049
 31
0.000000000
  0
LINE
  5
1112
330
A02
100
AcDbEntity
  8
Iso
100
AcDbLine
 10
361.080785212
 20
199.075947252
 30
0.000000000
 11
361.080785212
 21
200.055743150
 31
0.000000000
  0
LINE
  5
1113
330
A02
100
AcDbEntity
  8
Iso
100
AcDbLine
 10
362.239896203
 20
198.896632158
 30
0.000000000
 11
361.080785212
 21
199.075947252
 31
0.000000000
  0
LINE
  5
1114
330
A02
100
AcDbEntity
  8
Iso
100
AcDbLine
 10
353.543576288
 20
180.158666954
 30
0.000000000
 11
353.657257502
 21
180.403615929
 31
0.000000000
  0
LINE
  5
1115
330
A02
100
AcDbEntity
  8
Iso
100
AcDbLine
 10
353.543576288
 20
181.138462851
 30
0.000000000
 11
353.657257502
 21
181.383411826
 31
0.000000000
  0
LINE
  5
1116
330
A02
100
AcDbEntity
  8
Iso
100
AcDbLine
 10
352.384465296
 20
180.337982049
 30
0.000000000
 11
361.080785212
 21
199.075947252
 31
0.000000000
  0
LINE
  5
1117
330
A02
100
AcDbEntity
  8
Iso
100
AcDbLine
 10
352.384465296
 20
181.317777946
 30
0.000000000
 11
353.657257502
 21
184.060263998
 31
0.000000000
  0
LINE
  5
1118
330
A02
100
AcDbEntity
  8
Iso
100
AcDbLine
 10
353.543576288
 20
231.434652237
 30
0.000000000
 11
353.543576288
 21
232.235133039
 31
0.000000000
  0
LINE
  5
1119
330
A02
100
AcDbEntity
  8
Iso
100
AcDbLine
 10
352.384465296
 20
231.613967331
 30
0.000000000
 11
352.384465296
 21
232.414448134
 31
0.000000000
  0
LINE
  5
111A
330
A02
100
AcDbEntity
  8
Iso
100
AcDbLine
 10
353.543576288
 20
231.434652237
 30
0.000000000
 11
352.384465296
 21
231.613967331
 31
0.000000000
  0
LINE
  5
111B
330
A02
100
AcDbEntity
  8
Iso
100
AcDbLine
 10
361.080785212
 20
250.351932535
 30
0.000000000
 11
361.080785212
 21
251.331728432
 31
0.000000000
  0
LINE
  5
111C
330
A02
100
AcDbEntity
  8
Iso
100
AcDbLine
 10
362.239896203
 20
250.172617440
 30
0.000000000
 11
361.080785212
 21
250.351932535
 31
0.000000000
  0
LINE
  5
111D
330
A02
100
AcDbEntity
  8
Iso
100
AcDbLine
 10
353.543576288
 20
231.434652237
 30
0.000000000
 11
353.657257502
 21
231.679601211
 31
0.000000000
  0
LINE
  5
111E
330
A02
100
AcDbEntity
  8
Iso
100
AcDbLine
 10
352.384465296
 20
231.613967331
 30
0.000000000
 11
361.080785212
 21
250.351932535
 31
0.000000000
  0
LINE
  5
111F
330
A02
100
AcDbEntity
  8
Iso
100
AcDbLine
 10
353.750631524
 20
180.604808983
 30
0.000000000
 11
351.818779871
 21
180.903667474
 31
0.000000000
  0
LINE
  5
1120
330
A02
100
AcDbEntity
  8
Iso
100
AcDbLine
 10
351.818779871
 20
180.773028021
 30
0.000000000
 11
351.818779871
 21
180.903667474
 31
0.000000000
  0
LINE
  5
1121
330
A02
100
AcDbEntity
  8
Iso
100
AcDbLine
 10
353.694062981
 20
180.482920714
 30
0.000000000
 11
351.818779871
 21
180.773028021
 31
0.000000000
  0
LINE
  5
1122
330
A02
100
AcDbEntity
  8
Iso
100
AcDbLine
 10
351.818779871
 20
180.903667474
 30
0.000000000
 11
352.854056052
 21
183.134377617
 31
0.000000000
  0
LINE
  5
1123
330
A02
100
AcDbEntity
  8
Iso
100
AcDbLine
 10
354.785907704
 20
182.835519126
 30
0.000000000
 11
352.854056052
 21
183.134377617
 31
0.000000000
  0
LINE
  5
1124
330
A02
100
AcDbEntity
  8
Iso
100
AcDbLine
 10
352.856902965
 20
181.400557952
 30
0.000000000
 11
352.598083920
 21
180.842880416
 31
0.000000000
  0
LINE
  5
1125
330
A02
100
AcDbEntity
  8
Iso
100
AcDbLine
 10
352.856902965
 20
181.400557952
 30
0.000000000
 11
352.509169668
 21
181.454352480
 31
0.000000000
  0
LINE
  5
1126
330
A02
100
AcDbEntity
  8
Iso
100
AcDbLine
 10
352.598083920
 20
180.842880416
 30
0.000000000
 11
352.250350623
 21
180.896674944
 31
0.000000000
  0
LINE
  5
1127
330
A02
100
AcDbEntity
  8
Iso
100
AcDbLine
 10
352.509169668
 20
181.454352480
 30
0.000000000
 11
352.250350623
 21
180.896674944
 31
0.000000000
  0
LINE
  5
1128
330
A02
100
AcDbEntity
  8
Iso
100
AcDbLine
 10
353.581596292
 20
182.962055052
 30
0.000000000
 11
353.322777247
 21
182.404377516
 31
0.000000000
  0
LINE
  5
1129
330
A02
100
AcDbEntity
  8
Iso
100
AcDbLine
 10
353.581596292
 20
182.962055052
 30
0.000000000
 11
353.233862994
 21
183.015849580
 31
0.000000000
  0
LINE
  5
112A
330
A02
100
AcDbEntity
  8
Iso
100
AcDbLine
 10
353.233862994
 20
183.015849580
 30
0.000000000
 11
352.975043949
 21
182.458172045
 31
0.000000000
  0
LINE
  5
112B
330
A02
100
AcDbEntity
  8
Iso
100
AcDbLine
 10
353.322777247
 20
182.404377516
 30
0.000000000
 11
352.975043949
 21
182.458172045
 31
0.000000000
  0
LINE
  5
112C
330
A02
100
AcDbEntity
  8
Iso
100
AcDbLine
 10
351.818779871
 20
180.773028021
 30
0.000000000
 11
352.854056052
 21
183.003738164
 31
0.000000000
  0
LINE
  5
112D
330
A02
100
AcDbEntity
  8
Iso
100
AcDbLine
 10
352.854056052
 20
183.003738164
 30
0.000000000
 11
352.854056052
 21
183.134377617
 31
0.000000000
  0
LINE
  5
112E
330
A02
100
AcDbEntity
  8
Iso
100
AcDbLine
 10
355.558648365
 20
182.585336277
 30
0.000000000
 11
352.854056052
 21
183.003738164
 31
0.000000000
  0
LINE
  5
112F
330
A02
100
AcDbEntity
  8
Iso
100
AcDbLine
 10
354.402384287
 20
181.030831706
 30
0.000000000
 11
354.143565242
 21
180.473154170
 31
0.000000000
  0
LINE
  5
1130
330
A02
100
AcDbEntity
  8
Iso
100
AcDbLine
 10
354.402384287
 20
181.030831706
 30
0.000000000
 11
354.345815745
 21
181.039582890
 31
0.000000000
  0
LINE
  5
1131
330
A02
100
AcDbEntity
  8
Iso
100
AcDbLine
 10
354.143565242
 20
180.473154170
 30
0.000000000
 11
353.795831945
 21
180.526948699
 31
0.000000000
  0
LINE
  5
1132
330
A02
100
AcDbEntity
  8
Iso
100
AcDbLine
 10
353.852400487
 20
180.648836968
 30
0.000000000
 11
353.795831945
 21
180.526948699
 31
0.000000000
  0
LINE
  5
1133
330
A02
100
AcDbEntity
  8
Iso
100
AcDbLine
 10
355.127077614
 20
182.592328806
 30
0.000000000
 11
354.868258569
 21
182.034651271
 31
0.000000000
  0
LINE
  5
1134
330
A02
100
AcDbEntity
  8
Iso
100
AcDbLine
 10
355.127077614
 20
182.592328806
 30
0.000000000
 11
355.070509071
 21
182.601079990
 31
0.000000000
  0
LINE
  5
1135
330
A02
100
AcDbEntity
  8
Iso
100
AcDbLine
 10
354.868258569
 20
182.034651271
 30
0.000000000
 11
354.520525271
 21
182.088445799
 31
0.000000000
  0
LINE
  5
1136
330
A02
100
AcDbEntity
  8
Iso
100
AcDbLine
 10
354.577093814
 20
182.210334068
 30
0.000000000
 11
354.520525271
 21
182.088445799
 31
0.000000000
  0
LINE
  5
1137
330
A02
100
AcDbEntity
  8
Iso
100
AcDbLine
 10
352.856902965
 20
181.269918499
 30
0.000000000
 11
352.598083920
 21
180.712240963
 31
0.000000000
  0
LINE
  5
1138
330
A02
100
AcDbEntity
  8
Iso
100
AcDbLine
 10
352.856902965
 20
181.269918499
 30
0.000000000
 11
352.509169668
 21
181.323713027
 31
0.000000000
  0
LINE
  5
1139
330
A02
100
AcDbEntity
  8
Iso
100
AcDbLine
 10
352.598083920
 20
180.712240963
 30
0.000000000
 11
352.250350623
 21
180.766035491
 31
0.000000000
  0
LINE
  5
113A
330
A02
100
AcDbEntity
  8
Iso
100
AcDbLine
 10
352.509169668
 20
181.323713027
 30
0.000000000
 11
352.250350623
 21
180.766035491
 31
0.000000000
  0
LINE
  5
113B
330
A02
100
AcDbEntity
  8
Iso
100
AcDbLine
 10
353.581596292
 20
182.831415599
 30
0.000000000
 11
353.322777247
 21
182.273738063
 31
0.000000000
  0
LINE
  5
113C
330
A02
100
AcDbEntity
  8
Iso
100
AcDbLine
 10
353.581596292
 20
182.831415599
 30
0.000000000
 11
353.233862994
 21
182.885210127
 31
0.000000000
  0
LINE
  5
113D
330
A02
100
AcDbEntity
  8
Iso
100
AcDbLine
 10
353.233862994
 20
182.885210127
 30
0.000000000
 11
352.975043949
 21
182.327532592
 31
0.000000000
  0
LINE
  5
113E
330
A02
100
AcDbEntity
  8
Iso
100
AcDbLine
 10
353.322777247
 20
182.273738063
 30
0.000000000
 11
352.975043949
 21
182.327532592
 31
0.000000000
  0
LINE
  5
113F
330
A02
100
AcDbEntity
  8
Iso
100
AcDbLine
 10
354.402384287
 20
181.030831706
 30
0.000000000
 11
354.402384287
 21
181.161471159
 31
0.000000000
  0
LINE
  5
1140
330
A02
100
AcDbEntity
  8
Iso
100
AcDbLine
 10
354.143565242
 20
180.473154170
 30
0.000000000
 11
354.143565242
 21
180.603793623
 31
0.000000000
  0
LINE
  5
1141
330
A02
100
AcDbEntity
  8
Iso
100
AcDbLine
 10
353.795831945
 20
180.526948699
 30
0.000000000
 11
353.795831945
 21
180.657588152
 31
0.000000000
  0
LINE
  5
1142
330
A02
100
AcDbEntity
  8
Iso
100
AcDbLine
 10
355.127077614
 20
182.592328806
 30
0.000000000
 11
355.127077614
 21
182.722968259
 31
0.000000000
  0
LINE
  5
1143
330
A02
100
AcDbEntity
  8
Iso
100
AcDbLine
 10
354.868258569
 20
182.034651271
 30
0.000000000
 11
354.868258569
 21
182.165290724
 31
0.000000000
  0
LINE
  5
1144
330
A02
100
AcDbEntity
  8
Iso
100
AcDbLine
 10
354.520525271
 20
182.088445799
 30
0.000000000
 11
354.520525271
 21
182.219085252
 31
0.000000000
  0
LINE
  5
1145
330
A02
100
AcDbEntity
  8
Iso
100
AcDbLine
 10
352.856902965
 20
181.269918499
 30
0.000000000
 11
352.856902965
 21
181.400557952
 31
0.000000000
  0
LINE
  5
1146
330
A02
100
AcDbEntity
  8
Iso
100
AcDbLine
 10
352.598083920
 20
180.712240963
 30
0.000000000
 11
352.598083920
 21
180.842880416
 31
0.000000000
  0
LINE
  5
1147
330
A02
100
AcDbEntity
  8
Iso
100
AcDbLine
 10
352.509169668
 20
181.323713027
 30
0.000000000
 11
352.509169668
 21
181.454352480
 31
0.000000000
  0
LINE
  5
1148
330
A02
100
AcDbEntity
  8
Iso
100
AcDbLine
 10
352.250350623
 20
180.766035491
 30
0.000000000
 11
352.250350623
 21
180.896674944
 31
0.000000000
  0
LINE
  5
1149
330
A02
100
AcDbEntity
  8
Iso
100
AcDbLine
 10
353.581596292
 20
182.831415599
 30
0.000000000
 11
353.581596292
 21
182.962055052
 31
0.000000000
  0
LINE
  5
114A
330
A02
100
AcDbEntity
  8
Iso
100
AcDbLine
 10
353.322777247
 20
182.273738063
 30
0.000000000
 11
353.322777247
 21
182.404377516
 31
0.000000000
  0
LINE
  5
114B
330
A02
100
AcDbEntity
  8
Iso
100
AcDbLine
 10
353.233862994
 20
182.885210127
 30
0.000000000
 11
353.233862994
 21
183.015849580
 31
0.000000000
  0
LINE
  5
114C
330
A02
100
AcDbEntity
  8
Iso
100
AcDbLine
 10
352.975043949
 20
182.327532592
 30
0.000000000
 11
352.975043949
 21
182.458172045
 31
0.000000000
  0
LWPOLYLINE
  5
114D
330
A02
100
AcDbEntity
100
AcDbPolyline
  8
Iso
 90
2
 70
0
 43
0
 10
353.070521589
 20
180.893000558
 10
353.299844514
 20
181.150622375
  0
LWPOLYLINE
  5
114E
330
A02
100
AcDbEntity
100
AcDbPolyline
  8
Iso
 90
2
 70
0
 43
0
 10
353.299844514
 20
181.150622375
 10
352.841198665
 20
178.185889000
  0
LWPOLYLINE
  5
114F
330
A02
100
AcDbEntity
100
AcDbPolyline
  8
Iso
 90
2
 70
0
 43
0
 10
352.712257540
 20
179.368121998
 10
353.070521589
 20
180.893000558
  0
LWPOLYLINE
  5
1150
330
A02
100
AcDbEntity
100
AcDbPolyline
  8
Iso
 90
2
 70
0
 43
0
 10
354.306906647
 20
180.701731124
 10
354.536229572
 20
180.959352941
  0
LWPOLYLINE
  5
1151
330
A02
100
AcDbEntity
100
AcDbPolyline
  8
Iso
 90
2
 70
0
 43
0
 10
354.536229572
 20
180.959352941
 10
354.672597475
 20
180.676161946
  0
LWPOLYLINE
  5
1152
330
A02
100
AcDbEntity
100
AcDbPolyline
  8
Iso
 90
2
 70
0
 43
0
 10
354.128269739
 20
180.179466727
 10
354.306906647
 20
180.701731124
  0
LINE
  5
1153
330
A02
100
AcDbEntity
  8
Iso
100
AcDbLine
 10
354.146067192
 20
180.383967853
 30
0.000000000
 11
354.146067192
 21
180.927890306
 31
0.000000000
  0
LINE
  5
1154
330
A02
100
AcDbEntity
  8
Iso
100
AcDbLine
 10
354.146067192
 20
180.927890306
 30
0.000000000
 11
352.755134002
 21
181.143068420
 31
0.000000000
  0
LINE
  5
1155
330
A02
100
AcDbEntity
  8
Iso
100
AcDbLine
 10
352.755134002
 20
180.391891565
 30
0.000000000
 11
352.755134002
 21
181.143068420
 31
0.000000000
  0
LINE
  5
1156
330
A02
100
AcDbEntity
  8
Iso
100
AcDbLine
 10
353.657257502
 20
180.252332574
 30
0.000000000
 11
352.755134002
 21
180.391891565
 31
0.000000000
  0
LINE
  5
1157
330
A02
100
AcDbEntity
  8
Iso
100
AcDbLine
 10
354.622294235
 20
181.202840118
 30
0.000000000
 11
354.622294235
 21
181.954016972
 31
0.000000000
  0
LINE
  5
1158
330
A02
100
AcDbEntity
  8
Iso
100
AcDbLine
 10
354.622294235
 20
181.954016972
 30
0.000000000
 11
353.231361045
 21
182.169195086
 31
0.000000000
  0
LINE
  5
1159
330
A02
100
AcDbEntity
  8
Iso
100
AcDbLine
 10
353.231361045
 20
181.418018231
 30
0.000000000
 11
353.231361045
 21
182.169195086
 31
0.000000000
  0
LINE
  5
115A
330
A02
100
AcDbEntity
  8
Iso
100
AcDbLine
 10
354.622294235
 20
181.202840118
 30
0.000000000
 11
353.231361045
 21
181.418018231
 31
0.000000000
  0
LINE
  5
115B
330
A02
100
AcDbEntity
  8
Iso
100
AcDbLine
 10
354.235810980
 20
180.370084441
 30
0.000000000
 11
354.622294235
 21
181.202840118
 31
0.000000000
  0
LINE
  5
115C
330
A02
100
AcDbEntity
  8
Iso
100
AcDbLine
 10
354.146067192
 20
180.927890306
 30
0.000000000
 11
354.622294235
 21
181.954016972
 31
0.000000000
  0
LINE
  5
115D
330
A02
100
AcDbEntity
  8
Iso
100
AcDbLine
 10
352.755134002
 20
180.391891565
 30
0.000000000
 11
353.231361045
 21
181.418018231
 31
0.000000000
  0
LINE
  5
115E
330
A02
100
AcDbEntity
  8
Iso
100
AcDbLine
 10
352.755134002
 20
181.143068420
 30
0.000000000
 11
353.231361045
 21
182.169195086
 31
0.000000000
  0
LINE
  5
115F
330
A02
100
AcDbEntity
  8
Iso
100
AcDbLine
 10
354.374186257
 20
180.377705277
 30
0.000000000
 11
354.374186257
 21
180.479317164
 31
0.000000000
  0
LINE
  5
1160
330
A02
100
AcDbEntity
  8
Iso
100
AcDbLine
 10
354.374186257
 20
180.479317164
 30
0.000000000
 11
352.055964274
 21
180.837947353
 31
0.000000000
  0
LINE
  5
1161
330
A02
100
AcDbEntity
  8
Iso
100
AcDbLine
 10
352.055964274
 20
180.707307900
 30
0.000000000
 11
352.055964274
 21
180.837947353
 31
0.000000000
  0
LINE
  5
1162
330
A02
100
AcDbEntity
  8
Iso
100
AcDbLine
 10
353.681493676
 20
180.455837626
 30
0.000000000
 11
352.055964274
 21
180.707307900
 31
0.000000000
  0
LINE
  5
1163
330
A02
100
AcDbEntity
  8
Iso
100
AcDbLine
 10
355.321463962
 20
182.389777492
 30
0.000000000
 11
355.321463962
 21
182.520416945
 31
0.000000000
  0
LINE
  5
1164
330
A02
100
AcDbEntity
  8
Iso
100
AcDbLine
 10
355.321463962
 20
182.520416945
 30
0.000000000
 11
355.052391738
 21
182.562042563
 31
0.000000000
  0
LINE
  5
1165
330
A02
100
AcDbEntity
  8
Iso
100
AcDbLine
 10
354.761226983
 20
182.607085907
 30
0.000000000
 11
353.003241979
 21
182.879047134
 31
0.000000000
  0
LINE
  5
1166
330
A02
100
AcDbEntity
  8
Iso
100
AcDbLine
 10
353.003241979
 20
182.748407681
 30
0.000000000
 11
353.003241979
 21
182.879047134
 31
0.000000000
  0
LINE
  5
1167
330
A02
100
AcDbEntity
  8
Iso
100
AcDbLine
 10
355.321463962
 20
182.389777492
 30
0.000000000
 11
353.003241979
 21
182.748407681
 31
0.000000000
  0
LINE
  5
1168
330
A02
100
AcDbEntity
  8
Iso
100
AcDbLine
 10
354.386755562
 20
180.375760799
 30
0.000000000
 11
355.321463962
 21
182.389777492
 31
0.000000000
  0
LINE
  5
1169
330
A02
100
AcDbEntity
  8
Iso
100
AcDbLine
 10
354.374186257
 20
180.479317164
 30
0.000000000
 11
355.321463962
 21
182.520416945
 31
0.000000000
  0
LINE
  5
116A
330
A02
100
AcDbEntity
  8
Iso
100
AcDbLine
 10
352.055964274
 20
180.707307900
 30
0.000000000
 11
353.003241979
 21
182.748407681
 31
0.000000000
  0
LINE
  5
116B
330
A02
100
AcDbEntity
  8
Iso
100
AcDbLine
 10
352.055964274
 20
180.837947353
 30
0.000000000
 11
353.003241979
 21
182.879047134
 31
0.000000000
  0
LINE
  5
116C
330
A02
100
AcDbEntity
  8
Iso
100
AcDbLine
 10
360.997564787
 20
196.219779986
 30
0.000000000
 11
359.414189726
 21
196.464728960
 31
0.000000000
  0
LINE
  5
116D
330
A02
100
AcDbEntity
  8
Iso
100
AcDbLine
 10
360.940996244
 20
196.097891717
 30
0.000000000
 11
359.357621184
 21
196.342840691
 31
0.000000000
  0
LINE
  5
116E
330
A02
100
AcDbEntity
  8
Iso
100
AcDbLine
 10
362.032840967
 20
198.450490129
 30
0.000000000
 11
360.449465907
 21
198.695439104
 31
0.000000000
  0
LINE
  5
116F
330
A02
100
AcDbEntity
  8
Iso
100
AcDbLine
 10
360.103836228
 20
197.015528955
 30
0.000000000
 11
359.845017183
 21
196.457851419
 31
0.000000000
  0
LINE
  5
1170
330
A02
100
AcDbEntity
  8
Iso
100
AcDbLine
 10
360.103836228
 20
197.015528955
 30
0.000000000
 11
359.756102931
 21
197.069323483
 31
0.000000000
  0
LINE
  5
1171
330
A02
100
AcDbEntity
  8
Iso
100
AcDbLine
 10
359.845017183
 20
196.457851419
 30
0.000000000
 11
359.497283886
 21
196.511645947
 31
0.000000000
  0
LINE
  5
1172
330
A02
100
AcDbEntity
  8
Iso
100
AcDbLine
 10
359.756102931
 20
197.069323483
 30
0.000000000
 11
359.497283886
 21
196.511645947
 31
0.000000000
  0
LINE
  5
1173
330
A02
100
AcDbEntity
  8
Iso
100
AcDbLine
 10
360.828529555
 20
198.577026055
 30
0.000000000
 11
360.569710509
 21
198.019348519
 31
0.000000000
  0
LINE
  5
1174
330
A02
100
AcDbEntity
  8
Iso
100
AcDbLine
 10
360.828529555
 20
198.577026055
 30
0.000000000
 11
360.480796257
 21
198.630820583
 31
0.000000000
  0
LINE
  5
1175
330
A02
100
AcDbEntity
  8
Iso
100
AcDbLine
 10
360.480796257
 20
198.630820583
 30
0.000000000
 11
360.221977212
 21
198.073143048
 31
0.000000000
  0
LINE
  5
1176
330
A02
100
AcDbEntity
  8
Iso
100
AcDbLine
 10
360.569710509
 20
198.019348519
 30
0.000000000
 11
360.221977212
 21
198.073143048
 31
0.000000000
  0
LINE
  5
1177
330
A02
100
AcDbEntity
  8
Iso
100
AcDbLine
 10
359.065713134
 20
196.387999024
 30
0.000000000
 11
360.100989315
 21
198.618709167
 31
0.000000000
  0
LINE
  5
1178
330
A02
100
AcDbEntity
  8
Iso
100
AcDbLine
 10
360.100989315
 20
198.618709167
 30
0.000000000
 11
360.100989315
 21
198.749348620
 31
0.000000000
  0
LINE
  5
1179
330
A02
100
AcDbEntity
  8
Iso
100
AcDbLine
 10
362.805581628
 20
198.200307280
 30
0.000000000
 11
360.100989315
 21
198.618709167
 31
0.000000000
  0
LINE
  5
117A
330
A02
100
AcDbEntity
  8
Iso
100
AcDbLine
 10
361.649317550
 20
196.645802709
 30
0.000000000
 11
361.390498505
 21
196.088125173
 31
0.000000000
  0
LINE
  5
117B
330
A02
100
AcDbEntity
  8
Iso
100
AcDbLine
 10
361.649317550
 20
196.645802709
 30
0.000000000
 11
361.592749008
 21
196.654553893
 31
0.000000000
  0
LINE
  5
117C
330
A02
100
AcDbEntity
  8
Iso
100
AcDbLine
 10
361.390498505
 20
196.088125173
 30
0.000000000
 11
361.042765208
 21
196.141919702
 31
0.000000000
  0
LINE
  5
117D
330
A02
100
AcDbEntity
  8
Iso
100
AcDbLine
 10
361.099333750
 20
196.263807971
 30
0.000000000
 11
361.042765208
 21
196.141919702
 31
0.000000000
  0
LINE
  5
117E
330
A02
100
AcDbEntity
  8
Iso
100
AcDbLine
 10
362.374010877
 20
198.207299810
 30
0.000000000
 11
362.115191831
 21
197.649622274
 31
0.000000000
  0
LINE
  5
117F
330
A02
100
AcDbEntity
  8
Iso
100
AcDbLine
 10
362.374010877
 20
198.207299810
 30
0.000000000
 11
362.317442334
 21
198.216050994
 31
0.000000000
  0
LINE
  5
1180
330
A02
100
AcDbEntity
  8
Iso
100
AcDbLine
 10
362.115191831
 20
197.649622274
 30
0.000000000
 11
361.767458534
 21
197.703416802
 31
0.000000000
  0
LINE
  5
1181
330
A02
100
AcDbEntity
  8
Iso
100
AcDbLine
 10
361.824027077
 20
197.825305071
 30
0.000000000
 11
361.767458534
 21
197.703416802
 31
0.000000000
  0
LINE
  5
1182
330
A02
100
AcDbEntity
  8
Iso
100
AcDbLine
 10
360.103836228
 20
196.884889502
 30
0.000000000
 11
359.845017183
 21
196.327211966
 31
0.000000000
  0
LINE
  5
1183
330
A02
100
AcDbEntity
  8
Iso
100
AcDbLine
 10
360.103836228
 20
196.884889502
 30
0.000000000
 11
359.756102931
 21
196.938684030
 31
0.000000000
  0
LINE
  5
1184
330
A02
100
AcDbEntity
  8
Iso
100
AcDbLine
 10
359.845017183
 20
196.327211966
 30
0.000000000
 11
359.497283886
 21
196.381006494
 31
0.000000000
  0
LINE
  5
1185
330
A02
100
AcDbEntity
  8
Iso
100
AcDbLine
 10
359.756102931
 20
196.938684030
 30
0.000000000
 11
359.497283886
 21
196.381006494
 31
0.000000000
  0
LINE
  5
1186
330
A02
100
AcDbEntity
  8
Iso
100
AcDbLine
 10
360.828529555
 20
198.446386602
 30
0.000000000
 11
360.569710509
 21
197.888709066
 31
0.000000000
  0
LINE
  5
1187
330
A02
100
AcDbEntity
  8
Iso
100
AcDbLine
 10
360.828529555
 20
198.446386602
 30
0.000000000
 11
360.480796257
 21
198.500181130
 31
0.000000000
  0
LINE
  5
1188
330
A02
100
AcDbEntity
  8
Iso
100
AcDbLine
 10
360.480796257
 20
198.500181130
 30
0.000000000
 11
360.221977212
 21
197.942503595
 31
0.000000000
  0
LINE
  5
1189
330
A02
100
AcDbEntity
  8
Iso
100
AcDbLine
 10
360.569710509
 20
197.888709066
 30
0.000000000
 11
360.221977212
 21
197.942503595
 31
0.000000000
  0
LINE
  5
118A
330
A02
100
AcDbEntity
  8
Iso
100
AcDbLine
 10
361.649317550
 20
196.645802709
 30
0.000000000
 11
361.649317550
 21
196.776442162
 31
0.000000000
  0
LINE
  5
118B
330
A02
100
AcDbEntity
  8
Iso
100
AcDbLine
 10
361.390498505
 20
196.088125173
 30
0.000000000
 11
361.390498505
 21
196.218764626
 31
0.000000000
  0
LINE
  5
118C
330
A02
100
AcDbEntity
  8
Iso
100
AcDbLine
 10
361.042765208
 20
196.141919702
 30
0.000000000
 11
361.042765208
 21
196.272559155
 31
0.000000000
  0
LINE
  5
118D
330
A02
100
AcDbEntity
  8
Iso
100
AcDbLine
 10
362.374010877
 20
198.207299810
 30
0.000000000
 11
362.374010877
 21
198.337939263
 31
0.000000000
  0
LINE
  5
118E
330
A02
100
AcDbEntity
  8
Iso
100
AcDbLine
 10
362.115191831
 20
197.649622274
 30
0.000000000
 11
362.115191831
 21
197.780261727
 31
0.000000000
  0
LINE
  5
118F
330
A02
100
AcDbEntity
  8
Iso
100
AcDbLine
 10
361.767458534
 20
197.703416802
 30
0.000000000
 11
361.767458534
 21
197.834056255
 31
0.000000000
  0
LINE
  5
1190
330
A02
100
AcDbEntity
  8
Iso
100
AcDbLine
 10
360.103836228
 20
196.884889502
 30
0.000000000
 11
360.103836228
 21
197.015528955
 31
0.000000000
  0
LINE
  5
1191
330
A02
100
AcDbEntity
  8
Iso
100
AcDbLine
 10
359.845017183
 20
196.327211966
 30
0.000000000
 11
359.845017183
 21
196.457851419
 31
0.000000000
  0
LINE
  5
1192
330
A02
100
AcDbEntity
  8
Iso
100
AcDbLine
 10
359.756102931
 20
196.938684030
 30
0.000000000
 11
359.756102931
 21
197.069323483
 31
0.000000000
  0
LINE
  5
1193
330
A02
100
AcDbEntity
  8
Iso
100
AcDbLine
 10
359.497283886
 20
196.381006494
 30
0.000000000
 11
359.497283886
 21
196.511645947
 31
0.000000000
  0
LINE
  5
1194
330
A02
100
AcDbEntity
  8
Iso
100
AcDbLine
 10
360.828529555
 20
198.446386602
 30
0.000000000
 11
360.828529555
 21
198.577026055
 31
0.000000000
  0
LINE
  5
1195
330
A02
100
AcDbEntity
  8
Iso
100
AcDbLine
 10
360.569710509
 20
197.888709066
 30
0.000000000
 11
360.569710509
 21
198.019348519
 31
0.000000000
  0
LINE
  5
1196
330
A02
100
AcDbEntity
  8
Iso
100
AcDbLine
 10
360.480796257
 20
198.500181130
 30
0.000000000
 11
360.480796257
 21
198.630820583
 31
0.000000000
  0
LINE
  5
1197
330
A02
100
AcDbEntity
  8
Iso
100
AcDbLine
 10
360.221977212
 20
197.942503595
 30
0.000000000
 11
360.221977212
 21
198.073143048
 31
0.000000000
  0
LWPOLYLINE
  5
1198
330
A02
100
AcDbEntity
100
AcDbPolyline
  8
Iso
 90
2
 70
0
 43
0
 10
360.317454852
 20
196.507971562
 10
360.546777777
 20
196.765593378
  0
LWPOLYLINE
  5
1199
330
A02
100
AcDbEntity
100
AcDbPolyline
  8
Iso
 90
2
 70
0
 43
0
 10
360.546777777
 20
196.765593378
 10
360.088131928
 20
193.800860003
  0
LWPOLYLINE
  5
119A
330
A02
100
AcDbEntity
100
AcDbPolyline
  8
Iso
 90
2
 70
0
 43
0
 10
359.967289901
 20
193.999846134
 10
360.317454852
 20
196.507971562
  0
LWPOLYLINE
  5
119B
330
A02
100
AcDbEntity
100
AcDbPolyline
  8
Iso
 90
2
 70
0
 43
0
 10
361.553839910
 20
196.316702128
 10
361.783162835
 20
196.574323944
  0
LWPOLYLINE
  5
119C
330
A02
100
AcDbEntity
100
AcDbPolyline
  8
Iso
 90
2
 70
0
 43
0
 10
361.783162835
 20
196.574323944
 10
361.919530737
 20
196.291132949
  0
LWPOLYLINE
  5
119D
330
A02
100
AcDbEntity
100
AcDbPolyline
  8
Iso
 90
2
 70
0
 43
0
 10
361.375203002
 20
195.794437730
 10
361.553839910
 20
196.316702128
  0
LINE
  5
119E
330
A02
100
AcDbEntity
  8
Iso
100
AcDbLine
 10
361.393000455
 20
195.998938856
 30
0.000000000
 11
361.393000455
 21
196.542861309
 31
0.000000000
  0
LINE
  5
119F
330
A02
100
AcDbEntity
  8
Iso
100
AcDbLine
 10
361.393000455
 20
196.542861309
 30
0.000000000
 11
360.002067265
 21
196.758039423
 31
0.000000000
  0
LINE
  5
11A0
330
A02
100
AcDbEntity
  8
Iso
100
AcDbLine
 10
360.002067265
 20
196.006862568
 30
0.000000000
 11
360.002067265
 21
196.758039423
 31
0.000000000
  0
LINE
  5
11A1
330
A02
100
AcDbEntity
  8
Iso
100
AcDbLine
 10
360.838683151
 20
195.877437640
 30
0.000000000
 11
360.002067265
 21
196.006862568
 31
0.000000000
  0
LINE
  5
11A2
330
A02
100
AcDbEntity
  8
Iso
100
AcDbLine
 10
361.869227498
 20
196.817811121
 30
0.000000000
 11
361.869227498
 21
197.568987975
 31
0.000000000
  0
LINE
  5
11A3
330
A02
100
AcDbEntity
  8
Iso
100
AcDbLine
 10
361.869227498
 20
197.568987975
 30
0.000000000
 11
360.478294308
 21
197.784166089
 31
0.000000000
  0
LINE
  5
11A4
330
A02
100
AcDbEntity
  8
Iso
100
AcDbLine
 10
360.478294308
 20
197.032989234
 30
0.000000000
 11
360.478294308
 21
197.784166089
 31
0.000000000
  0
LINE
  5
11A5
330
A02
100
AcDbEntity
  8
Iso
100
AcDbLine
 10
361.869227498
 20
196.817811121
 30
0.000000000
 11
360.478294308
 21
197.032989234
 31
0.000000000
  0
LINE
  5
11A6
330
A02
100
AcDbEntity
  8
Iso
100
AcDbLine
 10
361.482744243
 20
195.985055444
 30
0.000000000
 11
361.869227498
 21
196.817811121
 31
0.000000000
  0
LINE
  5
11A7
330
A02
100
AcDbEntity
  8
Iso
100
AcDbLine
 10
361.393000455
 20
196.542861309
 30
0.000000000
 11
361.869227498
 21
197.568987975
 31
0.000000000
  0
LINE
  5
11A8
330
A02
100
AcDbEntity
  8
Iso
100
AcDbLine
 10
360.002067265
 20
196.006862568
 30
0.000000000
 11
360.478294308
 21
197.032989234
 31
0.000000000
  0
LINE
  5
11A9
330
A02
100
AcDbEntity
  8
Iso
100
AcDbLine
 10
360.002067265
 20
196.758039423
 30
0.000000000
 11
360.478294308
 21
197.784166089
 31
0.000000000
  0
LINE
  5
11AA
330
A02
100
AcDbEntity
  8
Iso
100
AcDbLine
 10
361.621119520
 20
195.992676280
 30
0.000000000
 11
361.621119520
 21
196.094288167
 31
0.000000000
  0
LINE
  5
11AB
330
A02
100
AcDbEntity
  8
Iso
100
AcDbLine
 10
361.621119520
 20
196.094288167
 30
0.000000000
 11
359.302897537
 21
196.452918356
 31
0.000000000
  0
LINE
  5
11AC
330
A02
100
AcDbEntity
  8
Iso
100
AcDbLine
 10
359.302897537
 20
196.351306469
 30
0.000000000
 11
359.302897537
 21
196.452918356
 31
0.000000000
  0
LINE
  5
11AD
330
A02
100
AcDbEntity
  8
Iso
100
AcDbLine
 10
360.928426939
 20
196.070808629
 30
0.000000000
 11
359.345051879
 21
196.315757603
 31
0.000000000
  0
LINE
  5
11AE
330
A02
100
AcDbEntity
  8
Iso
100
AcDbLine
 10
362.568397225
 20
198.004748495
 30
0.000000000
 11
362.568397225
 21
198.135387948
 31
0.000000000
  0
LINE
  5
11AF
330
A02
100
AcDbEntity
  8
Iso
100
AcDbLine
 10
362.568397225
 20
198.135387948
 30
0.000000000
 11
362.299325001
 21
198.177013566
 31
0.000000000
  0
LINE
  5
11B0
330
A02
100
AcDbEntity
  8
Iso
100
AcDbLine
 10
362.008160246
 20
198.222056910
 30
0.000000000
 11
360.250175242
 21
198.494018137
 31
0.000000000
  0
LINE
  5
11B1
330
A02
100
AcDbEntity
  8
Iso
100
AcDbLine
 10
360.250175242
 20
198.363378684
 30
0.000000000
 11
360.250175242
 21
198.494018137
 31
0.000000000
  0
LINE
  5
11B2
330
A02
100
AcDbEntity
  8
Iso
100
AcDbLine
 10
362.568397225
 20
198.004748495
 30
0.000000000
 11
360.250175242
 21
198.363378684
 31
0.000000000
  0
LINE
  5
11B3
330
A02
100
AcDbEntity
  8
Iso
100
AcDbLine
 10
361.633688825
 20
195.990731802
 30
0.000000000
 11
362.568397225
 21
198.004748495
 31
0.000000000
  0
LINE
  5
11B4
330
A02
100
AcDbEntity
  8
Iso
100
AcDbLine
 10
361.621119520
 20
196.094288167
 30
0.000000000
 11
362.568397225
 21
198.135387948
 31
0.000000000
  0
LINE
  5
11B5
330
A02
100
AcDbEntity
  8
Iso
100
AcDbLine
 10
359.302897537
 20
196.322278903
 30
0.000000000
 11
360.250175242
 21
198.363378684
 31
0.000000000
  0
LINE
  5
11B6
330
A02
100
AcDbEntity
  8
Iso
100
AcDbLine
 10
359.302897537
 20
196.452918356
 30
0.000000000
 11
360.250175242
 21
198.494018137
 31
0.000000000
  0
LINE
  5
11B7
330
A02
100
AcDbEntity
  8
Iso
100
AcDbLine
 10
294.304234483
 20
186.210862359
 30
0.000000000
 11
294.955239533
 21
186.586720300
 31
0.000000000
  0
LINE
  5
11B8
330
A02
100
AcDbEntity
  8
Iso
100
AcDbLine
 10
314.103224356
 20
174.779910226
 30
0.000000000
 11
314.754229407
 21
175.155768167
 31
0.000000000
  0
LINE
  5
11B9
330
A02
100
AcDbEntity
  8
Iso
100
AcDbLine
 10
354.536229572
 20
180.959352941
 30
0.000000000
 11
353.299844514
 21
181.150622375
 31
0.000000000
  0
LINE
  5
11BA
330
A02
100
AcDbEntity
  8
Iso
100
AcDbLine
 10
361.783162835
 20
196.574323944
 30
0.000000000
 11
360.546777777
 21
196.765593378
 31
0.000000000
  0
LINE
  5
11BB
330
A02
100
AcDbEntity
  8
Detalhe
100
AcDbLine
 10
165.000000000
 20
73.000000000
 30
0.000000000
 11
165.000000000
 21
58.000000000
 31
0.000000000
  0
LINE
  5
11BC
330
A02
100
AcDbEntity
  8
Detalhe
100
AcDbLine
 10
180.000000000
 20
73.000000000
 30
0.000000000
 11
180.000000000
 21
58.000000000
 31
0.000000000
  0
LINE
  5
11BD
330
A02
100
AcDbEntity
  8
Detalhe
100
AcDbLine
 10
165.000000000
 20
73.000000000
 30
0.000000000
 11
180.000000000
 21
73.000000000
 31
0.000000000
  0
LINE
  5
11BE
330
A02
100
AcDbEntity
  8
Detalhe
100
AcDbLine
 10
165.000000000
 20
58.000000000
 30
0.000000000
 11
180.000000000
 21
58.000000000
 31
0.000000000
  0
LINE
  5
11BF
330
A02
100
AcDbEntity
  8
Detalhe
100
AcDbLine
 10
190.000000000
 20
83.000000000
 30
0.000000000
 11
190.000000000
 21
48.000000000
 31
0.000000000
  0
LINE
  5
11C0
330
A02
100
AcDbEntity
  8
Detalhe
100
AcDbLine
 10
190.000000000
 20
83.000000000
 30
0.000000000
 11
240.000000000
 21
83.000000000
 31
0.000000000
  0
LINE
  5
11C1
330
A02
100
AcDbEntity
  8
Detalhe
100
AcDbLine
 10
190.000000000
 20
48.000000000
 30
0.000000000
 11
240.000000000
 21
48.000000000
 31
0.000000000
  0
LINE
  5
11C2
330
A02
100
AcDbEntity
  8
Detalhe
100
AcDbLine
 10
240.000000000
 20
83.000000000
 30
0.000000000
 11
240.000000000
 21
48.000000000
 31
0.000000000
  0
LINE
  5
11C3
330
A02
100
AcDbEntity
  8
Detalhe
100
AcDbLine
 10
192.125000000
 20
77.750000000
 30
0.000000000
 11
191.250000000
 21
77.750000000
 31
0.000000000
  0
LINE
  5
11C4
330
A02
100
AcDbEntity
  8
Detalhe
100
AcDbLine
 10
191.250000000
 20
77.750000000
 30
0.000000000
 11
191.250000000
 21
73.250000000
 31
0.000000000
  0
LINE
  5
11C5
330
A02
100
AcDbEntity
  8
Detalhe
100
AcDbLine
 10
192.125000000
 20
73.250000000
 30
0.000000000
 11
191.250000000
 21
73.250000000
 31
0.000000000
  0
LINE
  5
11C6
330
A02
100
AcDbEntity
  8
Detalhe
100
AcDbLine
 10
238.750000000
 20
77.750000000
 30
0.000000000
 11
237.875000000
 21
77.750000000
 31
0.000000000
  0
LINE
  5
11C7
330
A02
100
AcDbEntity
  8
Detalhe
100
AcDbLine
 10
238.750000000
 20
77.750000000
 30
0.000000000
 11
238.750000000
 21
73.250000000
 31
0.000000000
  0
LINE
  5
11C8
330
A02
100
AcDbEntity
  8
Detalhe
100
AcDbLine
 10
238.750000000
 20
73.250000000
 30
0.000000000
 11
237.875000000
 21
73.250000000
 31
0.000000000
  0
LINE
  5
11C9
330
A02
100
AcDbEntity
  8
Detalhe
100
AcDbLine
 10
192.125000000
 20
57.750000000
 30
0.000000000
 11
191.250000000
 21
57.750000000
 31
0.000000000
  0
LINE
  5
11CA
330
A02
100
AcDbEntity
  8
Detalhe
100
AcDbLine
 10
191.250000000
 20
57.750000000
 30
0.000000000
 11
191.250000000
 21
53.250000000
 31
0.000000000
  0
LINE
  5
11CB
330
A02
100
AcDbEntity
  8
Detalhe
100
AcDbLine
 10
192.125000000
 20
53.250000000
 30
0.000000000
 11
191.250000000
 21
53.250000000
 31
0.000000000
  0
LINE
  5
11CC
330
A02
100
AcDbEntity
  8
Detalhe
100
AcDbLine
 10
238.750000000
 20
57.750000000
 30
0.000000000
 11
237.875000000
 21
57.750000000
 31
0.000000000
  0
LINE
  5
11CD
330
A02
100
AcDbEntity
  8
Detalhe
100
AcDbLine
 10
238.750000000
 20
57.750000000
 30
0.000000000
 11
238.750000000
 21
53.250000000
 31
0.000000000
  0
LINE
  5
11CE
330
A02
100
AcDbEntity
  8
Detalhe
100
AcDbLine
 10
238.750000000
 20
53.250000000
 30
0.000000000
 11
237.875000000
 21
53.250000000
 31
0.000000000
  0
LWPOLYLINE
  5
11CF
330
A02
100
AcDbEntity
100
AcDbPolyline
  8
Detalhe
 90
9
 70
0
 43
0
 10
233.750000000
 20
57.500000000
 10
228.750000000
 20
57.500000000
 10
223.750000000
 20
57.500000000
 10
218.750000000
 20
57.500000000
 10
213.750000000
 20
57.500000000
 10
208.750000000
 20
57.500000000
 10
203.750000000
 20
57.500000000
 10
198.750000000
 20
57.500000000
 10
196.250000000
 20
57.500000000
  0
LWPOLYLINE
  5
11D0
330
A02
100
AcDbEntity
100
AcDbPolyline
  8
Detalhe
 90
9
 70
0
 43
0
 10
233.750000000
 20
73.500000000
 10
228.750000000
 20
73.500000000
 10
223.750000000
 20
73.500000000
 10
218.750000000
 20
73.500000000
 10
213.750000000
 20
73.500000000
 10
208.750000000
 20
73.500000000
 10
203.750000000
 20
73.500000000
 10
198.750000000
 20
73.500000000
 10
196.250000000
 20
73.500000000
  0
LINE
  5
11D1
330
A02
100
AcDbEntity
  8
Detalhe
100
AcDbLine
 10
203.500000000
 20
74.500000000
 30
0.000000000
 11
203.500000000
 21
73.500000000
 31
0.000000000
  0
LINE
  5
11D2
330
A02
100
AcDbEntity
  8
Detalhe
100
AcDbLine
 10
203.500000000
 20
57.500000000
 30
0.000000000
 11
203.500000000
 21
56.500000000
 31
0.000000000
  0
LINE
  5
11D3
330
A02
100
AcDbEntity
  8
Detalhe
100
AcDbLine
 10
226.500000000
 20
74.500000000
 30
0.000000000
 11
226.500000000
 21
73.500000000
 31
0.000000000
  0
LINE
  5
11D4
330
A02
100
AcDbEntity
  8
Detalhe
100
AcDbLine
 10
226.500000000
 20
57.500000000
 30
0.000000000
 11
226.500000000
 21
56.500000000
 31
0.000000000
  0
LINE
  5
11D5
330
A02
100
AcDbEntity
  8
Detalhe
100
AcDbLine
 10
203.500000000
 20
74.500000000
 30
0.000000000
 11
226.500000000
 21
74.500000000
 31
0.000000000
  0
LINE
  5
11D6
330
A02
100
AcDbEntity
  8
Detalhe
100
AcDbLine
 10
203.500000000
 20
56.500000000
 30
0.000000000
 11
226.500000000
 21
56.500000000
 31
0.000000000
  0
LINE
  5
11D7
330
A02
100
AcDbEntity
  8
Detalhe
100
AcDbLine
 10
192.125000000
 20
80.500000000
 30
0.000000000
 11
192.125000000
 21
50.500000000
 31
0.000000000
  0
LINE
  5
11D8
330
A02
100
AcDbEntity
  8
Detalhe
100
AcDbLine
 10
237.875000000
 20
80.500000000
 30
0.000000000
 11
237.875000000
 21
50.500000000
 31
0.000000000
  0
LINE
  5
11D9
330
A02
100
AcDbEntity
  8
Detalhe
100
AcDbLine
 10
192.125000000
 20
80.500000000
 30
0.000000000
 11
237.875000000
 21
80.500000000
 31
0.000000000
  0
LINE
  5
11DA
330
A02
100
AcDbEntity
  8
Detalhe
100
AcDbLine
 10
192.125000000
 20
50.500000000
 30
0.000000000
 11
237.875000000
 21
50.500000000
 31
0.000000000
  0
LINE
  5
11DB
330
A02
100
AcDbEntity
  8
Detalhe
100
AcDbLine
 10
196.250000000
 20
73.500000000
 30
0.000000000
 11
196.250000000
 21
57.500000000
 31
0.000000000
  0
LINE
  5
11DC
330
A02
100
AcDbEntity
  8
Detalhe
100
AcDbLine
 10
233.750000000
 20
73.500000000
 30
0.000000000
 11
233.750000000
 21
57.500000000
 31
0.000000000
  0
LINE
  5
11DD
330
A02
100
AcDbEntity
  8
Detalhe
100
AcDbLine
 10
165.000000000
 20
73.000000000
 30
0.000000000
 11
165.000000000
 21
58.000000000
 31
0.000000000
  0
LINE
  5
11DE
330
A02
100
AcDbEntity
  8
Detalhe
100
AcDbLine
 10
180.000000000
 20
73.000000000
 30
0.000000000
 11
180.000000000
 21
58.000000000
 31
0.000000000
  0
LINE
  5
11DF
330
A02
100
AcDbEntity
  8
Detalhe
100
AcDbLine
 10
165.000000000
 20
73.000000000
 30
0.000000000
 11
180.000000000
 21
73.000000000
 31
0.000000000
  0
LINE
  5
11E0
330
A02
100
AcDbEntity
  8
Detalhe
100
AcDbLine
 10
165.000000000
 20
58.000000000
 30
0.000000000
 11
180.000000000
 21
58.000000000
 31
0.000000000
  0
LINE
  5
11E1
330
A02
100
AcDbEntity
  8
Detalhe
100
AcDbLine
 10
190.000000000
 20
83.000000000
 30
0.000000000
 11
190.000000000
 21
48.000000000
 31
0.000000000
  0
LINE
  5
11E2
330
A02
100
AcDbEntity
  8
Detalhe
100
AcDbLine
 10
190.000000000
 20
83.000000000
 30
0.000000000
 11
240.000000000
 21
83.000000000
 31
0.000000000
  0
LINE
  5
11E3
330
A02
100
AcDbEntity
  8
Detalhe
100
AcDbLine
 10
190.000000000
 20
48.000000000
 30
0.000000000
 11
240.000000000
 21
48.000000000
 31
0.000000000
  0
LINE
  5
11E4
330
A02
100
AcDbEntity
  8
Detalhe
100
AcDbLine
 10
240.000000000
 20
83.000000000
 30
0.000000000
 11
240.000000000
 21
48.000000000
 31
0.000000000
  0
LINE
  5
11E5
330
A02
100
AcDbEntity
  8
Detalhe
100
AcDbLine
 10
203.750000000
 20
77.750000000
 30
0.000000000
 11
191.250000000
 21
77.750000000
 31
0.000000000
  0
LINE
  5
11E6
330
A02
100
AcDbEntity
  8
Detalhe
100
AcDbLine
 10
203.750000000
 20
77.750000000
 30
0.000000000
 11
203.750000000
 21
73.250000000
 31
0.000000000
  0
LINE
  5
11E7
330
A02
100
AcDbEntity
  8
Detalhe
100
AcDbLine
 10
191.250000000
 20
77.750000000
 30
0.000000000
 11
191.250000000
 21
73.250000000
 31
0.000000000
  0
LINE
  5
11E8
330
A02
100
AcDbEntity
  8
Detalhe
100
AcDbLine
 10
203.750000000
 20
73.250000000
 30
0.000000000
 11
191.250000000
 21
73.250000000
 31
0.000000000
  0
LINE
  5
11E9
330
A02
100
AcDbEntity
  8
Detalhe
100
AcDbLine
 10
238.750000000
 20
77.750000000
 30
0.000000000
 11
226.250000000
 21
77.750000000
 31
0.000000000
  0
LINE
  5
11EA
330
A02
100
AcDbEntity
  8
Detalhe
100
AcDbLine
 10
238.750000000
 20
77.750000000
 30
0.000000000
 11
238.750000000
 21
73.250000000
 31
0.000000000
  0
LINE
  5
11EB
330
A02
100
AcDbEntity
  8
Detalhe
100
AcDbLine
 10
226.250000000
 20
77.750000000
 30
0.000000000
 11
226.250000000
 21
73.250000000
 31
0.000000000
  0
LINE
  5
11EC
330
A02
100
AcDbEntity
  8
Detalhe
100
AcDbLine
 10
238.750000000
 20
73.250000000
 30
0.000000000
 11
226.250000000
 21
73.250000000
 31
0.000000000
  0
LINE
  5
11ED
330
A02
100
AcDbEntity
  8
Detalhe
100
AcDbLine
 10
203.750000000
 20
57.750000000
 30
0.000000000
 11
191.250000000
 21
57.750000000
 31
0.000000000
  0
LINE
  5
11EE
330
A02
100
AcDbEntity
  8
Detalhe
100
AcDbLine
 10
203.750000000
 20
57.750000000
 30
0.000000000
 11
203.750000000
 21
53.250000000
 31
0.000000000
  0
LINE
  5
11EF
330
A02
100
AcDbEntity
  8
Detalhe
100
AcDbLine
 10
191.250000000
 20
57.750000000
 30
0.000000000
 11
191.250000000
 21
53.250000000
 31
0.000000000
  0
LINE
  5
11F0
330
A02
100
AcDbEntity
  8
Detalhe
100
AcDbLine
 10
203.750000000
 20
53.250000000
 30
0.000000000
 11
191.250000000
 21
53.250000000
 31
0.000000000
  0
LINE
  5
11F1
330
A02
100
AcDbEntity
  8
Detalhe
100
AcDbLine
 10
238.750000000
 20
57.750000000
 30
0.000000000
 11
226.250000000
 21
57.750000000
 31
0.000000000
  0
LINE
  5
11F2
330
A02
100
AcDbEntity
  8
Detalhe
100
AcDbLine
 10
238.750000000
 20
57.750000000
 30
0.000000000
 11
238.750000000
 21
53.250000000
 31
0.000000000
  0
LINE
  5
11F3
330
A02
100
AcDbEntity
  8
Detalhe
100
AcDbLine
 10
238.750000000
 20
53.250000000
 30
0.000000000
 11
226.250000000
 21
53.250000000
 31
0.000000000
  0
LINE
  5
11F4
330
A02
100
AcDbEntity
  8
Detalhe
100
AcDbLine
 10
226.250000000
 20
57.750000000
 30
0.000000000
 11
226.250000000
 21
53.250000000
 31
0.000000000
  0
LINE
  5
11F5
330
A02
100
AcDbEntity
  8
Detalhe
100
AcDbLine
 10
203.750000000
 20
77.750000000
 30
0.000000000
 11
192.125000000
 21
77.750000000
 31
0.000000000
  0
LINE
  5
11F6
330
A02
100
AcDbEntity
  8
Detalhe
100
AcDbLine
 10
203.750000000
 20
77.750000000
 30
0.000000000
 11
203.750000000
 21
73.250000000
 31
0.000000000
  0
LINE
  5
11F7
330
A02
100
AcDbEntity
  8
Detalhe
100
AcDbLine
 10
203.750000000
 20
73.250000000
 30
0.000000000
 11
192.125000000
 21
73.250000000
 31
0.000000000
  0
LINE
  5
11F8
330
A02
100
AcDbEntity
  8
Detalhe
100
AcDbLine
 10
237.875000000
 20
77.750000000
 30
0.000000000
 11
226.250000000
 21
77.750000000
 31
0.000000000
  0
LINE
  5
11F9
330
A02
100
AcDbEntity
  8
Detalhe
100
AcDbLine
 10
226.250000000
 20
77.750000000
 30
0.000000000
 11
226.250000000
 21
73.250000000
 31
0.000000000
  0
LINE
  5
11FA
330
A02
100
AcDbEntity
  8
Detalhe
100
AcDbLine
 10
237.875000000
 20
73.250000000
 30
0.000000000
 11
226.250000000
 21
73.250000000
 31
0.000000000
  0
LINE
  5
11FB
330
A02
100
AcDbEntity
  8
Detalhe
100
AcDbLine
 10
203.750000000
 20
57.750000000
 30
0.000000000
 11
192.125000000
 21
57.750000000
 31
0.000000000
  0
LINE
  5
11FC
330
A02
100
AcDbEntity
  8
Detalhe
100
AcDbLine
 10
203.750000000
 20
57.750000000
 30
0.000000000
 11
203.750000000
 21
53.250000000
 31
0.000000000
  0
LINE
  5
11FD
330
A02
100
AcDbEntity
  8
Detalhe
100
AcDbLine
 10
203.750000000
 20
53.250000000
 30
0.000000000
 11
192.125000000
 21
53.250000000
 31
0.000000000
  0
LINE
  5
11FE
330
A02
100
AcDbEntity
  8
Detalhe
100
AcDbLine
 10
237.875000000
 20
57.750000000
 30
0.000000000
 11
226.250000000
 21
57.750000000
 31
0.000000000
  0
LINE
  5
11FF
330
A02
100
AcDbEntity
  8
Detalhe
100
AcDbLine
 10
237.875000000
 20
53.250000000
 30
0.000000000
 11
226.250000000
 21
53.250000000
 31
0.000000000
  0
LINE
  5
1200
330
A02
100
AcDbEntity
  8
Detalhe
100
AcDbLine
 10
226.250000000
 20
57.750000000
 30
0.000000000
 11
226.250000000
 21
53.250000000
 31
0.000000000
  0
LWPOLYLINE
  5
1201
330
A02
100
AcDbEntity
100
AcDbPolyline
  8
Detalhe
 90
5
 70
0
 43
0
 10
215.000000000
 20
57.500000000
 10
220.000000000
 20
57.500000000
 10
225.000000000
 20
57.500000000
 10
230.000000000
 20
57.500000000
 10
233.750000000
 20
57.500000000
  0
LWPOLYLINE
  5
1202
330
A02
100
AcDbEntity
100
AcDbPolyline
  8
Detalhe
 90
5
 70
0
 43
0
 10
196.250000000
 20
57.500000000
 10
201.250000000
 20
57.500000000
 10
206.250000000
 20
57.500000000
 10
211.250000000
 20
57.500000000
 10
215.000000000
 20
57.500000000
  0
LWPOLYLINE
  5
1203
330
A02
100
AcDbEntity
100
AcDbPolyline
  8
Detalhe
 90
5
 70
0
 43
0
 10
215.000000000
 20
73.500000000
 10
220.000000000
 20
73.500000000
 10
225.000000000
 20
73.500000000
 10
230.000000000
 20
73.500000000
 10
233.750000000
 20
73.500000000
  0
LWPOLYLINE
  5
1204
330
A02
100
AcDbEntity
100
AcDbPolyline
  8
Detalhe
 90
5
 70
0
 43
0
 10
196.250000000
 20
73.500000000
 10
201.250000000
 20
73.500000000
 10
206.250000000
 20
73.500000000
 10
211.250000000
 20
73.500000000
 10
215.000000000
 20
73.500000000
  0
LINE
  5
1205
330
A02
100
AcDbEntity
  8
Detalhe
100
AcDbLine
 10
203.500000000
 20
74.500000000
 30
0.000000000
 11
203.500000000
 21
56.500000000
 31
0.000000000
  0
LINE
  5
1206
330
A02
100
AcDbEntity
  8
Detalhe
100
AcDbLine
 10
203.500000000
 20
73.500000000
 30
0.000000000
 11
203.500000000
 21
57.500000000
 31
0.000000000
  0
LINE
  5
1207
330
A02
100
AcDbEntity
  8
Detalhe
100
AcDbLine
 10
226.500000000
 20
74.500000000
 30
0.000000000
 11
226.500000000
 21
56.500000000
 31
0.000000000
  0
LINE
  5
1208
330
A02
100
AcDbEntity
  8
Detalhe
100
AcDbLine
 10
226.500000000
 20
73.500000000
 30
0.000000000
 11
226.500000000
 21
57.500000000
 31
0.000000000
  0
LINE
  5
1209
330
A02
100
AcDbEntity
  8
Detalhe
100
AcDbLine
 10
203.500000000
 20
74.500000000
 30
0.000000000
 11
226.500000000
 21
74.500000000
 31
0.000000000
  0
LINE
  5
120A
330
A02
100
AcDbEntity
  8
Detalhe
100
AcDbLine
 10
203.500000000
 20
56.500000000
 30
0.000000000
 11
226.500000000
 21
56.500000000
 31
0.000000000
  0
LINE
  5
120B
330
A02
100
AcDbEntity
  8
Detalhe
100
AcDbLine
 10
192.125000000
 20
80.500000000
 30
0.000000000
 11
192.125000000
 21
50.500000000
 31
0.000000000
  0
LINE
  5
120C
330
A02
100
AcDbEntity
  8
Detalhe
100
AcDbLine
 10
237.875000000
 20
80.500000000
 30
0.000000000
 11
237.875000000
 21
50.500000000
 31
0.000000000
  0
LINE
  5
120D
330
A02
100
AcDbEntity
  8
Detalhe
100
AcDbLine
 10
192.125000000
 20
80.500000000
 30
0.000000000
 11
237.875000000
 21
80.500000000
 31
0.000000000
  0
LINE
  5
120E
330
A02
100
AcDbEntity
  8
Detalhe
100
AcDbLine
 10
192.125000000
 20
50.500000000
 30
0.000000000
 11
237.875000000
 21
50.500000000
 31
0.000000000
  0
ENDSEC
  0
SECTION
  2
OBJECTS
  0
DICTIONARY
  5
F000
330
0
100
AcDbDictionary
  3
ACAD_GROUP
350
F001
  0
DICTIONARY
  5
F001
330
F000
100
AcDbDictionary
  0
ENDSEC
  0
EOF