999
FreeCAD v1.1 44987 (Git)
  0
SECTION
  2
HEADER
  9
$ACADVER
  1
AC1014
  9
$ACADMAINTVER
 70
     9
  9
$DWGCODEPAGE
  3
ANSI_1252
  9
$TEXTSTYLE
  7
STANDARD
  9
$DIMSTYLE
  2
STANDARD
  9
$DIMTXSTY
  7
STANDARD
  9
$CMLSTYLE
  2
STANDARD
  9
$LUNITS
 70
2
  9
$INSUNITS
 70
4
  9
$PEXTMAX
 10
50
 20
50
 30
50
  9
$PEXTMIN
 10
0
 20
0
 30
0
  9
$HANDSEED
  5
FFFF
  0
ENDSEC
  0
SECTION
  2
CLASSES
  0
CLASS
  1
ACDBDICTIONARYWDFLT
  2
AcDbDictionaryWithDefault
  3
ObjectDBX Classes
 90
        0
280
     0
281
     0
  0
CLASS
  1
XRECORD
  2
AcDbXrecord
  3
ObjectDBX Classes
 90
        0
280
     0
281
     0
  0
CLASS
  1
LWPOLYLINE
  2
AcDbPolyline
  3
ObjectDBX Classes
 90
        0
280
     0
281
     1
  0
ENDSEC
  0
SECTION
  2
TABLES
  0
TABLE
  2
VPORT
  5
20
330
0
100
AcDbSymbolTable
 70
     1
  0
VPORT
  5
21
330
20
100
AcDbSymbolTableRecord
100
AcDbViewportTableRecord
  2
*ACTIVE
 70
     0
  0
ENDTAB
  0
TABLE
  2
LTYPE
  5
22
330
0
100
AcDbSymbolTable
 70
     1
  0
LTYPE
  5
23
330
21
100
AcDbSymbolTableRecord
100
AcDbLinetypeTableRecord
  2
BYBLOCK
 70
     0
  3

 72
    65
 73
     0
 40
0.0
  0
LTYPE
  5
24
330
21
100
AcDbSymbolTableRecord
100
AcDbLinetypeTableRecord
  2
BYLAYER
 70
     0
  3

 72
    65
 73
     0
 40
0.0
  0
LTYPE
  5
25
330
21
100
AcDbSymbolTableRecord
100
AcDbLinetypeTableRecord
  2
CONTINUOUS
 70
     0
  3
Solid line
 72
    65
 73
     0
 40
0.0
  0
ENDTAB
  0
TABLE
  2
LAYER
  5
F59
330
0
100
AcDbSymbolTable
 70
5
  0
LAYER
  5
F5A
330
F59
100
AcDbSymbolTableRecord
100
AcDbLayerTableRecord
  2
0
 70
   0
 62
   7
  6
CONTINUOUS
  0
LAYER
  5
F5B
330
F59
100
AcDbSymbolTableRecord
100
AcDbLayerTableRecord
  2
Frente
 70
    0
 62
    7
  6
CONTINUOUS
  0
LAYER
  5
F5C
330
F59
100
AcDbSymbolTableRecord
100
AcDbLayerTableRecord
  2
Planta
 70
    0
 62
    7
  6
CONTINUOUS
  0
LAYER
  5
F5D
330
F59
100
AcDbSymbolTableRecord
100
AcDbLayerTableRecord
  2
Lateral
 70
    0
 62
    7
  6
CONTINUOUS
  0
LAYER
  5
F5E
330
F59
100
AcDbSymbolTableRecord
100
AcDbLayerTableRecord
  2
Iso
 70
    0
 62
    7
  6
CONTINUOUS
  0
ENDTAB
  0
TABLE
  2
STYLE
  5
70
330
0
100
AcDbSymbolTable
 70
     2
  0
STYLE
  5
71
330
70
100
AcDbSymbolTableRecord
100
AcDbTextStyleTableRecord
  2
STANDARD
 70
     0
 40
0.0
 41
1.0
 50
0.0
 71
     0
 42
2.5
  3
arial.ttf
  4

  0
STYLE
  5
72
330
70
100
AcDbSymbolTableRecord
100
AcDbTextStyleTableRecord
  2
ANNOTATIVE
 70
     0
 40
0.0
 41
1.0
 50
0.0
 71
     0
 42
2.5
  3
arial.ttf
  4

  0
ENDTAB
  0
TABLE
  2
VIEW
  5
73
330
0
100
AcDbSymbolTable
 70
     0
  0
ENDTAB
  0
TABLE
  2
UCS
  5
74
330
0
100
AcDbSymbolTable
 70
     0
  0
ENDTAB
  0
TABLE
  2
APPID
  5
75
330
0
100
AcDbSymbolTable
 70
     2
  0
APPID
  5
76
330
75
100
AcDbSymbolTableRecord
100
AcDbRegAppTableRecord
  2
ACAD
 70
     0
  0
APPID
  5
77
330
75
100
AcDbSymbolTableRecord
100
AcDbRegAppTableRecord
  2
ACADANNOTATIVE
 70
     0
  0
ENDTAB
  0
TABLE
  2
DIMSTYLE
  5
78
330
0
100
AcDbSymbolTable
 70
     2
  0
DIMSTYLE
105
79
330
78
100
AcDbSymbolTableRecord
100
AcDbDimStyleTableRecord
  2
STANDARD
 70
     0
  3

  4

  5

  6

  7

 40
0.0
 41
2.5
 42
0.625
 43
3.75
 44
1.25
 45
0.0
 46
0.0
 47
0.0
 48
0.0
140
2.5
141
2.5
142
0.0
143
0.03937007874016
144
1.0
145
0.0
146
1.0
147
0.625
 71
     0
 72
     0
 73
     0
 74
     0
 75
     0
 76
     0
 77
     1
 78
     8
170
     0
171
     3
172
     1
173
     0
174
     0
175
     0
176
     0
177
     0
178
     0
270
     2
271
     2
272
     2
273
     2
274
     3
340
71
275
     0
280
     0
281
     0
282
     0
283
     0
284
     8
285
     0
286
     0
287
     3
288
     0
  0
ENDTAB
  0
TABLE
  2
BLOCK_RECORD
  5
A01
330
0
100
AcDbSymbolTable
  70
5
  0
BLOCK_RECORD
  5
A02
330
A01
100
AcDbSymbolTableRecord
100
AcDbBlockTableRecord
  2
*MODEL_SPACE
  0
BLOCK_RECORD
  5
A03
330
A01
100
AcDbSymbolTableRecord
100
AcDbBlockTableRecord
  2
*PAPER_SPACE
  0
ENDTAB
  0
ENDSEC
  0
SECTION
  2
BLOCKS
  0
BLOCK
  5
A04
330
A02
100
AcDbEntity
  8
0
100
AcDbBlockBegin
  2
*MODEL_SPACE
 70
   0
 10
0
 20
0
 30
0
  3
*MODEL_SPACE
  1
 
  0
ENDBLK
  5
A05
330
A02
100
AcDbEntity
  8
0
100
AcDbBlockEnd
  0
BLOCK
  5
A06
330
A03
100
AcDbEntity
 67
1
  8
0
100
AcDbBlockBegin
  2
*PAPER_SPACE
 70
   0
 10
0
 20
0
 30
0
  3
*PAPER_SPACE
  1
 
  0
ENDBLK
  5
A07
330
A03
100
AcDbEntity
 67
    1
  8
0
100
AcDbBlockEnd
  0
ENDSEC
  0
SECTION
  2
ENTITIES
  0
LINE
  5
A08
330
A02
100
AcDbEntity
  8
Frente
100
AcDbLine
 10
36.000000000
 20
155.000000000
 30
0.000000000
 11
36.000000000
 21
235.000000000
 31
0.000000000
  0
LINE
  5
A09
330
A02
100
AcDbEntity
  8
Frente
100
AcDbLine
 10
37.500000000
 20
155.000000000
 30
0.000000000
 11
37.500000000
 21
235.000000000
 31
0.000000000
  0
LINE
  5
A0A
330
A02
100
AcDbEntity
  8
Frente
100
AcDbLine
 10
36.000000000
 20
155.000000000
 30
0.000000000
 11
37.500000000
 21
155.000000000
 31
0.000000000
  0
LINE
  5
A0B
330
A02
100
AcDbEntity
  8
Frente
100
AcDbLine
 10
36.000000000
 20
235.000000000
 30
0.000000000
 11
37.500000000
 21
235.000000000
 31
0.000000000
  0
LINE
  5
A0C
330
A02
100
AcDbEntity
  8
Frente
100
AcDbLine
 10
79.500000000
 20
155.000000000
 30
0.000000000
 11
79.500000000
 21
235.000000000
 31
0.000000000
  0
LINE
  5
A0D
330
A02
100
AcDbEntity
  8
Frente
100
AcDbLine
 10
81.000000000
 20
155.000000000
 30
0.000000000
 11
81.000000000
 21
235.000000000
 31
0.000000000
  0
LINE
  5
A0E
330
A02
100
AcDbEntity
  8
Frente
100
AcDbLine
 10
79.500000000
 20
155.000000000
 30
0.000000000
 11
81.000000000
 21
155.000000000
 31
0.000000000
  0
LINE
  5
A0F
330
A02
100
AcDbEntity
  8
Frente
100
AcDbLine
 10
79.500000000
 20
235.000000000
 30
0.000000000
 11
81.000000000
 21
235.000000000
 31
0.000000000
  0
LINE
  5
A10
330
A02
100
AcDbEntity
  8
Frente
100
AcDbLine
 10
37.500000000
 20
155.000000000
 30
0.000000000
 11
37.500000000
 21
156.500000000
 31
0.000000000
  0
LINE
  5
A11
330
A02
100
AcDbEntity
  8
Frente
100
AcDbLine
 10
79.500000000
 20
155.000000000
 30
0.000000000
 11
79.500000000
 21
156.500000000
 31
0.000000000
  0
LINE
  5
A12
330
A02
100
AcDbEntity
  8
Frente
100
AcDbLine
 10
37.500000000
 20
155.000000000
 30
0.000000000
 11
38.750000000
 21
155.000000000
 31
0.000000000
  0
LINE
  5
A13
330
A02
100
AcDbEntity
  8
Frente
100
AcDbLine
 10
43.250000000
 20
155.000000000
 30
0.000000000
 11
73.750000000
 21
155.000000000
 31
0.000000000
  0
LINE
  5
A14
330
A02
100
AcDbEntity
  8
Frente
100
AcDbLine
 10
78.250000000
 20
155.000000000
 30
0.000000000
 11
79.500000000
 21
155.000000000
 31
0.000000000
  0
LINE
  5
A15
330
A02
100
AcDbEntity
  8
Frente
100
AcDbLine
 10
37.500000000
 20
156.500000000
 30
0.000000000
 11
79.500000000
 21
156.500000000
 31
0.000000000
  0
LINE
  5
A16
330
A02
100
AcDbEntity
  8
Frente
100
AcDbLine
 10
37.500000000
 20
233.500000000
 30
0.000000000
 11
37.500000000
 21
235.000000000
 31
0.000000000
  0
LINE
  5
A17
330
A02
100
AcDbEntity
  8
Frente
100
AcDbLine
 10
79.500000000
 20
233.500000000
 30
0.000000000
 11
79.500000000
 21
235.000000000
 31
0.000000000
  0
LINE
  5
A18
330
A02
100
AcDbEntity
  8
Frente
100
AcDbLine
 10
37.500000000
 20
233.500000000
 30
0.000000000
 11
79.500000000
 21
233.500000000
 31
0.000000000
  0
LINE
  5
A19
330
A02
100
AcDbEntity
  8
Frente
100
AcDbLine
 10
37.500000000
 20
235.000000000
 30
0.000000000
 11
79.500000000
 21
235.000000000
 31
0.000000000
  0
ARC
  5
A1A
330
A02
100
AcDbEntity
  8
Frente
100
AcDbCircle
 10
41.000000000
 20
151.875000000
 30
0.000000000
 40
1.875000000
100
AcDbArc
 50
119.926434867
 51
60.073565133
  0
LINE
  5
A1B
330
A02
100
AcDbEntity
  8
Frente
100
AcDbLine
 10
39.850000000
 20
153.500000000
 30
0.000000000
 11
39.850000000
 21
154.800000000
 31
0.000000000
  0
LINE
  5
A1C
330
A02
100
AcDbEntity
  8
Frente
100
AcDbLine
 10
42.150000000
 20
153.500000000
 30
0.000000000
 11
42.150000000
 21
154.800000000
 31
0.000000000
  0
LINE
  5
A1D
330
A02
100
AcDbEntity
  8
Frente
100
AcDbLine
 10
39.850000000
 20
153.500000000
 30
0.000000000
 11
42.150000000
 21
153.500000000
 31
0.000000000
  0
LINE
  5
A1E
330
A02
100
AcDbEntity
  8
Frente
100
AcDbLine
 10
38.750000000
 20
154.800000000
 30
0.000000000
 11
38.750000000
 21
155.000000000
 31
0.000000000
  0
LINE
  5
A1F
330
A02
100
AcDbEntity
  8
Frente
100
AcDbLine
 10
43.250000000
 20
154.800000000
 30
0.000000000
 11
43.250000000
 21
155.000000000
 31
0.000000000
  0
LINE
  5
A20
330
A02
100
AcDbEntity
  8
Frente
100
AcDbLine
 10
38.750000000
 20
154.800000000
 30
0.000000000
 11
43.250000000
 21
154.800000000
 31
0.000000000
  0
LINE
  5
A21
330
A02
100
AcDbEntity
  8
Frente
100
AcDbLine
 10
38.750000000
 20
155.000000000
 30
0.000000000
 11
43.250000000
 21
155.000000000
 31
0.000000000
  0
ARC
  5
A22
330
A02
100
AcDbEntity
  8
Frente
100
AcDbCircle
 10
76.000000000
 20
151.875000000
 30
0.000000000
 40
1.875000000
100
AcDbArc
 50
119.926434867
 51
60.073565133
  0
LINE
  5
A23
330
A02
100
AcDbEntity
  8
Frente
100
AcDbLine
 10
74.850000000
 20
153.500000000
 30
0.000000000
 11
74.850000000
 21
154.800000000
 31
0.000000000
  0
LINE
  5
A24
330
A02
100
AcDbEntity
  8
Frente
100
AcDbLine
 10
77.150000000
 20
153.500000000
 30
0.000000000
 11
77.150000000
 21
154.800000000
 31
0.000000000
  0
LINE
  5
A25
330
A02
100
AcDbEntity
  8
Frente
100
AcDbLine
 10
74.850000000
 20
153.500000000
 30
0.000000000
 11
77.150000000
 21
153.500000000
 31
0.000000000
  0
LINE
  5
A26
330
A02
100
AcDbEntity
  8
Frente
100
AcDbLine
 10
73.750000000
 20
154.800000000
 30
0.000000000
 11
73.750000000
 21
155.000000000
 31
0.000000000
  0
LINE
  5
A27
330
A02
100
AcDbEntity
  8
Frente
100
AcDbLine
 10
78.250000000
 20
154.800000000
 30
0.000000000
 11
78.250000000
 21
155.000000000
 31
0.000000000
  0
LINE
  5
A28
330
A02
100
AcDbEntity
  8
Frente
100
AcDbLine
 10
73.750000000
 20
154.800000000
 30
0.000000000
 11
78.250000000
 21
154.800000000
 31
0.000000000
  0
LINE
  5
A29
330
A02
100
AcDbEntity
  8
Frente
100
AcDbLine
 10
73.750000000
 20
155.000000000
 30
0.000000000
 11
78.250000000
 21
155.000000000
 31
0.000000000
  0
LINE
  5
A2A
330
A02
100
AcDbEntity
  8
Frente
100
AcDbLine
 10
82.125000000
 20
155.000000000
 30
0.000000000
 11
82.125000000
 21
235.000000000
 31
0.000000000
  0
LINE
  5
A2B
330
A02
100
AcDbEntity
  8
Frente
100
AcDbLine
 10
81.000000000
 20
155.000000000
 30
0.000000000
 11
82.125000000
 21
155.000000000
 31
0.000000000
  0
LINE
  5
A2C
330
A02
100
AcDbEntity
  8
Frente
100
AcDbLine
 10
81.000000000
 20
235.000000000
 30
0.000000000
 11
82.125000000
 21
235.000000000
 31
0.000000000
  0
LINE
  5
A2D
330
A02
100
AcDbEntity
  8
Frente
100
AcDbLine
 10
102.375000000
 20
156.500000000
 30
0.000000000
 11
102.375000000
 21
233.500000000
 31
0.000000000
  0
LINE
  5
A2E
330
A02
100
AcDbEntity
  8
Frente
100
AcDbLine
 10
103.875000000
 20
155.000000000
 30
0.000000000
 11
103.875000000
 21
235.000000000
 31
0.000000000
  0
LINE
  5
A2F
330
A02
100
AcDbEntity
  8
Frente
100
AcDbLine
 10
103.640544457
 20
155.000000000
 30
0.000000000
 11
103.875000000
 21
155.000000000
 31
0.000000000
  0
LINE
  5
A30
330
A02
100
AcDbEntity
  8
Frente
100
AcDbLine
 10
103.399519053
 20
235.000000000
 30
0.000000000
 11
103.875000000
 21
235.000000000
 31
0.000000000
  0
LINE
  5
A31
330
A02
100
AcDbEntity
  8
Frente
100
AcDbLine
 10
82.399519053
 20
155.000000000
 30
0.000000000
 11
82.399519053
 21
156.500000000
 31
0.000000000
  0
LINE
  5
A32
330
A02
100
AcDbEntity
  8
Frente
100
AcDbLine
 10
82.399519053
 20
156.500000000
 30
0.000000000
 11
82.125000000
 21
156.500000000
 31
0.000000000
  0
LINE
  5
A33
330
A02
100
AcDbEntity
  8
Frente
100
AcDbLine
 10
82.399519053
 20
155.000000000
 30
0.000000000
 11
82.125000000
 21
155.000000000
 31
0.000000000
  0
LINE
  5
A34
330
A02
100
AcDbEntity
  8
Frente
100
AcDbLine
 10
103.399519053
 20
155.000000000
 30
0.000000000
 11
103.399519053
 21
156.500000000
 31
0.000000000
  0
LINE
  5
A35
330
A02
100
AcDbEntity
  8
Frente
100
AcDbLine
 10
86.140544457
 20
155.000000000
 30
0.000000000
 11
101.204422863
 21
155.000000000
 31
0.000000000
  0
LINE
  5
A36
330
A02
100
AcDbEntity
  8
Frente
100
AcDbLine
 10
82.399519053
 20
156.500000000
 30
0.000000000
 11
103.399519053
 21
156.500000000
 31
0.000000000
  0
LINE
  5
A37
330
A02
100
AcDbEntity
  8
Frente
100
AcDbLine
 10
82.399519053
 20
233.500000000
 30
0.000000000
 11
82.399519053
 21
235.000000000
 31
0.000000000
  0
LINE
  5
A38
330
A02
100
AcDbEntity
  8
Frente
100
AcDbLine
 10
82.399519053
 20
235.000000000
 30
0.000000000
 11
82.125000000
 21
235.000000000
 31
0.000000000
  0
LINE
  5
A39
330
A02
100
AcDbEntity
  8
Frente
100
AcDbLine
 10
82.399519053
 20
233.500000000
 30
0.000000000
 11
82.125000000
 21
233.500000000
 31
0.000000000
  0
LINE
  5
A3A
330
A02
100
AcDbEntity
  8
Frente
100
AcDbLine
 10
103.399519053
 20
233.500000000
 30
0.000000000
 11
103.399519053
 21
235.000000000
 31
0.000000000
  0
LINE
  5
A3B
330
A02
100
AcDbEntity
  8
Frente
100
AcDbLine
 10
82.399519053
 20
233.500000000
 30
0.000000000
 11
103.399519053
 21
233.500000000
 31
0.000000000
  0
LINE
  5
A3C
330
A02
100
AcDbEntity
  8
Frente
100
AcDbLine
 10
82.399519053
 20
235.000000000
 30
0.000000000
 11
103.399519053
 21
235.000000000
 31
0.000000000
  0
LWPOLYLINE
  5
A3D
330
A02
100
AcDbEntity
100
AcDbPolyline
  8
Frente
 90
2
 70
0
 43
0
 10
82.807179677
 20
150.000000000
 10
82.339472504
 20
153.500000000
  0
LWPOLYLINE
  5
A3E
330
A02
100
AcDbEntity
100
AcDbPolyline
  8
Frente
 90
2
 70
0
 43
0
 10
84.660527496
 20
153.500000000
 10
84.192820323
 20
150.000000000
  0
LWPOLYLINE
  5
A3F
330
A02
100
AcDbEntity
100
AcDbPolyline
  8
Frente
 90
2
 70
0
 43
0
 10
84.192820323
 20
150.000000000
 10
83.725113150
 20
153.500000000
  0
LINE
  5
A40
330
A02
100
AcDbEntity
  8
Frente
100
AcDbLine
 10
83.704422863
 20
153.500000000
 30
0.000000000
 11
83.704422863
 21
154.800000000
 31
0.000000000
  0
LINE
  5
A41
330
A02
100
AcDbEntity
  8
Frente
100
AcDbLine
 10
82.145577137
 20
153.500000000
 30
0.000000000
 11
82.145577137
 21
154.800000000
 31
0.000000000
  0
LINE
  5
A42
330
A02
100
AcDbEntity
  8
Frente
100
AcDbLine
 10
83.704422863
 20
153.500000000
 30
0.000000000
 11
82.145577137
 21
153.500000000
 31
0.000000000
  0
LINE
  5
A43
330
A02
100
AcDbEntity
  8
Frente
100
AcDbLine
 10
84.854422863
 20
153.500000000
 30
0.000000000
 11
84.854422863
 21
154.800000000
 31
0.000000000
  0
LINE
  5
A44
330
A02
100
AcDbEntity
  8
Frente
100
AcDbLine
 10
83.704422863
 20
153.500000000
 30
0.000000000
 11
84.854422863
 21
153.500000000
 31
0.000000000
  0
LINE
  5
A45
330
A02
100
AcDbEntity
  8
Frente
100
AcDbLine
 10
83.890544457
 20
154.800000000
 30
0.000000000
 11
83.890544457
 21
155.000000000
 31
0.000000000
  0
LINE
  5
A46
330
A02
100
AcDbEntity
  8
Frente
100
AcDbLine
 10
83.890544457
 20
155.000000000
 30
0.000000000
 11
82.399519053
 21
155.000000000
 31
0.000000000
  0
LINE
  5
A47
330
A02
100
AcDbEntity
  8
Frente
100
AcDbLine
 10
80.859455543
 20
154.800000000
 30
0.000000000
 11
80.859455543
 21
155.000000000
 31
0.000000000
  0
LINE
  5
A48
330
A02
100
AcDbEntity
  8
Frente
100
AcDbLine
 10
83.890544457
 20
154.800000000
 30
0.000000000
 11
80.859455543
 21
154.800000000
 31
0.000000000
  0
LINE
  5
A49
330
A02
100
AcDbEntity
  8
Frente
100
AcDbLine
 10
86.140544457
 20
154.800000000
 30
0.000000000
 11
86.140544457
 21
155.000000000
 31
0.000000000
  0
LINE
  5
A4A
330
A02
100
AcDbEntity
  8
Frente
100
AcDbLine
 10
83.890544457
 20
154.800000000
 30
0.000000000
 11
86.140544457
 21
154.800000000
 31
0.000000000
  0
LINE
  5
A4B
330
A02
100
AcDbEntity
  8
Frente
100
AcDbLine
 10
83.890544457
 20
155.000000000
 30
0.000000000
 11
86.140544457
 21
155.000000000
 31
0.000000000
  0
LWPOLYLINE
  5
A4C
330
A02
100
AcDbEntity
100
AcDbPolyline
  8
Frente
 90
2
 70
0
 43
0
 10
100.307179677
 20
150.000000000
 10
99.839472504
 20
153.500000000
  0
LWPOLYLINE
  5
A4D
330
A02
100
AcDbEntity
100
AcDbPolyline
  8
Frente
 90
2
 70
0
 43
0
 10
102.160527496
 20
153.500000000
 10
101.692820323
 20
150.000000000
  0
LWPOLYLINE
  5
A4E
330
A02
100
AcDbEntity
100
AcDbPolyline
  8
Frente
 90
2
 70
0
 43
0
 10
101.692820323
 20
150.000000000
 10
101.225113150
 20
153.500000000
  0
LINE
  5
A4F
330
A02
100
AcDbEntity
  8
Frente
100
AcDbLine
 10
101.204422863
 20
153.500000000
 30
0.000000000
 11
101.204422863
 21
154.800000000
 31
0.000000000
  0
LINE
  5
A50
330
A02
100
AcDbEntity
  8
Frente
100
AcDbLine
 10
99.645577137
 20
153.500000000
 30
0.000000000
 11
99.645577137
 21
154.800000000
 31
0.000000000
  0
LINE
  5
A51
330
A02
100
AcDbEntity
  8
Frente
100
AcDbLine
 10
101.204422863
 20
153.500000000
 30
0.000000000
 11
99.645577137
 21
153.500000000
 31
0.000000000
  0
LINE
  5
A52
330
A02
100
AcDbEntity
  8
Frente
100
AcDbLine
 10
102.354422863
 20
153.500000000
 30
0.000000000
 11
102.354422863
 21
154.800000000
 31
0.000000000
  0
LINE
  5
A53
330
A02
100
AcDbEntity
  8
Frente
100
AcDbLine
 10
101.204422863
 20
153.500000000
 30
0.000000000
 11
102.354422863
 21
153.500000000
 31
0.000000000
  0
LINE
  5
A54
330
A02
100
AcDbEntity
  8
Frente
100
AcDbLine
 10
101.390544457
 20
154.800000000
 30
0.000000000
 11
101.390544457
 21
155.000000000
 31
0.000000000
  0
LINE
  5
A55
330
A02
100
AcDbEntity
  8
Frente
100
AcDbLine
 10
101.390544457
 20
155.000000000
 30
0.000000000
 11
98.359455543
 21
155.000000000
 31
0.000000000
  0
LINE
  5
A56
330
A02
100
AcDbEntity
  8
Frente
100
AcDbLine
 10
98.359455543
 20
154.800000000
 30
0.000000000
 11
98.359455543
 21
155.000000000
 31
0.000000000
  0
LINE
  5
A57
330
A02
100
AcDbEntity
  8
Frente
100
AcDbLine
 10
101.390544457
 20
154.800000000
 30
0.000000000
 11
98.359455543
 21
154.800000000
 31
0.000000000
  0
LINE
  5
A58
330
A02
100
AcDbEntity
  8
Frente
100
AcDbLine
 10
103.640544457
 20
154.800000000
 30
0.000000000
 11
103.640544457
 21
155.000000000
 31
0.000000000
  0
LINE
  5
A59
330
A02
100
AcDbEntity
  8
Frente
100
AcDbLine
 10
101.390544457
 20
154.800000000
 30
0.000000000
 11
103.640544457
 21
154.800000000
 31
0.000000000
  0
LINE
  5
A5A
330
A02
100
AcDbEntity
  8
Frente
100
AcDbLine
 10
101.390544457
 20
155.000000000
 30
0.000000000
 11
103.640544457
 21
155.000000000
 31
0.000000000
  0
LINE
  5
A5B
330
A02
100
AcDbEntity
  8
Frente
100
AcDbLine
 10
84.192820323
 20
150.000000000
 30
0.000000000
 11
82.807179677
 21
150.000000000
 31
0.000000000
  0
LINE
  5
A5C
330
A02
100
AcDbEntity
  8
Frente
100
AcDbLine
 10
101.692820323
 20
150.000000000
 30
0.000000000
 11
100.307179677
 21
150.000000000
 31
0.000000000
  0
LINE
  5
A5D
330
A02
100
AcDbEntity
  8
Frente
100
AcDbLine
 10
101.692820323
 20
150.000000000
 30
0.000000000
 11
100.307179677
 21
150.000000000
 31
0.000000000
  0
LINE
  5
A5E
330
A02
100
AcDbEntity
  8
Frente
100
AcDbLine
 10
36.000000000
 20
155.000000000
 30
0.000000000
 11
36.000000000
 21
235.000000000
 31
0.000000000
  0
LINE
  5
A5F
330
A02
100
AcDbEntity
  8
Frente
100
AcDbLine
 10
37.500000000
 20
155.000000000
 30
0.000000000
 11
37.500000000
 21
235.000000000
 31
0.000000000
  0
LINE
  5
A60
330
A02
100
AcDbEntity
  8
Frente
100
AcDbLine
 10
36.000000000
 20
155.000000000
 30
0.000000000
 11
37.500000000
 21
155.000000000
 31
0.000000000
  0
LINE
  5
A61
330
A02
100
AcDbEntity
  8
Frente
100
AcDbLine
 10
36.000000000
 20
235.000000000
 30
0.000000000
 11
37.500000000
 21
235.000000000
 31
0.000000000
  0
LINE
  5
A62
330
A02
100
AcDbEntity
  8
Frente
100
AcDbLine
 10
79.500000000
 20
155.000000000
 30
0.000000000
 11
79.500000000
 21
235.000000000
 31
0.000000000
  0
LINE
  5
A63
330
A02
100
AcDbEntity
  8
Frente
100
AcDbLine
 10
81.000000000
 20
155.000000000
 30
0.000000000
 11
81.000000000
 21
235.000000000
 31
0.000000000
  0
LINE
  5
A64
330
A02
100
AcDbEntity
  8
Frente
100
AcDbLine
 10
79.500000000
 20
155.000000000
 30
0.000000000
 11
81.000000000
 21
155.000000000
 31
0.000000000
  0
LINE
  5
A65
330
A02
100
AcDbEntity
  8
Frente
100
AcDbLine
 10
79.500000000
 20
235.000000000
 30
0.000000000
 11
81.000000000
 21
235.000000000
 31
0.000000000
  0
LINE
  5
A66
330
A02
100
AcDbEntity
  8
Frente
100
AcDbLine
 10
37.500000000
 20
155.000000000
 30
0.000000000
 11
37.500000000
 21
156.500000000
 31
0.000000000
  0
LINE
  5
A67
330
A02
100
AcDbEntity
  8
Frente
100
AcDbLine
 10
79.500000000
 20
155.000000000
 30
0.000000000
 11
79.500000000
 21
156.500000000
 31
0.000000000
  0
LINE
  5
A68
330
A02
100
AcDbEntity
  8
Frente
100
AcDbLine
 10
38.750000000
 20
155.000000000
 30
0.000000000
 11
43.250000000
 21
155.000000000
 31
0.000000000
  0
LINE
  5
A69
330
A02
100
AcDbEntity
  8
Frente
100
AcDbLine
 10
73.750000000
 20
155.000000000
 30
0.000000000
 11
78.250000000
 21
155.000000000
 31
0.000000000
  0
LINE
  5
A6A
330
A02
100
AcDbEntity
  8
Frente
100
AcDbLine
 10
37.500000000
 20
155.000000000
 30
0.000000000
 11
79.500000000
 21
155.000000000
 31
0.000000000
  0
LINE
  5
A6B
330
A02
100
AcDbEntity
  8
Frente
100
AcDbLine
 10
37.500000000
 20
156.500000000
 30
0.000000000
 11
79.500000000
 21
156.500000000
 31
0.000000000
  0
LINE
  5
A6C
330
A02
100
AcDbEntity
  8
Frente
100
AcDbLine
 10
37.500000000
 20
233.500000000
 30
0.000000000
 11
37.500000000
 21
235.000000000
 31
0.000000000
  0
LINE
  5
A6D
330
A02
100
AcDbEntity
  8
Frente
100
AcDbLine
 10
79.500000000
 20
233.500000000
 30
0.000000000
 11
79.500000000
 21
235.000000000
 31
0.000000000
  0
LINE
  5
A6E
330
A02
100
AcDbEntity
  8
Frente
100
AcDbLine
 10
37.500000000
 20
233.500000000
 30
0.000000000
 11
79.500000000
 21
233.500000000
 31
0.000000000
  0
LINE
  5
A6F
330
A02
100
AcDbEntity
  8
Frente
100
AcDbLine
 10
37.500000000
 20
235.000000000
 30
0.000000000
 11
79.500000000
 21
235.000000000
 31
0.000000000
  0
CIRCLE
  5
A70
330
A02
100
AcDbEntity
  8
Frente
100
AcDbCircle
 10
41.000000000
 20
151.875000000
 30
0.000000000
 40
1.875000000
  0
ARC
  5
A71
330
A02
100
AcDbEntity
  8
Frente
100
AcDbCircle
 10
41.000000000
 20
151.875000000
 30
0.000000000
 40
1.875000000
100
AcDbArc
 50
60.073565133
 51
90.000000000
  0
ARC
  5
A72
330
A02
100
AcDbEntity
  8
Frente
100
AcDbCircle
 10
41.000000000
 20
151.875000000
 30
0.000000000
 40
1.875000000
100
AcDbArc
 50
90.000000000
 51
119.926434867
  0
LINE
  5
A73
330
A02
100
AcDbEntity
  8
Frente
100
AcDbLine
 10
39.850000000
 20
154.800000000
 30
0.000000000
 11
39.850000000
 21
155.000000000
 31
0.000000000
  0
LINE
  5
A74
330
A02
100
AcDbEntity
  8
Frente
100
AcDbLine
 10
39.850000000
 20
153.500000000
 30
0.000000000
 11
39.850000000
 21
155.000000000
 31
0.000000000
  0
LINE
  5
A75
330
A02
100
AcDbEntity
  8
Frente
100
AcDbLine
 10
42.150000000
 20
154.800000000
 30
0.000000000
 11
42.150000000
 21
155.000000000
 31
0.000000000
  0
LINE
  5
A76
330
A02
100
AcDbEntity
  8
Frente
100
AcDbLine
 10
42.150000000
 20
153.500000000
 30
0.000000000
 11
42.150000000
 21
155.000000000
 31
0.000000000
  0
LINE
  5
A77
330
A02
100
AcDbEntity
  8
Frente
100
AcDbLine
 10
39.850000000
 20
155.000000000
 30
0.000000000
 11
42.150000000
 21
155.000000000
 31
0.000000000
  0
LINE
  5
A78
330
A02
100
AcDbEntity
  8
Frente
100
AcDbLine
 10
39.850000000
 20
153.500000000
 30
0.000000000
 11
42.150000000
 21
153.500000000
 31
0.000000000
  0
LINE
  5
A79
330
A02
100
AcDbEntity
  8
Frente
100
AcDbLine
 10
39.850000000
 20
155.000000000
 30
0.000000000
 11
42.150000000
 21
155.000000000
 31
0.000000000
  0
LINE
  5
A7A
330
A02
100
AcDbEntity
  8
Frente
100
AcDbLine
 10
38.750000000
 20
154.800000000
 30
0.000000000
 11
38.750000000
 21
155.000000000
 31
0.000000000
  0
LINE
  5
A7B
330
A02
100
AcDbEntity
  8
Frente
100
AcDbLine
 10
43.250000000
 20
154.800000000
 30
0.000000000
 11
43.250000000
 21
155.000000000
 31
0.000000000
  0
LINE
  5
A7C
330
A02
100
AcDbEntity
  8
Frente
100
AcDbLine
 10
38.750000000
 20
154.800000000
 30
0.000000000
 11
43.250000000
 21
154.800000000
 31
0.000000000
  0
LINE
  5
A7D
330
A02
100
AcDbEntity
  8
Frente
100
AcDbLine
 10
38.750000000
 20
155.000000000
 30
0.000000000
 11
43.250000000
 21
155.000000000
 31
0.000000000
  0
CIRCLE
  5
A7E
330
A02
100
AcDbEntity
  8
Frente
100
AcDbCircle
 10
76.000000000
 20
151.875000000
 30
0.000000000
 40
1.875000000
  0
ARC
  5
A7F
330
A02
100
AcDbEntity
  8
Frente
100
AcDbCircle
 10
76.000000000
 20
151.875000000
 30
0.000000000
 40
1.875000000
100
AcDbArc
 50
60.073565133
 51
90.000000000
  0
ARC
  5
A80
330
A02
100
AcDbEntity
  8
Frente
100
AcDbCircle
 10
76.000000000
 20
151.875000000
 30
0.000000000
 40
1.875000000
100
AcDbArc
 50
90.000000000
 51
119.926434867
  0
LINE
  5
A81
330
A02
100
AcDbEntity
  8
Frente
100
AcDbLine
 10
74.850000000
 20
154.800000000
 30
0.000000000
 11
74.850000000
 21
155.000000000
 31
0.000000000
  0
LINE
  5
A82
330
A02
100
AcDbEntity
  8
Frente
100
AcDbLine
 10
74.850000000
 20
153.500000000
 30
0.000000000
 11
74.850000000
 21
155.000000000
 31
0.000000000
  0
LINE
  5
A83
330
A02
100
AcDbEntity
  8
Frente
100
AcDbLine
 10
77.150000000
 20
154.800000000
 30
0.000000000
 11
77.150000000
 21
155.000000000
 31
0.000000000
  0
LINE
  5
A84
330
A02
100
AcDbEntity
  8
Frente
100
AcDbLine
 10
77.150000000
 20
153.500000000
 30
0.000000000
 11
77.150000000
 21
155.000000000
 31
0.000000000
  0
LINE
  5
A85
330
A02
100
AcDbEntity
  8
Frente
100
AcDbLine
 10
74.850000000
 20
155.000000000
 30
0.000000000
 11
77.150000000
 21
155.000000000
 31
0.000000000
  0
LINE
  5
A86
330
A02
100
AcDbEntity
  8
Frente
100
AcDbLine
 10
74.850000000
 20
153.500000000
 30
0.000000000
 11
77.150000000
 21
153.500000000
 31
0.000000000
  0
LINE
  5
A87
330
A02
100
AcDbEntity
  8
Frente
100
AcDbLine
 10
74.850000000
 20
155.000000000
 30
0.000000000
 11
77.150000000
 21
155.000000000
 31
0.000000000
  0
LINE
  5
A88
330
A02
100
AcDbEntity
  8
Frente
100
AcDbLine
 10
73.750000000
 20
154.800000000
 30
0.000000000
 11
73.750000000
 21
155.000000000
 31
0.000000000
  0
LINE
  5
A89
330
A02
100
AcDbEntity
  8
Frente
100
AcDbLine
 10
78.250000000
 20
154.800000000
 30
0.000000000
 11
78.250000000
 21
155.000000000
 31
0.000000000
  0
LINE
  5
A8A
330
A02
100
AcDbEntity
  8
Frente
100
AcDbLine
 10
73.750000000
 20
154.800000000
 30
0.000000000
 11
78.250000000
 21
154.800000000
 31
0.000000000
  0
LINE
  5
A8B
330
A02
100
AcDbEntity
  8
Frente
100
AcDbLine
 10
73.750000000
 20
155.000000000
 30
0.000000000
 11
78.250000000
 21
155.000000000
 31
0.000000000
  0
LINE
  5
A8C
330
A02
100
AcDbEntity
  8
Frente
100
AcDbLine
 10
80.625000000
 20
155.000000000
 30
0.000000000
 11
80.625000000
 21
235.000000000
 31
0.000000000
  0
LINE
  5
A8D
330
A02
100
AcDbEntity
  8
Frente
100
AcDbLine
 10
80.625000000
 20
155.000000000
 30
0.000000000
 11
80.625000000
 21
235.000000000
 31
0.000000000
  0
LINE
  5
A8E
330
A02
100
AcDbEntity
  8
Frente
100
AcDbLine
 10
82.125000000
 20
155.000000000
 30
0.000000000
 11
82.125000000
 21
235.000000000
 31
0.000000000
  0
LINE
  5
A8F
330
A02
100
AcDbEntity
  8
Frente
100
AcDbLine
 10
80.625000000
 20
155.000000000
 30
0.000000000
 11
81.000000000
 21
155.000000000
 31
0.000000000
  0
LINE
  5
A90
330
A02
100
AcDbEntity
  8
Frente
100
AcDbLine
 10
80.625000000
 20
235.000000000
 30
0.000000000
 11
81.000000000
 21
235.000000000
 31
0.000000000
  0
LINE
  5
A91
330
A02
100
AcDbEntity
  8
Frente
100
AcDbLine
 10
80.625000000
 20
155.000000000
 30
0.000000000
 11
82.125000000
 21
155.000000000
 31
0.000000000
  0
LINE
  5
A92
330
A02
100
AcDbEntity
  8
Frente
100
AcDbLine
 10
80.625000000
 20
235.000000000
 30
0.000000000
 11
82.125000000
 21
235.000000000
 31
0.000000000
  0
LINE
  5
A93
330
A02
100
AcDbEntity
  8
Frente
100
AcDbLine
 10
102.375000000
 20
155.000000000
 30
0.000000000
 11
102.375000000
 21
156.500000000
 31
0.000000000
  0
LINE
  5
A94
330
A02
100
AcDbEntity
  8
Frente
100
AcDbLine
 10
102.375000000
 20
233.500000000
 30
0.000000000
 11
102.375000000
 21
235.000000000
 31
0.000000000
  0
LINE
  5
A95
330
A02
100
AcDbEntity
  8
Frente
100
AcDbLine
 10
102.375000000
 20
155.000000000
 30
0.000000000
 11
102.375000000
 21
235.000000000
 31
0.000000000
  0
LINE
  5
A96
330
A02
100
AcDbEntity
  8
Frente
100
AcDbLine
 10
103.875000000
 20
155.000000000
 30
0.000000000
 11
103.875000000
 21
235.000000000
 31
0.000000000
  0
LINE
  5
A97
330
A02
100
AcDbEntity
  8
Frente
100
AcDbLine
 10
102.375000000
 20
155.000000000
 30
0.000000000
 11
103.640544457
 21
155.000000000
 31
0.000000000
  0
LINE
  5
A98
330
A02
100
AcDbEntity
  8
Frente
100
AcDbLine
 10
102.375000000
 20
235.000000000
 30
0.000000000
 11
103.399519053
 21
235.000000000
 31
0.000000000
  0
LINE
  5
A99
330
A02
100
AcDbEntity
  8
Frente
100
AcDbLine
 10
102.375000000
 20
155.000000000
 30
0.000000000
 11
103.875000000
 21
155.000000000
 31
0.000000000
  0
LINE
  5
A9A
330
A02
100
AcDbEntity
  8
Frente
100
AcDbLine
 10
102.375000000
 20
235.000000000
 30
0.000000000
 11
103.875000000
 21
235.000000000
 31
0.000000000
  0
LINE
  5
A9B
330
A02
100
AcDbEntity
  8
Frente
100
AcDbLine
 10
82.125000000
 20
156.500000000
 30
0.000000000
 11
81.100480947
 21
156.500000000
 31
0.000000000
  0
LINE
  5
A9C
330
A02
100
AcDbEntity
  8
Frente
100
AcDbLine
 10
81.100480947
 20
155.000000000
 30
0.000000000
 11
81.100480947
 21
156.500000000
 31
0.000000000
  0
LINE
  5
A9D
330
A02
100
AcDbEntity
  8
Frente
100
AcDbLine
 10
82.125000000
 20
155.000000000
 30
0.000000000
 11
81.100480947
 21
155.000000000
 31
0.000000000
  0
LINE
  5
A9E
330
A02
100
AcDbEntity
  8
Frente
100
AcDbLine
 10
103.399519053
 20
156.500000000
 30
0.000000000
 11
102.100480947
 21
156.500000000
 31
0.000000000
  0
LINE
  5
A9F
330
A02
100
AcDbEntity
  8
Frente
100
AcDbLine
 10
102.100480947
 20
155.000000000
 30
0.000000000
 11
102.100480947
 21
156.500000000
 31
0.000000000
  0
LINE
  5
AA0
330
A02
100
AcDbEntity
  8
Frente
100
AcDbLine
 10
103.399519053
 20
155.000000000
 30
0.000000000
 11
102.100480947
 21
155.000000000
 31
0.000000000
  0
LINE
  5
AA1
330
A02
100
AcDbEntity
  8
Frente
100
AcDbLine
 10
82.399519053
 20
155.000000000
 30
0.000000000
 11
86.140544457
 21
155.000000000
 31
0.000000000
  0
LINE
  5
AA2
330
A02
100
AcDbEntity
  8
Frente
100
AcDbLine
 10
101.204422863
 20
155.000000000
 30
0.000000000
 11
103.399519053
 21
155.000000000
 31
0.000000000
  0
LINE
  5
AA3
330
A02
100
AcDbEntity
  8
Frente
100
AcDbLine
 10
81.100480947
 20
155.000000000
 30
0.000000000
 11
102.100480947
 21
155.000000000
 31
0.000000000
  0
LINE
  5
AA4
330
A02
100
AcDbEntity
  8
Frente
100
AcDbLine
 10
81.100480947
 20
156.500000000
 30
0.000000000
 11
102.100480947
 21
156.500000000
 31
0.000000000
  0
LINE
  5
AA5
330
A02
100
AcDbEntity
  8
Frente
100
AcDbLine
 10
82.125000000
 20
235.000000000
 30
0.000000000
 11
81.100480947
 21
235.000000000
 31
0.000000000
  0
LINE
  5
AA6
330
A02
100
AcDbEntity
  8
Frente
100
AcDbLine
 10
81.100480947
 20
233.500000000
 30
0.000000000
 11
81.100480947
 21
235.000000000
 31
0.000000000
  0
LINE
  5
AA7
330
A02
100
AcDbEntity
  8
Frente
100
AcDbLine
 10
82.125000000
 20
233.500000000
 30
0.000000000
 11
81.100480947
 21
233.500000000
 31
0.000000000
  0
LINE
  5
AA8
330
A02
100
AcDbEntity
  8
Frente
100
AcDbLine
 10
103.399519053
 20
235.000000000
 30
0.000000000
 11
102.100480947
 21
235.000000000
 31
0.000000000
  0
LINE
  5
AA9
330
A02
100
AcDbEntity
  8
Frente
100
AcDbLine
 10
102.100480947
 20
233.500000000
 30
0.000000000
 11
102.100480947
 21
235.000000000
 31
0.000000000
  0
LINE
  5
AAA
330
A02
100
AcDbEntity
  8
Frente
100
AcDbLine
 10
103.399519053
 20
233.500000000
 30
0.000000000
 11
102.100480947
 21
233.500000000
 31
0.000000000
  0
LINE
  5
AAB
330
A02
100
AcDbEntity
  8
Frente
100
AcDbLine
 10
81.100480947
 20
233.500000000
 30
0.000000000
 11
102.100480947
 21
233.500000000
 31
0.000000000
  0
LINE
  5
AAC
330
A02
100
AcDbEntity
  8
Frente
100
AcDbLine
 10
81.100480947
 20
235.000000000
 30
0.000000000
 11
102.100480947
 21
235.000000000
 31
0.000000000
  0
LWPOLYLINE
  5
AAD
330
A02
100
AcDbEntity
100
AcDbPolyline
  8
Frente
 90
2
 70
0
 43
0
 10
82.807179677
 20
153.750000000
 10
82.807179677
 20
150.000000000
  0
LWPOLYLINE
  5
AAE
330
A02
100
AcDbEntity
100
AcDbPolyline
  8
Frente
 90
2
 70
0
 43
0
 10
82.339472504
 20
153.500000000
 10
82.807179677
 20
153.750000000
  0
LINE
  5
AAF
330
A02
100
AcDbEntity
  8
Frente
100
AcDbLine
 10
84.192820323
 20
153.750000000
 30
0.000000000
 11
82.807179677
 21
153.750000000
 31
0.000000000
  0
LWPOLYLINE
  5
AB0
330
A02
100
AcDbEntity
100
AcDbPolyline
  8
Frente
 90
2
 70
0
 43
0
 10
84.192820323
 20
153.750000000
 10
84.660527496
 20
153.500000000
  0
LWPOLYLINE
  5
AB1
330
A02
100
AcDbEntity
100
AcDbPolyline
  8
Frente
 90
2
 70
0
 43
0
 10
83.725113150
 20
153.500000000
 10
84.192820323
 20
153.750000000
  0
LINE
  5
AB2
330
A02
100
AcDbEntity
  8
Frente
100
AcDbLine
 10
83.704422863
 20
154.800000000
 30
0.000000000
 11
83.704422863
 21
155.000000000
 31
0.000000000
  0
LINE
  5
AB3
330
A02
100
AcDbEntity
  8
Frente
100
AcDbLine
 10
83.704422863
 20
155.000000000
 30
0.000000000
 11
82.145577137
 21
155.000000000
 31
0.000000000
  0
LINE
  5
AB4
330
A02
100
AcDbEntity
  8
Frente
100
AcDbLine
 10
82.145577137
 20
154.800000000
 30
0.000000000
 11
82.145577137
 21
155.000000000
 31
0.000000000
  0
LINE
  5
AB5
330
A02
100
AcDbEntity
  8
Frente
100
AcDbLine
 10
84.854422863
 20
154.800000000
 30
0.000000000
 11
84.854422863
 21
155.000000000
 31
0.000000000
  0
LINE
  5
AB6
330
A02
100
AcDbEntity
  8
Frente
100
AcDbLine
 10
84.854422863
 20
155.000000000
 30
0.000000000
 11
83.295577137
 21
155.000000000
 31
0.000000000
  0
LINE
  5
AB7
330
A02
100
AcDbEntity
  8
Frente
100
AcDbLine
 10
83.295577137
 20
153.500000000
 30
0.000000000
 11
83.295577137
 21
155.000000000
 31
0.000000000
  0
LINE
  5
AB8
330
A02
100
AcDbEntity
  8
Frente
100
AcDbLine
 10
84.854422863
 20
153.500000000
 30
0.000000000
 11
83.295577137
 21
153.500000000
 31
0.000000000
  0
LINE
  5
AB9
330
A02
100
AcDbEntity
  8
Frente
100
AcDbLine
 10
83.704422863
 20
155.000000000
 30
0.000000000
 11
84.854422863
 21
155.000000000
 31
0.000000000
  0
LINE
  5
ABA
330
A02
100
AcDbEntity
  8
Frente
100
AcDbLine
 10
82.145577137
 20
153.500000000
 30
0.000000000
 11
83.295577137
 21
153.500000000
 31
0.000000000
  0
LINE
  5
ABB
330
A02
100
AcDbEntity
  8
Frente
100
AcDbLine
 10
82.145577137
 20
155.000000000
 30
0.000000000
 11
83.295577137
 21
155.000000000
 31
0.000000000
  0
LINE
  5
ABC
330
A02
100
AcDbEntity
  8
Frente
100
AcDbLine
 10
82.399519053
 20
155.000000000
 30
0.000000000
 11
80.859455543
 21
155.000000000
 31
0.000000000
  0
LINE
  5
ABD
330
A02
100
AcDbEntity
  8
Frente
100
AcDbLine
 10
86.140544457
 20
155.000000000
 30
0.000000000
 11
83.109455543
 21
155.000000000
 31
0.000000000
  0
LINE
  5
ABE
330
A02
100
AcDbEntity
  8
Frente
100
AcDbLine
 10
83.109455543
 20
154.800000000
 30
0.000000000
 11
83.109455543
 21
155.000000000
 31
0.000000000
  0
LINE
  5
ABF
330
A02
100
AcDbEntity
  8
Frente
100
AcDbLine
 10
86.140544457
 20
154.800000000
 30
0.000000000
 11
83.109455543
 21
154.800000000
 31
0.000000000
  0
LINE
  5
AC0
330
A02
100
AcDbEntity
  8
Frente
100
AcDbLine
 10
80.859455543
 20
154.800000000
 30
0.000000000
 11
83.109455543
 21
154.800000000
 31
0.000000000
  0
LINE
  5
AC1
330
A02
100
AcDbEntity
  8
Frente
100
AcDbLine
 10
80.859455543
 20
155.000000000
 30
0.000000000
 11
83.109455543
 21
155.000000000
 31
0.000000000
  0
LWPOLYLINE
  5
AC2
330
A02
100
AcDbEntity
100
AcDbPolyline
  8
Frente
 90
2
 70
0
 43
0
 10
100.307179677
 20
153.750000000
 10
100.307179677
 20
150.000000000
  0
LWPOLYLINE
  5
AC3
330
A02
100
AcDbEntity
100
AcDbPolyline
  8
Frente
 90
2
 70
0
 43
0
 10
99.839472504
 20
153.500000000
 10
100.307179677
 20
153.750000000
  0
LINE
  5
AC4
330
A02
100
AcDbEntity
  8
Frente
100
AcDbLine
 10
101.692820323
 20
153.750000000
 30
0.000000000
 11
100.307179677
 21
153.750000000
 31
0.000000000
  0
LWPOLYLINE
  5
AC5
330
A02
100
AcDbEntity
100
AcDbPolyline
  8
Frente
 90
2
 70
0
 43
0
 10
101.692820323
 20
153.750000000
 10
102.160527496
 20
153.500000000
  0
LWPOLYLINE
  5
AC6
330
A02
100
AcDbEntity
100
AcDbPolyline
  8
Frente
 90
2
 70
0
 43
0
 10
101.225113150
 20
153.500000000
 10
101.692820323
 20
153.750000000
  0
LINE
  5
AC7
330
A02
100
AcDbEntity
  8
Frente
100
AcDbLine
 10
101.204422863
 20
154.800000000
 30
0.000000000
 11
101.204422863
 21
155.000000000
 31
0.000000000
  0
LINE
  5
AC8
330
A02
100
AcDbEntity
  8
Frente
100
AcDbLine
 10
101.204422863
 20
155.000000000
 30
0.000000000
 11
99.645577137
 21
155.000000000
 31
0.000000000
  0
LINE
  5
AC9
330
A02
100
AcDbEntity
  8
Frente
100
AcDbLine
 10
99.645577137
 20
154.800000000
 30
0.000000000
 11
99.645577137
 21
155.000000000
 31
0.000000000
  0
LINE
  5
ACA
330
A02
100
AcDbEntity
  8
Frente
100
AcDbLine
 10
102.354422863
 20
154.800000000
 30
0.000000000
 11
102.354422863
 21
155.000000000
 31
0.000000000
  0
LINE
  5
ACB
330
A02
100
AcDbEntity
  8
Frente
100
AcDbLine
 10
102.354422863
 20
155.000000000
 30
0.000000000
 11
100.795577137
 21
155.000000000
 31
0.000000000
  0
LINE
  5
ACC
330
A02
100
AcDbEntity
  8
Frente
100
AcDbLine
 10
100.795577137
 20
153.500000000
 30
0.000000000
 11
100.795577137
 21
155.000000000
 31
0.000000000
  0
LINE
  5
ACD
330
A02
100
AcDbEntity
  8
Frente
100
AcDbLine
 10
102.354422863
 20
153.500000000
 30
0.000000000
 11
100.795577137
 21
153.500000000
 31
0.000000000
  0
LINE
  5
ACE
330
A02
100
AcDbEntity
  8
Frente
100
AcDbLine
 10
101.204422863
 20
155.000000000
 30
0.000000000
 11
102.354422863
 21
155.000000000
 31
0.000000000
  0
LINE
  5
ACF
330
A02
100
AcDbEntity
  8
Frente
100
AcDbLine
 10
99.645577137
 20
153.500000000
 30
0.000000000
 11
100.795577137
 21
153.500000000
 31
0.000000000
  0
LINE
  5
AD0
330
A02
100
AcDbEntity
  8
Frente
100
AcDbLine
 10
99.645577137
 20
155.000000000
 30
0.000000000
 11
100.795577137
 21
155.000000000
 31
0.000000000
  0
LINE
  5
AD1
330
A02
100
AcDbEntity
  8
Frente
100
AcDbLine
 10
103.640544457
 20
155.000000000
 30
0.000000000
 11
100.609455543
 21
155.000000000
 31
0.000000000
  0
LINE
  5
AD2
330
A02
100
AcDbEntity
  8
Frente
100
AcDbLine
 10
100.609455543
 20
154.800000000
 30
0.000000000
 11
100.609455543
 21
155.000000000
 31
0.000000000
  0
LINE
  5
AD3
330
A02
100
AcDbEntity
  8
Frente
100
AcDbLine
 10
103.640544457
 20
154.800000000
 30
0.000000000
 11
100.609455543
 21
154.800000000
 31
0.000000000
  0
LINE
  5
AD4
330
A02
100
AcDbEntity
  8
Frente
100
AcDbLine
 10
98.359455543
 20
154.800000000
 30
0.000000000
 11
100.609455543
 21
154.800000000
 31
0.000000000
  0
LINE
  5
AD5
330
A02
100
AcDbEntity
  8
Frente
100
AcDbLine
 10
98.359455543
 20
155.000000000
 30
0.000000000
 11
100.609455543
 21
155.000000000
 31
0.000000000
  0
LINE
  5
AD6
330
A02
100
AcDbEntity
  8
Frente
100
AcDbLine
 10
102.375000000
 20
155.000000000
 30
0.000000000
 11
102.375000000
 21
235.000000000
 31
0.000000000
  0
LINE
  5
AD7
330
A02
100
AcDbEntity
  8
Frente
100
AcDbLine
 10
102.375000000
 20
155.000000000
 30
0.000000000
 11
102.375000000
 21
235.000000000
 31
0.000000000
  0
LINE
  5
AD8
330
A02
100
AcDbEntity
  8
Frente
100
AcDbLine
 10
103.875000000
 20
155.000000000
 30
0.000000000
 11
103.875000000
 21
235.000000000
 31
0.000000000
  0
LINE
  5
AD9
330
A02
100
AcDbEntity
  8
Frente
100
AcDbLine
 10
103.875000000
 20
155.000000000
 30
0.000000000
 11
103.875000000
 21
235.000000000
 31
0.000000000
  0
LINE
  5
ADA
330
A02
100
AcDbEntity
  8
Frente
100
AcDbLine
 10
102.375000000
 20
155.000000000
 30
0.000000000
 11
103.875000000
 21
155.000000000
 31
0.000000000
  0
LINE
  5
ADB
330
A02
100
AcDbEntity
  8
Frente
100
AcDbLine
 10
102.375000000
 20
235.000000000
 30
0.000000000
 11
103.875000000
 21
235.000000000
 31
0.000000000
  0
LINE
  5
ADC
330
A02
100
AcDbEntity
  8
Frente
100
AcDbLine
 10
102.375000000
 20
155.000000000
 30
0.000000000
 11
103.875000000
 21
155.000000000
 31
0.000000000
  0
LINE
  5
ADD
330
A02
100
AcDbEntity
  8
Frente
100
AcDbLine
 10
102.375000000
 20
235.000000000
 30
0.000000000
 11
103.875000000
 21
235.000000000
 31
0.000000000
  0
LINE
  5
ADE
330
A02
100
AcDbEntity
  8
Frente
100
AcDbLine
 10
80.625000000
 20
155.000000000
 30
0.000000000
 11
80.625000000
 21
235.000000000
 31
0.000000000
  0
LINE
  5
ADF
330
A02
100
AcDbEntity
  8
Frente
100
AcDbLine
 10
80.625000000
 20
155.000000000
 30
0.000000000
 11
80.625000000
 21
235.000000000
 31
0.000000000
  0
LINE
  5
AE0
330
A02
100
AcDbEntity
  8
Frente
100
AcDbLine
 10
82.125000000
 20
155.000000000
 30
0.000000000
 11
82.125000000
 21
235.000000000
 31
0.000000000
  0
LINE
  5
AE1
330
A02
100
AcDbEntity
  8
Frente
100
AcDbLine
 10
82.125000000
 20
155.000000000
 30
0.000000000
 11
82.125000000
 21
235.000000000
 31
0.000000000
  0
LINE
  5
AE2
330
A02
100
AcDbEntity
  8
Frente
100
AcDbLine
 10
80.625000000
 20
155.000000000
 30
0.000000000
 11
82.125000000
 21
155.000000000
 31
0.000000000
  0
LINE
  5
AE3
330
A02
100
AcDbEntity
  8
Frente
100
AcDbLine
 10
80.625000000
 20
235.000000000
 30
0.000000000
 11
82.125000000
 21
235.000000000
 31
0.000000000
  0
LINE
  5
AE4
330
A02
100
AcDbEntity
  8
Frente
100
AcDbLine
 10
80.625000000
 20
155.000000000
 30
0.000000000
 11
82.125000000
 21
155.000000000
 31
0.000000000
  0
LINE
  5
AE5
330
A02
100
AcDbEntity
  8
Frente
100
AcDbLine
 10
80.625000000
 20
235.000000000
 30
0.000000000
 11
82.125000000
 21
235.000000000
 31
0.000000000
  0
LINE
  5
AE6
330
A02
100
AcDbEntity
  8
Frente
100
AcDbLine
 10
103.399519053
 20
155.000000000
 30
0.000000000
 11
103.399519053
 21
156.500000000
 31
0.000000000
  0
LINE
  5
AE7
330
A02
100
AcDbEntity
  8
Frente
100
AcDbLine
 10
103.399519053
 20
156.500000000
 30
0.000000000
 11
102.100480947
 21
156.500000000
 31
0.000000000
  0
LINE
  5
AE8
330
A02
100
AcDbEntity
  8
Frente
100
AcDbLine
 10
102.100480947
 20
155.000000000
 30
0.000000000
 11
102.100480947
 21
156.500000000
 31
0.000000000
  0
LINE
  5
AE9
330
A02
100
AcDbEntity
  8
Frente
100
AcDbLine
 10
103.399519053
 20
155.000000000
 30
0.000000000
 11
102.100480947
 21
155.000000000
 31
0.000000000
  0
LINE
  5
AEA
330
A02
100
AcDbEntity
  8
Frente
100
AcDbLine
 10
82.399519053
 20
155.000000000
 30
0.000000000
 11
82.399519053
 21
156.500000000
 31
0.000000000
  0
LINE
  5
AEB
330
A02
100
AcDbEntity
  8
Frente
100
AcDbLine
 10
82.399519053
 20
156.500000000
 30
0.000000000
 11
81.100480947
 21
156.500000000
 31
0.000000000
  0
LINE
  5
AEC
330
A02
100
AcDbEntity
  8
Frente
100
AcDbLine
 10
81.100480947
 20
155.000000000
 30
0.000000000
 11
81.100480947
 21
156.500000000
 31
0.000000000
  0
LINE
  5
AED
330
A02
100
AcDbEntity
  8
Frente
100
AcDbLine
 10
82.399519053
 20
155.000000000
 30
0.000000000
 11
81.100480947
 21
155.000000000
 31
0.000000000
  0
LINE
  5
AEE
330
A02
100
AcDbEntity
  8
Frente
100
AcDbLine
 10
103.399519053
 20
155.000000000
 30
0.000000000
 11
82.399519053
 21
155.000000000
 31
0.000000000
  0
LINE
  5
AEF
330
A02
100
AcDbEntity
  8
Frente
100
AcDbLine
 10
103.399519053
 20
156.500000000
 30
0.000000000
 11
82.399519053
 21
156.500000000
 31
0.000000000
  0
LINE
  5
AF0
330
A02
100
AcDbEntity
  8
Frente
100
AcDbLine
 10
102.100480947
 20
155.000000000
 30
0.000000000
 11
81.100480947
 21
155.000000000
 31
0.000000000
  0
LINE
  5
AF1
330
A02
100
AcDbEntity
  8
Frente
100
AcDbLine
 10
102.100480947
 20
156.500000000
 30
0.000000000
 11
81.100480947
 21
156.500000000
 31
0.000000000
  0
LINE
  5
AF2
330
A02
100
AcDbEntity
  8
Frente
100
AcDbLine
 10
103.399519053
 20
233.500000000
 30
0.000000000
 11
103.399519053
 21
235.000000000
 31
0.000000000
  0
LINE
  5
AF3
330
A02
100
AcDbEntity
  8
Frente
100
AcDbLine
 10
103.399519053
 20
235.000000000
 30
0.000000000
 11
102.100480947
 21
235.000000000
 31
0.000000000
  0
LINE
  5
AF4
330
A02
100
AcDbEntity
  8
Frente
100
AcDbLine
 10
102.100480947
 20
233.500000000
 30
0.000000000
 11
102.100480947
 21
235.000000000
 31
0.000000000
  0
LINE
  5
AF5
330
A02
100
AcDbEntity
  8
Frente
100
AcDbLine
 10
103.399519053
 20
233.500000000
 30
0.000000000
 11
102.100480947
 21
233.500000000
 31
0.000000000
  0
LINE
  5
AF6
330
A02
100
AcDbEntity
  8
Frente
100
AcDbLine
 10
82.399519053
 20
233.500000000
 30
0.000000000
 11
82.399519053
 21
235.000000000
 31
0.000000000
  0
LINE
  5
AF7
330
A02
100
AcDbEntity
  8
Frente
100
AcDbLine
 10
82.399519053
 20
235.000000000
 30
0.000000000
 11
81.100480947
 21
235.000000000
 31
0.000000000
  0
LINE
  5
AF8
330
A02
100
AcDbEntity
  8
Frente
100
AcDbLine
 10
81.100480947
 20
233.500000000
 30
0.000000000
 11
81.100480947
 21
235.000000000
 31
0.000000000
  0
LINE
  5
AF9
330
A02
100
AcDbEntity
  8
Frente
100
AcDbLine
 10
82.399519053
 20
233.500000000
 30
0.000000000
 11
81.100480947
 21
233.500000000
 31
0.000000000
  0
LINE
  5
AFA
330
A02
100
AcDbEntity
  8
Frente
100
AcDbLine
 10
103.399519053
 20
233.500000000
 30
0.000000000
 11
82.399519053
 21
233.500000000
 31
0.000000000
  0
LINE
  5
AFB
330
A02
100
AcDbEntity
  8
Frente
100
AcDbLine
 10
103.399519053
 20
235.000000000
 30
0.000000000
 11
82.399519053
 21
235.000000000
 31
0.000000000
  0
LINE
  5
AFC
330
A02
100
AcDbEntity
  8
Frente
100
AcDbLine
 10
102.100480947
 20
233.500000000
 30
0.000000000
 11
81.100480947
 21
233.500000000
 31
0.000000000
  0
LINE
  5
AFD
330
A02
100
AcDbEntity
  8
Frente
100
AcDbLine
 10
102.100480947
 20
235.000000000
 30
0.000000000
 11
81.100480947
 21
235.000000000
 31
0.000000000
  0
LWPOLYLINE
  5
AFE
330
A02
100
AcDbEntity
100
AcDbPolyline
  8
Frente
 90
2
 70
0
 43
0
 10
100.307179677
 20
153.750000000
 10
100.307179677
 20
150.000000000
  0
LWPOLYLINE
  5
AFF
330
A02
100
AcDbEntity
100
AcDbPolyline
  8
Frente
 90
2
 70
0
 43
0
 10
100.307179677
 20
150.000000000
 10
100.307179677
 20
153.750000000
  0
LINE
  5
B00
330
A02
100
AcDbEntity
  8
Frente
100
AcDbLine
 10
101.692820323
 20
153.750000000
 30
0.000000000
 11
100.307179677
 21
153.750000000
 31
0.000000000
  0
LWPOLYLINE
  5
B01
330
A02
100
AcDbEntity
100
AcDbPolyline
  8
Frente
 90
2
 70
0
 43
0
 10
101.692820323
 20
153.750000000
 10
101.692820323
 20
150.000000000
  0
LWPOLYLINE
  5
B02
330
A02
100
AcDbEntity
100
AcDbPolyline
  8
Frente
 90
2
 70
0
 43
0
 10
101.692820323
 20
150.000000000
 10
101.692820323
 20
153.750000000
  0
LINE
  5
B03
330
A02
100
AcDbEntity
  8
Frente
100
AcDbLine
 10
102.354422863
 20
153.500000000
 30
0.000000000
 11
102.354422863
 21
155.000000000
 31
0.000000000
  0
LINE
  5
B04
330
A02
100
AcDbEntity
  8
Frente
100
AcDbLine
 10
102.354422863
 20
155.000000000
 30
0.000000000
 11
100.795577137
 21
155.000000000
 31
0.000000000
  0
LINE
  5
B05
330
A02
100
AcDbEntity
  8
Frente
100
AcDbLine
 10
100.795577137
 20
153.500000000
 30
0.000000000
 11
100.795577137
 21
155.000000000
 31
0.000000000
  0
LINE
  5
B06
330
A02
100
AcDbEntity
  8
Frente
100
AcDbLine
 10
102.354422863
 20
153.500000000
 30
0.000000000
 11
100.795577137
 21
153.500000000
 31
0.000000000
  0
LINE
  5
B07
330
A02
100
AcDbEntity
  8
Frente
100
AcDbLine
 10
101.204422863
 20
153.500000000
 30
0.000000000
 11
101.204422863
 21
155.000000000
 31
0.000000000
  0
LINE
  5
B08
330
A02
100
AcDbEntity
  8
Frente
100
AcDbLine
 10
101.204422863
 20
155.000000000
 30
0.000000000
 11
99.645577137
 21
155.000000000
 31
0.000000000
  0
LINE
  5
B09
330
A02
100
AcDbEntity
  8
Frente
100
AcDbLine
 10
99.645577137
 20
153.500000000
 30
0.000000000
 11
99.645577137
 21
155.000000000
 31
0.000000000
  0
LINE
  5
B0A
330
A02
100
AcDbEntity
  8
Frente
100
AcDbLine
 10
101.204422863
 20
153.500000000
 30
0.000000000
 11
99.645577137
 21
153.500000000
 31
0.000000000
  0
LINE
  5
B0B
330
A02
100
AcDbEntity
  8
Frente
100
AcDbLine
 10
102.354422863
 20
153.500000000
 30
0.000000000
 11
101.204422863
 21
153.500000000
 31
0.000000000
  0
LINE
  5
B0C
330
A02
100
AcDbEntity
  8
Frente
100
AcDbLine
 10
102.354422863
 20
155.000000000
 30
0.000000000
 11
101.204422863
 21
155.000000000
 31
0.000000000
  0
LINE
  5
B0D
330
A02
100
AcDbEntity
  8
Frente
100
AcDbLine
 10
100.795577137
 20
153.500000000
 30
0.000000000
 11
99.645577137
 21
153.500000000
 31
0.000000000
  0
LINE
  5
B0E
330
A02
100
AcDbEntity
  8
Frente
100
AcDbLine
 10
100.795577137
 20
155.000000000
 30
0.000000000
 11
99.645577137
 21
155.000000000
 31
0.000000000
  0
LINE
  5
B0F
330
A02
100
AcDbEntity
  8
Frente
100
AcDbLine
 10
103.640544457
 20
154.800000000
 30
0.000000000
 11
103.640544457
 21
155.000000000
 31
0.000000000
  0
LINE
  5
B10
330
A02
100
AcDbEntity
  8
Frente
100
AcDbLine
 10
103.640544457
 20
155.000000000
 30
0.000000000
 11
100.609455543
 21
155.000000000
 31
0.000000000
  0
LINE
  5
B11
330
A02
100
AcDbEntity
  8
Frente
100
AcDbLine
 10
100.609455543
 20
154.800000000
 30
0.000000000
 11
100.609455543
 21
155.000000000
 31
0.000000000
  0
LINE
  5
B12
330
A02
100
AcDbEntity
  8
Frente
100
AcDbLine
 10
103.640544457
 20
154.800000000
 30
0.000000000
 11
100.609455543
 21
154.800000000
 31
0.000000000
  0
LINE
  5
B13
330
A02
100
AcDbEntity
  8
Frente
100
AcDbLine
 10
101.390544457
 20
154.800000000
 30
0.000000000
 11
101.390544457
 21
155.000000000
 31
0.000000000
  0
LINE
  5
B14
330
A02
100
AcDbEntity
  8
Frente
100
AcDbLine
 10
101.390544457
 20
155.000000000
 30
0.000000000
 11
98.359455543
 21
155.000000000
 31
0.000000000
  0
LINE
  5
B15
330
A02
100
AcDbEntity
  8
Frente
100
AcDbLine
 10
98.359455543
 20
154.800000000
 30
0.000000000
 11
98.359455543
 21
155.000000000
 31
0.000000000
  0
LINE
  5
B16
330
A02
100
AcDbEntity
  8
Frente
100
AcDbLine
 10
101.390544457
 20
154.800000000
 30
0.000000000
 11
98.359455543
 21
154.800000000
 31
0.000000000
  0
LINE
  5
B17
330
A02
100
AcDbEntity
  8
Frente
100
AcDbLine
 10
103.640544457
 20
154.800000000
 30
0.000000000
 11
101.390544457
 21
154.800000000
 31
0.000000000
  0
LINE
  5
B18
330
A02
100
AcDbEntity
  8
Frente
100
AcDbLine
 10
103.640544457
 20
155.000000000
 30
0.000000000
 11
101.390544457
 21
155.000000000
 31
0.000000000
  0
LINE
  5
B19
330
A02
100
AcDbEntity
  8
Frente
100
AcDbLine
 10
100.609455543
 20
154.800000000
 30
0.000000000
 11
98.359455543
 21
154.800000000
 31
0.000000000
  0
LINE
  5
B1A
330
A02
100
AcDbEntity
  8
Frente
100
AcDbLine
 10
100.609455543
 20
155.000000000
 30
0.000000000
 11
98.359455543
 21
155.000000000
 31
0.000000000
  0
LWPOLYLINE
  5
B1B
330
A02
100
AcDbEntity
100
AcDbPolyline
  8
Frente
 90
2
 70
0
 43
0
 10
82.807179677
 20
153.750000000
 10
82.807179677
 20
150.000000000
  0
LWPOLYLINE
  5
B1C
330
A02
100
AcDbEntity
100
AcDbPolyline
  8
Frente
 90
2
 70
0
 43
0
 10
82.807179677
 20
150.000000000
 10
82.807179677
 20
153.750000000
  0
LINE
  5
B1D
330
A02
100
AcDbEntity
  8
Frente
100
AcDbLine
 10
84.192820323
 20
153.750000000
 30
0.000000000
 11
82.807179677
 21
153.750000000
 31
0.000000000
  0
LWPOLYLINE
  5
B1E
330
A02
100
AcDbEntity
100
AcDbPolyline
  8
Frente
 90
2
 70
0
 43
0
 10
84.192820323
 20
153.750000000
 10
84.192820323
 20
150.000000000
  0
LWPOLYLINE
  5
B1F
330
A02
100
AcDbEntity
100
AcDbPolyline
  8
Frente
 90
2
 70
0
 43
0
 10
84.192820323
 20
150.000000000
 10
84.192820323
 20
153.750000000
  0
LINE
  5
B20
330
A02
100
AcDbEntity
  8
Frente
100
AcDbLine
 10
84.854422863
 20
153.500000000
 30
0.000000000
 11
84.854422863
 21
155.000000000
 31
0.000000000
  0
LINE
  5
B21
330
A02
100
AcDbEntity
  8
Frente
100
AcDbLine
 10
84.854422863
 20
155.000000000
 30
0.000000000
 11
83.295577137
 21
155.000000000
 31
0.000000000
  0
LINE
  5
B22
330
A02
100
AcDbEntity
  8
Frente
100
AcDbLine
 10
83.295577137
 20
153.500000000
 30
0.000000000
 11
83.295577137
 21
155.000000000
 31
0.000000000
  0
LINE
  5
B23
330
A02
100
AcDbEntity
  8
Frente
100
AcDbLine
 10
84.854422863
 20
153.500000000
 30
0.000000000
 11
83.295577137
 21
153.500000000
 31
0.000000000
  0
LINE
  5
B24
330
A02
100
AcDbEntity
  8
Frente
100
AcDbLine
 10
83.704422863
 20
153.500000000
 30
0.000000000
 11
83.704422863
 21
155.000000000
 31
0.000000000
  0
LINE
  5
B25
330
A02
100
AcDbEntity
  8
Frente
100
AcDbLine
 10
83.704422863
 20
155.000000000
 30
0.000000000
 11
82.145577137
 21
155.000000000
 31
0.000000000
  0
LINE
  5
B26
330
A02
100
AcDbEntity
  8
Frente
100
AcDbLine
 10
82.145577137
 20
153.500000000
 30
0.000000000
 11
82.145577137
 21
155.000000000
 31
0.000000000
  0
LINE
  5
B27
330
A02
100
AcDbEntity
  8
Frente
100
AcDbLine
 10
83.704422863
 20
153.500000000
 30
0.000000000
 11
82.145577137
 21
153.500000000
 31
0.000000000
  0
LINE
  5
B28
330
A02
100
AcDbEntity
  8
Frente
100
AcDbLine
 10
84.854422863
 20
153.500000000
 30
0.000000000
 11
83.704422863
 21
153.500000000
 31
0.000000000
  0
LINE
  5
B29
330
A02
100
AcDbEntity
  8
Frente
100
AcDbLine
 10
84.854422863
 20
155.000000000
 30
0.000000000
 11
83.704422863
 21
155.000000000
 31
0.000000000
  0
LINE
  5
B2A
330
A02
100
AcDbEntity
  8
Frente
100
AcDbLine
 10
83.295577137
 20
153.500000000
 30
0.000000000
 11
82.145577137
 21
153.500000000
 31
0.000000000
  0
LINE
  5
B2B
330
A02
100
AcDbEntity
  8
Frente
100
AcDbLine
 10
83.295577137
 20
155.000000000
 30
0.000000000
 11
82.145577137
 21
155.000000000
 31
0.000000000
  0
LINE
  5
B2C
330
A02
100
AcDbEntity
  8
Frente
100
AcDbLine
 10
86.140544457
 20
154.800000000
 30
0.000000000
 11
86.140544457
 21
155.000000000
 31
0.000000000
  0
LINE
  5
B2D
330
A02
100
AcDbEntity
  8
Frente
100
AcDbLine
 10
86.140544457
 20
155.000000000
 30
0.000000000
 11
83.109455543
 21
155.000000000
 31
0.000000000
  0
LINE
  5
B2E
330
A02
100
AcDbEntity
  8
Frente
100
AcDbLine
 10
83.109455543
 20
154.800000000
 30
0.000000000
 11
83.109455543
 21
155.000000000
 31
0.000000000
  0
LINE
  5
B2F
330
A02
100
AcDbEntity
  8
Frente
100
AcDbLine
 10
86.140544457
 20
154.800000000
 30
0.000000000
 11
83.109455543
 21
154.800000000
 31
0.000000000
  0
LINE
  5
B30
330
A02
100
AcDbEntity
  8
Frente
100
AcDbLine
 10
83.890544457
 20
154.800000000
 30
0.000000000
 11
83.890544457
 21
155.000000000
 31
0.000000000
  0
LINE
  5
B31
330
A02
100
AcDbEntity
  8
Frente
100
AcDbLine
 10
83.890544457
 20
155.000000000
 30
0.000000000
 11
80.859455543
 21
155.000000000
 31
0.000000000
  0
LINE
  5
B32
330
A02
100
AcDbEntity
  8
Frente
100
AcDbLine
 10
80.859455543
 20
154.800000000
 30
0.000000000
 11
80.859455543
 21
155.000000000
 31
0.000000000
  0
LINE
  5
B33
330
A02
100
AcDbEntity
  8
Frente
100
AcDbLine
 10
83.890544457
 20
154.800000000
 30
0.000000000
 11
80.859455543
 21
154.800000000
 31
0.000000000
  0
LINE
  5
B34
330
A02
100
AcDbEntity
  8
Frente
100
AcDbLine
 10
86.140544457
 20
154.800000000
 30
0.000000000
 11
83.890544457
 21
154.800000000
 31
0.000000000
  0
LINE
  5
B35
330
A02
100
AcDbEntity
  8
Frente
100
AcDbLine
 10
86.140544457
 20
155.000000000
 30
0.000000000
 11
83.890544457
 21
155.000000000
 31
0.000000000
  0
LINE
  5
B36
330
A02
100
AcDbEntity
  8
Frente
100
AcDbLine
 10
83.109455543
 20
154.800000000
 30
0.000000000
 11
80.859455543
 21
154.800000000
 31
0.000000000
  0
LINE
  5
B37
330
A02
100
AcDbEntity
  8
Frente
100
AcDbLine
 10
83.109455543
 20
155.000000000
 30
0.000000000
 11
80.859455543
 21
155.000000000
 31
0.000000000
  0
LINE
  5
B38
330
A02
100
AcDbEntity
  8
Frente
100
AcDbLine
 10
84.192820323
 20
150.000000000
 30
0.000000000
 11
82.807179677
 21
150.000000000
 31
0.000000000
  0
LINE
  5
B39
330
A02
100
AcDbEntity
  8
Planta
100
AcDbLine
 10
36.000000000
 20
118.792767288
 30
0.000000000
 11
36.000000000
 21
117.292767288
 31
0.000000000
  0
LINE
  5
B3A
330
A02
100
AcDbEntity
  8
Planta
100
AcDbLine
 10
37.500000000
 20
118.792767288
 30
0.000000000
 11
37.500000000
 21
117.292767288
 31
0.000000000
  0
LINE
  5
B3B
330
A02
100
AcDbEntity
  8
Planta
100
AcDbLine
 10
36.000000000
 20
118.792767288
 30
0.000000000
 11
37.500000000
 21
118.792767288
 31
0.000000000
  0
LINE
  5
B3C
330
A02
100
AcDbEntity
  8
Planta
100
AcDbLine
 10
36.000000000
 20
117.292767288
 30
0.000000000
 11
37.500000000
 21
117.292767288
 31
0.000000000
  0
LINE
  5
B3D
330
A02
100
AcDbEntity
  8
Planta
100
AcDbLine
 10
79.500000000
 20
118.792767288
 30
0.000000000
 11
79.500000000
 21
117.292767288
 31
0.000000000
  0
LINE
  5
B3E
330
A02
100
AcDbEntity
  8
Planta
100
AcDbLine
 10
81.000000000
 20
118.792767288
 30
0.000000000
 11
81.000000000
 21
117.292767288
 31
0.000000000
  0
LINE
  5
B3F
330
A02
100
AcDbEntity
  8
Planta
100
AcDbLine
 10
79.500000000
 20
118.792767288
 30
0.000000000
 11
81.000000000
 21
118.792767288
 31
0.000000000
  0
LINE
  5
B40
330
A02
100
AcDbEntity
  8
Planta
100
AcDbLine
 10
79.500000000
 20
117.292767288
 30
0.000000000
 11
81.000000000
 21
117.292767288
 31
0.000000000
  0
LINE
  5
B41
330
A02
100
AcDbEntity
  8
Planta
100
AcDbLine
 10
37.500000000
 20
118.792767288
 30
0.000000000
 11
37.500000000
 21
117.292767288
 31
0.000000000
  0
LINE
  5
B42
330
A02
100
AcDbEntity
  8
Planta
100
AcDbLine
 10
79.500000000
 20
118.792767288
 30
0.000000000
 11
79.500000000
 21
117.292767288
 31
0.000000000
  0
LINE
  5
B43
330
A02
100
AcDbEntity
  8
Planta
100
AcDbLine
 10
37.500000000
 20
118.792767288
 30
0.000000000
 11
38.750000000
 21
118.792767288
 31
0.000000000
  0
LINE
  5
B44
330
A02
100
AcDbEntity
  8
Planta
100
AcDbLine
 10
43.250000000
 20
118.792767288
 30
0.000000000
 11
73.750000000
 21
118.792767288
 31
0.000000000
  0
LINE
  5
B45
330
A02
100
AcDbEntity
  8
Planta
100
AcDbLine
 10
78.250000000
 20
118.792767288
 30
0.000000000
 11
79.500000000
 21
118.792767288
 31
0.000000000
  0
LINE
  5
B46
330
A02
100
AcDbEntity
  8
Planta
100
AcDbLine
 10
37.500000000
 20
117.292767288
 30
0.000000000
 11
38.750000000
 21
117.292767288
 31
0.000000000
  0
LINE
  5
B47
330
A02
100
AcDbEntity
  8
Planta
100
AcDbLine
 10
43.250000000
 20
117.292767288
 30
0.000000000
 11
73.750000000
 21
117.292767288
 31
0.000000000
  0
LINE
  5
B48
330
A02
100
AcDbEntity
  8
Planta
100
AcDbLine
 10
78.250000000
 20
117.292767288
 30
0.000000000
 11
79.500000000
 21
117.292767288
 31
0.000000000
  0
LWPOLYLINE
  5
B49
330
A02
100
AcDbEntity
100
AcDbPolyline
  8
Planta
 90
2
 70
0
 43
0
 10
42.875000000
 20
117.242767288
 10
39.125000000
 20
117.242767288
  0
LWPOLYLINE
  5
B4A
330
A02
100
AcDbEntity
100
AcDbPolyline
  8
Planta
 90
2
 70
0
 43
0
 10
42.875000000
 20
118.842767288
 10
39.125000000
 20
118.842767288
  0
LINE
  5
B4B
330
A02
100
AcDbEntity
  8
Planta
100
AcDbLine
 10
39.850000000
 20
118.942767288
 30
0.000000000
 11
39.850000000
 21
118.842767288
 31
0.000000000
  0
LINE
  5
B4C
330
A02
100
AcDbEntity
  8
Planta
100
AcDbLine
 10
39.850000000
 20
117.242767288
 30
0.000000000
 11
39.850000000
 21
117.142767288
 31
0.000000000
  0
LINE
  5
B4D
330
A02
100
AcDbEntity
  8
Planta
100
AcDbLine
 10
42.150000000
 20
118.942767288
 30
0.000000000
 11
42.150000000
 21
118.842767288
 31
0.000000000
  0
LINE
  5
B4E
330
A02
100
AcDbEntity
  8
Planta
100
AcDbLine
 10
42.150000000
 20
117.242767288
 30
0.000000000
 11
42.150000000
 21
117.142767288
 31
0.000000000
  0
LINE
  5
B4F
330
A02
100
AcDbEntity
  8
Planta
100
AcDbLine
 10
39.850000000
 20
118.942767288
 30
0.000000000
 11
42.150000000
 21
118.942767288
 31
0.000000000
  0
LINE
  5
B50
330
A02
100
AcDbEntity
  8
Planta
100
AcDbLine
 10
39.850000000
 20
117.142767288
 30
0.000000000
 11
42.150000000
 21
117.142767288
 31
0.000000000
  0
LINE
  5
B51
330
A02
100
AcDbEntity
  8
Planta
100
AcDbLine
 10
38.750000000
 20
119.792767288
 30
0.000000000
 11
38.750000000
 21
116.292767288
 31
0.000000000
  0
LINE
  5
B52
330
A02
100
AcDbEntity
  8
Planta
100
AcDbLine
 10
43.250000000
 20
119.792767288
 30
0.000000000
 11
43.250000000
 21
116.292767288
 31
0.000000000
  0
LINE
  5
B53
330
A02
100
AcDbEntity
  8
Planta
100
AcDbLine
 10
38.750000000
 20
119.792767288
 30
0.000000000
 11
43.250000000
 21
119.792767288
 31
0.000000000
  0
LINE
  5
B54
330
A02
100
AcDbEntity
  8
Planta
100
AcDbLine
 10
38.750000000
 20
116.292767288
 30
0.000000000
 11
43.250000000
 21
116.292767288
 31
0.000000000
  0
LWPOLYLINE
  5
B55
330
A02
100
AcDbEntity
100
AcDbPolyline
  8
Planta
 90
2
 70
0
 43
0
 10
77.875000000
 20
117.242767288
 10
74.125000000
 20
117.242767288
  0
LWPOLYLINE
  5
B56
330
A02
100
AcDbEntity
100
AcDbPolyline
  8
Planta
 90
2
 70
0
 43
0
 10
77.875000000
 20
118.842767288
 10
74.125000000
 20
118.842767288
  0
LINE
  5
B57
330
A02
100
AcDbEntity
  8
Planta
100
AcDbLine
 10
74.850000000
 20
118.942767288
 30
0.000000000
 11
74.850000000
 21
118.842767288
 31
0.000000000
  0
LINE
  5
B58
330
A02
100
AcDbEntity
  8
Planta
100
AcDbLine
 10
74.850000000
 20
117.242767288
 30
0.000000000
 11
74.850000000
 21
117.142767288
 31
0.000000000
  0
LINE
  5
B59
330
A02
100
AcDbEntity
  8
Planta
100
AcDbLine
 10
77.150000000
 20
118.942767288
 30
0.000000000
 11
77.150000000
 21
118.842767288
 31
0.000000000
  0
LINE
  5
B5A
330
A02
100
AcDbEntity
  8
Planta
100
AcDbLine
 10
77.150000000
 20
117.242767288
 30
0.000000000
 11
77.150000000
 21
117.142767288
 31
0.000000000
  0
LINE
  5
B5B
330
A02
100
AcDbEntity
  8
Planta
100
AcDbLine
 10
74.850000000
 20
118.942767288
 30
0.000000000
 11
77.150000000
 21
118.942767288
 31
0.000000000
  0
LINE
  5
B5C
330
A02
100
AcDbEntity
  8
Planta
100
AcDbLine
 10
74.850000000
 20
117.142767288
 30
0.000000000
 11
77.150000000
 21
117.142767288
 31
0.000000000
  0
LINE
  5
B5D
330
A02
100
AcDbEntity
  8
Planta
100
AcDbLine
 10
73.750000000
 20
119.792767288
 30
0.000000000
 11
73.750000000
 21
116.292767288
 31
0.000000000
  0
LINE
  5
B5E
330
A02
100
AcDbEntity
  8
Planta
100
AcDbLine
 10
78.250000000
 20
119.792767288
 30
0.000000000
 11
78.250000000
 21
116.292767288
 31
0.000000000
  0
LINE
  5
B5F
330
A02
100
AcDbEntity
  8
Planta
100
AcDbLine
 10
73.750000000
 20
119.792767288
 30
0.000000000
 11
78.250000000
 21
119.792767288
 31
0.000000000
  0
LINE
  5
B60
330
A02
100
AcDbEntity
  8
Planta
100
AcDbLine
 10
73.750000000
 20
116.292767288
 30
0.000000000
 11
78.250000000
 21
116.292767288
 31
0.000000000
  0
LINE
  5
B61
330
A02
100
AcDbEntity
  8
Planta
100
AcDbLine
 10
80.625000000
 20
118.143248235
 30
0.000000000
 11
80.625000000
 21
116.643248235
 31
0.000000000
  0
LINE
  5
B62
330
A02
100
AcDbEntity
  8
Planta
100
AcDbLine
 10
82.125000000
 20
118.143248235
 30
0.000000000
 11
82.125000000
 21
116.643248235
 31
0.000000000
  0
LINE
  5
B63
330
A02
100
AcDbEntity
  8
Planta
100
AcDbLine
 10
80.625000000
 20
118.143248235
 30
0.000000000
 11
82.125000000
 21
118.143248235
 31
0.000000000
  0
LINE
  5
B64
330
A02
100
AcDbEntity
  8
Planta
100
AcDbLine
 10
80.625000000
 20
116.643248235
 30
0.000000000
 11
82.125000000
 21
116.643248235
 31
0.000000000
  0
LINE
  5
B65
330
A02
100
AcDbEntity
  8
Planta
100
AcDbLine
 10
102.375000000
 20
80.471143170
 30
0.000000000
 11
102.375000000
 21
78.971143170
 31
0.000000000
  0
LINE
  5
B66
330
A02
100
AcDbEntity
  8
Planta
100
AcDbLine
 10
103.875000000
 20
80.471143170
 30
0.000000000
 11
103.875000000
 21
78.971143170
 31
0.000000000
  0
LINE
  5
B67
330
A02
100
AcDbEntity
  8
Planta
100
AcDbLine
 10
102.375000000
 20
80.471143170
 30
0.000000000
 11
103.875000000
 21
80.471143170
 31
0.000000000
  0
LINE
  5
B68
330
A02
100
AcDbEntity
  8
Planta
100
AcDbLine
 10
102.375000000
 20
78.971143170
 30
0.000000000
 11
103.875000000
 21
78.971143170
 31
0.000000000
  0
LINE
  5
B69
330
A02
100
AcDbEntity
  8
Planta
100
AcDbLine
 10
82.399519053
 20
117.118729182
 30
0.000000000
 11
81.100480947
 21
116.368729182
 31
0.000000000
  0
LINE
  5
B6A
330
A02
100
AcDbEntity
  8
Planta
100
AcDbLine
 10
103.399519053
 20
80.745662223
 30
0.000000000
 11
102.100480947
 21
79.995662223
 31
0.000000000
  0
LINE
  5
B6B
330
A02
100
AcDbEntity
  8
Planta
100
AcDbLine
 10
82.399519053
 20
117.118729182
 30
0.000000000
 11
83.024519053
 21
116.036197427
 31
0.000000000
  0
LINE
  5
B6C
330
A02
100
AcDbEntity
  8
Planta
100
AcDbLine
 10
85.274519053
 20
112.139083110
 30
0.000000000
 11
100.524519053
 21
85.725308295
 31
0.000000000
  0
LINE
  5
B6D
330
A02
100
AcDbEntity
  8
Planta
100
AcDbLine
 10
102.774519053
 20
81.828193978
 30
0.000000000
 11
103.399519053
 21
80.745662223
 31
0.000000000
  0
LINE
  5
B6E
330
A02
100
AcDbEntity
  8
Planta
100
AcDbLine
 10
81.100480947
 20
116.368729182
 30
0.000000000
 11
81.725480947
 21
115.286197427
 31
0.000000000
  0
LINE
  5
B6F
330
A02
100
AcDbEntity
  8
Planta
100
AcDbLine
 10
83.975480947
 20
111.389083110
 30
0.000000000
 11
99.225480947
 21
84.975308295
 31
0.000000000
  0
LINE
  5
B70
330
A02
100
AcDbEntity
  8
Planta
100
AcDbLine
 10
101.475480947
 20
81.078193978
 30
0.000000000
 11
102.100480947
 21
79.995662223
 31
0.000000000
  0
LWPOLYLINE
  5
B71
330
A02
100
AcDbEntity
100
AcDbPolyline
  8
Planta
 90
2
 70
0
 43
0
 10
83.744679677
 20
111.688842637
 10
81.869679677
 20
114.936437901
  0
LWPOLYLINE
  5
B72
330
A02
100
AcDbEntity
100
AcDbPolyline
  8
Planta
 90
2
 70
0
 43
0
 10
85.130320323
 20
112.488842637
 10
83.255320323
 20
115.736437901
  0
LINE
  5
B73
330
A02
100
AcDbEntity
  8
Planta
100
AcDbLine
 10
83.704422863
 20
115.158569483
 30
0.000000000
 11
83.617820323
 21
115.108569483
 31
0.000000000
  0
LINE
  5
B74
330
A02
100
AcDbEntity
  8
Planta
100
AcDbLine
 10
82.232179677
 20
114.308569483
 30
0.000000000
 11
82.145577137
 21
114.258569483
 31
0.000000000
  0
LINE
  5
B75
330
A02
100
AcDbEntity
  8
Planta
100
AcDbLine
 10
84.854422863
 20
113.166711054
 30
0.000000000
 11
84.767820323
 21
113.116711054
 31
0.000000000
  0
LINE
  5
B76
330
A02
100
AcDbEntity
  8
Planta
100
AcDbLine
 10
83.382179677
 20
112.316711054
 30
0.000000000
 11
83.295577137
 21
112.266711054
 31
0.000000000
  0
LINE
  5
B77
330
A02
100
AcDbEntity
  8
Planta
100
AcDbLine
 10
83.704422863
 20
115.158569483
 30
0.000000000
 11
84.854422863
 21
113.166711054
 31
0.000000000
  0
LINE
  5
B78
330
A02
100
AcDbEntity
  8
Planta
100
AcDbLine
 10
82.145577137
 20
114.258569483
 30
0.000000000
 11
83.295577137
 21
112.266711054
 31
0.000000000
  0
LINE
  5
B79
330
A02
100
AcDbEntity
  8
Planta
100
AcDbLine
 10
83.890544457
 20
116.536197427
 30
0.000000000
 11
80.859455543
 21
114.786197427
 31
0.000000000
  0
LINE
  5
B7A
330
A02
100
AcDbEntity
  8
Planta
100
AcDbLine
 10
86.140544457
 20
112.639083110
 30
0.000000000
 11
83.109455543
 21
110.889083110
 31
0.000000000
  0
LINE
  5
B7B
330
A02
100
AcDbEntity
  8
Planta
100
AcDbLine
 10
83.890544457
 20
116.536197427
 30
0.000000000
 11
86.140544457
 21
112.639083110
 31
0.000000000
  0
LINE
  5
B7C
330
A02
100
AcDbEntity
  8
Planta
100
AcDbLine
 10
80.859455543
 20
114.786197427
 30
0.000000000
 11
83.109455543
 21
110.889083110
 31
0.000000000
  0
LWPOLYLINE
  5
B7D
330
A02
100
AcDbEntity
100
AcDbPolyline
  8
Planta
 90
2
 70
0
 43
0
 10
101.244679677
 20
81.377953504
 10
99.369679677
 20
84.625548768
  0
LWPOLYLINE
  5
B7E
330
A02
100
AcDbEntity
100
AcDbPolyline
  8
Planta
 90
2
 70
0
 43
0
 10
102.630320323
 20
82.177953504
 10
100.755320323
 20
85.425548768
  0
LINE
  5
B7F
330
A02
100
AcDbEntity
  8
Planta
100
AcDbLine
 10
101.204422863
 20
84.847680351
 30
0.000000000
 11
101.117820323
 21
84.797680351
 31
0.000000000
  0
LINE
  5
B80
330
A02
100
AcDbEntity
  8
Planta
100
AcDbLine
 10
99.732179677
 20
83.997680351
 30
0.000000000
 11
99.645577137
 21
83.947680351
 31
0.000000000
  0
LINE
  5
B81
330
A02
100
AcDbEntity
  8
Planta
100
AcDbLine
 10
102.354422863
 20
82.855821922
 30
0.000000000
 11
102.267820323
 21
82.805821922
 31
0.000000000
  0
LINE
  5
B82
330
A02
100
AcDbEntity
  8
Planta
100
AcDbLine
 10
100.882179677
 20
82.005821922
 30
0.000000000
 11
100.795577137
 21
81.955821922
 31
0.000000000
  0
LINE
  5
B83
330
A02
100
AcDbEntity
  8
Planta
100
AcDbLine
 10
101.204422863
 20
84.847680351
 30
0.000000000
 11
102.354422863
 21
82.855821922
 31
0.000000000
  0
LINE
  5
B84
330
A02
100
AcDbEntity
  8
Planta
100
AcDbLine
 10
99.645577137
 20
83.947680351
 30
0.000000000
 11
100.795577137
 21
81.955821922
 31
0.000000000
  0
LINE
  5
B85
330
A02
100
AcDbEntity
  8
Planta
100
AcDbLine
 10
101.390544457
 20
86.225308295
 30
0.000000000
 11
98.359455543
 21
84.475308295
 31
0.000000000
  0
LINE
  5
B86
330
A02
100
AcDbEntity
  8
Planta
100
AcDbLine
 10
103.640544457
 20
82.328193978
 30
0.000000000
 11
100.609455543
 21
80.578193978
 31
0.000000000
  0
LINE
  5
B87
330
A02
100
AcDbEntity
  8
Planta
100
AcDbLine
 10
101.390544457
 20
86.225308295
 30
0.000000000
 11
103.640544457
 21
82.328193978
 31
0.000000000
  0
LINE
  5
B88
330
A02
100
AcDbEntity
  8
Planta
100
AcDbLine
 10
98.359455543
 20
84.475308295
 30
0.000000000
 11
100.609455543
 21
80.578193978
 31
0.000000000
  0
LINE
  5
B89
330
A02
100
AcDbEntity
  8
Planta
100
AcDbLine
 10
102.375000000
 20
79.172105065
 30
0.000000000
 11
102.375000000
 21
77.672105065
 31
0.000000000
  0
LINE
  5
B8A
330
A02
100
AcDbEntity
  8
Planta
100
AcDbLine
 10
103.875000000
 20
79.172105065
 30
0.000000000
 11
103.875000000
 21
77.672105065
 31
0.000000000
  0
LINE
  5
B8B
330
A02
100
AcDbEntity
  8
Planta
100
AcDbLine
 10
102.375000000
 20
79.172105065
 30
0.000000000
 11
103.875000000
 21
79.172105065
 31
0.000000000
  0
LINE
  5
B8C
330
A02
100
AcDbEntity
  8
Planta
100
AcDbLine
 10
102.375000000
 20
77.672105065
 30
0.000000000
 11
103.875000000
 21
77.672105065
 31
0.000000000
  0
LINE
  5
B8D
330
A02
100
AcDbEntity
  8
Planta
100
AcDbLine
 10
80.625000000
 20
41.500000000
 30
0.000000000
 11
80.625000000
 21
40.000000000
 31
0.000000000
  0
LINE
  5
B8E
330
A02
100
AcDbEntity
  8
Planta
100
AcDbLine
 10
82.125000000
 20
41.500000000
 30
0.000000000
 11
82.125000000
 21
40.000000000
 31
0.000000000
  0
LINE
  5
B8F
330
A02
100
AcDbEntity
  8
Planta
100
AcDbLine
 10
80.625000000
 20
41.500000000
 30
0.000000000
 11
82.125000000
 21
41.500000000
 31
0.000000000
  0
LINE
  5
B90
330
A02
100
AcDbEntity
  8
Planta
100
AcDbLine
 10
80.625000000
 20
40.000000000
 30
0.000000000
 11
82.125000000
 21
40.000000000
 31
0.000000000
  0
LINE
  5
B91
330
A02
100
AcDbEntity
  8
Planta
100
AcDbLine
 10
103.399519053
 20
77.397586012
 30
0.000000000
 11
102.100480947
 21
78.147586012
 31
0.000000000
  0
LINE
  5
B92
330
A02
100
AcDbEntity
  8
Planta
100
AcDbLine
 10
82.399519053
 20
41.024519053
 30
0.000000000
 11
81.100480947
 21
41.774519053
 31
0.000000000
  0
LINE
  5
B93
330
A02
100
AcDbEntity
  8
Planta
100
AcDbLine
 10
103.399519053
 20
77.397586012
 30
0.000000000
 11
102.774519053
 21
76.315054257
 31
0.000000000
  0
LINE
  5
B94
330
A02
100
AcDbEntity
  8
Planta
100
AcDbLine
 10
100.524519053
 20
72.417939940
 30
0.000000000
 11
85.274519053
 21
46.004165125
 31
0.000000000
  0
LINE
  5
B95
330
A02
100
AcDbEntity
  8
Planta
100
AcDbLine
 10
83.024519053
 20
42.107050808
 30
0.000000000
 11
82.399519053
 21
41.024519053
 31
0.000000000
  0
LINE
  5
B96
330
A02
100
AcDbEntity
  8
Planta
100
AcDbLine
 10
102.100480947
 20
78.147586012
 30
0.000000000
 11
101.475480947
 21
77.065054257
 31
0.000000000
  0
LINE
  5
B97
330
A02
100
AcDbEntity
  8
Planta
100
AcDbLine
 10
99.225480947
 20
73.167939940
 30
0.000000000
 11
83.975480947
 21
46.754165125
 31
0.000000000
  0
LINE
  5
B98
330
A02
100
AcDbEntity
  8
Planta
100
AcDbLine
 10
81.725480947
 20
42.857050808
 30
0.000000000
 11
81.100480947
 21
41.774519053
 31
0.000000000
  0
LWPOLYLINE
  5
B99
330
A02
100
AcDbEntity
100
AcDbPolyline
  8
Planta
 90
2
 70
0
 43
0
 10
99.369679677
 20
73.517699466
 10
101.244679677
 20
76.765294731
  0
LWPOLYLINE
  5
B9A
330
A02
100
AcDbEntity
100
AcDbPolyline
  8
Planta
 90
2
 70
0
 43
0
 10
100.755320323
 20
72.717699466
 10
102.630320323
 20
75.965294731
  0
LINE
  5
B9B
330
A02
100
AcDbEntity
  8
Planta
100
AcDbLine
 10
102.354422863
 20
75.287426313
 30
0.000000000
 11
102.267820323
 21
75.337426313
 31
0.000000000
  0
LINE
  5
B9C
330
A02
100
AcDbEntity
  8
Planta
100
AcDbLine
 10
100.882179677
 20
76.137426313
 30
0.000000000
 11
100.795577137
 21
76.187426313
 31
0.000000000
  0
LINE
  5
B9D
330
A02
100
AcDbEntity
  8
Planta
100
AcDbLine
 10
101.204422863
 20
73.295567884
 30
0.000000000
 11
101.117820323
 21
73.345567884
 31
0.000000000
  0
LINE
  5
B9E
330
A02
100
AcDbEntity
  8
Planta
100
AcDbLine
 10
99.732179677
 20
74.145567884
 30
0.000000000
 11
99.645577137
 21
74.195567884
 31
0.000000000
  0
LINE
  5
B9F
330
A02
100
AcDbEntity
  8
Planta
100
AcDbLine
 10
102.354422863
 20
75.287426313
 30
0.000000000
 11
101.204422863
 21
73.295567884
 31
0.000000000
  0
LINE
  5
BA0
330
A02
100
AcDbEntity
  8
Planta
100
AcDbLine
 10
100.795577137
 20
76.187426313
 30
0.000000000
 11
99.645577137
 21
74.195567884
 31
0.000000000
  0
LINE
  5
BA1
330
A02
100
AcDbEntity
  8
Planta
100
AcDbLine
 10
103.640544457
 20
75.815054257
 30
0.000000000
 11
100.609455543
 21
77.565054257
 31
0.000000000
  0
LINE
  5
BA2
330
A02
100
AcDbEntity
  8
Planta
100
AcDbLine
 10
101.390544457
 20
71.917939940
 30
0.000000000
 11
98.359455543
 21
73.667939940
 31
0.000000000
  0
LINE
  5
BA3
330
A02
100
AcDbEntity
  8
Planta
100
AcDbLine
 10
103.640544457
 20
75.815054257
 30
0.000000000
 11
101.390544457
 21
71.917939940
 31
0.000000000
  0
LINE
  5
BA4
330
A02
100
AcDbEntity
  8
Planta
100
AcDbLine
 10
100.609455543
 20
77.565054257
 30
0.000000000
 11
98.359455543
 21
73.667939940
 31
0.000000000
  0
LWPOLYLINE
  5
BA5
330
A02
100
AcDbEntity
100
AcDbPolyline
  8
Planta
 90
2
 70
0
 43
0
 10
81.869679677
 20
43.206810334
 10
83.744679677
 20
46.454405598
  0
LWPOLYLINE
  5
BA6
330
A02
100
AcDbEntity
100
AcDbPolyline
  8
Planta
 90
2
 70
0
 43
0
 10
83.255320323
 20
42.406810334
 10
85.130320323
 20
45.654405598
  0
LINE
  5
BA7
330
A02
100
AcDbEntity
  8
Planta
100
AcDbLine
 10
84.854422863
 20
44.976537180
 30
0.000000000
 11
84.767820323
 21
45.026537180
 31
0.000000000
  0
LINE
  5
BA8
330
A02
100
AcDbEntity
  8
Planta
100
AcDbLine
 10
83.382179677
 20
45.826537180
 30
0.000000000
 11
83.295577137
 21
45.876537180
 31
0.000000000
  0
LINE
  5
BA9
330
A02
100
AcDbEntity
  8
Planta
100
AcDbLine
 10
83.704422863
 20
42.984678752
 30
0.000000000
 11
83.617820323
 21
43.034678752
 31
0.000000000
  0
LINE
  5
BAA
330
A02
100
AcDbEntity
  8
Planta
100
AcDbLine
 10
82.232179677
 20
43.834678752
 30
0.000000000
 11
82.145577137
 21
43.884678752
 31
0.000000000
  0
LINE
  5
BAB
330
A02
100
AcDbEntity
  8
Planta
100
AcDbLine
 10
84.854422863
 20
44.976537180
 30
0.000000000
 11
83.704422863
 21
42.984678752
 31
0.000000000
  0
LINE
  5
BAC
330
A02
100
AcDbEntity
  8
Planta
100
AcDbLine
 10
83.295577137
 20
45.876537180
 30
0.000000000
 11
82.145577137
 21
43.884678752
 31
0.000000000
  0
LINE
  5
BAD
330
A02
100
AcDbEntity
  8
Planta
100
AcDbLine
 10
86.140544457
 20
45.504165125
 30
0.000000000
 11
83.109455543
 21
47.254165125
 31
0.000000000
  0
LINE
  5
BAE
330
A02
100
AcDbEntity
  8
Planta
100
AcDbLine
 10
83.890544457
 20
41.607050808
 30
0.000000000
 11
80.859455543
 21
43.357050808
 31
0.000000000
  0
LINE
  5
BAF
330
A02
100
AcDbEntity
  8
Planta
100
AcDbLine
 10
86.140544457
 20
45.504165125
 30
0.000000000
 11
83.890544457
 21
41.607050808
 31
0.000000000
  0
LINE
  5
BB0
330
A02
100
AcDbEntity
  8
Planta
100
AcDbLine
 10
83.109455543
 20
47.254165125
 30
0.000000000
 11
80.859455543
 21
43.357050808
 31
0.000000000
  0
LINE
  5
BB1
330
A02
100
AcDbEntity
  8
Planta
100
AcDbLine
 10
39.125000000
 20
118.842767288
 30
0.000000000
 11
39.125000000
 21
117.242767288
 31
0.000000000
  0
LINE
  5
BB2
330
A02
100
AcDbEntity
  8
Planta
100
AcDbLine
 10
42.875000000
 20
118.842767288
 30
0.000000000
 11
42.875000000
 21
117.242767288
 31
0.000000000
  0
LINE
  5
BB3
330
A02
100
AcDbEntity
  8
Planta
100
AcDbLine
 10
74.125000000
 20
118.842767288
 30
0.000000000
 11
74.125000000
 21
117.242767288
 31
0.000000000
  0
LINE
  5
BB4
330
A02
100
AcDbEntity
  8
Planta
100
AcDbLine
 10
77.875000000
 20
118.842767288
 30
0.000000000
 11
77.875000000
 21
117.242767288
 31
0.000000000
  0
LINE
  5
BB5
330
A02
100
AcDbEntity
  8
Planta
100
AcDbLine
 10
83.255320323
 20
115.736437901
 30
0.000000000
 11
81.869679677
 21
114.936437901
 31
0.000000000
  0
LINE
  5
BB6
330
A02
100
AcDbEntity
  8
Planta
100
AcDbLine
 10
85.130320323
 20
112.488842637
 30
0.000000000
 11
83.744679677
 21
111.688842637
 31
0.000000000
  0
LINE
  5
BB7
330
A02
100
AcDbEntity
  8
Planta
100
AcDbLine
 10
100.755320323
 20
85.425548768
 30
0.000000000
 11
99.369679677
 21
84.625548768
 31
0.000000000
  0
LINE
  5
BB8
330
A02
100
AcDbEntity
  8
Planta
100
AcDbLine
 10
102.630320323
 20
82.177953504
 30
0.000000000
 11
101.244679677
 21
81.377953504
 31
0.000000000
  0
LINE
  5
BB9
330
A02
100
AcDbEntity
  8
Planta
100
AcDbLine
 10
102.630320323
 20
75.965294731
 30
0.000000000
 11
101.244679677
 21
76.765294731
 31
0.000000000
  0
LINE
  5
BBA
330
A02
100
AcDbEntity
  8
Planta
100
AcDbLine
 10
100.755320323
 20
72.717699466
 30
0.000000000
 11
99.369679677
 21
73.517699466
 31
0.000000000
  0
LINE
  5
BBB
330
A02
100
AcDbEntity
  8
Planta
100
AcDbLine
 10
85.130320323
 20
45.654405598
 30
0.000000000
 11
83.744679677
 21
46.454405598
 31
0.000000000
  0
LINE
  5
BBC
330
A02
100
AcDbEntity
  8
Planta
100
AcDbLine
 10
83.255320323
 20
42.406810334
 30
0.000000000
 11
81.869679677
 21
43.206810334
 31
0.000000000
  0
LINE
  5
BBD
330
A02
100
AcDbEntity
  8
Planta
100
AcDbLine
 10
36.000000000
 20
118.792767288
 30
0.000000000
 11
36.000000000
 21
117.292767288
 31
0.000000000
  0
LINE
  5
BBE
330
A02
100
AcDbEntity
  8
Planta
100
AcDbLine
 10
37.500000000
 20
118.792767288
 30
0.000000000
 11
37.500000000
 21
117.292767288
 31
0.000000000
  0
LINE
  5
BBF
330
A02
100
AcDbEntity
  8
Planta
100
AcDbLine
 10
36.000000000
 20
118.792767288
 30
0.000000000
 11
37.500000000
 21
118.792767288
 31
0.000000000
  0
LINE
  5
BC0
330
A02
100
AcDbEntity
  8
Planta
100
AcDbLine
 10
36.000000000
 20
117.292767288
 30
0.000000000
 11
37.500000000
 21
117.292767288
 31
0.000000000
  0
LINE
  5
BC1
330
A02
100
AcDbEntity
  8
Planta
100
AcDbLine
 10
79.500000000
 20
118.792767288
 30
0.000000000
 11
79.500000000
 21
117.292767288
 31
0.000000000
  0
LINE
  5
BC2
330
A02
100
AcDbEntity
  8
Planta
100
AcDbLine
 10
81.000000000
 20
118.792767288
 30
0.000000000
 11
81.000000000
 21
117.292767288
 31
0.000000000
  0
LINE
  5
BC3
330
A02
100
AcDbEntity
  8
Planta
100
AcDbLine
 10
79.500000000
 20
118.792767288
 30
0.000000000
 11
81.000000000
 21
118.792767288
 31
0.000000000
  0
LINE
  5
BC4
330
A02
100
AcDbEntity
  8
Planta
100
AcDbLine
 10
79.500000000
 20
117.292767288
 30
0.000000000
 11
81.000000000
 21
117.292767288
 31
0.000000000
  0
LINE
  5
BC5
330
A02
100
AcDbEntity
  8
Planta
100
AcDbLine
 10
37.500000000
 20
118.792767288
 30
0.000000000
 11
37.500000000
 21
117.292767288
 31
0.000000000
  0
LINE
  5
BC6
330
A02
100
AcDbEntity
  8
Planta
100
AcDbLine
 10
79.500000000
 20
118.792767288
 30
0.000000000
 11
79.500000000
 21
117.292767288
 31
0.000000000
  0
LINE
  5
BC7
330
A02
100
AcDbEntity
  8
Planta
100
AcDbLine
 10
38.750000000
 20
118.792767288
 30
0.000000000
 11
43.250000000
 21
118.792767288
 31
0.000000000
  0
LINE
  5
BC8
330
A02
100
AcDbEntity
  8
Planta
100
AcDbLine
 10
73.750000000
 20
118.792767288
 30
0.000000000
 11
78.250000000
 21
118.792767288
 31
0.000000000
  0
LINE
  5
BC9
330
A02
100
AcDbEntity
  8
Planta
100
AcDbLine
 10
37.500000000
 20
118.792767288
 30
0.000000000
 11
79.500000000
 21
118.792767288
 31
0.000000000
  0
LINE
  5
BCA
330
A02
100
AcDbEntity
  8
Planta
100
AcDbLine
 10
38.750000000
 20
117.292767288
 30
0.000000000
 11
43.250000000
 21
117.292767288
 31
0.000000000
  0
LINE
  5
BCB
330
A02
100
AcDbEntity
  8
Planta
100
AcDbLine
 10
73.750000000
 20
117.292767288
 30
0.000000000
 11
78.250000000
 21
117.292767288
 31
0.000000000
  0
LINE
  5
BCC
330
A02
100
AcDbEntity
  8
Planta
100
AcDbLine
 10
37.500000000
 20
117.292767288
 30
0.000000000
 11
79.500000000
 21
117.292767288
 31
0.000000000
  0
LINE
  5
BCD
330
A02
100
AcDbEntity
  8
Planta
100
AcDbLine
 10
37.500000000
 20
118.792767288
 30
0.000000000
 11
37.500000000
 21
117.292767288
 31
0.000000000
  0
LINE
  5
BCE
330
A02
100
AcDbEntity
  8
Planta
100
AcDbLine
 10
37.500000000
 20
118.792767288
 30
0.000000000
 11
37.500000000
 21
117.292767288
 31
0.000000000
  0
LINE
  5
BCF
330
A02
100
AcDbEntity
  8
Planta
100
AcDbLine
 10
79.500000000
 20
118.792767288
 30
0.000000000
 11
79.500000000
 21
117.292767288
 31
0.000000000
  0
LINE
  5
BD0
330
A02
100
AcDbEntity
  8
Planta
100
AcDbLine
 10
79.500000000
 20
118.792767288
 30
0.000000000
 11
79.500000000
 21
117.292767288
 31
0.000000000
  0
LINE
  5
BD1
330
A02
100
AcDbEntity
  8
Planta
100
AcDbLine
 10
37.500000000
 20
118.792767288
 30
0.000000000
 11
79.500000000
 21
118.792767288
 31
0.000000000
  0
LINE
  5
BD2
330
A02
100
AcDbEntity
  8
Planta
100
AcDbLine
 10
37.500000000
 20
118.792767288
 30
0.000000000
 11
79.500000000
 21
118.792767288
 31
0.000000000
  0
LINE
  5
BD3
330
A02
100
AcDbEntity
  8
Planta
100
AcDbLine
 10
37.500000000
 20
117.292767288
 30
0.000000000
 11
79.500000000
 21
117.292767288
 31
0.000000000
  0
LINE
  5
BD4
330
A02
100
AcDbEntity
  8
Planta
100
AcDbLine
 10
37.500000000
 20
117.292767288
 30
0.000000000
 11
79.500000000
 21
117.292767288
 31
0.000000000
  0
LWPOLYLINE
  5
BD5
330
A02
100
AcDbEntity
100
AcDbPolyline
  8
Planta
 90
2
 70
0
 43
0
 10
41.000000000
 20
117.242767288
 10
42.875000000
 20
117.242767288
  0
LWPOLYLINE
  5
BD6
330
A02
100
AcDbEntity
100
AcDbPolyline
  8
Planta
 90
2
 70
0
 43
0
 10
39.125000000
 20
117.242767288
 10
41.000000000
 20
117.242767288
  0
LWPOLYLINE
  5
BD7
330
A02
100
AcDbEntity
100
AcDbPolyline
  8
Planta
 90
2
 70
0
 43
0
 10
41.000000000
 20
118.842767288
 10
42.875000000
 20
118.842767288
  0
LWPOLYLINE
  5
BD8
330
A02
100
AcDbEntity
100
AcDbPolyline
  8
Planta
 90
2
 70
0
 43
0
 10
39.125000000
 20
118.842767288
 10
41.000000000
 20
118.842767288
  0
LINE
  5
BD9
330
A02
100
AcDbEntity
  8
Planta
100
AcDbLine
 10
39.850000000
 20
118.942767288
 30
0.000000000
 11
39.850000000
 21
117.142767288
 31
0.000000000
  0
LINE
  5
BDA
330
A02
100
AcDbEntity
  8
Planta
100
AcDbLine
 10
39.850000000
 20
118.842767288
 30
0.000000000
 11
39.850000000
 21
117.242767288
 31
0.000000000
  0
LINE
  5
BDB
330
A02
100
AcDbEntity
  8
Planta
100
AcDbLine
 10
42.150000000
 20
118.942767288
 30
0.000000000
 11
42.150000000
 21
117.142767288
 31
0.000000000
  0
LINE
  5
BDC
330
A02
100
AcDbEntity
  8
Planta
100
AcDbLine
 10
42.150000000
 20
118.842767288
 30
0.000000000
 11
42.150000000
 21
117.242767288
 31
0.000000000
  0
LINE
  5
BDD
330
A02
100
AcDbEntity
  8
Planta
100
AcDbLine
 10
39.850000000
 20
118.942767288
 30
0.000000000
 11
42.150000000
 21
118.942767288
 31
0.000000000
  0
LINE
  5
BDE
330
A02
100
AcDbEntity
  8
Planta
100
AcDbLine
 10
39.850000000
 20
117.142767288
 30
0.000000000
 11
42.150000000
 21
117.142767288
 31
0.000000000
  0
LINE
  5
BDF
330
A02
100
AcDbEntity
  8
Planta
100
AcDbLine
 10
38.750000000
 20
119.792767288
 30
0.000000000
 11
38.750000000
 21
116.292767288
 31
0.000000000
  0
LINE
  5
BE0
330
A02
100
AcDbEntity
  8
Planta
100
AcDbLine
 10
43.250000000
 20
119.792767288
 30
0.000000000
 11
43.250000000
 21
116.292767288
 31
0.000000000
  0
LINE
  5
BE1
330
A02
100
AcDbEntity
  8
Planta
100
AcDbLine
 10
38.750000000
 20
119.792767288
 30
0.000000000
 11
43.250000000
 21
119.792767288
 31
0.000000000
  0
LINE
  5
BE2
330
A02
100
AcDbEntity
  8
Planta
100
AcDbLine
 10
38.750000000
 20
116.292767288
 30
0.000000000
 11
43.250000000
 21
116.292767288
 31
0.000000000
  0
LWPOLYLINE
  5
BE3
330
A02
100
AcDbEntity
100
AcDbPolyline
  8
Planta
 90
2
 70
0
 43
0
 10
76.000000000
 20
117.242767288
 10
77.875000000
 20
117.242767288
  0
LWPOLYLINE
  5
BE4
330
A02
100
AcDbEntity
100
AcDbPolyline
  8
Planta
 90
2
 70
0
 43
0
 10
74.125000000
 20
117.242767288
 10
76.000000000
 20
117.242767288
  0
LWPOLYLINE
  5
BE5
330
A02
100
AcDbEntity
100
AcDbPolyline
  8
Planta
 90
2
 70
0
 43
0
 10
76.000000000
 20
118.842767288
 10
77.875000000
 20
118.842767288
  0
LWPOLYLINE
  5
BE6
330
A02
100
AcDbEntity
100
AcDbPolyline
  8
Planta
 90
2
 70
0
 43
0
 10
74.125000000
 20
118.842767288
 10
76.000000000
 20
118.842767288
  0
LINE
  5
BE7
330
A02
100
AcDbEntity
  8
Planta
100
AcDbLine
 10
74.850000000
 20
118.942767288
 30
0.000000000
 11
74.850000000
 21
117.142767288
 31
0.000000000
  0
LINE
  5
BE8
330
A02
100
AcDbEntity
  8
Planta
100
AcDbLine
 10
74.850000000
 20
118.842767288
 30
0.000000000
 11
74.850000000
 21
117.242767288
 31
0.000000000
  0
LINE
  5
BE9
330
A02
100
AcDbEntity
  8
Planta
100
AcDbLine
 10
77.150000000
 20
118.942767288
 30
0.000000000
 11
77.150000000
 21
117.142767288
 31
0.000000000
  0
LINE
  5
BEA
330
A02
100
AcDbEntity
  8
Planta
100
AcDbLine
 10
77.150000000
 20
118.842767288
 30
0.000000000
 11
77.150000000
 21
117.242767288
 31
0.000000000
  0
LINE
  5
BEB
330
A02
100
AcDbEntity
  8
Planta
100
AcDbLine
 10
74.850000000
 20
118.942767288
 30
0.000000000
 11
77.150000000
 21
118.942767288
 31
0.000000000
  0
LINE
  5
BEC
330
A02
100
AcDbEntity
  8
Planta
100
AcDbLine
 10
74.850000000
 20
117.142767288
 30
0.000000000
 11
77.150000000
 21
117.142767288
 31
0.000000000
  0
LINE
  5
BED
330
A02
100
AcDbEntity
  8
Planta
100
AcDbLine
 10
73.750000000
 20
119.792767288
 30
0.000000000
 11
73.750000000
 21
116.292767288
 31
0.000000000
  0
LINE
  5
BEE
330
A02
100
AcDbEntity
  8
Planta
100
AcDbLine
 10
78.250000000
 20
119.792767288
 30
0.000000000
 11
78.250000000
 21
116.292767288
 31
0.000000000
  0
LINE
  5
BEF
330
A02
100
AcDbEntity
  8
Planta
100
AcDbLine
 10
73.750000000
 20
119.792767288
 30
0.000000000
 11
78.250000000
 21
119.792767288
 31
0.000000000
  0
LINE
  5
BF0
330
A02
100
AcDbEntity
  8
Planta
100
AcDbLine
 10
73.750000000
 20
116.292767288
 30
0.000000000
 11
78.250000000
 21
116.292767288
 31
0.000000000
  0
LINE
  5
BF1
330
A02
100
AcDbEntity
  8
Planta
100
AcDbLine
 10
80.625000000
 20
118.143248235
 30
0.000000000
 11
80.625000000
 21
116.643248235
 31
0.000000000
  0
LINE
  5
BF2
330
A02
100
AcDbEntity
  8
Planta
100
AcDbLine
 10
82.125000000
 20
118.143248235
 30
0.000000000
 11
82.125000000
 21
116.643248235
 31
0.000000000
  0
LINE
  5
BF3
330
A02
100
AcDbEntity
  8
Planta
100
AcDbLine
 10
80.625000000
 20
118.143248235
 30
0.000000000
 11
82.125000000
 21
118.143248235
 31
0.000000000
  0
LINE
  5
BF4
330
A02
100
AcDbEntity
  8
Planta
100
AcDbLine
 10
80.625000000
 20
116.643248235
 30
0.000000000
 11
82.125000000
 21
116.643248235
 31
0.000000000
  0
LINE
  5
BF5
330
A02
100
AcDbEntity
  8
Planta
100
AcDbLine
 10
102.375000000
 20
80.471143170
 30
0.000000000
 11
102.375000000
 21
78.971143170
 31
0.000000000
  0
LINE
  5
BF6
330
A02
100
AcDbEntity
  8
Planta
100
AcDbLine
 10
103.875000000
 20
80.471143170
 30
0.000000000
 11
103.875000000
 21
78.971143170
 31
0.000000000
  0
LINE
  5
BF7
330
A02
100
AcDbEntity
  8
Planta
100
AcDbLine
 10
102.375000000
 20
80.471143170
 30
0.000000000
 11
103.875000000
 21
80.471143170
 31
0.000000000
  0
LINE
  5
BF8
330
A02
100
AcDbEntity
  8
Planta
100
AcDbLine
 10
102.375000000
 20
78.971143170
 30
0.000000000
 11
103.875000000
 21
78.971143170
 31
0.000000000
  0
LINE
  5
BF9
330
A02
100
AcDbEntity
  8
Planta
100
AcDbLine
 10
82.399519053
 20
117.118729182
 30
0.000000000
 11
81.100480947
 21
116.368729182
 31
0.000000000
  0
LINE
  5
BFA
330
A02
100
AcDbEntity
  8
Planta
100
AcDbLine
 10
103.399519053
 20
80.745662223
 30
0.000000000
 11
102.100480947
 21
79.995662223
 31
0.000000000
  0
LINE
  5
BFB
330
A02
100
AcDbEntity
  8
Planta
100
AcDbLine
 10
83.024519053
 20
116.036197427
 30
0.000000000
 11
85.274519053
 21
112.139083110
 31
0.000000000
  0
LINE
  5
BFC
330
A02
100
AcDbEntity
  8
Planta
100
AcDbLine
 10
100.524519053
 20
85.725308295
 30
0.000000000
 11
102.774519053
 21
81.828193978
 31
0.000000000
  0
LINE
  5
BFD
330
A02
100
AcDbEntity
  8
Planta
100
AcDbLine
 10
82.399519053
 20
117.118729182
 30
0.000000000
 11
103.399519053
 21
80.745662223
 31
0.000000000
  0
LINE
  5
BFE
330
A02
100
AcDbEntity
  8
Planta
100
AcDbLine
 10
81.725480947
 20
115.286197427
 30
0.000000000
 11
83.975480947
 21
111.389083110
 31
0.000000000
  0
LINE
  5
BFF
330
A02
100
AcDbEntity
  8
Planta
100
AcDbLine
 10
99.225480947
 20
84.975308295
 30
0.000000000
 11
101.475480947
 21
81.078193978
 31
0.000000000
  0
LINE
  5
C00
330
A02
100
AcDbEntity
  8
Planta
100
AcDbLine
 10
81.100480947
 20
116.368729182
 30
0.000000000
 11
102.100480947
 21
79.995662223
 31
0.000000000
  0
LINE
  5
C01
330
A02
100
AcDbEntity
  8
Planta
100
AcDbLine
 10
82.399519053
 20
117.118729182
 30
0.000000000
 11
81.100480947
 21
116.368729182
 31
0.000000000
  0
LINE
  5
C02
330
A02
100
AcDbEntity
  8
Planta
100
AcDbLine
 10
82.399519053
 20
117.118729182
 30
0.000000000
 11
81.100480947
 21
116.368729182
 31
0.000000000
  0
LINE
  5
C03
330
A02
100
AcDbEntity
  8
Planta
100
AcDbLine
 10
103.399519053
 20
80.745662223
 30
0.000000000
 11
102.100480947
 21
79.995662223
 31
0.000000000
  0
LINE
  5
C04
330
A02
100
AcDbEntity
  8
Planta
100
AcDbLine
 10
103.399519053
 20
80.745662223
 30
0.000000000
 11
102.100480947
 21
79.995662223
 31
0.000000000
  0
LINE
  5
C05
330
A02
100
AcDbEntity
  8
Planta
100
AcDbLine
 10
82.399519053
 20
117.118729182
 30
0.000000000
 11
103.399519053
 21
80.745662223
 31
0.000000000
  0
LINE
  5
C06
330
A02
100
AcDbEntity
  8
Planta
100
AcDbLine
 10
82.399519053
 20
117.118729182
 30
0.000000000
 11
103.399519053
 21
80.745662223
 31
0.000000000
  0
LINE
  5
C07
330
A02
100
AcDbEntity
  8
Planta
100
AcDbLine
 10
81.100480947
 20
116.368729182
 30
0.000000000
 11
102.100480947
 21
79.995662223
 31
0.000000000
  0
LINE
  5
C08
330
A02
100
AcDbEntity
  8
Planta
100
AcDbLine
 10
81.100480947
 20
116.368729182
 30
0.000000000
 11
102.100480947
 21
79.995662223
 31
0.000000000
  0
LWPOLYLINE
  5
C09
330
A02
100
AcDbEntity
100
AcDbPolyline
  8
Planta
 90
2
 70
0
 43
0
 10
82.807179677
 20
113.312640269
 10
83.744679677
 20
111.688842637
  0
LWPOLYLINE
  5
C0A
330
A02
100
AcDbEntity
100
AcDbPolyline
  8
Planta
 90
2
 70
0
 43
0
 10
81.869679677
 20
114.936437901
 10
82.807179677
 20
113.312640269
  0
LWPOLYLINE
  5
C0B
330
A02
100
AcDbEntity
100
AcDbPolyline
  8
Planta
 90
2
 70
0
 43
0
 10
84.192820323
 20
114.112640269
 10
85.130320323
 20
112.488842637
  0
LWPOLYLINE
  5
C0C
330
A02
100
AcDbEntity
100
AcDbPolyline
  8
Planta
 90
2
 70
0
 43
0
 10
83.255320323
 20
115.736437901
 10
84.192820323
 20
114.112640269
  0
LINE
  5
C0D
330
A02
100
AcDbEntity
  8
Planta
100
AcDbLine
 10
83.704422863
 20
115.158569483
 30
0.000000000
 11
82.145577137
 21
114.258569483
 31
0.000000000
  0
LINE
  5
C0E
330
A02
100
AcDbEntity
  8
Planta
100
AcDbLine
 10
83.617820323
 20
115.108569483
 30
0.000000000
 11
82.232179677
 21
114.308569483
 31
0.000000000
  0
LINE
  5
C0F
330
A02
100
AcDbEntity
  8
Planta
100
AcDbLine
 10
84.854422863
 20
113.166711054
 30
0.000000000
 11
83.295577137
 21
112.266711054
 31
0.000000000
  0
LINE
  5
C10
330
A02
100
AcDbEntity
  8
Planta
100
AcDbLine
 10
84.767820323
 20
113.116711054
 30
0.000000000
 11
83.382179677
 21
112.316711054
 31
0.000000000
  0
LINE
  5
C11
330
A02
100
AcDbEntity
  8
Planta
100
AcDbLine
 10
83.704422863
 20
115.158569483
 30
0.000000000
 11
84.854422863
 21
113.166711054
 31
0.000000000
  0
LINE
  5
C12
330
A02
100
AcDbEntity
  8
Planta
100
AcDbLine
 10
82.145577137
 20
114.258569483
 30
0.000000000
 11
83.295577137
 21
112.266711054
 31
0.000000000
  0
LINE
  5
C13
330
A02
100
AcDbEntity
  8
Planta
100
AcDbLine
 10
83.890544457
 20
116.536197427
 30
0.000000000
 11
80.859455543
 21
114.786197427
 31
0.000000000
  0
LINE
  5
C14
330
A02
100
AcDbEntity
  8
Planta
100
AcDbLine
 10
86.140544457
 20
112.639083110
 30
0.000000000
 11
83.109455543
 21
110.889083110
 31
0.000000000
  0
LINE
  5
C15
330
A02
100
AcDbEntity
  8
Planta
100
AcDbLine
 10
83.890544457
 20
116.536197427
 30
0.000000000
 11
86.140544457
 21
112.639083110
 31
0.000000000
  0
LINE
  5
C16
330
A02
100
AcDbEntity
  8
Planta
100
AcDbLine
 10
80.859455543
 20
114.786197427
 30
0.000000000
 11
83.109455543
 21
110.889083110
 31
0.000000000
  0
LWPOLYLINE
  5
C17
330
A02
100
AcDbEntity
100
AcDbPolyline
  8
Planta
 90
2
 70
0
 43
0
 10
100.307179677
 20
83.001751136
 10
101.244679677
 20
81.377953504
  0
LWPOLYLINE
  5
C18
330
A02
100
AcDbEntity
100
AcDbPolyline
  8
Planta
 90
2
 70
0
 43
0
 10
99.369679677
 20
84.625548768
 10
100.307179677
 20
83.001751136
  0
LWPOLYLINE
  5
C19
330
A02
100
AcDbEntity
100
AcDbPolyline
  8
Planta
 90
2
 70
0
 43
0
 10
101.692820323
 20
83.801751136
 10
102.630320323
 20
82.177953504
  0
LWPOLYLINE
  5
C1A
330
A02
100
AcDbEntity
100
AcDbPolyline
  8
Planta
 90
2
 70
0
 43
0
 10
100.755320323
 20
85.425548768
 10
101.692820323
 20
83.801751136
  0
LINE
  5
C1B
330
A02
100
AcDbEntity
  8
Planta
100
AcDbLine
 10
101.204422863
 20
84.847680351
 30
0.000000000
 11
99.645577137
 21
83.947680351
 31
0.000000000
  0
LINE
  5
C1C
330
A02
100
AcDbEntity
  8
Planta
100
AcDbLine
 10
101.117820323
 20
84.797680351
 30
0.000000000
 11
99.732179677
 21
83.997680351
 31
0.000000000
  0
LINE
  5
C1D
330
A02
100
AcDbEntity
  8
Planta
100
AcDbLine
 10
102.354422863
 20
82.855821922
 30
0.000000000
 11
100.795577137
 21
81.955821922
 31
0.000000000
  0
LINE
  5
C1E
330
A02
100
AcDbEntity
  8
Planta
100
AcDbLine
 10
102.267820323
 20
82.805821922
 30
0.000000000
 11
100.882179677
 21
82.005821922
 31
0.000000000
  0
LINE
  5
C1F
330
A02
100
AcDbEntity
  8
Planta
100
AcDbLine
 10
101.204422863
 20
84.847680351
 30
0.000000000
 11
102.354422863
 21
82.855821922
 31
0.000000000
  0
LINE
  5
C20
330
A02
100
AcDbEntity
  8
Planta
100
AcDbLine
 10
99.645577137
 20
83.947680351
 30
0.000000000
 11
100.795577137
 21
81.955821922
 31
0.000000000
  0
LINE
  5
C21
330
A02
100
AcDbEntity
  8
Planta
100
AcDbLine
 10
101.390544457
 20
86.225308295
 30
0.000000000
 11
98.359455543
 21
84.475308295
 31
0.000000000
  0
LINE
  5
C22
330
A02
100
AcDbEntity
  8
Planta
100
AcDbLine
 10
103.640544457
 20
82.328193978
 30
0.000000000
 11
100.609455543
 21
80.578193978
 31
0.000000000
  0
LINE
  5
C23
330
A02
100
AcDbEntity
  8
Planta
100
AcDbLine
 10
101.390544457
 20
86.225308295
 30
0.000000000
 11
103.640544457
 21
82.328193978
 31
0.000000000
  0
LINE
  5
C24
330
A02
100
AcDbEntity
  8
Planta
100
AcDbLine
 10
98.359455543
 20
84.475308295
 30
0.000000000
 11
100.609455543
 21
80.578193978
 31
0.000000000
  0
LINE
  5
C25
330
A02
100
AcDbEntity
  8
Planta
100
AcDbLine
 10
102.375000000
 20
79.172105065
 30
0.000000000
 11
102.375000000
 21
77.672105065
 31
0.000000000
  0
LINE
  5
C26
330
A02
100
AcDbEntity
  8
Planta
100
AcDbLine
 10
103.875000000
 20
79.172105065
 30
0.000000000
 11
103.875000000
 21
77.672105065
 31
0.000000000
  0
LINE
  5
C27
330
A02
100
AcDbEntity
  8
Planta
100
AcDbLine
 10
102.375000000
 20
79.172105065
 30
0.000000000
 11
103.875000000
 21
79.172105065
 31
0.000000000
  0
LINE
  5
C28
330
A02
100
AcDbEntity
  8
Planta
100
AcDbLine
 10
102.375000000
 20
77.672105065
 30
0.000000000
 11
103.875000000
 21
77.672105065
 31
0.000000000
  0
LINE
  5
C29
330
A02
100
AcDbEntity
  8
Planta
100
AcDbLine
 10
80.625000000
 20
41.500000000
 30
0.000000000
 11
80.625000000
 21
40.000000000
 31
0.000000000
  0
LINE
  5
C2A
330
A02
100
AcDbEntity
  8
Planta
100
AcDbLine
 10
82.125000000
 20
41.500000000
 30
0.000000000
 11
82.125000000
 21
40.000000000
 31
0.000000000
  0
LINE
  5
C2B
330
A02
100
AcDbEntity
  8
Planta
100
AcDbLine
 10
80.625000000
 20
41.500000000
 30
0.000000000
 11
82.125000000
 21
41.500000000
 31
0.000000000
  0
LINE
  5
C2C
330
A02
100
AcDbEntity
  8
Planta
100
AcDbLine
 10
80.625000000
 20
40.000000000
 30
0.000000000
 11
82.125000000
 21
40.000000000
 31
0.000000000
  0
LINE
  5
C2D
330
A02
100
AcDbEntity
  8
Planta
100
AcDbLine
 10
103.399519053
 20
77.397586012
 30
0.000000000
 11
102.100480947
 21
78.147586012
 31
0.000000000
  0
LINE
  5
C2E
330
A02
100
AcDbEntity
  8
Planta
100
AcDbLine
 10
82.399519053
 20
41.024519053
 30
0.000000000
 11
81.100480947
 21
41.774519053
 31
0.000000000
  0
LINE
  5
C2F
330
A02
100
AcDbEntity
  8
Planta
100
AcDbLine
 10
102.774519053
 20
76.315054257
 30
0.000000000
 11
100.524519053
 21
72.417939940
 31
0.000000000
  0
LINE
  5
C30
330
A02
100
AcDbEntity
  8
Planta
100
AcDbLine
 10
85.274519053
 20
46.004165125
 30
0.000000000
 11
83.024519053
 21
42.107050808
 31
0.000000000
  0
LINE
  5
C31
330
A02
100
AcDbEntity
  8
Planta
100
AcDbLine
 10
103.399519053
 20
77.397586012
 30
0.000000000
 11
82.399519053
 21
41.024519053
 31
0.000000000
  0
LINE
  5
C32
330
A02
100
AcDbEntity
  8
Planta
100
AcDbLine
 10
101.475480947
 20
77.065054257
 30
0.000000000
 11
99.225480947
 21
73.167939940
 31
0.000000000
  0
LINE
  5
C33
330
A02
100
AcDbEntity
  8
Planta
100
AcDbLine
 10
83.975480947
 20
46.754165125
 30
0.000000000
 11
81.725480947
 21
42.857050808
 31
0.000000000
  0
LINE
  5
C34
330
A02
100
AcDbEntity
  8
Planta
100
AcDbLine
 10
102.100480947
 20
78.147586012
 30
0.000000000
 11
81.100480947
 21
41.774519053
 31
0.000000000
  0
LINE
  5
C35
330
A02
100
AcDbEntity
  8
Planta
100
AcDbLine
 10
103.399519053
 20
77.397586012
 30
0.000000000
 11
102.100480947
 21
78.147586012
 31
0.000000000
  0
LINE
  5
C36
330
A02
100
AcDbEntity
  8
Planta
100
AcDbLine
 10
103.399519053
 20
77.397586012
 30
0.000000000
 11
102.100480947
 21
78.147586012
 31
0.000000000
  0
LINE
  5
C37
330
A02
100
AcDbEntity
  8
Planta
100
AcDbLine
 10
82.399519053
 20
41.024519053
 30
0.000000000
 11
81.100480947
 21
41.774519053
 31
0.000000000
  0
LINE
  5
C38
330
A02
100
AcDbEntity
  8
Planta
100
AcDbLine
 10
82.399519053
 20
41.024519053
 30
0.000000000
 11
81.100480947
 21
41.774519053
 31
0.000000000
  0
LINE
  5
C39
330
A02
100
AcDbEntity
  8
Planta
100
AcDbLine
 10
103.399519053
 20
77.397586012
 30
0.000000000
 11
82.399519053
 21
41.024519053
 31
0.000000000
  0
LINE
  5
C3A
330
A02
100
AcDbEntity
  8
Planta
100
AcDbLine
 10
103.399519053
 20
77.397586012
 30
0.000000000
 11
82.399519053
 21
41.024519053
 31
0.000000000
  0
LINE
  5
C3B
330
A02
100
AcDbEntity
  8
Planta
100
AcDbLine
 10
102.100480947
 20
78.147586012
 30
0.000000000
 11
81.100480947
 21
41.774519053
 31
0.000000000
  0
LINE
  5
C3C
330
A02
100
AcDbEntity
  8
Planta
100
AcDbLine
 10
102.100480947
 20
78.147586012
 30
0.000000000
 11
81.100480947
 21
41.774519053
 31
0.000000000
  0
LWPOLYLINE
  5
C3D
330
A02
100
AcDbEntity
100
AcDbPolyline
  8
Planta
 90
2
 70
0
 43
0
 10
100.307179677
 20
75.141497099
 10
99.369679677
 20
73.517699466
  0
LWPOLYLINE
  5
C3E
330
A02
100
AcDbEntity
100
AcDbPolyline
  8
Planta
 90
2
 70
0
 43
0
 10
101.244679677
 20
76.765294731
 10
100.307179677
 20
75.141497099
  0
LWPOLYLINE
  5
C3F
330
A02
100
AcDbEntity
100
AcDbPolyline
  8
Planta
 90
2
 70
0
 43
0
 10
101.692820323
 20
74.341497099
 10
100.755320323
 20
72.717699466
  0
LWPOLYLINE
  5
C40
330
A02
100
AcDbEntity
100
AcDbPolyline
  8
Planta
 90
2
 70
0
 43
0
 10
102.630320323
 20
75.965294731
 10
101.692820323
 20
74.341497099
  0
LINE
  5
C41
330
A02
100
AcDbEntity
  8
Planta
100
AcDbLine
 10
102.354422863
 20
75.287426313
 30
0.000000000
 11
100.795577137
 21
76.187426313
 31
0.000000000
  0
LINE
  5
C42
330
A02
100
AcDbEntity
  8
Planta
100
AcDbLine
 10
102.267820323
 20
75.337426313
 30
0.000000000
 11
100.882179677
 21
76.137426313
 31
0.000000000
  0
LINE
  5
C43
330
A02
100
AcDbEntity
  8
Planta
100
AcDbLine
 10
101.204422863
 20
73.295567884
 30
0.000000000
 11
99.645577137
 21
74.195567884
 31
0.000000000
  0
LINE
  5
C44
330
A02
100
AcDbEntity
  8
Planta
100
AcDbLine
 10
101.117820323
 20
73.345567884
 30
0.000000000
 11
99.732179677
 21
74.145567884
 31
0.000000000
  0
LINE
  5
C45
330
A02
100
AcDbEntity
  8
Planta
100
AcDbLine
 10
102.354422863
 20
75.287426313
 30
0.000000000
 11
101.204422863
 21
73.295567884
 31
0.000000000
  0
LINE
  5
C46
330
A02
100
AcDbEntity
  8
Planta
100
AcDbLine
 10
100.795577137
 20
76.187426313
 30
0.000000000
 11
99.645577137
 21
74.195567884
 31
0.000000000
  0
LINE
  5
C47
330
A02
100
AcDbEntity
  8
Planta
100
AcDbLine
 10
103.640544457
 20
75.815054257
 30
0.000000000
 11
100.609455543
 21
77.565054257
 31
0.000000000
  0
LINE
  5
C48
330
A02
100
AcDbEntity
  8
Planta
100
AcDbLine
 10
101.390544457
 20
71.917939940
 30
0.000000000
 11
98.359455543
 21
73.667939940
 31
0.000000000
  0
LINE
  5
C49
330
A02
100
AcDbEntity
  8
Planta
100
AcDbLine
 10
103.640544457
 20
75.815054257
 30
0.000000000
 11
101.390544457
 21
71.917939940
 31
0.000000000
  0
LINE
  5
C4A
330
A02
100
AcDbEntity
  8
Planta
100
AcDbLine
 10
100.609455543
 20
77.565054257
 30
0.000000000
 11
98.359455543
 21
73.667939940
 31
0.000000000
  0
LWPOLYLINE
  5
C4B
330
A02
100
AcDbEntity
100
AcDbPolyline
  8
Planta
 90
2
 70
0
 43
0
 10
82.807179677
 20
44.830607966
 10
81.869679677
 20
43.206810334
  0
LWPOLYLINE
  5
C4C
330
A02
100
AcDbEntity
100
AcDbPolyline
  8
Planta
 90
2
 70
0
 43
0
 10
83.744679677
 20
46.454405598
 10
82.807179677
 20
44.830607966
  0
LWPOLYLINE
  5
C4D
330
A02
100
AcDbEntity
100
AcDbPolyline
  8
Planta
 90
2
 70
0
 43
0
 10
84.192820323
 20
44.030607966
 10
83.255320323
 20
42.406810334
  0
LWPOLYLINE
  5
C4E
330
A02
100
AcDbEntity
100
AcDbPolyline
  8
Planta
 90
2
 70
0
 43
0
 10
85.130320323
 20
45.654405598
 10
84.192820323
 20
44.030607966
  0
LINE
  5
C4F
330
A02
100
AcDbEntity
  8
Planta
100
AcDbLine
 10
84.854422863
 20
44.976537180
 30
0.000000000
 11
83.295577137
 21
45.876537180
 31
0.000000000
  0
LINE
  5
C50
330
A02
100
AcDbEntity
  8
Planta
100
AcDbLine
 10
84.767820323
 20
45.026537180
 30
0.000000000
 11
83.382179677
 21
45.826537180
 31
0.000000000
  0
LINE
  5
C51
330
A02
100
AcDbEntity
  8
Planta
100
AcDbLine
 10
83.704422863
 20
42.984678752
 30
0.000000000
 11
82.145577137
 21
43.884678752
 31
0.000000000
  0
LINE
  5
C52
330
A02
100
AcDbEntity
  8
Planta
100
AcDbLine
 10
83.617820323
 20
43.034678752
 30
0.000000000
 11
82.232179677
 21
43.834678752
 31
0.000000000
  0
LINE
  5
C53
330
A02
100
AcDbEntity
  8
Planta
100
AcDbLine
 10
84.854422863
 20
44.976537180
 30
0.000000000
 11
83.704422863
 21
42.984678752
 31
0.000000000
  0
LINE
  5
C54
330
A02
100
AcDbEntity
  8
Planta
100
AcDbLine
 10
83.295577137
 20
45.876537180
 30
0.000000000
 11
82.145577137
 21
43.884678752
 31
0.000000000
  0
LINE
  5
C55
330
A02
100
AcDbEntity
  8
Planta
100
AcDbLine
 10
86.140544457
 20
45.504165125
 30
0.000000000
 11
83.109455543
 21
47.254165125
 31
0.000000000
  0
LINE
  5
C56
330
A02
100
AcDbEntity
  8
Planta
100
AcDbLine
 10
83.890544457
 20
41.607050808
 30
0.000000000
 11
80.859455543
 21
43.357050808
 31
0.000000000
  0
LINE
  5
C57
330
A02
100
AcDbEntity
  8
Planta
100
AcDbLine
 10
86.140544457
 20
45.504165125
 30
0.000000000
 11
83.890544457
 21
41.607050808
 31
0.000000000
  0
LINE
  5
C58
330
A02
100
AcDbEntity
  8
Planta
100
AcDbLine
 10
83.109455543
 20
47.254165125
 30
0.000000000
 11
80.859455543
 21
43.357050808
 31
0.000000000
  0
LINE
  5
C59
330
A02
100
AcDbEntity
  8
Lateral
100
AcDbLine
 10
137.000000000
 20
155.000000000
 30
0.000000000
 11
137.000000000
 21
235.000000000
 31
0.000000000
  0
LINE
  5
C5A
330
A02
100
AcDbEntity
  8
Lateral
100
AcDbLine
 10
137.000000000
 20
235.000000000
 30
0.000000000
 11
137.649519053
 21
235.000000000
 31
0.000000000
  0
LINE
  5
C5B
330
A02
100
AcDbEntity
  8
Lateral
100
AcDbLine
 10
137.000000000
 20
155.000000000
 30
0.000000000
 11
137.649519053
 21
155.000000000
 31
0.000000000
  0
LWPOLYLINE
  5
C5C
330
A02
100
AcDbEntity
100
AcDbPolyline
  8
Lateral
 90
2
 70
0
 43
0
 10
138.550000000
 20
153.500000000
 10
138.550000000
 20
150.000000000
  0
LWPOLYLINE
  5
C5D
330
A02
100
AcDbEntity
100
AcDbPolyline
  8
Lateral
 90
2
 70
0
 43
0
 10
136.950000000
 20
153.500000000
 10
136.950000000
 20
150.000000000
  0
LINE
  5
C5E
330
A02
100
AcDbEntity
  8
Lateral
100
AcDbLine
 10
136.850000000
 20
153.500000000
 30
0.000000000
 11
136.850000000
 21
154.800000000
 31
0.000000000
  0
LINE
  5
C5F
330
A02
100
AcDbEntity
  8
Lateral
100
AcDbLine
 10
138.650000000
 20
153.500000000
 30
0.000000000
 11
138.650000000
 21
154.800000000
 31
0.000000000
  0
LINE
  5
C60
330
A02
100
AcDbEntity
  8
Lateral
100
AcDbLine
 10
136.850000000
 20
153.500000000
 30
0.000000000
 11
138.650000000
 21
153.500000000
 31
0.000000000
  0
LINE
  5
C61
330
A02
100
AcDbEntity
  8
Lateral
100
AcDbLine
 10
136.000000000
 20
154.800000000
 30
0.000000000
 11
136.000000000
 21
155.000000000
 31
0.000000000
  0
LINE
  5
C62
330
A02
100
AcDbEntity
  8
Lateral
100
AcDbLine
 10
136.000000000
 20
155.000000000
 30
0.000000000
 11
137.000000000
 21
155.000000000
 31
0.000000000
  0
LINE
  5
C63
330
A02
100
AcDbEntity
  8
Lateral
100
AcDbLine
 10
136.000000000
 20
154.800000000
 30
0.000000000
 11
139.256569860
 21
154.800000000
 31
0.000000000
  0
LINE
  5
C64
330
A02
100
AcDbEntity
  8
Lateral
100
AcDbLine
 10
137.649519053
 20
155.000000000
 30
0.000000000
 11
137.649519053
 21
235.000000000
 31
0.000000000
  0
LINE
  5
C65
330
A02
100
AcDbEntity
  8
Lateral
100
AcDbLine
 10
137.649519053
 20
235.000000000
 30
0.000000000
 11
138.674038106
 21
235.000000000
 31
0.000000000
  0
LINE
  5
C66
330
A02
100
AcDbEntity
  8
Lateral
100
AcDbLine
 10
139.149519053
 20
156.500000000
 30
0.000000000
 11
139.149519053
 21
233.500000000
 31
0.000000000
  0
LINE
  5
C67
330
A02
100
AcDbEntity
  8
Lateral
100
AcDbLine
 10
137.649519053
 20
155.000000000
 30
0.000000000
 11
138.674038106
 21
155.000000000
 31
0.000000000
  0
LINE
  5
C68
330
A02
100
AcDbEntity
  8
Lateral
100
AcDbLine
 10
175.321624117
 20
155.000000000
 30
0.000000000
 11
175.321624117
 21
235.000000000
 31
0.000000000
  0
LINE
  5
C69
330
A02
100
AcDbEntity
  8
Lateral
100
AcDbLine
 10
175.321624117
 20
235.000000000
 30
0.000000000
 11
176.821624117
 21
235.000000000
 31
0.000000000
  0
LINE
  5
C6A
330
A02
100
AcDbEntity
  8
Lateral
100
AcDbLine
 10
176.821624117
 20
155.000000000
 30
0.000000000
 11
176.821624117
 21
235.000000000
 31
0.000000000
  0
LINE
  5
C6B
330
A02
100
AcDbEntity
  8
Lateral
100
AcDbLine
 10
175.321624117
 20
155.000000000
 30
0.000000000
 11
176.821624117
 21
155.000000000
 31
0.000000000
  0
LINE
  5
C6C
330
A02
100
AcDbEntity
  8
Lateral
100
AcDbLine
 10
138.674038106
 20
155.000000000
 30
0.000000000
 11
138.674038106
 21
156.500000000
 31
0.000000000
  0
LINE
  5
C6D
330
A02
100
AcDbEntity
  8
Lateral
100
AcDbLine
 10
175.047105065
 20
155.000000000
 30
0.000000000
 11
175.047105065
 21
156.500000000
 31
0.000000000
  0
LINE
  5
C6E
330
A02
100
AcDbEntity
  8
Lateral
100
AcDbLine
 10
175.047105065
 20
156.500000000
 30
0.000000000
 11
175.321624117
 21
156.500000000
 31
0.000000000
  0
LINE
  5
C6F
330
A02
100
AcDbEntity
  8
Lateral
100
AcDbLine
 10
175.047105065
 20
155.000000000
 30
0.000000000
 11
175.321624117
 21
155.000000000
 31
0.000000000
  0
LINE
  5
C70
330
A02
100
AcDbEntity
  8
Lateral
100
AcDbLine
 10
138.674038106
 20
155.000000000
 30
0.000000000
 11
139.256569860
 21
155.000000000
 31
0.000000000
  0
LINE
  5
C71
330
A02
100
AcDbEntity
  8
Lateral
100
AcDbLine
 10
143.153684177
 20
155.000000000
 30
0.000000000
 11
169.567458993
 21
155.000000000
 31
0.000000000
  0
LINE
  5
C72
330
A02
100
AcDbEntity
  8
Lateral
100
AcDbLine
 10
173.464573310
 20
155.000000000
 30
0.000000000
 11
175.047105065
 21
155.000000000
 31
0.000000000
  0
LINE
  5
C73
330
A02
100
AcDbEntity
  8
Lateral
100
AcDbLine
 10
138.674038106
 20
156.500000000
 30
0.000000000
 11
175.047105065
 21
156.500000000
 31
0.000000000
  0
LINE
  5
C74
330
A02
100
AcDbEntity
  8
Lateral
100
AcDbLine
 10
138.674038106
 20
233.500000000
 30
0.000000000
 11
138.674038106
 21
235.000000000
 31
0.000000000
  0
LINE
  5
C75
330
A02
100
AcDbEntity
  8
Lateral
100
AcDbLine
 10
175.047105065
 20
233.500000000
 30
0.000000000
 11
175.047105065
 21
235.000000000
 31
0.000000000
  0
LINE
  5
C76
330
A02
100
AcDbEntity
  8
Lateral
100
AcDbLine
 10
175.047105065
 20
235.000000000
 30
0.000000000
 11
175.321624117
 21
235.000000000
 31
0.000000000
  0
LINE
  5
C77
330
A02
100
AcDbEntity
  8
Lateral
100
AcDbLine
 10
175.047105065
 20
233.500000000
 30
0.000000000
 11
175.321624117
 21
233.500000000
 31
0.000000000
  0
LINE
  5
C78
330
A02
100
AcDbEntity
  8
Lateral
100
AcDbLine
 10
138.674038106
 20
233.500000000
 30
0.000000000
 11
175.047105065
 21
233.500000000
 31
0.000000000
  0
LINE
  5
C79
330
A02
100
AcDbEntity
  8
Lateral
100
AcDbLine
 10
138.674038106
 20
235.000000000
 30
0.000000000
 11
175.047105065
 21
235.000000000
 31
0.000000000
  0
LWPOLYLINE
  5
C7A
330
A02
100
AcDbEntity
100
AcDbPolyline
  8
Lateral
 90
2
 70
0
 43
0
 10
143.290219606
 20
153.500000000
 10
142.480127019
 20
150.000000000
  0
LWPOLYLINE
  5
C7B
330
A02
100
AcDbEntity
100
AcDbPolyline
  8
Lateral
 90
2
 70
0
 43
0
 10
142.490219606
 20
153.500000000
 10
141.680127019
 20
150.000000000
  0
LWPOLYLINE
  5
C7C
330
A02
100
AcDbEntity
100
AcDbPolyline
  8
Lateral
 90
2
 70
0
 43
0
 10
141.680127019
 20
150.000000000
 10
140.870034432
 20
153.500000000
  0
LINE
  5
C7D
330
A02
100
AcDbEntity
  8
Lateral
100
AcDbLine
 10
140.634197805
 20
153.500000000
 30
0.000000000
 11
140.634197805
 21
154.800000000
 31
0.000000000
  0
LINE
  5
C7E
330
A02
100
AcDbEntity
  8
Lateral
100
AcDbLine
 10
142.626056233
 20
153.500000000
 30
0.000000000
 11
142.626056233
 21
154.800000000
 31
0.000000000
  0
LINE
  5
C7F
330
A02
100
AcDbEntity
  8
Lateral
100
AcDbLine
 10
143.526056233
 20
153.500000000
 30
0.000000000
 11
143.526056233
 21
154.800000000
 31
0.000000000
  0
LINE
  5
C80
330
A02
100
AcDbEntity
  8
Lateral
100
AcDbLine
 10
142.626056233
 20
153.500000000
 30
0.000000000
 11
143.526056233
 21
153.500000000
 31
0.000000000
  0
LINE
  5
C81
330
A02
100
AcDbEntity
  8
Lateral
100
AcDbLine
 10
140.634197805
 20
153.500000000
 30
0.000000000
 11
142.626056233
 21
153.500000000
 31
0.000000000
  0
LINE
  5
C82
330
A02
100
AcDbEntity
  8
Lateral
100
AcDbLine
 10
139.256569860
 20
154.800000000
 30
0.000000000
 11
139.256569860
 21
155.000000000
 31
0.000000000
  0
LINE
  5
C83
330
A02
100
AcDbEntity
  8
Lateral
100
AcDbLine
 10
143.153684177
 20
154.800000000
 30
0.000000000
 11
143.153684177
 21
155.000000000
 31
0.000000000
  0
LINE
  5
C84
330
A02
100
AcDbEntity
  8
Lateral
100
AcDbLine
 10
143.153684177
 20
155.000000000
 30
0.000000000
 11
144.903684177
 21
155.000000000
 31
0.000000000
  0
LINE
  5
C85
330
A02
100
AcDbEntity
  8
Lateral
100
AcDbLine
 10
144.903684177
 20
154.800000000
 30
0.000000000
 11
144.903684177
 21
155.000000000
 31
0.000000000
  0
LINE
  5
C86
330
A02
100
AcDbEntity
  8
Lateral
100
AcDbLine
 10
143.153684177
 20
154.800000000
 30
0.000000000
 11
144.903684177
 21
154.800000000
 31
0.000000000
  0
LINE
  5
C87
330
A02
100
AcDbEntity
  8
Lateral
100
AcDbLine
 10
139.256569860
 20
154.800000000
 30
0.000000000
 11
143.153684177
 21
154.800000000
 31
0.000000000
  0
LINE
  5
C88
330
A02
100
AcDbEntity
  8
Lateral
100
AcDbLine
 10
139.256569860
 20
155.000000000
 30
0.000000000
 11
143.153684177
 21
155.000000000
 31
0.000000000
  0
LWPOLYLINE
  5
C89
330
A02
100
AcDbEntity
100
AcDbPolyline
  8
Lateral
 90
2
 70
0
 43
0
 10
173.601108739
 20
153.500000000
 10
172.791016151
 20
150.000000000
  0
LWPOLYLINE
  5
C8A
330
A02
100
AcDbEntity
100
AcDbPolyline
  8
Lateral
 90
2
 70
0
 43
0
 10
172.801108739
 20
153.500000000
 10
171.991016151
 20
150.000000000
  0
LWPOLYLINE
  5
C8B
330
A02
100
AcDbEntity
100
AcDbPolyline
  8
Lateral
 90
2
 70
0
 43
0
 10
171.991016151
 20
150.000000000
 10
171.180923564
 20
153.500000000
  0
LINE
  5
C8C
330
A02
100
AcDbEntity
  8
Lateral
100
AcDbLine
 10
170.945086937
 20
153.500000000
 30
0.000000000
 11
170.945086937
 21
154.800000000
 31
0.000000000
  0
LINE
  5
C8D
330
A02
100
AcDbEntity
  8
Lateral
100
AcDbLine
 10
172.936945366
 20
153.500000000
 30
0.000000000
 11
172.936945366
 21
154.800000000
 31
0.000000000
  0
LINE
  5
C8E
330
A02
100
AcDbEntity
  8
Lateral
100
AcDbLine
 10
173.836945366
 20
153.500000000
 30
0.000000000
 11
173.836945366
 21
154.800000000
 31
0.000000000
  0
LINE
  5
C8F
330
A02
100
AcDbEntity
  8
Lateral
100
AcDbLine
 10
172.936945366
 20
153.500000000
 30
0.000000000
 11
173.836945366
 21
153.500000000
 31
0.000000000
  0
LINE
  5
C90
330
A02
100
AcDbEntity
  8
Lateral
100
AcDbLine
 10
170.945086937
 20
153.500000000
 30
0.000000000
 11
172.936945366
 21
153.500000000
 31
0.000000000
  0
LINE
  5
C91
330
A02
100
AcDbEntity
  8
Lateral
100
AcDbLine
 10
169.567458993
 20
154.800000000
 30
0.000000000
 11
169.567458993
 21
155.000000000
 31
0.000000000
  0
LINE
  5
C92
330
A02
100
AcDbEntity
  8
Lateral
100
AcDbLine
 10
173.464573310
 20
154.800000000
 30
0.000000000
 11
173.464573310
 21
155.000000000
 31
0.000000000
  0
LINE
  5
C93
330
A02
100
AcDbEntity
  8
Lateral
100
AcDbLine
 10
175.214573310
 20
154.800000000
 30
0.000000000
 11
175.214573310
 21
155.000000000
 31
0.000000000
  0
LINE
  5
C94
330
A02
100
AcDbEntity
  8
Lateral
100
AcDbLine
 10
173.464573310
 20
154.800000000
 30
0.000000000
 11
175.214573310
 21
154.800000000
 31
0.000000000
  0
LINE
  5
C95
330
A02
100
AcDbEntity
  8
Lateral
100
AcDbLine
 10
169.567458993
 20
154.800000000
 30
0.000000000
 11
173.464573310
 21
154.800000000
 31
0.000000000
  0
LINE
  5
C96
330
A02
100
AcDbEntity
  8
Lateral
100
AcDbLine
 10
169.567458993
 20
155.000000000
 30
0.000000000
 11
173.464573310
 21
155.000000000
 31
0.000000000
  0
LINE
  5
C97
330
A02
100
AcDbEntity
  8
Lateral
100
AcDbLine
 10
176.620662223
 20
155.000000000
 30
0.000000000
 11
176.620662223
 21
235.000000000
 31
0.000000000
  0
LINE
  5
C98
330
A02
100
AcDbEntity
  8
Lateral
100
AcDbLine
 10
176.620662223
 20
235.000000000
 30
0.000000000
 11
178.120662223
 21
235.000000000
 31
0.000000000
  0
LINE
  5
C99
330
A02
100
AcDbEntity
  8
Lateral
100
AcDbLine
 10
178.120662223
 20
155.000000000
 30
0.000000000
 11
178.120662223
 21
235.000000000
 31
0.000000000
  0
LINE
  5
C9A
330
A02
100
AcDbEntity
  8
Lateral
100
AcDbLine
 10
176.620662223
 20
155.000000000
 30
0.000000000
 11
178.120662223
 21
155.000000000
 31
0.000000000
  0
LINE
  5
C9B
330
A02
100
AcDbEntity
  8
Lateral
100
AcDbLine
 10
214.292767288
 20
156.500000000
 30
0.000000000
 11
214.292767288
 21
233.500000000
 31
0.000000000
  0
LINE
  5
C9C
330
A02
100
AcDbEntity
  8
Lateral
100
AcDbLine
 10
214.768248235
 20
235.000000000
 30
0.000000000
 11
215.792767288
 21
235.000000000
 31
0.000000000
  0
LINE
  5
C9D
330
A02
100
AcDbEntity
  8
Lateral
100
AcDbLine
 10
215.792767288
 20
155.000000000
 30
0.000000000
 11
215.792767288
 21
235.000000000
 31
0.000000000
  0
LINE
  5
C9E
330
A02
100
AcDbEntity
  8
Lateral
100
AcDbLine
 10
214.768248235
 20
155.000000000
 30
0.000000000
 11
215.792767288
 21
155.000000000
 31
0.000000000
  0
LINE
  5
C9F
330
A02
100
AcDbEntity
  8
Lateral
100
AcDbLine
 10
178.395181276
 20
155.000000000
 30
0.000000000
 11
178.395181276
 21
156.500000000
 31
0.000000000
  0
LINE
  5
CA0
330
A02
100
AcDbEntity
  8
Lateral
100
AcDbLine
 10
178.395181276
 20
156.500000000
 30
0.000000000
 11
178.120662223
 21
156.500000000
 31
0.000000000
  0
LINE
  5
CA1
330
A02
100
AcDbEntity
  8
Lateral
100
AcDbLine
 10
178.395181276
 20
155.000000000
 30
0.000000000
 11
178.120662223
 21
155.000000000
 31
0.000000000
  0
LINE
  5
CA2
330
A02
100
AcDbEntity
  8
Lateral
100
AcDbLine
 10
214.768248235
 20
155.000000000
 30
0.000000000
 11
214.768248235
 21
156.500000000
 31
0.000000000
  0
LINE
  5
CA3
330
A02
100
AcDbEntity
  8
Lateral
100
AcDbLine
 10
178.395181276
 20
155.000000000
 30
0.000000000
 11
179.977713031
 21
155.000000000
 31
0.000000000
  0
LINE
  5
CA4
330
A02
100
AcDbEntity
  8
Lateral
100
AcDbLine
 10
183.874827348
 20
155.000000000
 30
0.000000000
 11
210.288602163
 21
155.000000000
 31
0.000000000
  0
LINE
  5
CA5
330
A02
100
AcDbEntity
  8
Lateral
100
AcDbLine
 10
214.185716480
 20
155.000000000
 30
0.000000000
 11
214.768248235
 21
155.000000000
 31
0.000000000
  0
LINE
  5
CA6
330
A02
100
AcDbEntity
  8
Lateral
100
AcDbLine
 10
178.395181276
 20
156.500000000
 30
0.000000000
 11
214.768248235
 21
156.500000000
 31
0.000000000
  0
LINE
  5
CA7
330
A02
100
AcDbEntity
  8
Lateral
100
AcDbLine
 10
178.395181276
 20
233.500000000
 30
0.000000000
 11
178.395181276
 21
235.000000000
 31
0.000000000
  0
LINE
  5
CA8
330
A02
100
AcDbEntity
  8
Lateral
100
AcDbLine
 10
178.395181276
 20
235.000000000
 30
0.000000000
 11
178.120662223
 21
235.000000000
 31
0.000000000
  0
LINE
  5
CA9
330
A02
100
AcDbEntity
  8
Lateral
100
AcDbLine
 10
178.395181276
 20
233.500000000
 30
0.000000000
 11
178.120662223
 21
233.500000000
 31
0.000000000
  0
LINE
  5
CAA
330
A02
100
AcDbEntity
  8
Lateral
100
AcDbLine
 10
214.768248235
 20
233.500000000
 30
0.000000000
 11
214.768248235
 21
235.000000000
 31
0.000000000
  0
LINE
  5
CAB
330
A02
100
AcDbEntity
  8
Lateral
100
AcDbLine
 10
178.395181276
 20
233.500000000
 30
0.000000000
 11
214.768248235
 21
233.500000000
 31
0.000000000
  0
LINE
  5
CAC
330
A02
100
AcDbEntity
  8
Lateral
100
AcDbLine
 10
178.395181276
 20
235.000000000
 30
0.000000000
 11
214.768248235
 21
235.000000000
 31
0.000000000
  0
LWPOLYLINE
  5
CAD
330
A02
100
AcDbEntity
100
AcDbPolyline
  8
Lateral
 90
2
 70
0
 43
0
 10
180.651270189
 20
150.000000000
 10
179.841177602
 20
153.500000000
  0
LWPOLYLINE
  5
CAE
330
A02
100
AcDbEntity
100
AcDbPolyline
  8
Lateral
 90
2
 70
0
 43
0
 10
182.261362777
 20
153.500000000
 10
181.451270189
 20
150.000000000
  0
LWPOLYLINE
  5
CAF
330
A02
100
AcDbEntity
100
AcDbPolyline
  8
Lateral
 90
2
 70
0
 43
0
 10
181.451270189
 20
150.000000000
 10
180.641177602
 20
153.500000000
  0
LINE
  5
CB0
330
A02
100
AcDbEntity
  8
Lateral
100
AcDbLine
 10
180.505340975
 20
153.500000000
 30
0.000000000
 11
180.505340975
 21
154.800000000
 31
0.000000000
  0
LINE
  5
CB1
330
A02
100
AcDbEntity
  8
Lateral
100
AcDbLine
 10
179.605340975
 20
153.500000000
 30
0.000000000
 11
179.605340975
 21
154.800000000
 31
0.000000000
  0
LINE
  5
CB2
330
A02
100
AcDbEntity
  8
Lateral
100
AcDbLine
 10
180.505340975
 20
153.500000000
 30
0.000000000
 11
179.605340975
 21
153.500000000
 31
0.000000000
  0
LINE
  5
CB3
330
A02
100
AcDbEntity
  8
Lateral
100
AcDbLine
 10
182.497199404
 20
153.500000000
 30
0.000000000
 11
182.497199404
 21
154.800000000
 31
0.000000000
  0
LINE
  5
CB4
330
A02
100
AcDbEntity
  8
Lateral
100
AcDbLine
 10
180.505340975
 20
153.500000000
 30
0.000000000
 11
182.497199404
 21
153.500000000
 31
0.000000000
  0
LINE
  5
CB5
330
A02
100
AcDbEntity
  8
Lateral
100
AcDbLine
 10
179.977713031
 20
154.800000000
 30
0.000000000
 11
179.977713031
 21
155.000000000
 31
0.000000000
  0
LINE
  5
CB6
330
A02
100
AcDbEntity
  8
Lateral
100
AcDbLine
 10
178.227713031
 20
154.800000000
 30
0.000000000
 11
178.227713031
 21
155.000000000
 31
0.000000000
  0
LINE
  5
CB7
330
A02
100
AcDbEntity
  8
Lateral
100
AcDbLine
 10
179.977713031
 20
154.800000000
 30
0.000000000
 11
178.227713031
 21
154.800000000
 31
0.000000000
  0
LINE
  5
CB8
330
A02
100
AcDbEntity
  8
Lateral
100
AcDbLine
 10
183.874827348
 20
154.800000000
 30
0.000000000
 11
183.874827348
 21
155.000000000
 31
0.000000000
  0
LINE
  5
CB9
330
A02
100
AcDbEntity
  8
Lateral
100
AcDbLine
 10
179.977713031
 20
154.800000000
 30
0.000000000
 11
183.874827348
 21
154.800000000
 31
0.000000000
  0
LINE
  5
CBA
330
A02
100
AcDbEntity
  8
Lateral
100
AcDbLine
 10
179.977713031
 20
155.000000000
 30
0.000000000
 11
183.874827348
 21
155.000000000
 31
0.000000000
  0
LWPOLYLINE
  5
CBB
330
A02
100
AcDbEntity
100
AcDbPolyline
  8
Lateral
 90
2
 70
0
 43
0
 10
210.962159322
 20
150.000000000
 10
210.152066734
 20
153.500000000
  0
LWPOLYLINE
  5
CBC
330
A02
100
AcDbEntity
100
AcDbPolyline
  8
Lateral
 90
2
 70
0
 43
0
 10
212.572251909
 20
153.500000000
 10
211.762159322
 20
150.000000000
  0
LWPOLYLINE
  5
CBD
330
A02
100
AcDbEntity
100
AcDbPolyline
  8
Lateral
 90
2
 70
0
 43
0
 10
211.762159322
 20
150.000000000
 10
210.952066734
 20
153.500000000
  0
LINE
  5
CBE
330
A02
100
AcDbEntity
  8
Lateral
100
AcDbLine
 10
210.816230107
 20
153.500000000
 30
0.000000000
 11
210.816230107
 21
154.800000000
 31
0.000000000
  0
LINE
  5
CBF
330
A02
100
AcDbEntity
  8
Lateral
100
AcDbLine
 10
209.916230107
 20
153.500000000
 30
0.000000000
 11
209.916230107
 21
154.800000000
 31
0.000000000
  0
LINE
  5
CC0
330
A02
100
AcDbEntity
  8
Lateral
100
AcDbLine
 10
210.816230107
 20
153.500000000
 30
0.000000000
 11
209.916230107
 21
153.500000000
 31
0.000000000
  0
LINE
  5
CC1
330
A02
100
AcDbEntity
  8
Lateral
100
AcDbLine
 10
212.808088536
 20
153.500000000
 30
0.000000000
 11
212.808088536
 21
154.800000000
 31
0.000000000
  0
LINE
  5
CC2
330
A02
100
AcDbEntity
  8
Lateral
100
AcDbLine
 10
210.816230107
 20
153.500000000
 30
0.000000000
 11
212.808088536
 21
153.500000000
 31
0.000000000
  0
LINE
  5
CC3
330
A02
100
AcDbEntity
  8
Lateral
100
AcDbLine
 10
210.288602163
 20
154.800000000
 30
0.000000000
 11
210.288602163
 21
155.000000000
 31
0.000000000
  0
LINE
  5
CC4
330
A02
100
AcDbEntity
  8
Lateral
100
AcDbLine
 10
210.288602163
 20
155.000000000
 30
0.000000000
 11
208.538602163
 21
155.000000000
 31
0.000000000
  0
LINE
  5
CC5
330
A02
100
AcDbEntity
  8
Lateral
100
AcDbLine
 10
208.538602163
 20
154.800000000
 30
0.000000000
 11
208.538602163
 21
155.000000000
 31
0.000000000
  0
LINE
  5
CC6
330
A02
100
AcDbEntity
  8
Lateral
100
AcDbLine
 10
210.288602163
 20
154.800000000
 30
0.000000000
 11
208.538602163
 21
154.800000000
 31
0.000000000
  0
LINE
  5
CC7
330
A02
100
AcDbEntity
  8
Lateral
100
AcDbLine
 10
214.185716480
 20
154.800000000
 30
0.000000000
 11
214.185716480
 21
155.000000000
 31
0.000000000
  0
LINE
  5
CC8
330
A02
100
AcDbEntity
  8
Lateral
100
AcDbLine
 10
210.288602163
 20
154.800000000
 30
0.000000000
 11
214.185716480
 21
154.800000000
 31
0.000000000
  0
LINE
  5
CC9
330
A02
100
AcDbEntity
  8
Lateral
100
AcDbLine
 10
210.288602163
 20
155.000000000
 30
0.000000000
 11
214.185716480
 21
155.000000000
 31
0.000000000
  0
LINE
  5
CCA
330
A02
100
AcDbEntity
  8
Lateral
100
AcDbLine
 10
136.950000000
 20
150.000000000
 30
0.000000000
 11
138.550000000
 21
150.000000000
 31
0.000000000
  0
LINE
  5
CCB
330
A02
100
AcDbEntity
  8
Lateral
100
AcDbLine
 10
141.680127019
 20
150.000000000
 30
0.000000000
 11
142.480127019
 21
150.000000000
 31
0.000000000
  0
LINE
  5
CCC
330
A02
100
AcDbEntity
  8
Lateral
100
AcDbLine
 10
171.991016151
 20
150.000000000
 30
0.000000000
 11
172.791016151
 21
150.000000000
 31
0.000000000
  0
LINE
  5
CCD
330
A02
100
AcDbEntity
  8
Lateral
100
AcDbLine
 10
181.451270189
 20
150.000000000
 30
0.000000000
 11
180.651270189
 21
150.000000000
 31
0.000000000
  0
LINE
  5
CCE
330
A02
100
AcDbEntity
  8
Lateral
100
AcDbLine
 10
211.762159322
 20
150.000000000
 30
0.000000000
 11
210.962159322
 21
150.000000000
 31
0.000000000
  0
LINE
  5
CCF
330
A02
100
AcDbEntity
  8
Lateral
100
AcDbLine
 10
137.000000000
 20
155.000000000
 30
0.000000000
 11
137.000000000
 21
235.000000000
 31
0.000000000
  0
LINE
  5
CD0
330
A02
100
AcDbEntity
  8
Lateral
100
AcDbLine
 10
137.000000000
 20
235.000000000
 30
0.000000000
 11
138.500000000
 21
235.000000000
 31
0.000000000
  0
LINE
  5
CD1
330
A02
100
AcDbEntity
  8
Lateral
100
AcDbLine
 10
138.500000000
 20
155.000000000
 30
0.000000000
 11
138.500000000
 21
235.000000000
 31
0.000000000
  0
LINE
  5
CD2
330
A02
100
AcDbEntity
  8
Lateral
100
AcDbLine
 10
137.000000000
 20
155.000000000
 30
0.000000000
 11
138.500000000
 21
155.000000000
 31
0.000000000
  0
LINE
  5
CD3
330
A02
100
AcDbEntity
  8
Lateral
100
AcDbLine
 10
137.000000000
 20
155.000000000
 30
0.000000000
 11
137.000000000
 21
235.000000000
 31
0.000000000
  0
LINE
  5
CD4
330
A02
100
AcDbEntity
  8
Lateral
100
AcDbLine
 10
137.000000000
 20
235.000000000
 30
0.000000000
 11
138.500000000
 21
235.000000000
 31
0.000000000
  0
LINE
  5
CD5
330
A02
100
AcDbEntity
  8
Lateral
100
AcDbLine
 10
138.500000000
 20
155.000000000
 30
0.000000000
 11
138.500000000
 21
235.000000000
 31
0.000000000
  0
LINE
  5
CD6
330
A02
100
AcDbEntity
  8
Lateral
100
AcDbLine
 10
137.000000000
 20
155.000000000
 30
0.000000000
 11
138.500000000
 21
155.000000000
 31
0.000000000
  0
LINE
  5
CD7
330
A02
100
AcDbEntity
  8
Lateral
100
AcDbLine
 10
137.000000000
 20
155.000000000
 30
0.000000000
 11
137.000000000
 21
235.000000000
 31
0.000000000
  0
LINE
  5
CD8
330
A02
100
AcDbEntity
  8
Lateral
100
AcDbLine
 10
137.000000000
 20
235.000000000
 30
0.000000000
 11
138.500000000
 21
235.000000000
 31
0.000000000
  0
LINE
  5
CD9
330
A02
100
AcDbEntity
  8
Lateral
100
AcDbLine
 10
138.500000000
 20
155.000000000
 30
0.000000000
 11
138.500000000
 21
235.000000000
 31
0.000000000
  0
LINE
  5
CDA
330
A02
100
AcDbEntity
  8
Lateral
100
AcDbLine
 10
137.000000000
 20
155.000000000
 30
0.000000000
 11
138.500000000
 21
155.000000000
 31
0.000000000
  0
LINE
  5
CDB
330
A02
100
AcDbEntity
  8
Lateral
100
AcDbLine
 10
137.649519053
 20
235.000000000
 30
0.000000000
 11
138.500000000
 21
235.000000000
 31
0.000000000
  0
LINE
  5
CDC
330
A02
100
AcDbEntity
  8
Lateral
100
AcDbLine
 10
138.500000000
 20
155.000000000
 30
0.000000000
 11
138.500000000
 21
235.000000000
 31
0.000000000
  0
LINE
  5
CDD
330
A02
100
AcDbEntity
  8
Lateral
100
AcDbLine
 10
137.649519053
 20
155.000000000
 30
0.000000000
 11
138.500000000
 21
155.000000000
 31
0.000000000
  0
LINE
  5
CDE
330
A02
100
AcDbEntity
  8
Lateral
100
AcDbLine
 10
137.000000000
 20
155.000000000
 30
0.000000000
 11
137.000000000
 21
156.500000000
 31
0.000000000
  0
LINE
  5
CDF
330
A02
100
AcDbEntity
  8
Lateral
100
AcDbLine
 10
137.000000000
 20
156.500000000
 30
0.000000000
 11
138.500000000
 21
156.500000000
 31
0.000000000
  0
LINE
  5
CE0
330
A02
100
AcDbEntity
  8
Lateral
100
AcDbLine
 10
138.500000000
 20
155.000000000
 30
0.000000000
 11
138.500000000
 21
156.500000000
 31
0.000000000
  0
LINE
  5
CE1
330
A02
100
AcDbEntity
  8
Lateral
100
AcDbLine
 10
137.000000000
 20
155.000000000
 30
0.000000000
 11
138.500000000
 21
155.000000000
 31
0.000000000
  0
LINE
  5
CE2
330
A02
100
AcDbEntity
  8
Lateral
100
AcDbLine
 10
137.000000000
 20
155.000000000
 30
0.000000000
 11
137.000000000
 21
156.500000000
 31
0.000000000
  0
LINE
  5
CE3
330
A02
100
AcDbEntity
  8
Lateral
100
AcDbLine
 10
137.000000000
 20
156.500000000
 30
0.000000000
 11
138.500000000
 21
156.500000000
 31
0.000000000
  0
LINE
  5
CE4
330
A02
100
AcDbEntity
  8
Lateral
100
AcDbLine
 10
138.500000000
 20
155.000000000
 30
0.000000000
 11
138.500000000
 21
156.500000000
 31
0.000000000
  0
LINE
  5
CE5
330
A02
100
AcDbEntity
  8
Lateral
100
AcDbLine
 10
137.000000000
 20
155.000000000
 30
0.000000000
 11
138.500000000
 21
155.000000000
 31
0.000000000
  0
LINE
  5
CE6
330
A02
100
AcDbEntity
  8
Lateral
100
AcDbLine
 10
137.000000000
 20
233.500000000
 30
0.000000000
 11
137.000000000
 21
235.000000000
 31
0.000000000
  0
LINE
  5
CE7
330
A02
100
AcDbEntity
  8
Lateral
100
AcDbLine
 10
137.000000000
 20
235.000000000
 30
0.000000000
 11
138.500000000
 21
235.000000000
 31
0.000000000
  0
LINE
  5
CE8
330
A02
100
AcDbEntity
  8
Lateral
100
AcDbLine
 10
138.500000000
 20
233.500000000
 30
0.000000000
 11
138.500000000
 21
235.000000000
 31
0.000000000
  0
LINE
  5
CE9
330
A02
100
AcDbEntity
  8
Lateral
100
AcDbLine
 10
137.000000000
 20
233.500000000
 30
0.000000000
 11
138.500000000
 21
233.500000000
 31
0.000000000
  0
LINE
  5
CEA
330
A02
100
AcDbEntity
  8
Lateral
100
AcDbLine
 10
137.000000000
 20
233.500000000
 30
0.000000000
 11
137.000000000
 21
235.000000000
 31
0.000000000
  0
LINE
  5
CEB
330
A02
100
AcDbEntity
  8
Lateral
100
AcDbLine
 10
137.000000000
 20
235.000000000
 30
0.000000000
 11
138.500000000
 21
235.000000000
 31
0.000000000
  0
LINE
  5
CEC
330
A02
100
AcDbEntity
  8
Lateral
100
AcDbLine
 10
138.500000000
 20
233.500000000
 30
0.000000000
 11
138.500000000
 21
235.000000000
 31
0.000000000
  0
LINE
  5
CED
330
A02
100
AcDbEntity
  8
Lateral
100
AcDbLine
 10
137.000000000
 20
233.500000000
 30
0.000000000
 11
138.500000000
 21
233.500000000
 31
0.000000000
  0
LWPOLYLINE
  5
CEE
330
A02
100
AcDbEntity
100
AcDbPolyline
  8
Lateral
 90
2
 70
0
 43
0
 10
138.550000000
 20
153.750000000
 10
138.550000000
 20
150.000000000
  0
LWPOLYLINE
  5
CEF
330
A02
100
AcDbEntity
100
AcDbPolyline
  8
Lateral
 90
2
 70
0
 43
0
 10
138.550000000
 20
150.000000000
 10
138.550000000
 20
153.750000000
  0
LINE
  5
CF0
330
A02
100
AcDbEntity
  8
Lateral
100
AcDbLine
 10
136.950000000
 20
153.750000000
 30
0.000000000
 11
138.550000000
 21
153.750000000
 31
0.000000000
  0
LWPOLYLINE
  5
CF1
330
A02
100
AcDbEntity
100
AcDbPolyline
  8
Lateral
 90
2
 70
0
 43
0
 10
136.950000000
 20
153.750000000
 10
136.950000000
 20
150.000000000
  0
LWPOLYLINE
  5
CF2
330
A02
100
AcDbEntity
100
AcDbPolyline
  8
Lateral
 90
2
 70
0
 43
0
 10
136.950000000
 20
150.000000000
 10
136.950000000
 20
153.750000000
  0
LINE
  5
CF3
330
A02
100
AcDbEntity
  8
Lateral
100
AcDbLine
 10
136.850000000
 20
153.500000000
 30
0.000000000
 11
136.850000000
 21
155.000000000
 31
0.000000000
  0
LINE
  5
CF4
330
A02
100
AcDbEntity
  8
Lateral
100
AcDbLine
 10
136.850000000
 20
155.000000000
 30
0.000000000
 11
138.650000000
 21
155.000000000
 31
0.000000000
  0
LINE
  5
CF5
330
A02
100
AcDbEntity
  8
Lateral
100
AcDbLine
 10
138.650000000
 20
153.500000000
 30
0.000000000
 11
138.650000000
 21
155.000000000
 31
0.000000000
  0
LINE
  5
CF6
330
A02
100
AcDbEntity
  8
Lateral
100
AcDbLine
 10
136.850000000
 20
153.500000000
 30
0.000000000
 11
138.650000000
 21
153.500000000
 31
0.000000000
  0
LINE
  5
CF7
330
A02
100
AcDbEntity
  8
Lateral
100
AcDbLine
 10
136.850000000
 20
153.500000000
 30
0.000000000
 11
136.850000000
 21
155.000000000
 31
0.000000000
  0
LINE
  5
CF8
330
A02
100
AcDbEntity
  8
Lateral
100
AcDbLine
 10
136.850000000
 20
155.000000000
 30
0.000000000
 11
138.650000000
 21
155.000000000
 31
0.000000000
  0
LINE
  5
CF9
330
A02
100
AcDbEntity
  8
Lateral
100
AcDbLine
 10
138.650000000
 20
153.500000000
 30
0.000000000
 11
138.650000000
 21
155.000000000
 31
0.000000000
  0
LINE
  5
CFA
330
A02
100
AcDbEntity
  8
Lateral
100
AcDbLine
 10
136.850000000
 20
153.500000000
 30
0.000000000
 11
138.650000000
 21
153.500000000
 31
0.000000000
  0
LINE
  5
CFB
330
A02
100
AcDbEntity
  8
Lateral
100
AcDbLine
 10
136.000000000
 20
154.800000000
 30
0.000000000
 11
136.000000000
 21
155.000000000
 31
0.000000000
  0
LINE
  5
CFC
330
A02
100
AcDbEntity
  8
Lateral
100
AcDbLine
 10
136.000000000
 20
155.000000000
 30
0.000000000
 11
139.500000000
 21
155.000000000
 31
0.000000000
  0
LINE
  5
CFD
330
A02
100
AcDbEntity
  8
Lateral
100
AcDbLine
 10
139.500000000
 20
154.800000000
 30
0.000000000
 11
139.500000000
 21
155.000000000
 31
0.000000000
  0
LINE
  5
CFE
330
A02
100
AcDbEntity
  8
Lateral
100
AcDbLine
 10
136.000000000
 20
154.800000000
 30
0.000000000
 11
139.500000000
 21
154.800000000
 31
0.000000000
  0
LINE
  5
CFF
330
A02
100
AcDbEntity
  8
Lateral
100
AcDbLine
 10
136.000000000
 20
154.800000000
 30
0.000000000
 11
136.000000000
 21
155.000000000
 31
0.000000000
  0
LINE
  5
D00
330
A02
100
AcDbEntity
  8
Lateral
100
AcDbLine
 10
136.000000000
 20
155.000000000
 30
0.000000000
 11
139.500000000
 21
155.000000000
 31
0.000000000
  0
LINE
  5
D01
330
A02
100
AcDbEntity
  8
Lateral
100
AcDbLine
 10
139.500000000
 20
154.800000000
 30
0.000000000
 11
139.500000000
 21
155.000000000
 31
0.000000000
  0
LINE
  5
D02
330
A02
100
AcDbEntity
  8
Lateral
100
AcDbLine
 10
136.000000000
 20
154.800000000
 30
0.000000000
 11
139.500000000
 21
154.800000000
 31
0.000000000
  0
LWPOLYLINE
  5
D03
330
A02
100
AcDbEntity
100
AcDbPolyline
  8
Lateral
 90
2
 70
0
 43
0
 10
138.550000000
 20
153.750000000
 10
138.550000000
 20
153.500000000
  0
LWPOLYLINE
  5
D04
330
A02
100
AcDbEntity
100
AcDbPolyline
  8
Lateral
 90
2
 70
0
 43
0
 10
138.550000000
 20
150.000000000
 10
138.550000000
 20
153.750000000
  0
LINE
  5
D05
330
A02
100
AcDbEntity
  8
Lateral
100
AcDbLine
 10
136.950000000
 20
153.750000000
 30
0.000000000
 11
138.550000000
 21
153.750000000
 31
0.000000000
  0
LWPOLYLINE
  5
D06
330
A02
100
AcDbEntity
100
AcDbPolyline
  8
Lateral
 90
2
 70
0
 43
0
 10
136.950000000
 20
153.750000000
 10
136.950000000
 20
153.500000000
  0
LWPOLYLINE
  5
D07
330
A02
100
AcDbEntity
100
AcDbPolyline
  8
Lateral
 90
2
 70
0
 43
0
 10
136.950000000
 20
150.000000000
 10
136.950000000
 20
153.750000000
  0
LINE
  5
D08
330
A02
100
AcDbEntity
  8
Lateral
100
AcDbLine
 10
136.850000000
 20
153.500000000
 30
0.000000000
 11
136.850000000
 21
155.000000000
 31
0.000000000
  0
LINE
  5
D09
330
A02
100
AcDbEntity
  8
Lateral
100
AcDbLine
 10
136.850000000
 20
155.000000000
 30
0.000000000
 11
138.650000000
 21
155.000000000
 31
0.000000000
  0
LINE
  5
D0A
330
A02
100
AcDbEntity
  8
Lateral
100
AcDbLine
 10
138.650000000
 20
153.500000000
 30
0.000000000
 11
138.650000000
 21
155.000000000
 31
0.000000000
  0
LINE
  5
D0B
330
A02
100
AcDbEntity
  8
Lateral
100
AcDbLine
 10
136.850000000
 20
153.500000000
 30
0.000000000
 11
138.650000000
 21
153.500000000
 31
0.000000000
  0
LINE
  5
D0C
330
A02
100
AcDbEntity
  8
Lateral
100
AcDbLine
 10
136.850000000
 20
154.800000000
 30
0.000000000
 11
136.850000000
 21
155.000000000
 31
0.000000000
  0
LINE
  5
D0D
330
A02
100
AcDbEntity
  8
Lateral
100
AcDbLine
 10
136.850000000
 20
155.000000000
 30
0.000000000
 11
138.650000000
 21
155.000000000
 31
0.000000000
  0
LINE
  5
D0E
330
A02
100
AcDbEntity
  8
Lateral
100
AcDbLine
 10
138.650000000
 20
154.800000000
 30
0.000000000
 11
138.650000000
 21
155.000000000
 31
0.000000000
  0
LINE
  5
D0F
330
A02
100
AcDbEntity
  8
Lateral
100
AcDbLine
 10
136.000000000
 20
154.800000000
 30
0.000000000
 11
136.000000000
 21
155.000000000
 31
0.000000000
  0
LINE
  5
D10
330
A02
100
AcDbEntity
  8
Lateral
100
AcDbLine
 10
136.000000000
 20
155.000000000
 30
0.000000000
 11
139.500000000
 21
155.000000000
 31
0.000000000
  0
LINE
  5
D11
330
A02
100
AcDbEntity
  8
Lateral
100
AcDbLine
 10
139.500000000
 20
154.800000000
 30
0.000000000
 11
139.500000000
 21
155.000000000
 31
0.000000000
  0
LINE
  5
D12
330
A02
100
AcDbEntity
  8
Lateral
100
AcDbLine
 10
136.000000000
 20
154.800000000
 30
0.000000000
 11
139.500000000
 21
154.800000000
 31
0.000000000
  0
LINE
  5
D13
330
A02
100
AcDbEntity
  8
Lateral
100
AcDbLine
 10
137.000000000
 20
155.000000000
 30
0.000000000
 11
139.500000000
 21
155.000000000
 31
0.000000000
  0
LINE
  5
D14
330
A02
100
AcDbEntity
  8
Lateral
100
AcDbLine
 10
139.500000000
 20
154.800000000
 30
0.000000000
 11
139.500000000
 21
155.000000000
 31
0.000000000
  0
LINE
  5
D15
330
A02
100
AcDbEntity
  8
Lateral
100
AcDbLine
 10
139.256569860
 20
154.800000000
 30
0.000000000
 11
139.500000000
 21
154.800000000
 31
0.000000000
  0
LINE
  5
D16
330
A02
100
AcDbEntity
  8
Lateral
100
AcDbLine
 10
137.649519053
 20
155.000000000
 30
0.000000000
 11
137.649519053
 21
235.000000000
 31
0.000000000
  0
LINE
  5
D17
330
A02
100
AcDbEntity
  8
Lateral
100
AcDbLine
 10
137.649519053
 20
235.000000000
 30
0.000000000
 11
139.149519053
 21
235.000000000
 31
0.000000000
  0
LINE
  5
D18
330
A02
100
AcDbEntity
  8
Lateral
100
AcDbLine
 10
139.149519053
 20
155.000000000
 30
0.000000000
 11
139.149519053
 21
235.000000000
 31
0.000000000
  0
LINE
  5
D19
330
A02
100
AcDbEntity
  8
Lateral
100
AcDbLine
 10
137.649519053
 20
155.000000000
 30
0.000000000
 11
139.149519053
 21
155.000000000
 31
0.000000000
  0
LINE
  5
D1A
330
A02
100
AcDbEntity
  8
Lateral
100
AcDbLine
 10
138.674038106
 20
235.000000000
 30
0.000000000
 11
139.149519053
 21
235.000000000
 31
0.000000000
  0
LINE
  5
D1B
330
A02
100
AcDbEntity
  8
Lateral
100
AcDbLine
 10
139.149519053
 20
155.000000000
 30
0.000000000
 11
139.149519053
 21
156.500000000
 31
0.000000000
  0
LINE
  5
D1C
330
A02
100
AcDbEntity
  8
Lateral
100
AcDbLine
 10
139.149519053
 20
233.500000000
 30
0.000000000
 11
139.149519053
 21
235.000000000
 31
0.000000000
  0
LINE
  5
D1D
330
A02
100
AcDbEntity
  8
Lateral
100
AcDbLine
 10
138.674038106
 20
155.000000000
 30
0.000000000
 11
139.149519053
 21
155.000000000
 31
0.000000000
  0
LINE
  5
D1E
330
A02
100
AcDbEntity
  8
Lateral
100
AcDbLine
 10
175.321624117
 20
155.000000000
 30
0.000000000
 11
175.321624117
 21
235.000000000
 31
0.000000000
  0
LINE
  5
D1F
330
A02
100
AcDbEntity
  8
Lateral
100
AcDbLine
 10
175.321624117
 20
235.000000000
 30
0.000000000
 11
176.821624117
 21
235.000000000
 31
0.000000000
  0
LINE
  5
D20
330
A02
100
AcDbEntity
  8
Lateral
100
AcDbLine
 10
176.821624117
 20
155.000000000
 30
0.000000000
 11
176.821624117
 21
235.000000000
 31
0.000000000
  0
LINE
  5
D21
330
A02
100
AcDbEntity
  8
Lateral
100
AcDbLine
 10
175.321624117
 20
155.000000000
 30
0.000000000
 11
176.821624117
 21
155.000000000
 31
0.000000000
  0
LINE
  5
D22
330
A02
100
AcDbEntity
  8
Lateral
100
AcDbLine
 10
138.674038106
 20
156.500000000
 30
0.000000000
 11
139.424038106
 21
156.500000000
 31
0.000000000
  0
LINE
  5
D23
330
A02
100
AcDbEntity
  8
Lateral
100
AcDbLine
 10
139.424038106
 20
155.000000000
 30
0.000000000
 11
139.424038106
 21
156.500000000
 31
0.000000000
  0
LINE
  5
D24
330
A02
100
AcDbEntity
  8
Lateral
100
AcDbLine
 10
138.674038106
 20
155.000000000
 30
0.000000000
 11
139.424038106
 21
155.000000000
 31
0.000000000
  0
LINE
  5
D25
330
A02
100
AcDbEntity
  8
Lateral
100
AcDbLine
 10
175.321624117
 20
156.500000000
 30
0.000000000
 11
175.797105065
 21
156.500000000
 31
0.000000000
  0
LINE
  5
D26
330
A02
100
AcDbEntity
  8
Lateral
100
AcDbLine
 10
175.797105065
 20
155.000000000
 30
0.000000000
 11
175.797105065
 21
156.500000000
 31
0.000000000
  0
LINE
  5
D27
330
A02
100
AcDbEntity
  8
Lateral
100
AcDbLine
 10
175.321624117
 20
155.000000000
 30
0.000000000
 11
175.797105065
 21
155.000000000
 31
0.000000000
  0
LINE
  5
D28
330
A02
100
AcDbEntity
  8
Lateral
100
AcDbLine
 10
139.256569860
 20
155.000000000
 30
0.000000000
 11
143.153684177
 21
155.000000000
 31
0.000000000
  0
LINE
  5
D29
330
A02
100
AcDbEntity
  8
Lateral
100
AcDbLine
 10
169.567458993
 20
155.000000000
 30
0.000000000
 11
173.464573310
 21
155.000000000
 31
0.000000000
  0
LINE
  5
D2A
330
A02
100
AcDbEntity
  8
Lateral
100
AcDbLine
 10
139.424038106
 20
155.000000000
 30
0.000000000
 11
175.797105065
 21
155.000000000
 31
0.000000000
  0
LINE
  5
D2B
330
A02
100
AcDbEntity
  8
Lateral
100
AcDbLine
 10
139.424038106
 20
156.500000000
 30
0.000000000
 11
175.797105065
 21
156.500000000
 31
0.000000000
  0
LINE
  5
D2C
330
A02
100
AcDbEntity
  8
Lateral
100
AcDbLine
 10
138.674038106
 20
235.000000000
 30
0.000000000
 11
139.424038106
 21
235.000000000
 31
0.000000000
  0
LINE
  5
D2D
330
A02
100
AcDbEntity
  8
Lateral
100
AcDbLine
 10
139.424038106
 20
233.500000000
 30
0.000000000
 11
139.424038106
 21
235.000000000
 31
0.000000000
  0
LINE
  5
D2E
330
A02
100
AcDbEntity
  8
Lateral
100
AcDbLine
 10
138.674038106
 20
233.500000000
 30
0.000000000
 11
139.424038106
 21
233.500000000
 31
0.000000000
  0
LINE
  5
D2F
330
A02
100
AcDbEntity
  8
Lateral
100
AcDbLine
 10
175.321624117
 20
235.000000000
 30
0.000000000
 11
175.797105065
 21
235.000000000
 31
0.000000000
  0
LINE
  5
D30
330
A02
100
AcDbEntity
  8
Lateral
100
AcDbLine
 10
175.797105065
 20
233.500000000
 30
0.000000000
 11
175.797105065
 21
235.000000000
 31
0.000000000
  0
LINE
  5
D31
330
A02
100
AcDbEntity
  8
Lateral
100
AcDbLine
 10
175.321624117
 20
233.500000000
 30
0.000000000
 11
175.797105065
 21
233.500000000
 31
0.000000000
  0
LINE
  5
D32
330
A02
100
AcDbEntity
  8
Lateral
100
AcDbLine
 10
139.424038106
 20
233.500000000
 30
0.000000000
 11
175.797105065
 21
233.500000000
 31
0.000000000
  0
LINE
  5
D33
330
A02
100
AcDbEntity
  8
Lateral
100
AcDbLine
 10
139.424038106
 20
235.000000000
 30
0.000000000
 11
175.797105065
 21
235.000000000
 31
0.000000000
  0
LWPOLYLINE
  5
D34
330
A02
100
AcDbEntity
100
AcDbPolyline
  8
Lateral
 90
2
 70
0
 43
0
 10
142.480127019
 20
153.750000000
 10
143.290219606
 20
153.500000000
  0
LWPOLYLINE
  5
D35
330
A02
100
AcDbEntity
100
AcDbPolyline
  8
Lateral
 90
3
 70
0
 43
0
 10
142.480127019
 20
150.000000000
 10
141.987605243
 20
153.661669546
 10
142.480127019
 20
153.750000000
  0
LINE
  5
D36
330
A02
100
AcDbEntity
  8
Lateral
100
AcDbLine
 10
141.680127019
 20
153.750000000
 30
0.000000000
 11
142.480127019
 21
153.750000000
 31
0.000000000
  0
LWPOLYLINE
  5
D37
330
A02
100
AcDbEntity
100
AcDbPolyline
  8
Lateral
 90
2
 70
0
 43
0
 10
141.680127019
 20
153.750000000
 10
142.490219606
 20
153.500000000
  0
LWPOLYLINE
  5
D38
330
A02
100
AcDbEntity
100
AcDbPolyline
  8
Lateral
 90
2
 70
0
 43
0
 10
140.870034432
 20
153.500000000
 10
141.680127019
 20
153.750000000
  0
LINE
  5
D39
330
A02
100
AcDbEntity
  8
Lateral
100
AcDbLine
 10
140.634197805
 20
154.800000000
 30
0.000000000
 11
140.634197805
 21
155.000000000
 31
0.000000000
  0
LINE
  5
D3A
330
A02
100
AcDbEntity
  8
Lateral
100
AcDbLine
 10
140.634197805
 20
155.000000000
 30
0.000000000
 11
141.534197805
 21
155.000000000
 31
0.000000000
  0
LINE
  5
D3B
330
A02
100
AcDbEntity
  8
Lateral
100
AcDbLine
 10
141.534197805
 20
153.500000000
 30
0.000000000
 11
141.534197805
 21
155.000000000
 31
0.000000000
  0
LINE
  5
D3C
330
A02
100
AcDbEntity
  8
Lateral
100
AcDbLine
 10
140.634197805
 20
153.500000000
 30
0.000000000
 11
141.534197805
 21
153.500000000
 31
0.000000000
  0
LINE
  5
D3D
330
A02
100
AcDbEntity
  8
Lateral
100
AcDbLine
 10
142.626056233
 20
154.800000000
 30
0.000000000
 11
142.626056233
 21
155.000000000
 31
0.000000000
  0
LINE
  5
D3E
330
A02
100
AcDbEntity
  8
Lateral
100
AcDbLine
 10
142.626056233
 20
155.000000000
 30
0.000000000
 11
143.526056233
 21
155.000000000
 31
0.000000000
  0
LINE
  5
D3F
330
A02
100
AcDbEntity
  8
Lateral
100
AcDbLine
 10
143.526056233
 20
154.800000000
 30
0.000000000
 11
143.526056233
 21
155.000000000
 31
0.000000000
  0
LINE
  5
D40
330
A02
100
AcDbEntity
  8
Lateral
100
AcDbLine
 10
140.634197805
 20
155.000000000
 30
0.000000000
 11
142.626056233
 21
155.000000000
 31
0.000000000
  0
LINE
  5
D41
330
A02
100
AcDbEntity
  8
Lateral
100
AcDbLine
 10
141.534197805
 20
153.500000000
 30
0.000000000
 11
143.526056233
 21
153.500000000
 31
0.000000000
  0
LINE
  5
D42
330
A02
100
AcDbEntity
  8
Lateral
100
AcDbLine
 10
141.534197805
 20
155.000000000
 30
0.000000000
 11
143.526056233
 21
155.000000000
 31
0.000000000
  0
LINE
  5
D43
330
A02
100
AcDbEntity
  8
Lateral
100
AcDbLine
 10
139.256569860
 20
155.000000000
 30
0.000000000
 11
141.006569860
 21
155.000000000
 31
0.000000000
  0
LINE
  5
D44
330
A02
100
AcDbEntity
  8
Lateral
100
AcDbLine
 10
141.006569860
 20
154.800000000
 30
0.000000000
 11
141.006569860
 21
155.000000000
 31
0.000000000
  0
LINE
  5
D45
330
A02
100
AcDbEntity
  8
Lateral
100
AcDbLine
 10
139.256569860
 20
154.800000000
 30
0.000000000
 11
141.006569860
 21
154.800000000
 31
0.000000000
  0
LINE
  5
D46
330
A02
100
AcDbEntity
  8
Lateral
100
AcDbLine
 10
141.006569860
 20
154.800000000
 30
0.000000000
 11
144.903684177
 21
154.800000000
 31
0.000000000
  0
LINE
  5
D47
330
A02
100
AcDbEntity
  8
Lateral
100
AcDbLine
 10
141.006569860
 20
155.000000000
 30
0.000000000
 11
144.903684177
 21
155.000000000
 31
0.000000000
  0
LWPOLYLINE
  5
D48
330
A02
100
AcDbEntity
100
AcDbPolyline
  8
Lateral
 90
2
 70
0
 43
0
 10
172.791016151
 20
153.750000000
 10
173.601108739
 20
153.500000000
  0
LWPOLYLINE
  5
D49
330
A02
100
AcDbEntity
100
AcDbPolyline
  8
Lateral
 90
3
 70
0
 43
0
 10
172.791016151
 20
150.000000000
 10
172.298494375
 20
153.661669546
 10
172.791016151
 20
153.750000000
  0
LINE
  5
D4A
330
A02
100
AcDbEntity
  8
Lateral
100
AcDbLine
 10
171.991016151
 20
153.750000000
 30
0.000000000
 11
172.791016151
 21
153.750000000
 31
0.000000000
  0
LWPOLYLINE
  5
D4B
330
A02
100
AcDbEntity
100
AcDbPolyline
  8
Lateral
 90
2
 70
0
 43
0
 10
171.991016151
 20
153.750000000
 10
172.801108739
 20
153.500000000
  0
LWPOLYLINE
  5
D4C
330
A02
100
AcDbEntity
100
AcDbPolyline
  8
Lateral
 90
2
 70
0
 43
0
 10
171.180923564
 20
153.500000000
 10
171.991016151
 20
153.750000000
  0
LINE
  5
D4D
330
A02
100
AcDbEntity
  8
Lateral
100
AcDbLine
 10
170.945086937
 20
154.800000000
 30
0.000000000
 11
170.945086937
 21
155.000000000
 31
0.000000000
  0
LINE
  5
D4E
330
A02
100
AcDbEntity
  8
Lateral
100
AcDbLine
 10
170.945086937
 20
155.000000000
 30
0.000000000
 11
171.845086937
 21
155.000000000
 31
0.000000000
  0
LINE
  5
D4F
330
A02
100
AcDbEntity
  8
Lateral
100
AcDbLine
 10
171.845086937
 20
153.500000000
 30
0.000000000
 11
171.845086937
 21
155.000000000
 31
0.000000000
  0
LINE
  5
D50
330
A02
100
AcDbEntity
  8
Lateral
100
AcDbLine
 10
170.945086937
 20
153.500000000
 30
0.000000000
 11
171.845086937
 21
153.500000000
 31
0.000000000
  0
LINE
  5
D51
330
A02
100
AcDbEntity
  8
Lateral
100
AcDbLine
 10
172.936945366
 20
154.800000000
 30
0.000000000
 11
172.936945366
 21
155.000000000
 31
0.000000000
  0
LINE
  5
D52
330
A02
100
AcDbEntity
  8
Lateral
100
AcDbLine
 10
172.936945366
 20
155.000000000
 30
0.000000000
 11
173.836945366
 21
155.000000000
 31
0.000000000
  0
LINE
  5
D53
330
A02
100
AcDbEntity
  8
Lateral
100
AcDbLine
 10
173.836945366
 20
154.800000000
 30
0.000000000
 11
173.836945366
 21
155.000000000
 31
0.000000000
  0
LINE
  5
D54
330
A02
100
AcDbEntity
  8
Lateral
100
AcDbLine
 10
170.945086937
 20
155.000000000
 30
0.000000000
 11
172.936945366
 21
155.000000000
 31
0.000000000
  0
LINE
  5
D55
330
A02
100
AcDbEntity
  8
Lateral
100
AcDbLine
 10
171.845086937
 20
153.500000000
 30
0.000000000
 11
173.836945366
 21
153.500000000
 31
0.000000000
  0
LINE
  5
D56
330
A02
100
AcDbEntity
  8
Lateral
100
AcDbLine
 10
171.845086937
 20
155.000000000
 30
0.000000000
 11
173.836945366
 21
155.000000000
 31
0.000000000
  0
LINE
  5
D57
330
A02
100
AcDbEntity
  8
Lateral
100
AcDbLine
 10
169.567458993
 20
155.000000000
 30
0.000000000
 11
171.317458993
 21
155.000000000
 31
0.000000000
  0
LINE
  5
D58
330
A02
100
AcDbEntity
  8
Lateral
100
AcDbLine
 10
171.317458993
 20
154.800000000
 30
0.000000000
 11
171.317458993
 21
155.000000000
 31
0.000000000
  0
LINE
  5
D59
330
A02
100
AcDbEntity
  8
Lateral
100
AcDbLine
 10
169.567458993
 20
154.800000000
 30
0.000000000
 11
171.317458993
 21
154.800000000
 31
0.000000000
  0
LINE
  5
D5A
330
A02
100
AcDbEntity
  8
Lateral
100
AcDbLine
 10
173.464573310
 20
155.000000000
 30
0.000000000
 11
175.214573310
 21
155.000000000
 31
0.000000000
  0
LINE
  5
D5B
330
A02
100
AcDbEntity
  8
Lateral
100
AcDbLine
 10
171.317458993
 20
154.800000000
 30
0.000000000
 11
175.214573310
 21
154.800000000
 31
0.000000000
  0
LINE
  5
D5C
330
A02
100
AcDbEntity
  8
Lateral
100
AcDbLine
 10
171.317458993
 20
155.000000000
 30
0.000000000
 11
175.214573310
 21
155.000000000
 31
0.000000000
  0
LINE
  5
D5D
330
A02
100
AcDbEntity
  8
Lateral
100
AcDbLine
 10
176.620662223
 20
155.000000000
 30
0.000000000
 11
176.620662223
 21
235.000000000
 31
0.000000000
  0
LINE
  5
D5E
330
A02
100
AcDbEntity
  8
Lateral
100
AcDbLine
 10
176.620662223
 20
235.000000000
 30
0.000000000
 11
178.120662223
 21
235.000000000
 31
0.000000000
  0
LINE
  5
D5F
330
A02
100
AcDbEntity
  8
Lateral
100
AcDbLine
 10
178.120662223
 20
155.000000000
 30
0.000000000
 11
178.120662223
 21
235.000000000
 31
0.000000000
  0
LINE
  5
D60
330
A02
100
AcDbEntity
  8
Lateral
100
AcDbLine
 10
176.620662223
 20
155.000000000
 30
0.000000000
 11
178.120662223
 21
155.000000000
 31
0.000000000
  0
LINE
  5
D61
330
A02
100
AcDbEntity
  8
Lateral
100
AcDbLine
 10
214.292767288
 20
155.000000000
 30
0.000000000
 11
214.292767288
 21
235.000000000
 31
0.000000000
  0
LINE
  5
D62
330
A02
100
AcDbEntity
  8
Lateral
100
AcDbLine
 10
214.292767288
 20
235.000000000
 30
0.000000000
 11
215.792767288
 21
235.000000000
 31
0.000000000
  0
LINE
  5
D63
330
A02
100
AcDbEntity
  8
Lateral
100
AcDbLine
 10
215.792767288
 20
155.000000000
 30
0.000000000
 11
215.792767288
 21
235.000000000
 31
0.000000000
  0
LINE
  5
D64
330
A02
100
AcDbEntity
  8
Lateral
100
AcDbLine
 10
214.292767288
 20
155.000000000
 30
0.000000000
 11
215.792767288
 21
155.000000000
 31
0.000000000
  0
LINE
  5
D65
330
A02
100
AcDbEntity
  8
Lateral
100
AcDbLine
 10
214.292767288
 20
155.000000000
 30
0.000000000
 11
214.292767288
 21
156.500000000
 31
0.000000000
  0
LINE
  5
D66
330
A02
100
AcDbEntity
  8
Lateral
100
AcDbLine
 10
214.292767288
 20
233.500000000
 30
0.000000000
 11
214.292767288
 21
235.000000000
 31
0.000000000
  0
LINE
  5
D67
330
A02
100
AcDbEntity
  8
Lateral
100
AcDbLine
 10
214.292767288
 20
235.000000000
 30
0.000000000
 11
214.768248235
 21
235.000000000
 31
0.000000000
  0
LINE
  5
D68
330
A02
100
AcDbEntity
  8
Lateral
100
AcDbLine
 10
214.292767288
 20
155.000000000
 30
0.000000000
 11
214.768248235
 21
155.000000000
 31
0.000000000
  0
LINE
  5
D69
330
A02
100
AcDbEntity
  8
Lateral
100
AcDbLine
 10
178.120662223
 20
156.500000000
 30
0.000000000
 11
177.645181276
 21
156.500000000
 31
0.000000000
  0
LINE
  5
D6A
330
A02
100
AcDbEntity
  8
Lateral
100
AcDbLine
 10
177.645181276
 20
155.000000000
 30
0.000000000
 11
177.645181276
 21
156.500000000
 31
0.000000000
  0
LINE
  5
D6B
330
A02
100
AcDbEntity
  8
Lateral
100
AcDbLine
 10
178.120662223
 20
155.000000000
 30
0.000000000
 11
177.645181276
 21
155.000000000
 31
0.000000000
  0
LINE
  5
D6C
330
A02
100
AcDbEntity
  8
Lateral
100
AcDbLine
 10
214.768248235
 20
156.500000000
 30
0.000000000
 11
214.018248235
 21
156.500000000
 31
0.000000000
  0
LINE
  5
D6D
330
A02
100
AcDbEntity
  8
Lateral
100
AcDbLine
 10
214.018248235
 20
155.000000000
 30
0.000000000
 11
214.018248235
 21
156.500000000
 31
0.000000000
  0
LINE
  5
D6E
330
A02
100
AcDbEntity
  8
Lateral
100
AcDbLine
 10
214.768248235
 20
155.000000000
 30
0.000000000
 11
214.018248235
 21
155.000000000
 31
0.000000000
  0
LINE
  5
D6F
330
A02
100
AcDbEntity
  8
Lateral
100
AcDbLine
 10
179.977713031
 20
155.000000000
 30
0.000000000
 11
183.874827348
 21
155.000000000
 31
0.000000000
  0
LINE
  5
D70
330
A02
100
AcDbEntity
  8
Lateral
100
AcDbLine
 10
210.288602163
 20
155.000000000
 30
0.000000000
 11
214.185716480
 21
155.000000000
 31
0.000000000
  0
LINE
  5
D71
330
A02
100
AcDbEntity
  8
Lateral
100
AcDbLine
 10
177.645181276
 20
155.000000000
 30
0.000000000
 11
214.018248235
 21
155.000000000
 31
0.000000000
  0
LINE
  5
D72
330
A02
100
AcDbEntity
  8
Lateral
100
AcDbLine
 10
177.645181276
 20
156.500000000
 30
0.000000000
 11
214.018248235
 21
156.500000000
 31
0.000000000
  0
LINE
  5
D73
330
A02
100
AcDbEntity
  8
Lateral
100
AcDbLine
 10
178.120662223
 20
235.000000000
 30
0.000000000
 11
177.645181276
 21
235.000000000
 31
0.000000000
  0
LINE
  5
D74
330
A02
100
AcDbEntity
  8
Lateral
100
AcDbLine
 10
177.645181276
 20
233.500000000
 30
0.000000000
 11
177.645181276
 21
235.000000000
 31
0.000000000
  0
LINE
  5
D75
330
A02
100
AcDbEntity
  8
Lateral
100
AcDbLine
 10
178.120662223
 20
233.500000000
 30
0.000000000
 11
177.645181276
 21
233.500000000
 31
0.000000000
  0
LINE
  5
D76
330
A02
100
AcDbEntity
  8
Lateral
100
AcDbLine
 10
214.768248235
 20
235.000000000
 30
0.000000000
 11
214.018248235
 21
235.000000000
 31
0.000000000
  0
LINE
  5
D77
330
A02
100
AcDbEntity
  8
Lateral
100
AcDbLine
 10
214.018248235
 20
233.500000000
 30
0.000000000
 11
214.018248235
 21
235.000000000
 31
0.000000000
  0
LINE
  5
D78
330
A02
100
AcDbEntity
  8
Lateral
100
AcDbLine
 10
214.768248235
 20
233.500000000
 30
0.000000000
 11
214.018248235
 21
233.500000000
 31
0.000000000
  0
LINE
  5
D79
330
A02
100
AcDbEntity
  8
Lateral
100
AcDbLine
 10
177.645181276
 20
233.500000000
 30
0.000000000
 11
214.018248235
 21
233.500000000
 31
0.000000000
  0
LINE
  5
D7A
330
A02
100
AcDbEntity
  8
Lateral
100
AcDbLine
 10
177.645181276
 20
235.000000000
 30
0.000000000
 11
214.018248235
 21
235.000000000
 31
0.000000000
  0
LWPOLYLINE
  5
D7B
330
A02
100
AcDbEntity
100
AcDbPolyline
  8
Lateral
 90
3
 70
0
 43
0
 10
180.651270189
 20
153.750000000
 10
181.143791966
 20
150.088330454
 10
180.651270189
 20
150.000000000
  0
LWPOLYLINE
  5
D7C
330
A02
100
AcDbEntity
100
AcDbPolyline
  8
Lateral
 90
2
 70
0
 43
0
 10
179.841177602
 20
153.500000000
 10
180.651270189
 20
153.750000000
  0
LINE
  5
D7D
330
A02
100
AcDbEntity
  8
Lateral
100
AcDbLine
 10
181.451270189
 20
153.750000000
 30
0.000000000
 11
180.651270189
 21
153.750000000
 31
0.000000000
  0
LWPOLYLINE
  5
D7E
330
A02
100
AcDbEntity
100
AcDbPolyline
  8
Lateral
 90
2
 70
0
 43
0
 10
181.451270189
 20
153.750000000
 10
182.261362777
 20
153.500000000
  0
LWPOLYLINE
  5
D7F
330
A02
100
AcDbEntity
100
AcDbPolyline
  8
Lateral
 90
2
 70
0
 43
0
 10
180.641177602
 20
153.500000000
 10
181.451270189
 20
153.750000000
  0
LINE
  5
D80
330
A02
100
AcDbEntity
  8
Lateral
100
AcDbLine
 10
180.505340975
 20
154.800000000
 30
0.000000000
 11
180.505340975
 21
155.000000000
 31
0.000000000
  0
LINE
  5
D81
330
A02
100
AcDbEntity
  8
Lateral
100
AcDbLine
 10
180.505340975
 20
155.000000000
 30
0.000000000
 11
179.605340975
 21
155.000000000
 31
0.000000000
  0
LINE
  5
D82
330
A02
100
AcDbEntity
  8
Lateral
100
AcDbLine
 10
179.605340975
 20
154.800000000
 30
0.000000000
 11
179.605340975
 21
155.000000000
 31
0.000000000
  0
LINE
  5
D83
330
A02
100
AcDbEntity
  8
Lateral
100
AcDbLine
 10
182.497199404
 20
154.800000000
 30
0.000000000
 11
182.497199404
 21
155.000000000
 31
0.000000000
  0
LINE
  5
D84
330
A02
100
AcDbEntity
  8
Lateral
100
AcDbLine
 10
182.497199404
 20
155.000000000
 30
0.000000000
 11
181.597199404
 21
155.000000000
 31
0.000000000
  0
LINE
  5
D85
330
A02
100
AcDbEntity
  8
Lateral
100
AcDbLine
 10
181.597199404
 20
153.500000000
 30
0.000000000
 11
181.597199404
 21
155.000000000
 31
0.000000000
  0
LINE
  5
D86
330
A02
100
AcDbEntity
  8
Lateral
100
AcDbLine
 10
182.497199404
 20
153.500000000
 30
0.000000000
 11
181.597199404
 21
153.500000000
 31
0.000000000
  0
LINE
  5
D87
330
A02
100
AcDbEntity
  8
Lateral
100
AcDbLine
 10
180.505340975
 20
155.000000000
 30
0.000000000
 11
182.497199404
 21
155.000000000
 31
0.000000000
  0
LINE
  5
D88
330
A02
100
AcDbEntity
  8
Lateral
100
AcDbLine
 10
179.605340975
 20
153.500000000
 30
0.000000000
 11
181.597199404
 21
153.500000000
 31
0.000000000
  0
LINE
  5
D89
330
A02
100
AcDbEntity
  8
Lateral
100
AcDbLine
 10
179.605340975
 20
155.000000000
 30
0.000000000
 11
181.597199404
 21
155.000000000
 31
0.000000000
  0
LINE
  5
D8A
330
A02
100
AcDbEntity
  8
Lateral
100
AcDbLine
 10
179.977713031
 20
155.000000000
 30
0.000000000
 11
178.227713031
 21
155.000000000
 31
0.000000000
  0
LINE
  5
D8B
330
A02
100
AcDbEntity
  8
Lateral
100
AcDbLine
 10
183.874827348
 20
155.000000000
 30
0.000000000
 11
182.124827348
 21
155.000000000
 31
0.000000000
  0
LINE
  5
D8C
330
A02
100
AcDbEntity
  8
Lateral
100
AcDbLine
 10
182.124827348
 20
154.800000000
 30
0.000000000
 11
182.124827348
 21
155.000000000
 31
0.000000000
  0
LINE
  5
D8D
330
A02
100
AcDbEntity
  8
Lateral
100
AcDbLine
 10
183.874827348
 20
154.800000000
 30
0.000000000
 11
182.124827348
 21
154.800000000
 31
0.000000000
  0
LINE
  5
D8E
330
A02
100
AcDbEntity
  8
Lateral
100
AcDbLine
 10
178.227713031
 20
154.800000000
 30
0.000000000
 11
182.124827348
 21
154.800000000
 31
0.000000000
  0
LINE
  5
D8F
330
A02
100
AcDbEntity
  8
Lateral
100
AcDbLine
 10
178.227713031
 20
155.000000000
 30
0.000000000
 11
182.124827348
 21
155.000000000
 31
0.000000000
  0
LWPOLYLINE
  5
D90
330
A02
100
AcDbEntity
100
AcDbPolyline
  8
Lateral
 90
3
 70
0
 43
0
 10
210.962159322
 20
153.750000000
 10
211.454681098
 20
150.088330454
 10
210.962159322
 20
150.000000000
  0
LWPOLYLINE
  5
D91
330
A02
100
AcDbEntity
100
AcDbPolyline
  8
Lateral
 90
2
 70
0
 43
0
 10
210.152066734
 20
153.500000000
 10
210.962159322
 20
153.750000000
  0
LINE
  5
D92
330
A02
100
AcDbEntity
  8
Lateral
100
AcDbLine
 10
211.762159322
 20
153.750000000
 30
0.000000000
 11
210.962159322
 21
153.750000000
 31
0.000000000
  0
LWPOLYLINE
  5
D93
330
A02
100
AcDbEntity
100
AcDbPolyline
  8
Lateral
 90
2
 70
0
 43
0
 10
211.762159322
 20
153.750000000
 10
212.572251909
 20
153.500000000
  0
LWPOLYLINE
  5
D94
330
A02
100
AcDbEntity
100
AcDbPolyline
  8
Lateral
 90
2
 70
0
 43
0
 10
210.952066734
 20
153.500000000
 10
211.762159322
 20
153.750000000
  0
LINE
  5
D95
330
A02
100
AcDbEntity
  8
Lateral
100
AcDbLine
 10
210.816230107
 20
154.800000000
 30
0.000000000
 11
210.816230107
 21
155.000000000
 31
0.000000000
  0
LINE
  5
D96
330
A02
100
AcDbEntity
  8
Lateral
100
AcDbLine
 10
210.816230107
 20
155.000000000
 30
0.000000000
 11
209.916230107
 21
155.000000000
 31
0.000000000
  0
LINE
  5
D97
330
A02
100
AcDbEntity
  8
Lateral
100
AcDbLine
 10
209.916230107
 20
154.800000000
 30
0.000000000
 11
209.916230107
 21
155.000000000
 31
0.000000000
  0
LINE
  5
D98
330
A02
100
AcDbEntity
  8
Lateral
100
AcDbLine
 10
212.808088536
 20
154.800000000
 30
0.000000000
 11
212.808088536
 21
155.000000000
 31
0.000000000
  0
LINE
  5
D99
330
A02
100
AcDbEntity
  8
Lateral
100
AcDbLine
 10
212.808088536
 20
155.000000000
 30
0.000000000
 11
211.908088536
 21
155.000000000
 31
0.000000000
  0
LINE
  5
D9A
330
A02
100
AcDbEntity
  8
Lateral
100
AcDbLine
 10
211.908088536
 20
153.500000000
 30
0.000000000
 11
211.908088536
 21
155.000000000
 31
0.000000000
  0
LINE
  5
D9B
330
A02
100
AcDbEntity
  8
Lateral
100
AcDbLine
 10
212.808088536
 20
153.500000000
 30
0.000000000
 11
211.908088536
 21
153.500000000
 31
0.000000000
  0
LINE
  5
D9C
330
A02
100
AcDbEntity
  8
Lateral
100
AcDbLine
 10
210.816230107
 20
155.000000000
 30
0.000000000
 11
212.808088536
 21
155.000000000
 31
0.000000000
  0
LINE
  5
D9D
330
A02
100
AcDbEntity
  8
Lateral
100
AcDbLine
 10
209.916230107
 20
153.500000000
 30
0.000000000
 11
211.908088536
 21
153.500000000
 31
0.000000000
  0
LINE
  5
D9E
330
A02
100
AcDbEntity
  8
Lateral
100
AcDbLine
 10
209.916230107
 20
155.000000000
 30
0.000000000
 11
211.908088536
 21
155.000000000
 31
0.000000000
  0
LINE
  5
D9F
330
A02
100
AcDbEntity
  8
Lateral
100
AcDbLine
 10
214.185716480
 20
155.000000000
 30
0.000000000
 11
212.435716480
 21
155.000000000
 31
0.000000000
  0
LINE
  5
DA0
330
A02
100
AcDbEntity
  8
Lateral
100
AcDbLine
 10
212.435716480
 20
154.800000000
 30
0.000000000
 11
212.435716480
 21
155.000000000
 31
0.000000000
  0
LINE
  5
DA1
330
A02
100
AcDbEntity
  8
Lateral
100
AcDbLine
 10
214.185716480
 20
154.800000000
 30
0.000000000
 11
212.435716480
 21
154.800000000
 31
0.000000000
  0
LINE
  5
DA2
330
A02
100
AcDbEntity
  8
Lateral
100
AcDbLine
 10
208.538602163
 20
154.800000000
 30
0.000000000
 11
212.435716480
 21
154.800000000
 31
0.000000000
  0
LINE
  5
DA3
330
A02
100
AcDbEntity
  8
Lateral
100
AcDbLine
 10
208.538602163
 20
155.000000000
 30
0.000000000
 11
212.435716480
 21
155.000000000
 31
0.000000000
  0
LINE
  5
DA4
330
A02
100
AcDbEntity
  8
Lateral
100
AcDbLine
 10
136.950000000
 20
150.000000000
 30
0.000000000
 11
138.550000000
 21
150.000000000
 31
0.000000000
  0
LINE
  5
DA5
330
A02
100
AcDbEntity
  8
Iso
100
AcDbLine
 10
245.000000000
 20
177.190701285
 30
0.000000000
 11
245.000000000
 21
229.446482465
 31
0.000000000
  0
LINE
  5
DA6
330
A02
100
AcDbEntity
  8
Iso
100
AcDbLine
 10
245.000000000
 20
229.446482465
 30
0.000000000
 11
245.848528137
 21
229.936380413
 31
0.000000000
  0
LINE
  5
DA7
330
A02
100
AcDbEntity
  8
Iso
100
AcDbLine
 10
245.848528137
 20
176.700803337
 30
0.000000000
 11
245.848528137
 21
228.956584516
 31
0.000000000
  0
LINE
  5
DA8
330
A02
100
AcDbEntity
  8
Iso
100
AcDbLine
 10
245.848528137
 20
228.956584516
 30
0.000000000
 11
246.697056275
 21
229.446482465
 31
0.000000000
  0
LINE
  5
DA9
330
A02
100
AcDbEntity
  8
Iso
100
AcDbLine
 10
246.697056275
 20
178.170497182
 30
0.000000000
 11
246.697056275
 21
227.486890670
 31
0.000000000
  0
LINE
  5
DAA
330
A02
100
AcDbEntity
  8
Iso
100
AcDbLine
 10
245.000000000
 20
177.190701285
 30
0.000000000
 11
245.848528137
 21
176.700803337
 31
0.000000000
  0
LINE
  5
DAB
330
A02
100
AcDbEntity
  8
Iso
100
AcDbLine
 10
245.000000000
 20
229.446482465
 30
0.000000000
 11
245.848528137
 21
228.956584516
 31
0.000000000
  0
LINE
  5
DAC
330
A02
100
AcDbEntity
  8
Iso
100
AcDbLine
 10
245.848528137
 20
229.936380413
 30
0.000000000
 11
246.697056275
 21
229.446482465
 31
0.000000000
  0
LINE
  5
DAD
330
A02
100
AcDbEntity
  8
Iso
100
AcDbLine
 10
269.607315985
 20
162.983660777
 30
0.000000000
 11
269.607315985
 21
215.239441956
 31
0.000000000
  0
LINE
  5
DAE
330
A02
100
AcDbEntity
  8
Iso
100
AcDbLine
 10
269.607315985
 20
215.239441956
 30
0.000000000
 11
270.455844123
 21
215.729339905
 31
0.000000000
  0
LINE
  5
DAF
330
A02
100
AcDbEntity
  8
Iso
100
AcDbLine
 10
270.455844123
 20
162.493762829
 30
0.000000000
 11
270.455844123
 21
214.749544008
 31
0.000000000
  0
LINE
  5
DB0
330
A02
100
AcDbEntity
  8
Iso
100
AcDbLine
 10
270.455844123
 20
214.749544008
 30
0.000000000
 11
271.304372260
 21
215.239441956
 31
0.000000000
  0
LINE
  5
DB1
330
A02
100
AcDbEntity
  8
Iso
100
AcDbLine
 10
270.455844123
 20
162.493762829
 30
0.000000000
 11
270.823267584
 21
162.705894863
 31
0.000000000
  0
LINE
  5
DB2
330
A02
100
AcDbEntity
  8
Iso
100
AcDbLine
 10
269.607315985
 20
162.983660777
 30
0.000000000
 11
270.455844123
 21
162.493762829
 31
0.000000000
  0
LINE
  5
DB3
330
A02
100
AcDbEntity
  8
Iso
100
AcDbLine
 10
269.607315985
 20
215.239441956
 30
0.000000000
 11
270.455844123
 21
214.749544008
 31
0.000000000
  0
LINE
  5
DB4
330
A02
100
AcDbEntity
  8
Iso
100
AcDbLine
 10
270.455844123
 20
215.729339905
 30
0.000000000
 11
271.304372260
 21
215.239441956
 31
0.000000000
  0
LINE
  5
DB5
330
A02
100
AcDbEntity
  8
Iso
100
AcDbLine
 10
245.848528137
 20
176.700803337
 30
0.000000000
 11
245.848528137
 21
177.680599234
 31
0.000000000
  0
LINE
  5
DB6
330
A02
100
AcDbEntity
  8
Iso
100
AcDbLine
 10
245.848528137
 20
177.680599234
 30
0.000000000
 11
246.697056275
 21
178.170497182
 31
0.000000000
  0
LINE
  5
DB7
330
A02
100
AcDbEntity
  8
Iso
100
AcDbLine
 10
269.607315985
 20
162.983660777
 30
0.000000000
 11
269.607315985
 21
163.963456674
 31
0.000000000
  0
LINE
  5
DB8
330
A02
100
AcDbEntity
  8
Iso
100
AcDbLine
 10
245.848528137
 20
176.700803337
 30
0.000000000
 11
269.607315985
 21
162.983660777
 31
0.000000000
  0
LINE
  5
DB9
330
A02
100
AcDbEntity
  8
Iso
100
AcDbLine
 10
245.848528137
 20
177.680599234
 30
0.000000000
 11
269.607315985
 21
163.963456674
 31
0.000000000
  0
LINE
  5
DBA
330
A02
100
AcDbEntity
  8
Iso
100
AcDbLine
 10
246.697056275
 20
178.170497182
 30
0.000000000
 11
269.607315985
 21
164.943252571
 31
0.000000000
  0
LINE
  5
DBB
330
A02
100
AcDbEntity
  8
Iso
100
AcDbLine
 10
245.848528137
 20
227.976788619
 30
0.000000000
 11
245.848528137
 21
228.956584516
 31
0.000000000
  0
LINE
  5
DBC
330
A02
100
AcDbEntity
  8
Iso
100
AcDbLine
 10
245.848528137
 20
228.956584516
 30
0.000000000
 11
246.697056275
 21
229.446482465
 31
0.000000000
  0
LINE
  5
DBD
330
A02
100
AcDbEntity
  8
Iso
100
AcDbLine
 10
269.607315985
 20
214.259646059
 30
0.000000000
 11
269.607315985
 21
215.239441956
 31
0.000000000
  0
LINE
  5
DBE
330
A02
100
AcDbEntity
  8
Iso
100
AcDbLine
 10
269.607315985
 20
215.239441956
 30
0.000000000
 11
270.455844123
 21
215.729339905
 31
0.000000000
  0
LINE
  5
DBF
330
A02
100
AcDbEntity
  8
Iso
100
AcDbLine
 10
245.848528137
 20
227.976788619
 30
0.000000000
 11
269.607315985
 21
214.259646059
 31
0.000000000
  0
LINE
  5
DC0
330
A02
100
AcDbEntity
  8
Iso
100
AcDbLine
 10
245.848528137
 20
228.956584516
 30
0.000000000
 11
269.607315985
 21
215.239441956
 31
0.000000000
  0
LINE
  5
DC1
330
A02
100
AcDbEntity
  8
Iso
100
AcDbLine
 10
246.697056275
 20
229.446482465
 30
0.000000000
 11
270.455844123
 21
215.729339905
 31
0.000000000
  0
LWPOLYLINE
  5
DC2
330
A02
100
AcDbEntity
100
AcDbPolyline
  8
Iso
 90
2
 70
0
 43
0
 10
249.308757797
 20
174.681404684
 10
249.455239533
 20
172.723656446
  0
LWPOLYLINE
  5
DC3
330
A02
100
AcDbEntity
100
AcDbPolyline
  8
Iso
 90
2
 70
0
 43
0
 10
248.403661117
 20
174.158846872
 10
248.550142853
 20
172.201098634
  0
LWPOLYLINE
  5
DC4
330
A02
100
AcDbEntity
100
AcDbPolyline
  8
Iso
 90
2
 70
0
 43
0
 10
248.550142853
 20
172.201098634
 10
247.050142853
 20
174.799174845
  0
LWPOLYLINE
  5
DC5
330
A02
100
AcDbEntity
100
AcDbPolyline
  8
Iso
 90
2
 70
0
 43
0
 10
247.050142853
 20
174.799174845
 10
247.183052909
 20
174.852539614
  0
LINE
  5
DC6
330
A02
100
AcDbEntity
  8
Iso
100
AcDbLine
 10
247.093036072
 20
174.904510859
 30
0.000000000
 11
247.093036072
 21
175.198449628
 31
0.000000000
  0
LINE
  5
DC7
330
A02
100
AcDbEntity
  8
Iso
100
AcDbLine
 10
247.093036072
 20
175.884306756
 30
0.000000000
 11
247.177888886
 21
175.933296551
 31
0.000000000
  0
LINE
  5
DC8
330
A02
100
AcDbEntity
  8
Iso
100
AcDbLine
 10
248.394112550
 20
174.153334004
 30
0.000000000
 11
248.394112550
 21
174.447272773
 31
0.000000000
  0
LINE
  5
DC9
330
A02
100
AcDbEntity
  8
Iso
100
AcDbLine
 10
248.394112550
 20
175.133129901
 30
0.000000000
 11
248.478965363
 21
175.182119696
 31
0.000000000
  0
LINE
  5
DCA
330
A02
100
AcDbEntity
  8
Iso
100
AcDbLine
 10
248.394112550
 20
174.153334004
 30
0.000000000
 11
249.327493501
 21
174.692221748
 31
0.000000000
  0
LINE
  5
DCB
330
A02
100
AcDbEntity
  8
Iso
100
AcDbLine
 10
247.093036072
 20
174.904510859
 30
0.000000000
 11
248.394112550
 21
174.153334004
 31
0.000000000
  0
LINE
  5
DCC
330
A02
100
AcDbEntity
  8
Iso
100
AcDbLine
 10
247.093036072
 20
175.884306756
 30
0.000000000
 11
248.394112550
 21
175.133129901
 31
0.000000000
  0
LINE
  5
DCD
330
A02
100
AcDbEntity
  8
Iso
100
AcDbLine
 10
245.989949494
 20
175.835316961
 30
0.000000000
 11
245.989949494
 21
175.965956414
 31
0.000000000
  0
LINE
  5
DCE
330
A02
100
AcDbEntity
  8
Iso
100
AcDbLine
 10
245.989949494
 20
175.965956414
 30
0.000000000
 11
246.555634919
 21
176.292555046
 31
0.000000000
  0
LINE
  5
DCF
330
A02
100
AcDbEntity
  8
Iso
100
AcDbLine
 10
248.535533906
 20
174.365623115
 30
0.000000000
 11
248.535533906
 21
174.496262568
 31
0.000000000
  0
LINE
  5
DD0
330
A02
100
AcDbEntity
  8
Iso
100
AcDbLine
 10
248.535533906
 20
174.496262568
 30
0.000000000
 11
249.101219331
 21
174.822861201
 31
0.000000000
  0
LINE
  5
DD1
330
A02
100
AcDbEntity
  8
Iso
100
AcDbLine
 10
248.535533906
 20
174.365623115
 30
0.000000000
 11
249.214356416
 21
174.757541474
 31
0.000000000
  0
LINE
  5
DD2
330
A02
100
AcDbEntity
  8
Iso
100
AcDbLine
 10
245.989949494
 20
175.835316961
 30
0.000000000
 11
248.535533906
 21
174.365623115
 31
0.000000000
  0
LINE
  5
DD3
330
A02
100
AcDbEntity
  8
Iso
100
AcDbLine
 10
245.989949494
 20
175.965956414
 30
0.000000000
 11
248.535533906
 21
174.496262568
 31
0.000000000
  0
LWPOLYLINE
  5
DD4
330
A02
100
AcDbEntity
100
AcDbPolyline
  8
Iso
 90
2
 70
0
 43
0
 10
269.107747670
 20
163.250452551
 10
269.254229407
 20
161.292704313
  0
LWPOLYLINE
  5
DD5
330
A02
100
AcDbEntity
100
AcDbPolyline
  8
Iso
 90
2
 70
0
 43
0
 10
268.202650990
 20
162.727894739
 10
268.349132727
 20
160.770146501
  0
LWPOLYLINE
  5
DD6
330
A02
100
AcDbEntity
100
AcDbPolyline
  8
Iso
 90
2
 70
0
 43
0
 10
268.349132727
 20
160.770146501
 10
266.849132727
 20
163.368222712
  0
LWPOLYLINE
  5
DD7
330
A02
100
AcDbEntity
100
AcDbPolyline
  8
Iso
 90
2
 70
0
 43
0
 10
266.849132727
 20
163.368222712
 10
266.982042782
 20
163.421587481
  0
LINE
  5
DD8
330
A02
100
AcDbEntity
  8
Iso
100
AcDbLine
 10
266.892025946
 20
163.473558726
 30
0.000000000
 11
266.892025946
 21
163.767497495
 31
0.000000000
  0
LINE
  5
DD9
330
A02
100
AcDbEntity
  8
Iso
100
AcDbLine
 10
266.892025946
 20
164.453354623
 30
0.000000000
 11
266.976878759
 21
164.502344418
 31
0.000000000
  0
LINE
  5
DDA
330
A02
100
AcDbEntity
  8
Iso
100
AcDbLine
 10
268.193102423
 20
162.722381871
 30
0.000000000
 11
268.193102423
 21
163.016320640
 31
0.000000000
  0
LINE
  5
DDB
330
A02
100
AcDbEntity
  8
Iso
100
AcDbLine
 10
268.193102423
 20
163.702177768
 30
0.000000000
 11
268.277955237
 21
163.751167563
 31
0.000000000
  0
LINE
  5
DDC
330
A02
100
AcDbEntity
  8
Iso
100
AcDbLine
 10
268.193102423
 20
162.722381871
 30
0.000000000
 11
269.126483374
 21
163.261269615
 31
0.000000000
  0
LINE
  5
DDD
330
A02
100
AcDbEntity
  8
Iso
100
AcDbLine
 10
266.892025946
 20
163.473558726
 30
0.000000000
 11
268.193102423
 21
162.722381871
 31
0.000000000
  0
LINE
  5
DDE
330
A02
100
AcDbEntity
  8
Iso
100
AcDbLine
 10
266.892025946
 20
164.453354623
 30
0.000000000
 11
268.193102423
 21
163.702177768
 31
0.000000000
  0
LINE
  5
DDF
330
A02
100
AcDbEntity
  8
Iso
100
AcDbLine
 10
265.788939367
 20
164.404364828
 30
0.000000000
 11
265.788939367
 21
164.535004281
 31
0.000000000
  0
LINE
  5
DE0
330
A02
100
AcDbEntity
  8
Iso
100
AcDbLine
 10
265.788939367
 20
164.535004281
 30
0.000000000
 11
266.354624792
 21
164.861602913
 31
0.000000000
  0
LINE
  5
DE1
330
A02
100
AcDbEntity
  8
Iso
100
AcDbLine
 10
268.334523779
 20
162.934670982
 30
0.000000000
 11
268.334523779
 21
163.065310435
 31
0.000000000
  0
LINE
  5
DE2
330
A02
100
AcDbEntity
  8
Iso
100
AcDbLine
 10
268.334523779
 20
163.065310435
 30
0.000000000
 11
268.900209204
 21
163.391909068
 31
0.000000000
  0
LINE
  5
DE3
330
A02
100
AcDbEntity
  8
Iso
100
AcDbLine
 10
268.334523779
 20
162.934670982
 30
0.000000000
 11
269.013346289
 21
163.326589341
 31
0.000000000
  0
LINE
  5
DE4
330
A02
100
AcDbEntity
  8
Iso
100
AcDbLine
 10
265.788939367
 20
164.404364828
 30
0.000000000
 11
268.334523779
 21
162.934670982
 31
0.000000000
  0
LINE
  5
DE5
330
A02
100
AcDbEntity
  8
Iso
100
AcDbLine
 10
265.788939367
 20
164.535004281
 30
0.000000000
 11
268.334523779
 21
163.065310435
 31
0.000000000
  0
LINE
  5
DE6
330
A02
100
AcDbEntity
  8
Iso
100
AcDbLine
 10
270.611135550
 20
215.084150529
 30
0.000000000
 11
271.459663687
 21
215.574048478
 31
0.000000000
  0
LINE
  5
DE7
330
A02
100
AcDbEntity
  8
Iso
100
AcDbLine
 10
271.459663687
 20
162.338471401
 30
0.000000000
 11
271.459663687
 21
214.594252581
 31
0.000000000
  0
LINE
  5
DE8
330
A02
100
AcDbEntity
  8
Iso
100
AcDbLine
 10
271.459663687
 20
214.594252581
 30
0.000000000
 11
272.308191825
 21
215.084150529
 31
0.000000000
  0
LINE
  5
DE9
330
A02
100
AcDbEntity
  8
Iso
100
AcDbLine
 10
272.308191825
 20
163.580802818
 30
0.000000000
 11
272.308191825
 21
213.876992203
 31
0.000000000
  0
LINE
  5
DEA
330
A02
100
AcDbEntity
  8
Iso
100
AcDbLine
 10
271.459663687
 20
162.338471401
 30
0.000000000
 11
272.128876730
 21
162.724841732
 31
0.000000000
  0
LINE
  5
DEB
330
A02
100
AcDbEntity
  8
Iso
100
AcDbLine
 10
270.823267584
 20
162.705894863
 30
0.000000000
 11
271.459663687
 21
162.338471401
 31
0.000000000
  0
LINE
  5
DEC
330
A02
100
AcDbEntity
  8
Iso
100
AcDbLine
 10
270.611135550
 20
215.084150529
 30
0.000000000
 11
271.459663687
 21
214.594252581
 31
0.000000000
  0
LINE
  5
DED
330
A02
100
AcDbEntity
  8
Iso
100
AcDbLine
 10
271.459663687
 20
215.574048478
 30
0.000000000
 11
272.308191825
 21
215.084150529
 31
0.000000000
  0
LINE
  5
DEE
330
A02
100
AcDbEntity
  8
Iso
100
AcDbLine
 10
304.225354305
 20
168.518405037
 30
0.000000000
 11
304.225354305
 21
218.814594422
 31
0.000000000
  0
LINE
  5
DEF
330
A02
100
AcDbEntity
  8
Iso
100
AcDbLine
 10
304.225354305
 20
220.284288268
 30
0.000000000
 11
305.073882442
 21
220.774186217
 31
0.000000000
  0
LINE
  5
DF0
330
A02
100
AcDbEntity
  8
Iso
100
AcDbLine
 10
305.073882442
 20
167.538609140
 30
0.000000000
 11
305.073882442
 21
219.794390319
 31
0.000000000
  0
LINE
  5
DF1
330
A02
100
AcDbEntity
  8
Iso
100
AcDbLine
 10
305.073882442
 20
219.794390319
 30
0.000000000
 11
305.922410579
 21
220.284288268
 31
0.000000000
  0
LINE
  5
DF2
330
A02
100
AcDbEntity
  8
Iso
100
AcDbLine
 10
305.922410579
 20
168.028507089
 30
0.000000000
 11
305.922410579
 21
220.284288268
 31
0.000000000
  0
LINE
  5
DF3
330
A02
100
AcDbEntity
  8
Iso
100
AcDbLine
 10
305.073882442
 20
167.538609140
 30
0.000000000
 11
305.922410579
 21
168.028507089
 31
0.000000000
  0
LINE
  5
DF4
330
A02
100
AcDbEntity
  8
Iso
100
AcDbLine
 10
304.649618373
 20
167.783558114
 30
0.000000000
 11
305.073882442
 21
167.538609140
 31
0.000000000
  0
LINE
  5
DF5
330
A02
100
AcDbEntity
  8
Iso
100
AcDbLine
 10
304.225354305
 20
220.284288268
 30
0.000000000
 11
305.073882442
 21
219.794390319
 31
0.000000000
  0
LINE
  5
DF6
330
A02
100
AcDbEntity
  8
Iso
100
AcDbLine
 10
305.073882442
 20
220.774186217
 30
0.000000000
 11
305.922410579
 21
220.284288268
 31
0.000000000
  0
LINE
  5
DF7
330
A02
100
AcDbEntity
  8
Iso
100
AcDbLine
 10
272.194510610
 20
162.583420376
 30
0.000000000
 11
272.194510610
 21
163.563216273
 31
0.000000000
  0
LINE
  5
DF8
330
A02
100
AcDbEntity
  8
Iso
100
AcDbLine
 10
272.194510610
 20
162.583420376
 30
0.000000000
 11
272.128876730
 21
162.724841732
 31
0.000000000
  0
LINE
  5
DF9
330
A02
100
AcDbEntity
  8
Iso
100
AcDbLine
 10
304.649618373
 20
167.604243020
 30
0.000000000
 11
304.649618373
 21
168.584038917
 31
0.000000000
  0
LINE
  5
DFA
330
A02
100
AcDbEntity
  8
Iso
100
AcDbLine
 10
272.194510610
 20
162.583420376
 30
0.000000000
 11
304.649618373
 21
167.604243020
 31
0.000000000
  0
LINE
  5
DFB
330
A02
100
AcDbEntity
  8
Iso
100
AcDbLine
 10
272.194510610
 20
163.563216273
 30
0.000000000
 11
304.649618373
 21
168.584038917
 31
0.000000000
  0
LINE
  5
DFC
330
A02
100
AcDbEntity
  8
Iso
100
AcDbLine
 10
272.308191825
 20
164.298063196
 30
0.000000000
 11
304.225354305
 21
169.235665415
 31
0.000000000
  0
LINE
  5
DFD
330
A02
100
AcDbEntity
  8
Iso
100
AcDbLine
 10
272.194510610
 20
213.859405658
 30
0.000000000
 11
272.194510610
 21
214.839201555
 31
0.000000000
  0
LINE
  5
DFE
330
A02
100
AcDbEntity
  8
Iso
100
AcDbLine
 10
272.194510610
 20
214.839201555
 30
0.000000000
 11
271.883927756
 21
215.508414598
 31
0.000000000
  0
LINE
  5
DFF
330
A02
100
AcDbEntity
  8
Iso
100
AcDbLine
 10
271.883927756
 20
215.329099504
 30
0.000000000
 11
271.883927756
 21
215.508414598
 31
0.000000000
  0
LINE
  5
E00
330
A02
100
AcDbEntity
  8
Iso
100
AcDbLine
 10
304.649618373
 20
218.880228302
 30
0.000000000
 11
304.649618373
 21
219.860024199
 31
0.000000000
  0
LINE
  5
E01
330
A02
100
AcDbEntity
  8
Iso
100
AcDbLine
 10
304.649618373
 20
219.860024199
 30
0.000000000
 11
304.339035519
 21
220.529237242
 31
0.000000000
  0
LINE
  5
E02
330
A02
100
AcDbEntity
  8
Iso
100
AcDbLine
 10
272.194510610
 20
213.859405658
 30
0.000000000
 11
304.649618373
 21
218.880228302
 31
0.000000000
  0
LINE
  5
E03
330
A02
100
AcDbEntity
  8
Iso
100
AcDbLine
 10
272.194510610
 20
214.839201555
 30
0.000000000
 11
304.649618373
 21
219.860024199
 31
0.000000000
  0
LINE
  5
E04
330
A02
100
AcDbEntity
  8
Iso
100
AcDbLine
 10
271.883927756
 20
215.508414598
 30
0.000000000
 11
304.339035519
 21
220.529237242
 31
0.000000000
  0
LWPOLYLINE
  5
E05
330
A02
100
AcDbEntity
100
AcDbPolyline
  8
Iso
 90
2
 70
0
 43
0
 10
275.818812969
 20
162.476637145
 10
275.938776418
 20
162.283561840
  0
LWPOLYLINE
  5
E06
330
A02
100
AcDbEntity
100
AcDbPolyline
  8
Iso
 90
2
 70
0
 43
0
 10
273.217558198
 20
161.020640069
 10
273.382118355
 20
162.158330895
  0
LWPOLYLINE
  5
E07
330
A02
100
AcDbEntity
100
AcDbPolyline
  8
Iso
 90
2
 70
0
 43
0
 10
275.722692278
 20
162.077710044
 10
276.270064795
 20
161.569734595
  0
LWPOLYLINE
  5
E08
330
A02
100
AcDbEntity
100
AcDbPolyline
  8
Iso
 90
2
 70
0
 43
0
 10
276.270064795
 20
161.569734595
 10
273.548846575
 20
160.306812824
  0
LWPOLYLINE
  5
E09
330
A02
100
AcDbEntity
100
AcDbPolyline
  8
Iso
 90
2
 70
0
 43
0
 10
273.548846575
 20
160.306812824
 10
274.096219093
 20
161.826093767
  0
LINE
  5
E0A
330
A02
100
AcDbEntity
  8
Iso
100
AcDbLine
 10
274.041509449
 20
161.817630156
 30
0.000000000
 11
274.041509449
 21
162.260339052
 31
0.000000000
  0
LINE
  5
E0B
330
A02
100
AcDbEntity
  8
Iso
100
AcDbLine
 10
274.041509449
 20
162.797426053
 30
0.000000000
 11
274.010451163
 21
162.864347357
 31
0.000000000
  0
LINE
  5
E0C
330
A02
100
AcDbEntity
  8
Iso
100
AcDbLine
 10
274.041509449
 20
161.817630156
 30
0.000000000
 11
273.849810873
 21
162.230683180
 31
0.000000000
  0
LINE
  5
E0D
330
A02
100
AcDbEntity
  8
Iso
100
AcDbLine
 10
275.818812969
 20
162.092579967
 30
0.000000000
 11
275.818812969
 21
162.535288864
 31
0.000000000
  0
LINE
  5
E0E
330
A02
100
AcDbEntity
  8
Iso
100
AcDbLine
 10
275.818812969
 20
163.072375864
 30
0.000000000
 11
275.787754684
 21
163.139297169
 31
0.000000000
  0
LINE
  5
E0F
330
A02
100
AcDbEntity
  8
Iso
100
AcDbLine
 10
274.041509449
 20
161.817630156
 30
0.000000000
 11
275.818812969
 21
162.092579967
 31
0.000000000
  0
LINE
  5
E10
330
A02
100
AcDbEntity
  8
Iso
100
AcDbLine
 10
274.041509449
 20
162.797426053
 30
0.000000000
 11
275.818812969
 21
163.072375864
 31
0.000000000
  0
LINE
  5
E11
330
A02
100
AcDbEntity
  8
Iso
100
AcDbLine
 10
273.367491672
 20
162.156068140
 30
0.000000000
 11
273.367491672
 21
162.286707592
 31
0.000000000
  0
LINE
  5
E12
330
A02
100
AcDbEntity
  8
Iso
100
AcDbLine
 10
273.367491672
 20
162.286707592
 30
0.000000000
 11
273.160436436
 21
162.732849621
 31
0.000000000
  0
LINE
  5
E13
330
A02
100
AcDbEntity
  8
Iso
100
AcDbLine
 10
273.367491672
 20
162.156068140
 30
0.000000000
 11
273.103867894
 21
162.724098437
 31
0.000000000
  0
LINE
  5
E14
330
A02
100
AcDbEntity
  8
Iso
100
AcDbLine
 10
276.844824647
 20
162.694013423
 30
0.000000000
 11
276.844824647
 21
162.824652876
 31
0.000000000
  0
LINE
  5
E15
330
A02
100
AcDbEntity
  8
Iso
100
AcDbLine
 10
276.844824647
 20
162.824652876
 30
0.000000000
 11
276.637769411
 21
163.270794904
 31
0.000000000
  0
LINE
  5
E16
330
A02
100
AcDbEntity
  8
Iso
100
AcDbLine
 10
273.367491672
 20
162.156068140
 30
0.000000000
 11
276.844824647
 21
162.694013423
 31
0.000000000
  0
LINE
  5
E17
330
A02
100
AcDbEntity
  8
Iso
100
AcDbLine
 10
273.367491672
 20
162.286707592
 30
0.000000000
 11
276.844824647
 21
162.824652876
 31
0.000000000
  0
LWPOLYLINE
  5
E18
330
A02
100
AcDbEntity
100
AcDbPolyline
  8
Iso
 90
2
 70
0
 43
0
 10
302.864736105
 20
166.660656015
 10
302.984699554
 20
166.467580711
  0
LWPOLYLINE
  5
E19
330
A02
100
AcDbEntity
100
AcDbPolyline
  8
Iso
 90
2
 70
0
 43
0
 10
300.263481334
 20
165.204658940
 10
300.428041492
 20
166.342349765
  0
LWPOLYLINE
  5
E1A
330
A02
100
AcDbEntity
100
AcDbPolyline
  8
Iso
 90
2
 70
0
 43
0
 10
302.768615414
 20
166.261728914
 10
303.315987931
 20
165.753753465
  0
LWPOLYLINE
  5
E1B
330
A02
100
AcDbEntity
100
AcDbPolyline
  8
Iso
 90
2
 70
0
 43
0
 10
303.315987931
 20
165.753753465
 10
300.594769712
 20
164.490831694
  0
LWPOLYLINE
  5
E1C
330
A02
100
AcDbEntity
100
AcDbPolyline
  8
Iso
 90
2
 70
0
 43
0
 10
300.594769712
 20
164.490831694
 10
301.142142229
 20
166.010112637
  0
LINE
  5
E1D
330
A02
100
AcDbEntity
  8
Iso
100
AcDbLine
 10
301.087432585
 20
166.001649026
 30
0.000000000
 11
301.087432585
 21
166.444357923
 31
0.000000000
  0
LINE
  5
E1E
330
A02
100
AcDbEntity
  8
Iso
100
AcDbLine
 10
301.087432585
 20
166.981444923
 30
0.000000000
 11
301.056374300
 21
167.048366227
 31
0.000000000
  0
LINE
  5
E1F
330
A02
100
AcDbEntity
  8
Iso
100
AcDbLine
 10
301.087432585
 20
166.001649026
 30
0.000000000
 11
300.895734009
 21
166.414702050
 31
0.000000000
  0
LINE
  5
E20
330
A02
100
AcDbEntity
  8
Iso
100
AcDbLine
 10
302.864736105
 20
166.276598837
 30
0.000000000
 11
302.864736105
 21
166.719307734
 31
0.000000000
  0
LINE
  5
E21
330
A02
100
AcDbEntity
  8
Iso
100
AcDbLine
 10
302.864736105
 20
167.256394734
 30
0.000000000
 11
302.833677820
 21
167.323316039
 31
0.000000000
  0
LINE
  5
E22
330
A02
100
AcDbEntity
  8
Iso
100
AcDbLine
 10
301.087432585
 20
166.001649026
 30
0.000000000
 11
302.864736105
 21
166.276598837
 31
0.000000000
  0
LINE
  5
E23
330
A02
100
AcDbEntity
  8
Iso
100
AcDbLine
 10
301.087432585
 20
166.981444923
 30
0.000000000
 11
302.864736105
 21
167.256394734
 31
0.000000000
  0
LINE
  5
E24
330
A02
100
AcDbEntity
  8
Iso
100
AcDbLine
 10
300.413414809
 20
166.340087010
 30
0.000000000
 11
300.413414809
 21
166.470726463
 31
0.000000000
  0
LINE
  5
E25
330
A02
100
AcDbEntity
  8
Iso
100
AcDbLine
 10
300.413414809
 20
166.470726463
 30
0.000000000
 11
300.206359572
 21
166.916868491
 31
0.000000000
  0
LINE
  5
E26
330
A02
100
AcDbEntity
  8
Iso
100
AcDbLine
 10
300.413414809
 20
166.340087010
 30
0.000000000
 11
300.149791030
 21
166.908117307
 31
0.000000000
  0
LINE
  5
E27
330
A02
100
AcDbEntity
  8
Iso
100
AcDbLine
 10
303.890747783
 20
166.878032293
 30
0.000000000
 11
303.890747783
 21
167.008671746
 31
0.000000000
  0
LINE
  5
E28
330
A02
100
AcDbEntity
  8
Iso
100
AcDbLine
 10
303.890747783
 20
167.008671746
 30
0.000000000
 11
303.683692547
 21
167.454813775
 31
0.000000000
  0
LINE
  5
E29
330
A02
100
AcDbEntity
  8
Iso
100
AcDbLine
 10
300.413414809
 20
166.340087010
 30
0.000000000
 11
303.890747783
 21
166.878032293
 31
0.000000000
  0
LINE
  5
E2A
330
A02
100
AcDbEntity
  8
Iso
100
AcDbLine
 10
300.413414809
 20
166.470726463
 30
0.000000000
 11
303.890747783
 21
167.008671746
 31
0.000000000
  0
LINE
  5
E2B
330
A02
100
AcDbEntity
  8
Iso
100
AcDbLine
 10
304.960201227
 20
220.708552337
 30
0.000000000
 11
305.808729365
 21
221.198450285
 31
0.000000000
  0
LINE
  5
E2C
330
A02
100
AcDbEntity
  8
Iso
100
AcDbLine
 10
305.808729365
 20
167.962873209
 30
0.000000000
 11
305.808729365
 21
220.218654388
 31
0.000000000
  0
LINE
  5
E2D
330
A02
100
AcDbEntity
  8
Iso
100
AcDbLine
 10
305.808729365
 20
220.218654388
 30
0.000000000
 11
306.657257502
 21
220.708552337
 31
0.000000000
  0
LINE
  5
E2E
330
A02
100
AcDbEntity
  8
Iso
100
AcDbLine
 10
306.657257502
 20
168.452771157
 30
0.000000000
 11
306.657257502
 21
220.708552337
 31
0.000000000
  0
LINE
  5
E2F
330
A02
100
AcDbEntity
  8
Iso
100
AcDbLine
 10
305.808729365
 20
167.962873209
 30
0.000000000
 11
306.657257502
 21
168.452771157
 31
0.000000000
  0
LINE
  5
E30
330
A02
100
AcDbEntity
  8
Iso
100
AcDbLine
 10
304.960201227
 20
220.708552337
 30
0.000000000
 11
305.808729365
 21
220.218654388
 31
0.000000000
  0
LINE
  5
E31
330
A02
100
AcDbEntity
  8
Iso
100
AcDbLine
 10
305.808729365
 20
221.198450285
 30
0.000000000
 11
306.657257502
 21
220.708552337
 31
0.000000000
  0
LINE
  5
E32
330
A02
100
AcDbEntity
  8
Iso
100
AcDbLine
 10
313.967103997
 20
188.349847353
 30
0.000000000
 11
313.967103997
 21
235.969184566
 31
0.000000000
  0
LINE
  5
E33
330
A02
100
AcDbEntity
  8
Iso
100
AcDbLine
 10
313.967103997
 20
239.625832635
 30
0.000000000
 11
313.967103997
 21
240.115730583
 31
0.000000000
  0
LINE
  5
E34
330
A02
100
AcDbEntity
  8
Iso
100
AcDbLine
 10
313.967103997
 20
240.115730583
 30
0.000000000
 11
314.815632134
 21
240.605628532
 31
0.000000000
  0
LINE
  5
E35
330
A02
100
AcDbEntity
  8
Iso
100
AcDbLine
 10
314.815632134
 20
187.501319215
 30
0.000000000
 11
314.815632134
 21
237.797508600
 31
0.000000000
  0
LINE
  5
E36
330
A02
100
AcDbEntity
  8
Iso
100
AcDbLine
 10
314.815632134
 20
239.625832635
 30
0.000000000
 11
315.664160272
 21
240.115730583
 31
0.000000000
  0
LINE
  5
E37
330
A02
100
AcDbEntity
  8
Iso
100
AcDbLine
 10
315.664160272
 20
187.859949404
 30
0.000000000
 11
315.664160272
 21
240.115730583
 31
0.000000000
  0
LINE
  5
E38
330
A02
100
AcDbEntity
  8
Iso
100
AcDbLine
 10
315.239896203
 20
187.615000430
 30
0.000000000
 11
315.664160272
 21
187.859949404
 31
0.000000000
  0
LINE
  5
E39
330
A02
100
AcDbEntity
  8
Iso
100
AcDbLine
 10
313.967103997
 20
240.115730583
 30
0.000000000
 11
314.815632134
 21
239.625832635
 31
0.000000000
  0
LINE
  5
E3A
330
A02
100
AcDbEntity
  8
Iso
100
AcDbLine
 10
314.815632134
 20
240.605628532
 30
0.000000000
 11
315.664160272
 21
240.115730583
 31
0.000000000
  0
LINE
  5
E3B
330
A02
100
AcDbEntity
  8
Iso
100
AcDbLine
 10
315.239896203
 20
187.435685335
 30
0.000000000
 11
315.239896203
 21
188.415481232
 31
0.000000000
  0
LINE
  5
E3C
330
A02
100
AcDbEntity
  8
Iso
100
AcDbLine
 10
315.239896203
 20
188.415481232
 30
0.000000000
 11
314.080785212
 21
188.594796327
 31
0.000000000
  0
LINE
  5
E3D
330
A02
100
AcDbEntity
  8
Iso
100
AcDbLine
 10
306.657257502
 20
168.942669106
 30
0.000000000
 11
315.239896203
 21
187.435685335
 31
0.000000000
  0
LINE
  5
E3E
330
A02
100
AcDbEntity
  8
Iso
100
AcDbLine
 10
306.657257502
 20
169.922465003
 30
0.000000000
 11
315.239896203
 21
188.415481232
 31
0.000000000
  0
LINE
  5
E3F
330
A02
100
AcDbEntity
  8
Iso
100
AcDbLine
 10
306.657257502
 20
172.599317175
 30
0.000000000
 11
314.080785212
 21
188.594796327
 31
0.000000000
  0
LINE
  5
E40
330
A02
100
AcDbEntity
  8
Iso
100
AcDbLine
 10
306.543576288
 20
220.774186217
 30
0.000000000
 11
306.543576288
 21
220.953501311
 31
0.000000000
  0
LINE
  5
E41
330
A02
100
AcDbEntity
  8
Iso
100
AcDbLine
 10
306.543576288
 20
220.953501311
 30
0.000000000
 11
305.384465296
 21
221.132816405
 31
0.000000000
  0
LINE
  5
E42
330
A02
100
AcDbEntity
  8
Iso
100
AcDbLine
 10
305.384465296
 20
220.953501311
 30
0.000000000
 11
305.384465296
 21
221.132816405
 31
0.000000000
  0
LINE
  5
E43
330
A02
100
AcDbEntity
  8
Iso
100
AcDbLine
 10
315.239896203
 20
238.711670618
 30
0.000000000
 11
315.239896203
 21
239.691466515
 31
0.000000000
  0
LINE
  5
E44
330
A02
100
AcDbEntity
  8
Iso
100
AcDbLine
 10
315.239896203
 20
239.691466515
 30
0.000000000
 11
314.080785212
 21
239.870781609
 31
0.000000000
  0
LINE
  5
E45
330
A02
100
AcDbEntity
  8
Iso
100
AcDbLine
 10
306.657257502
 20
220.218654388
 30
0.000000000
 11
315.239896203
 21
238.711670618
 31
0.000000000
  0
LINE
  5
E46
330
A02
100
AcDbEntity
  8
Iso
100
AcDbLine
 10
306.543576288
 20
220.953501311
 30
0.000000000
 11
315.239896203
 21
239.691466515
 31
0.000000000
  0
LINE
  5
E47
330
A02
100
AcDbEntity
  8
Iso
100
AcDbLine
 10
305.384465296
 20
221.132816405
 30
0.000000000
 11
314.080785212
 21
239.870781609
 31
0.000000000
  0
LWPOLYLINE
  5
E48
330
A02
100
AcDbEntity
100
AcDbPolyline
  8
Iso
 90
2
 70
0
 43
0
 10
305.841198665
 20
166.920901356
 10
305.694439706
 20
167.896888044
  0
LWPOLYLINE
  5
E49
330
A02
100
AcDbEntity
100
AcDbPolyline
  8
Iso
 90
2
 70
0
 43
0
 10
307.689091614
 20
169.250755055
 10
307.077583722
 20
166.729631922
  0
LWPOLYLINE
  5
E4A
330
A02
100
AcDbEntity
100
AcDbPolyline
  8
Iso
 90
2
 70
0
 43
0
 10
307.077583722
 20
166.729631922
 10
307.089259224
 20
168.757214716
  0
LINE
  5
E4B
330
A02
100
AcDbEntity
  8
Iso
100
AcDbLine
 10
307.146067192
 20
168.748426492
 30
0.000000000
 11
307.146067192
 21
169.071591993
 31
0.000000000
  0
LINE
  5
E4C
330
A02
100
AcDbEntity
  8
Iso
100
AcDbLine
 10
307.146067192
 20
169.728222390
 30
0.000000000
 11
307.030156093
 21
169.746153899
 31
0.000000000
  0
LINE
  5
E4D
330
A02
100
AcDbEntity
  8
Iso
100
AcDbLine
 10
307.146067192
 20
168.748426492
 30
0.000000000
 11
306.657257502
 21
168.824045615
 31
0.000000000
  0
LINE
  5
E4E
330
A02
100
AcDbEntity
  8
Iso
100
AcDbLine
 10
307.622294235
 20
170.754349055
 30
0.000000000
 11
307.506383136
 21
170.772280565
 31
0.000000000
  0
LINE
  5
E4F
330
A02
100
AcDbEntity
  8
Iso
100
AcDbLine
 10
307.146067192
 20
168.748426492
 30
0.000000000
 11
307.286001958
 21
169.049944009
 31
0.000000000
  0
LINE
  5
E50
330
A02
100
AcDbEntity
  8
Iso
100
AcDbLine
 10
307.146067192
 20
169.728222390
 30
0.000000000
 11
307.622294235
 21
170.754349055
 31
0.000000000
  0
LINE
  5
E51
330
A02
100
AcDbEntity
  8
Iso
100
AcDbLine
 10
307.575135994
 20
169.005214818
 30
0.000000000
 11
307.575135994
 21
169.135854271
 31
0.000000000
  0
LINE
  5
E52
330
A02
100
AcDbEntity
  8
Iso
100
AcDbLine
 10
307.575135994
 20
169.135854271
 30
0.000000000
 11
306.802395333
 21
169.255397667
 31
0.000000000
  0
LINE
  5
E53
330
A02
100
AcDbEntity
  8
Iso
100
AcDbLine
 10
307.575135994
 20
169.005214818
 30
0.000000000
 11
306.745826790
 21
169.133509398
 31
0.000000000
  0
LINE
  5
E54
330
A02
100
AcDbEntity
  8
Iso
100
AcDbLine
 10
308.506884556
 20
171.012853947
 30
0.000000000
 11
308.506884556
 21
171.143493400
 31
0.000000000
  0
LINE
  5
E55
330
A02
100
AcDbEntity
  8
Iso
100
AcDbLine
 10
308.506884556
 20
171.143493400
 30
0.000000000
 11
307.734143895
 21
171.263036796
 31
0.000000000
  0
LINE
  5
E56
330
A02
100
AcDbEntity
  8
Iso
100
AcDbLine
 10
307.575135994
 20
169.005214818
 30
0.000000000
 11
308.506884556
 21
171.012853947
 31
0.000000000
  0
LINE
  5
E57
330
A02
100
AcDbEntity
  8
Iso
100
AcDbLine
 10
307.575135994
 20
169.135854271
 30
0.000000000
 11
308.506884556
 21
171.143493400
 31
0.000000000
  0
LWPOLYLINE
  5
E58
330
A02
100
AcDbEntity
100
AcDbPolyline
  8
Iso
 90
2
 70
0
 43
0
 10
313.088131928
 20
182.535872359
 10
313.004517863
 20
182.619114422
  0
LWPOLYLINE
  5
E59
330
A02
100
AcDbEntity
100
AcDbPolyline
  8
Iso
 90
2
 70
0
 43
0
 10
314.936024877
 20
184.865726058
 10
314.324516985
 20
182.344602925
  0
LWPOLYLINE
  5
E5A
330
A02
100
AcDbEntity
100
AcDbPolyline
  8
Iso
 90
2
 70
0
 43
0
 10
314.324516985
 20
182.344602925
 10
314.336192487
 20
184.372185719
  0
LINE
  5
E5B
330
A02
100
AcDbEntity
  8
Iso
100
AcDbLine
 10
314.393000455
 20
184.363397496
 30
0.000000000
 11
314.393000455
 21
184.686562996
 31
0.000000000
  0
LINE
  5
E5C
330
A02
100
AcDbEntity
  8
Iso
100
AcDbLine
 10
314.393000455
 20
185.343193393
 30
0.000000000
 11
314.277089355
 21
185.361124902
 31
0.000000000
  0
LINE
  5
E5D
330
A02
100
AcDbEntity
  8
Iso
100
AcDbLine
 10
314.393000455
 20
184.363397496
 30
0.000000000
 11
313.852825287
 21
184.446962885
 31
0.000000000
  0
LINE
  5
E5E
330
A02
100
AcDbEntity
  8
Iso
100
AcDbLine
 10
314.869227498
 20
186.369320059
 30
0.000000000
 11
314.753316398
 21
186.387251568
 31
0.000000000
  0
LINE
  5
E5F
330
A02
100
AcDbEntity
  8
Iso
100
AcDbLine
 10
314.393000455
 20
184.363397496
 30
0.000000000
 11
314.532935221
 21
184.664915012
 31
0.000000000
  0
LINE
  5
E60
330
A02
100
AcDbEntity
  8
Iso
100
AcDbLine
 10
314.393000455
 20
185.343193393
 30
0.000000000
 11
314.869227498
 21
186.369320059
 31
0.000000000
  0
LINE
  5
E61
330
A02
100
AcDbEntity
  8
Iso
100
AcDbLine
 10
314.822069257
 20
184.620185821
 30
0.000000000
 11
314.822069257
 21
184.750825274
 31
0.000000000
  0
LINE
  5
E62
330
A02
100
AcDbEntity
  8
Iso
100
AcDbLine
 10
314.822069257
 20
184.750825274
 30
0.000000000
 11
314.049328596
 21
184.870368671
 31
0.000000000
  0
LINE
  5
E63
330
A02
100
AcDbEntity
  8
Iso
100
AcDbLine
 10
312.465953535
 20
185.115317645
 30
0.000000000
 11
312.117476943
 21
185.169227161
 31
0.000000000
  0
LINE
  5
E64
330
A02
100
AcDbEntity
  8
Iso
100
AcDbLine
 10
312.117476943
 20
185.038587708
 30
0.000000000
 11
312.117476943
 21
185.169227161
 31
0.000000000
  0
LINE
  5
E65
330
A02
100
AcDbEntity
  8
Iso
100
AcDbLine
 10
314.822069257
 20
184.620185821
 30
0.000000000
 11
313.992760053
 21
184.748480402
 31
0.000000000
  0
LINE
  5
E66
330
A02
100
AcDbEntity
  8
Iso
100
AcDbLine
 10
312.409384993
 20
184.993429376
 30
0.000000000
 11
312.117476943
 21
185.038587708
 31
0.000000000
  0
LINE
  5
E67
330
A02
100
AcDbEntity
  8
Iso
100
AcDbLine
 10
315.753817819
 20
186.627824950
 30
0.000000000
 11
315.753817819
 21
186.758464403
 31
0.000000000
  0
LINE
  5
E68
330
A02
100
AcDbEntity
  8
Iso
100
AcDbLine
 10
315.753817819
 20
186.758464403
 30
0.000000000
 11
314.981077158
 21
186.878007800
 31
0.000000000
  0
LINE
  5
E69
330
A02
100
AcDbEntity
  8
Iso
100
AcDbLine
 10
313.397702098
 20
187.122956774
 30
0.000000000
 11
313.049225505
 21
187.176866290
 31
0.000000000
  0
LINE
  5
E6A
330
A02
100
AcDbEntity
  8
Iso
100
AcDbLine
 10
314.822069257
 20
184.620185821
 30
0.000000000
 11
315.753817819
 21
186.627824950
 31
0.000000000
  0
LINE
  5
E6B
330
A02
100
AcDbEntity
  8
Iso
100
AcDbLine
 10
314.822069257
 20
184.750825274
 30
0.000000000
 11
315.753817819
 21
186.758464403
 31
0.000000000
  0
LINE
  5
E6C
330
A02
100
AcDbEntity
  8
Iso
100
AcDbLine
 10
312.117476943
 20
185.169227161
 30
0.000000000
 11
313.049225505
 21
187.176866290
 31
0.000000000
  0
LINE
  5
E6D
330
A02
100
AcDbEntity
  8
Iso
100
AcDbLine
 10
248.550142853
 20
172.201098634
 30
0.000000000
 11
249.455239533
 21
172.723656446
 31
0.000000000
  0
LINE
  5
E6E
330
A02
100
AcDbEntity
  8
Iso
100
AcDbLine
 10
247.050142853
 20
174.799174845
 30
0.000000000
 11
247.162813127
 21
174.864225058
 31
0.000000000
  0
LINE
  5
E6F
330
A02
100
AcDbEntity
  8
Iso
100
AcDbLine
 10
268.349132727
 20
160.770146501
 30
0.000000000
 11
269.254229407
 21
161.292704313
 31
0.000000000
  0
LINE
  5
E70
330
A02
100
AcDbEntity
  8
Iso
100
AcDbLine
 10
266.849132727
 20
163.368222712
 30
0.000000000
 11
266.961803000
 21
163.433272925
 31
0.000000000
  0
LINE
  5
E71
330
A02
100
AcDbEntity
  8
Iso
100
AcDbLine
 10
276.270064795
 20
161.569734595
 30
0.000000000
 11
275.938776418
 21
162.283561840
 31
0.000000000
  0
LINE
  5
E72
330
A02
100
AcDbEntity
  8
Iso
100
AcDbLine
 10
273.548846575
 20
160.306812824
 30
0.000000000
 11
273.217558198
 21
161.020640069
 31
0.000000000
  0
LINE
  5
E73
330
A02
100
AcDbEntity
  8
Iso
100
AcDbLine
 10
303.315987931
 20
165.753753465
 30
0.000000000
 11
302.984699554
 21
166.467580711
 31
0.000000000
  0
LINE
  5
E74
330
A02
100
AcDbEntity
  8
Iso
100
AcDbLine
 10
300.594769712
 20
164.490831694
 30
0.000000000
 11
300.263481334
 21
165.204658940
 31
0.000000000
  0
LINE
  5
E75
330
A02
100
AcDbEntity
  8
Iso
100
AcDbLine
 10
307.077583722
 20
166.729631922
 30
0.000000000
 11
305.841198665
 21
166.920901356
 31
0.000000000
  0
LINE
  5
E76
330
A02
100
AcDbEntity
  8
Iso
100
AcDbLine
 10
314.324516985
 20
182.344602925
 30
0.000000000
 11
313.088131928
 21
182.535872359
 31
0.000000000
  0
LINE
  5
E77
330
A02
100
AcDbEntity
  8
Iso
100
AcDbLine
 10
245.848528137
 20
177.680599234
 30
0.000000000
 11
245.848528137
 21
229.936380413
 31
0.000000000
  0
LINE
  5
E78
330
A02
100
AcDbEntity
  8
Iso
100
AcDbLine
 10
245.000000000
 20
177.190701285
 30
0.000000000
 11
245.848528137
 21
177.680599234
 31
0.000000000
  0
LINE
  5
E79
330
A02
100
AcDbEntity
  8
Iso
100
AcDbLine
 10
246.697056275
 20
177.190701285
 30
0.000000000
 11
246.697056275
 21
178.170497182
 31
0.000000000
  0
LINE
  5
E7A
330
A02
100
AcDbEntity
  8
Iso
100
AcDbLine
 10
246.697056275
 20
227.486890670
 30
0.000000000
 11
246.697056275
 21
229.446482465
 31
0.000000000
  0
LINE
  5
E7B
330
A02
100
AcDbEntity
  8
Iso
100
AcDbLine
 10
245.848528137
 20
176.700803337
 30
0.000000000
 11
246.697056275
 21
177.190701285
 31
0.000000000
  0
LINE
  5
E7C
330
A02
100
AcDbEntity
  8
Iso
100
AcDbLine
 10
245.848528137
 20
177.680599234
 30
0.000000000
 11
246.697056275
 21
177.190701285
 31
0.000000000
  0
LINE
  5
E7D
330
A02
100
AcDbEntity
  8
Iso
100
AcDbLine
 10
270.455844123
 20
163.473558726
 30
0.000000000
 11
270.455844123
 21
215.729339905
 31
0.000000000
  0
LINE
  5
E7E
330
A02
100
AcDbEntity
  8
Iso
100
AcDbLine
 10
269.607315985
 20
162.983660777
 30
0.000000000
 11
270.455844123
 21
163.473558726
 31
0.000000000
  0
LINE
  5
E7F
330
A02
100
AcDbEntity
  8
Iso
100
AcDbLine
 10
271.304372260
 20
162.983660777
 30
0.000000000
 11
271.304372260
 21
215.239441956
 31
0.000000000
  0
LINE
  5
E80
330
A02
100
AcDbEntity
  8
Iso
100
AcDbLine
 10
270.823267584
 20
162.705894863
 30
0.000000000
 11
271.304372260
 21
162.983660777
 31
0.000000000
  0
LINE
  5
E81
330
A02
100
AcDbEntity
  8
Iso
100
AcDbLine
 10
270.455844123
 20
163.473558726
 30
0.000000000
 11
271.304372260
 21
162.983660777
 31
0.000000000
  0
LINE
  5
E82
330
A02
100
AcDbEntity
  8
Iso
100
AcDbLine
 10
246.697056275
 20
177.190701285
 30
0.000000000
 11
246.697056275
 21
178.170497182
 31
0.000000000
  0
LINE
  5
E83
330
A02
100
AcDbEntity
  8
Iso
100
AcDbLine
 10
245.848528137
 20
176.700803337
 30
0.000000000
 11
246.697056275
 21
177.190701285
 31
0.000000000
  0
LINE
  5
E84
330
A02
100
AcDbEntity
  8
Iso
100
AcDbLine
 10
269.607315985
 20
163.963456674
 30
0.000000000
 11
270.455844123
 21
164.453354623
 31
0.000000000
  0
LINE
  5
E85
330
A02
100
AcDbEntity
  8
Iso
100
AcDbLine
 10
270.455844123
 20
163.473558726
 30
0.000000000
 11
270.455844123
 21
164.453354623
 31
0.000000000
  0
LINE
  5
E86
330
A02
100
AcDbEntity
  8
Iso
100
AcDbLine
 10
269.607315985
 20
162.983660777
 30
0.000000000
 11
270.455844123
 21
163.473558726
 31
0.000000000
  0
LINE
  5
E87
330
A02
100
AcDbEntity
  8
Iso
100
AcDbLine
 10
246.697056275
 20
177.190701285
 30
0.000000000
 11
270.455844123
 21
163.473558726
 31
0.000000000
  0
LINE
  5
E88
330
A02
100
AcDbEntity
  8
Iso
100
AcDbLine
 10
269.607315985
 20
164.943252571
 30
0.000000000
 11
270.455844123
 21
164.453354623
 31
0.000000000
  0
LINE
  5
E89
330
A02
100
AcDbEntity
  8
Iso
100
AcDbLine
 10
246.697056275
 20
228.466686568
 30
0.000000000
 11
246.697056275
 21
229.446482465
 31
0.000000000
  0
LINE
  5
E8A
330
A02
100
AcDbEntity
  8
Iso
100
AcDbLine
 10
245.848528137
 20
227.976788619
 30
0.000000000
 11
246.697056275
 21
228.466686568
 31
0.000000000
  0
LINE
  5
E8B
330
A02
100
AcDbEntity
  8
Iso
100
AcDbLine
 10
270.455844123
 20
214.749544008
 30
0.000000000
 11
270.455844123
 21
215.729339905
 31
0.000000000
  0
LINE
  5
E8C
330
A02
100
AcDbEntity
  8
Iso
100
AcDbLine
 10
269.607315985
 20
214.259646059
 30
0.000000000
 11
270.455844123
 21
214.749544008
 31
0.000000000
  0
LINE
  5
E8D
330
A02
100
AcDbEntity
  8
Iso
100
AcDbLine
 10
246.697056275
 20
228.466686568
 30
0.000000000
 11
270.455844123
 21
214.749544008
 31
0.000000000
  0
LWPOLYLINE
  5
E8E
330
A02
100
AcDbEntity
100
AcDbPolyline
  8
Iso
 90
2
 70
0
 43
0
 10
248.705239533
 20
175.247439423
 10
249.308757797
 20
174.681404684
  0
LWPOLYLINE
  5
E8F
330
A02
100
AcDbEntity
100
AcDbPolyline
  8
Iso
 90
2
 70
0
 43
0
 10
249.455239533
 20
172.723656446
 10
247.955239533
 20
175.321732657
  0
LWPOLYLINE
  5
E90
330
A02
100
AcDbEntity
100
AcDbPolyline
  8
Iso
 90
2
 70
0
 43
0
 10
247.955239533
 20
175.321732657
 10
248.705239533
 20
175.247439423
  0
LWPOLYLINE
  5
E91
330
A02
100
AcDbEntity
100
AcDbPolyline
  8
Iso
 90
2
 70
0
 43
0
 10
247.800142853
 20
174.724881611
 10
248.403661117
 20
174.158846872
  0
LWPOLYLINE
  5
E92
330
A02
100
AcDbEntity
100
AcDbPolyline
  8
Iso
 90
2
 70
0
 43
0
 10
247.183052909
 20
174.852539614
 10
247.800142853
 20
174.724881611
  0
LINE
  5
E93
330
A02
100
AcDbEntity
  8
Iso
100
AcDbLine
 10
247.093036072
 20
175.198449628
 30
0.000000000
 11
247.093036072
 21
175.884306756
 31
0.000000000
  0
LINE
  5
E94
330
A02
100
AcDbEntity
  8
Iso
100
AcDbLine
 10
247.177888886
 20
175.933296551
 30
0.000000000
 11
248.111269837
 21
176.472184294
 31
0.000000000
  0
LINE
  5
E95
330
A02
100
AcDbEntity
  8
Iso
100
AcDbLine
 10
248.111269837
 20
175.492388397
 30
0.000000000
 11
248.111269837
 21
176.472184294
 31
0.000000000
  0
LINE
  5
E96
330
A02
100
AcDbEntity
  8
Iso
100
AcDbLine
 10
247.093036072
 20
174.904510859
 30
0.000000000
 11
248.111269837
 21
175.492388397
 31
0.000000000
  0
LINE
  5
E97
330
A02
100
AcDbEntity
  8
Iso
100
AcDbLine
 10
248.394112550
 20
174.447272773
 30
0.000000000
 11
248.394112550
 21
175.133129901
 31
0.000000000
  0
LINE
  5
E98
330
A02
100
AcDbEntity
  8
Iso
100
AcDbLine
 10
248.478965363
 20
175.182119696
 30
0.000000000
 11
249.412346315
 21
175.721007440
 31
0.000000000
  0
LINE
  5
E99
330
A02
100
AcDbEntity
  8
Iso
100
AcDbLine
 10
249.412346315
 20
174.741211542
 30
0.000000000
 11
249.412346315
 21
175.721007440
 31
0.000000000
  0
LINE
  5
E9A
330
A02
100
AcDbEntity
  8
Iso
100
AcDbLine
 10
249.327493501
 20
174.692221748
 30
0.000000000
 11
249.412346315
 21
174.741211542
 31
0.000000000
  0
LINE
  5
E9B
330
A02
100
AcDbEntity
  8
Iso
100
AcDbLine
 10
248.111269837
 20
175.492388397
 30
0.000000000
 11
249.412346315
 21
174.741211542
 31
0.000000000
  0
LINE
  5
E9C
330
A02
100
AcDbEntity
  8
Iso
100
AcDbLine
 10
248.111269837
 20
176.472184294
 30
0.000000000
 11
249.412346315
 21
175.721007440
 31
0.000000000
  0
LINE
  5
E9D
330
A02
100
AcDbEntity
  8
Iso
100
AcDbLine
 10
246.555634919
 20
176.292555046
 30
0.000000000
 11
247.969848481
 21
177.109051627
 31
0.000000000
  0
LINE
  5
E9E
330
A02
100
AcDbEntity
  8
Iso
100
AcDbLine
 10
247.969848481
 20
176.978412174
 30
0.000000000
 11
247.969848481
 21
177.109051627
 31
0.000000000
  0
LINE
  5
E9F
330
A02
100
AcDbEntity
  8
Iso
100
AcDbLine
 10
245.989949494
 20
175.835316961
 30
0.000000000
 11
247.969848481
 21
176.978412174
 31
0.000000000
  0
LINE
  5
EA0
330
A02
100
AcDbEntity
  8
Iso
100
AcDbLine
 10
249.101219331
 20
174.822861201
 30
0.000000000
 11
250.515432893
 21
175.639357781
 31
0.000000000
  0
LINE
  5
EA1
330
A02
100
AcDbEntity
  8
Iso
100
AcDbLine
 10
250.515432893
 20
175.508718329
 30
0.000000000
 11
250.515432893
 21
175.639357781
 31
0.000000000
  0
LINE
  5
EA2
330
A02
100
AcDbEntity
  8
Iso
100
AcDbLine
 10
249.214356416
 20
174.757541474
 30
0.000000000
 11
250.515432893
 21
175.508718329
 31
0.000000000
  0
LINE
  5
EA3
330
A02
100
AcDbEntity
  8
Iso
100
AcDbLine
 10
247.969848481
 20
176.978412174
 30
0.000000000
 11
250.515432893
 21
175.508718329
 31
0.000000000
  0
LINE
  5
EA4
330
A02
100
AcDbEntity
  8
Iso
100
AcDbLine
 10
247.969848481
 20
177.109051627
 30
0.000000000
 11
250.515432893
 21
175.639357781
 31
0.000000000
  0
LWPOLYLINE
  5
EA5
330
A02
100
AcDbEntity
100
AcDbPolyline
  8
Iso
 90
2
 70
0
 43
0
 10
268.504229407
 20
163.816487290
 10
269.107747670
 20
163.250452551
  0
LWPOLYLINE
  5
EA6
330
A02
100
AcDbEntity
100
AcDbPolyline
  8
Iso
 90
2
 70
0
 43
0
 10
269.254229407
 20
161.292704313
 10
267.754229407
 20
163.890780524
  0
LWPOLYLINE
  5
EA7
330
A02
100
AcDbEntity
100
AcDbPolyline
  8
Iso
 90
2
 70
0
 43
0
 10
267.754229407
 20
163.890780524
 10
268.504229407
 20
163.816487290
  0
LWPOLYLINE
  5
EA8
330
A02
100
AcDbEntity
100
AcDbPolyline
  8
Iso
 90
2
 70
0
 43
0
 10
267.599132727
 20
163.293929478
 10
268.202650990
 20
162.727894739
  0
LWPOLYLINE
  5
EA9
330
A02
100
AcDbEntity
100
AcDbPolyline
  8
Iso
 90
2
 70
0
 43
0
 10
266.982042782
 20
163.421587481
 10
267.599132727
 20
163.293929478
  0
LINE
  5
EAA
330
A02
100
AcDbEntity
  8
Iso
100
AcDbLine
 10
266.892025946
 20
163.767497495
 30
0.000000000
 11
266.892025946
 21
164.453354623
 31
0.000000000
  0
LINE
  5
EAB
330
A02
100
AcDbEntity
  8
Iso
100
AcDbLine
 10
266.976878759
 20
164.502344418
 30
0.000000000
 11
267.910259710
 21
165.041232161
 31
0.000000000
  0
LINE
  5
EAC
330
A02
100
AcDbEntity
  8
Iso
100
AcDbLine
 10
267.910259710
 20
164.061436264
 30
0.000000000
 11
267.910259710
 21
165.041232161
 31
0.000000000
  0
LINE
  5
EAD
330
A02
100
AcDbEntity
  8
Iso
100
AcDbLine
 10
266.892025946
 20
163.473558726
 30
0.000000000
 11
267.910259710
 21
164.061436264
 31
0.000000000
  0
LINE
  5
EAE
330
A02
100
AcDbEntity
  8
Iso
100
AcDbLine
 10
268.193102423
 20
163.016320640
 30
0.000000000
 11
268.193102423
 21
163.702177768
 31
0.000000000
  0
LINE
  5
EAF
330
A02
100
AcDbEntity
  8
Iso
100
AcDbLine
 10
268.277955237
 20
163.751167563
 30
0.000000000
 11
269.211336188
 21
164.290055307
 31
0.000000000
  0
LINE
  5
EB0
330
A02
100
AcDbEntity
  8
Iso
100
AcDbLine
 10
269.211336188
 20
163.310259409
 30
0.000000000
 11
269.211336188
 21
164.290055307
 31
0.000000000
  0
LINE
  5
EB1
330
A02
100
AcDbEntity
  8
Iso
100
AcDbLine
 10
269.126483374
 20
163.261269615
 30
0.000000000
 11
269.211336188
 21
163.310259409
 31
0.000000000
  0
LINE
  5
EB2
330
A02
100
AcDbEntity
  8
Iso
100
AcDbLine
 10
267.910259710
 20
164.061436264
 30
0.000000000
 11
269.211336188
 21
163.310259409
 31
0.000000000
  0
LINE
  5
EB3
330
A02
100
AcDbEntity
  8
Iso
100
AcDbLine
 10
267.910259710
 20
165.041232161
 30
0.000000000
 11
269.211336188
 21
164.290055307
 31
0.000000000
  0
LINE
  5
EB4
330
A02
100
AcDbEntity
  8
Iso
100
AcDbLine
 10
266.354624792
 20
164.861602913
 30
0.000000000
 11
267.768838354
 21
165.678099494
 31
0.000000000
  0
LINE
  5
EB5
330
A02
100
AcDbEntity
  8
Iso
100
AcDbLine
 10
267.768838354
 20
165.547460041
 30
0.000000000
 11
267.768838354
 21
165.678099494
 31
0.000000000
  0
LINE
  5
EB6
330
A02
100
AcDbEntity
  8
Iso
100
AcDbLine
 10
265.788939367
 20
164.404364828
 30
0.000000000
 11
267.768838354
 21
165.547460041
 31
0.000000000
  0
LINE
  5
EB7
330
A02
100
AcDbEntity
  8
Iso
100
AcDbLine
 10
268.900209204
 20
163.391909068
 30
0.000000000
 11
270.314422766
 21
164.208405649
 31
0.000000000
  0
LINE
  5
EB8
330
A02
100
AcDbEntity
  8
Iso
100
AcDbLine
 10
270.314422766
 20
164.077766196
 30
0.000000000
 11
270.314422766
 21
164.208405649
 31
0.000000000
  0
LINE
  5
EB9
330
A02
100
AcDbEntity
  8
Iso
100
AcDbLine
 10
269.013346289
 20
163.326589341
 30
0.000000000
 11
270.314422766
 21
164.077766196
 31
0.000000000
  0
LINE
  5
EBA
330
A02
100
AcDbEntity
  8
Iso
100
AcDbLine
 10
267.768838354
 20
165.547460041
 30
0.000000000
 11
270.314422766
 21
164.077766196
 31
0.000000000
  0
LINE
  5
EBB
330
A02
100
AcDbEntity
  8
Iso
100
AcDbLine
 10
267.768838354
 20
165.678099494
 30
0.000000000
 11
270.314422766
 21
164.208405649
 31
0.000000000
  0
LINE
  5
EBC
330
A02
100
AcDbEntity
  8
Iso
100
AcDbLine
 10
270.611135550
 20
162.828369350
 30
0.000000000
 11
270.611135550
 21
215.084150529
 31
0.000000000
  0
LINE
  5
EBD
330
A02
100
AcDbEntity
  8
Iso
100
AcDbLine
 10
271.459663687
 20
163.318267299
 30
0.000000000
 11
271.459663687
 21
215.574048478
 31
0.000000000
  0
LINE
  5
EBE
330
A02
100
AcDbEntity
  8
Iso
100
AcDbLine
 10
270.611135550
 20
162.828369350
 30
0.000000000
 11
271.459663687
 21
163.318267299
 31
0.000000000
  0
LINE
  5
EBF
330
A02
100
AcDbEntity
  8
Iso
100
AcDbLine
 10
272.308191825
 20
162.828369350
 30
0.000000000
 11
272.308191825
 21
163.580802818
 31
0.000000000
  0
LINE
  5
EC0
330
A02
100
AcDbEntity
  8
Iso
100
AcDbLine
 10
272.308191825
 20
213.876992203
 30
0.000000000
 11
272.308191825
 21
215.084150529
 31
0.000000000
  0
LINE
  5
EC1
330
A02
100
AcDbEntity
  8
Iso
100
AcDbLine
 10
272.128876730
 20
162.724841732
 30
0.000000000
 11
272.308191825
 21
162.828369350
 31
0.000000000
  0
LINE
  5
EC2
330
A02
100
AcDbEntity
  8
Iso
100
AcDbLine
 10
270.611135550
 20
162.828369350
 30
0.000000000
 11
270.823267584
 21
162.705894863
 31
0.000000000
  0
LINE
  5
EC3
330
A02
100
AcDbEntity
  8
Iso
100
AcDbLine
 10
271.459663687
 20
163.318267299
 30
0.000000000
 11
272.308191825
 21
162.828369350
 31
0.000000000
  0
LINE
  5
EC4
330
A02
100
AcDbEntity
  8
Iso
100
AcDbLine
 10
304.225354305
 20
168.028507089
 30
0.000000000
 11
304.225354305
 21
168.518405037
 31
0.000000000
  0
LINE
  5
EC5
330
A02
100
AcDbEntity
  8
Iso
100
AcDbLine
 10
304.225354305
 20
218.814594422
 30
0.000000000
 11
304.225354305
 21
220.284288268
 31
0.000000000
  0
LINE
  5
EC6
330
A02
100
AcDbEntity
  8
Iso
100
AcDbLine
 10
305.073882442
 20
168.518405037
 30
0.000000000
 11
305.073882442
 21
220.774186217
 31
0.000000000
  0
LINE
  5
EC7
330
A02
100
AcDbEntity
  8
Iso
100
AcDbLine
 10
304.225354305
 20
168.028507089
 30
0.000000000
 11
305.073882442
 21
168.518405037
 31
0.000000000
  0
LINE
  5
EC8
330
A02
100
AcDbEntity
  8
Iso
100
AcDbLine
 10
304.225354305
 20
168.028507089
 30
0.000000000
 11
304.649618373
 21
167.783558114
 31
0.000000000
  0
LINE
  5
EC9
330
A02
100
AcDbEntity
  8
Iso
100
AcDbLine
 10
305.073882442
 20
168.518405037
 30
0.000000000
 11
305.922410579
 21
168.028507089
 31
0.000000000
  0
LINE
  5
ECA
330
A02
100
AcDbEntity
  8
Iso
100
AcDbLine
 10
272.194510610
 20
163.563216273
 30
0.000000000
 11
271.883927756
 21
164.232429316
 31
0.000000000
  0
LINE
  5
ECB
330
A02
100
AcDbEntity
  8
Iso
100
AcDbLine
 10
271.883927756
 20
163.252633419
 30
0.000000000
 11
271.883927756
 21
164.232429316
 31
0.000000000
  0
LINE
  5
ECC
330
A02
100
AcDbEntity
  8
Iso
100
AcDbLine
 10
272.128876730
 20
162.724841732
 30
0.000000000
 11
271.883927756
 21
163.252633419
 31
0.000000000
  0
LINE
  5
ECD
330
A02
100
AcDbEntity
  8
Iso
100
AcDbLine
 10
304.649618373
 20
168.584038917
 30
0.000000000
 11
304.339035519
 21
169.253251960
 31
0.000000000
  0
LINE
  5
ECE
330
A02
100
AcDbEntity
  8
Iso
100
AcDbLine
 10
304.339035519
 20
168.273456063
 30
0.000000000
 11
304.339035519
 21
169.253251960
 31
0.000000000
  0
LINE
  5
ECF
330
A02
100
AcDbEntity
  8
Iso
100
AcDbLine
 10
304.649618373
 20
167.604243020
 30
0.000000000
 11
304.339035519
 21
168.273456063
 31
0.000000000
  0
LINE
  5
ED0
330
A02
100
AcDbEntity
  8
Iso
100
AcDbLine
 10
271.883927756
 20
163.252633419
 30
0.000000000
 11
304.339035519
 21
168.273456063
 31
0.000000000
  0
LINE
  5
ED1
330
A02
100
AcDbEntity
  8
Iso
100
AcDbLine
 10
271.883927756
 20
164.232429316
 30
0.000000000
 11
272.308191825
 21
164.298063196
 31
0.000000000
  0
LINE
  5
ED2
330
A02
100
AcDbEntity
  8
Iso
100
AcDbLine
 10
304.225354305
 20
169.235665415
 30
0.000000000
 11
304.339035519
 21
169.253251960
 31
0.000000000
  0
LINE
  5
ED3
330
A02
100
AcDbEntity
  8
Iso
100
AcDbLine
 10
271.883927756
 20
214.528618701
 30
0.000000000
 11
271.883927756
 21
215.329099504
 31
0.000000000
  0
LINE
  5
ED4
330
A02
100
AcDbEntity
  8
Iso
100
AcDbLine
 10
272.194510610
 20
213.859405658
 30
0.000000000
 11
271.883927756
 21
214.528618701
 31
0.000000000
  0
LINE
  5
ED5
330
A02
100
AcDbEntity
  8
Iso
100
AcDbLine
 10
304.339035519
 20
219.549441345
 30
0.000000000
 11
304.339035519
 21
220.529237242
 31
0.000000000
  0
LINE
  5
ED6
330
A02
100
AcDbEntity
  8
Iso
100
AcDbLine
 10
304.649618373
 20
218.880228302
 30
0.000000000
 11
304.339035519
 21
219.549441345
 31
0.000000000
  0
LINE
  5
ED7
330
A02
100
AcDbEntity
  8
Iso
100
AcDbLine
 10
271.883927756
 20
214.528618701
 30
0.000000000
 11
304.339035519
 21
219.549441345
 31
0.000000000
  0
LWPOLYLINE
  5
ED8
330
A02
100
AcDbEntity
100
AcDbPolyline
  8
Iso
 90
2
 70
0
 43
0
 10
274.578167308
 20
162.876845826
 10
275.818812969
 20
162.476637145
  0
LWPOLYLINE
  5
ED9
330
A02
100
AcDbEntity
100
AcDbPolyline
  8
Iso
 90
2
 70
0
 43
0
 10
275.938776418
 20
162.283561840
 10
273.217558198
 20
161.020640069
  0
LWPOLYLINE
  5
EDA
330
A02
100
AcDbEntity
100
AcDbPolyline
  8
Iso
 90
2
 70
0
 43
0
 10
273.382118355
 20
162.158330895
 10
274.578167308
 20
162.876845826
  0
LWPOLYLINE
  5
EDB
330
A02
100
AcDbEntity
100
AcDbPolyline
  8
Iso
 90
2
 70
0
 43
0
 10
274.909455685
 20
162.163018580
 10
275.722692278
 20
162.077710044
  0
LWPOLYLINE
  5
EDC
330
A02
100
AcDbEntity
100
AcDbPolyline
  8
Iso
 90
2
 70
0
 43
0
 10
274.096219093
 20
161.826093767
 10
274.909455685
 20
162.163018580
  0
LINE
  5
EDD
330
A02
100
AcDbEntity
  8
Iso
100
AcDbLine
 10
274.041509449
 20
162.260339052
 30
0.000000000
 11
274.041509449
 21
162.797426053
 31
0.000000000
  0
LINE
  5
EDE
330
A02
100
AcDbEntity
  8
Iso
100
AcDbLine
 10
274.010451163
 20
162.864347357
 30
0.000000000
 11
273.668810024
 21
163.600481704
 31
0.000000000
  0
LINE
  5
EDF
330
A02
100
AcDbEntity
  8
Iso
100
AcDbLine
 10
273.668810024
 20
162.620685807
 30
0.000000000
 11
273.668810024
 21
163.600481704
 31
0.000000000
  0
LINE
  5
EE0
330
A02
100
AcDbEntity
  8
Iso
100
AcDbLine
 10
273.849810873
 20
162.230683180
 30
0.000000000
 11
273.668810024
 21
162.620685807
 31
0.000000000
  0
LINE
  5
EE1
330
A02
100
AcDbEntity
  8
Iso
100
AcDbLine
 10
275.818812969
 20
162.535288864
 30
0.000000000
 11
275.818812969
 21
163.072375864
 31
0.000000000
  0
LINE
  5
EE2
330
A02
100
AcDbEntity
  8
Iso
100
AcDbLine
 10
275.787754684
 20
163.139297169
 30
0.000000000
 11
275.446113544
 21
163.875431516
 31
0.000000000
  0
LINE
  5
EE3
330
A02
100
AcDbEntity
  8
Iso
100
AcDbLine
 10
275.446113544
 20
162.895635619
 30
0.000000000
 11
275.446113544
 21
163.875431516
 31
0.000000000
  0
LINE
  5
EE4
330
A02
100
AcDbEntity
  8
Iso
100
AcDbLine
 10
275.818812969
 20
162.092579967
 30
0.000000000
 11
275.446113544
 21
162.895635619
 31
0.000000000
  0
LINE
  5
EE5
330
A02
100
AcDbEntity
  8
Iso
100
AcDbLine
 10
273.668810024
 20
162.620685807
 30
0.000000000
 11
275.446113544
 21
162.895635619
 31
0.000000000
  0
LINE
  5
EE6
330
A02
100
AcDbEntity
  8
Iso
100
AcDbLine
 10
273.668810024
 20
163.600481704
 30
0.000000000
 11
275.446113544
 21
163.875431516
 31
0.000000000
  0
LINE
  5
EE7
330
A02
100
AcDbEntity
  8
Iso
100
AcDbLine
 10
273.160436436
 20
162.732849621
 30
0.000000000
 11
272.642798346
 21
163.848204693
 31
0.000000000
  0
LINE
  5
EE8
330
A02
100
AcDbEntity
  8
Iso
100
AcDbLine
 10
272.642798346
 20
163.717565240
 30
0.000000000
 11
272.642798346
 21
163.848204693
 31
0.000000000
  0
LINE
  5
EE9
330
A02
100
AcDbEntity
  8
Iso
100
AcDbLine
 10
273.103867894
 20
162.724098437
 30
0.000000000
 11
272.642798346
 21
163.717565240
 31
0.000000000
  0
LINE
  5
EEA
330
A02
100
AcDbEntity
  8
Iso
100
AcDbLine
 10
276.637769411
 20
163.270794904
 30
0.000000000
 11
276.120131321
 21
164.386149976
 31
0.000000000
  0
LINE
  5
EEB
330
A02
100
AcDbEntity
  8
Iso
100
AcDbLine
 10
276.120131321
 20
164.255510523
 30
0.000000000
 11
276.120131321
 21
164.386149976
 31
0.000000000
  0
LINE
  5
EEC
330
A02
100
AcDbEntity
  8
Iso
100
AcDbLine
 10
276.844824647
 20
162.694013423
 30
0.000000000
 11
276.120131321
 21
164.255510523
 31
0.000000000
  0
LINE
  5
EED
330
A02
100
AcDbEntity
  8
Iso
100
AcDbLine
 10
272.642798346
 20
163.717565240
 30
0.000000000
 11
276.120131321
 21
164.255510523
 31
0.000000000
  0
LINE
  5
EEE
330
A02
100
AcDbEntity
  8
Iso
100
AcDbLine
 10
272.642798346
 20
163.848204693
 30
0.000000000
 11
276.120131321
 21
164.386149976
 31
0.000000000
  0
LWPOLYLINE
  5
EEF
330
A02
100
AcDbEntity
100
AcDbPolyline
  8
Iso
 90
2
 70
0
 43
0
 10
301.624090444
 20
167.060864696
 10
302.864736105
 20
166.660656015
  0
LWPOLYLINE
  5
EF0
330
A02
100
AcDbEntity
100
AcDbPolyline
  8
Iso
 90
2
 70
0
 43
0
 10
302.984699554
 20
166.467580711
 10
300.263481334
 20
165.204658940
  0
LWPOLYLINE
  5
EF1
330
A02
100
AcDbEntity
100
AcDbPolyline
  8
Iso
 90
2
 70
0
 43
0
 10
300.428041492
 20
166.342349765
 10
301.624090444
 20
167.060864696
  0
LWPOLYLINE
  5
EF2
330
A02
100
AcDbEntity
100
AcDbPolyline
  8
Iso
 90
2
 70
0
 43
0
 10
301.955378822
 20
166.347037451
 10
302.768615414
 20
166.261728914
  0
LWPOLYLINE
  5
EF3
330
A02
100
AcDbEntity
100
AcDbPolyline
  8
Iso
 90
2
 70
0
 43
0
 10
301.142142229
 20
166.010112637
 10
301.955378822
 20
166.347037451
  0
LINE
  5
EF4
330
A02
100
AcDbEntity
  8
Iso
100
AcDbLine
 10
301.087432585
 20
166.444357923
 30
0.000000000
 11
301.087432585
 21
166.981444923
 31
0.000000000
  0
LINE
  5
EF5
330
A02
100
AcDbEntity
  8
Iso
100
AcDbLine
 10
301.056374300
 20
167.048366227
 30
0.000000000
 11
300.714733160
 21
167.784500574
 31
0.000000000
  0
LINE
  5
EF6
330
A02
100
AcDbEntity
  8
Iso
100
AcDbLine
 10
300.714733160
 20
166.804704677
 30
0.000000000
 11
300.714733160
 21
167.784500574
 31
0.000000000
  0
LINE
  5
EF7
330
A02
100
AcDbEntity
  8
Iso
100
AcDbLine
 10
300.895734009
 20
166.414702050
 30
0.000000000
 11
300.714733160
 21
166.804704677
 31
0.000000000
  0
LINE
  5
EF8
330
A02
100
AcDbEntity
  8
Iso
100
AcDbLine
 10
302.864736105
 20
166.719307734
 30
0.000000000
 11
302.864736105
 21
167.256394734
 31
0.000000000
  0
LINE
  5
EF9
330
A02
100
AcDbEntity
  8
Iso
100
AcDbLine
 10
302.833677820
 20
167.323316039
 30
0.000000000
 11
302.492036680
 21
168.059450386
 31
0.000000000
  0
LINE
  5
EFA
330
A02
100
AcDbEntity
  8
Iso
100
AcDbLine
 10
302.492036680
 20
167.079654489
 30
0.000000000
 11
302.492036680
 21
168.059450386
 31
0.000000000
  0
LINE
  5
EFB
330
A02
100
AcDbEntity
  8
Iso
100
AcDbLine
 10
302.864736105
 20
166.276598837
 30
0.000000000
 11
302.492036680
 21
167.079654489
 31
0.000000000
  0
LINE
  5
EFC
330
A02
100
AcDbEntity
  8
Iso
100
AcDbLine
 10
300.714733160
 20
166.804704677
 30
0.000000000
 11
302.492036680
 21
167.079654489
 31
0.000000000
  0
LINE
  5
EFD
330
A02
100
AcDbEntity
  8
Iso
100
AcDbLine
 10
300.714733160
 20
167.784500574
 30
0.000000000
 11
302.492036680
 21
168.059450386
 31
0.000000000
  0
LINE
  5
EFE
330
A02
100
AcDbEntity
  8
Iso
100
AcDbLine
 10
300.206359572
 20
166.916868491
 30
0.000000000
 11
299.688721482
 21
168.032223563
 31
0.000000000
  0
LINE
  5
EFF
330
A02
100
AcDbEntity
  8
Iso
100
AcDbLine
 10
299.688721482
 20
167.901584110
 30
0.000000000
 11
299.688721482
 21
168.032223563
 31
0.000000000
  0
LINE
  5
F00
330
A02
100
AcDbEntity
  8
Iso
100
AcDbLine
 10
300.149791030
 20
166.908117307
 30
0.000000000
 11
299.688721482
 21
167.901584110
 31
0.000000000
  0
LINE
  5
F01
330
A02
100
AcDbEntity
  8
Iso
100
AcDbLine
 10
303.683692547
 20
167.454813775
 30
0.000000000
 11
303.166054457
 21
168.570168846
 31
0.000000000
  0
LINE
  5
F02
330
A02
100
AcDbEntity
  8
Iso
100
AcDbLine
 10
303.166054457
 20
168.439529393
 30
0.000000000
 11
303.166054457
 21
168.570168846
 31
0.000000000
  0
LINE
  5
F03
330
A02
100
AcDbEntity
  8
Iso
100
AcDbLine
 10
303.890747783
 20
166.878032293
 30
0.000000000
 11
303.166054457
 21
168.439529393
 31
0.000000000
  0
LINE
  5
F04
330
A02
100
AcDbEntity
  8
Iso
100
AcDbLine
 10
299.688721482
 20
167.901584110
 30
0.000000000
 11
303.166054457
 21
168.439529393
 31
0.000000000
  0
LINE
  5
F05
330
A02
100
AcDbEntity
  8
Iso
100
AcDbLine
 10
299.688721482
 20
168.032223563
 30
0.000000000
 11
303.166054457
 21
168.570168846
 31
0.000000000
  0
LINE
  5
F06
330
A02
100
AcDbEntity
  8
Iso
100
AcDbLine
 10
304.960201227
 20
168.452771157
 30
0.000000000
 11
304.960201227
 21
220.708552337
 31
0.000000000
  0
LINE
  5
F07
330
A02
100
AcDbEntity
  8
Iso
100
AcDbLine
 10
305.808729365
 20
168.942669106
 30
0.000000000
 11
305.808729365
 21
221.198450285
 31
0.000000000
  0
LINE
  5
F08
330
A02
100
AcDbEntity
  8
Iso
100
AcDbLine
 10
304.960201227
 20
168.452771157
 30
0.000000000
 11
305.808729365
 21
168.942669106
 31
0.000000000
  0
LINE
  5
F09
330
A02
100
AcDbEntity
  8
Iso
100
AcDbLine
 10
304.960201227
 20
168.452771157
 30
0.000000000
 11
305.808729365
 21
167.962873209
 31
0.000000000
  0
LINE
  5
F0A
330
A02
100
AcDbEntity
  8
Iso
100
AcDbLine
 10
305.808729365
 20
168.942669106
 30
0.000000000
 11
306.657257502
 21
168.452771157
 31
0.000000000
  0
LINE
  5
F0B
330
A02
100
AcDbEntity
  8
Iso
100
AcDbLine
 10
313.967103997
 20
187.859949404
 30
0.000000000
 11
313.967103997
 21
188.349847353
 31
0.000000000
  0
LINE
  5
F0C
330
A02
100
AcDbEntity
  8
Iso
100
AcDbLine
 10
313.967103997
 20
235.969184566
 30
0.000000000
 11
313.967103997
 21
239.625832635
 31
0.000000000
  0
LINE
  5
F0D
330
A02
100
AcDbEntity
  8
Iso
100
AcDbLine
 10
314.815632134
 20
188.349847353
 30
0.000000000
 11
314.815632134
 21
240.605628532
 31
0.000000000
  0
LINE
  5
F0E
330
A02
100
AcDbEntity
  8
Iso
100
AcDbLine
 10
313.967103997
 20
187.859949404
 30
0.000000000
 11
314.815632134
 21
188.349847353
 31
0.000000000
  0
LINE
  5
F0F
330
A02
100
AcDbEntity
  8
Iso
100
AcDbLine
 10
314.815632134
 20
187.370051455
 30
0.000000000
 11
314.815632134
 21
187.501319215
 31
0.000000000
  0
LINE
  5
F10
330
A02
100
AcDbEntity
  8
Iso
100
AcDbLine
 10
314.815632134
 20
237.797508600
 30
0.000000000
 11
314.815632134
 21
239.625832635
 31
0.000000000
  0
LINE
  5
F11
330
A02
100
AcDbEntity
  8
Iso
100
AcDbLine
 10
314.815632134
 20
187.370051455
 30
0.000000000
 11
315.239896203
 21
187.615000430
 31
0.000000000
  0
LINE
  5
F12
330
A02
100
AcDbEntity
  8
Iso
100
AcDbLine
 10
313.967103997
 20
187.859949404
 30
0.000000000
 11
314.815632134
 21
187.370051455
 31
0.000000000
  0
LINE
  5
F13
330
A02
100
AcDbEntity
  8
Iso
100
AcDbLine
 10
314.815632134
 20
188.349847353
 30
0.000000000
 11
315.664160272
 21
187.859949404
 31
0.000000000
  0
LINE
  5
F14
330
A02
100
AcDbEntity
  8
Iso
100
AcDbLine
 10
306.543576288
 20
168.697720132
 30
0.000000000
 11
306.543576288
 21
169.677516029
 31
0.000000000
  0
LINE
  5
F15
330
A02
100
AcDbEntity
  8
Iso
100
AcDbLine
 10
306.543576288
 20
169.677516029
 30
0.000000000
 11
305.384465296
 21
169.856831123
 31
0.000000000
  0
LINE
  5
F16
330
A02
100
AcDbEntity
  8
Iso
100
AcDbLine
 10
305.384465296
 20
168.877035226
 30
0.000000000
 11
305.384465296
 21
169.856831123
 31
0.000000000
  0
LINE
  5
F17
330
A02
100
AcDbEntity
  8
Iso
100
AcDbLine
 10
306.543576288
 20
168.697720132
 30
0.000000000
 11
305.384465296
 21
168.877035226
 31
0.000000000
  0
LINE
  5
F18
330
A02
100
AcDbEntity
  8
Iso
100
AcDbLine
 10
314.080785212
 20
187.615000430
 30
0.000000000
 11
314.080785212
 21
188.594796327
 31
0.000000000
  0
LINE
  5
F19
330
A02
100
AcDbEntity
  8
Iso
100
AcDbLine
 10
315.239896203
 20
187.435685335
 30
0.000000000
 11
314.080785212
 21
187.615000430
 31
0.000000000
  0
LINE
  5
F1A
330
A02
100
AcDbEntity
  8
Iso
100
AcDbLine
 10
306.543576288
 20
168.697720132
 30
0.000000000
 11
306.657257502
 21
168.942669106
 31
0.000000000
  0
LINE
  5
F1B
330
A02
100
AcDbEntity
  8
Iso
100
AcDbLine
 10
306.543576288
 20
169.677516029
 30
0.000000000
 11
306.657257502
 21
169.922465003
 31
0.000000000
  0
LINE
  5
F1C
330
A02
100
AcDbEntity
  8
Iso
100
AcDbLine
 10
305.384465296
 20
168.877035226
 30
0.000000000
 11
314.080785212
 21
187.615000430
 31
0.000000000
  0
LINE
  5
F1D
330
A02
100
AcDbEntity
  8
Iso
100
AcDbLine
 10
305.384465296
 20
169.856831123
 30
0.000000000
 11
306.657257502
 21
172.599317175
 31
0.000000000
  0
LINE
  5
F1E
330
A02
100
AcDbEntity
  8
Iso
100
AcDbLine
 10
306.543576288
 20
219.973705414
 30
0.000000000
 11
306.543576288
 21
220.774186217
 31
0.000000000
  0
LINE
  5
F1F
330
A02
100
AcDbEntity
  8
Iso
100
AcDbLine
 10
305.384465296
 20
220.153020508
 30
0.000000000
 11
305.384465296
 21
220.953501311
 31
0.000000000
  0
LINE
  5
F20
330
A02
100
AcDbEntity
  8
Iso
100
AcDbLine
 10
306.543576288
 20
219.973705414
 30
0.000000000
 11
305.384465296
 21
220.153020508
 31
0.000000000
  0
LINE
  5
F21
330
A02
100
AcDbEntity
  8
Iso
100
AcDbLine
 10
314.080785212
 20
238.890985712
 30
0.000000000
 11
314.080785212
 21
239.870781609
 31
0.000000000
  0
LINE
  5
F22
330
A02
100
AcDbEntity
  8
Iso
100
AcDbLine
 10
315.239896203
 20
238.711670618
 30
0.000000000
 11
314.080785212
 21
238.890985712
 31
0.000000000
  0
LINE
  5
F23
330
A02
100
AcDbEntity
  8
Iso
100
AcDbLine
 10
306.543576288
 20
219.973705414
 30
0.000000000
 11
306.657257502
 21
220.218654388
 31
0.000000000
  0
LINE
  5
F24
330
A02
100
AcDbEntity
  8
Iso
100
AcDbLine
 10
305.384465296
 20
220.153020508
 30
0.000000000
 11
314.080785212
 21
238.890985712
 31
0.000000000
  0
LWPOLYLINE
  5
F25
330
A02
100
AcDbEntity
100
AcDbPolyline
  8
Iso
 90
2
 70
0
 43
0
 10
306.070521589
 20
169.628012915
 10
306.299844514
 20
169.885634731
  0
LWPOLYLINE
  5
F26
330
A02
100
AcDbEntity
100
AcDbPolyline
  8
Iso
 90
2
 70
0
 43
0
 10
306.299844514
 20
169.885634731
 10
305.841198665
 20
166.920901356
  0
LWPOLYLINE
  5
F27
330
A02
100
AcDbEntity
100
AcDbPolyline
  8
Iso
 90
2
 70
0
 43
0
 10
305.694439706
 20
167.896888044
 10
306.070521589
 20
169.628012915
  0
LWPOLYLINE
  5
F28
330
A02
100
AcDbEntity
100
AcDbPolyline
  8
Iso
 90
2
 70
0
 43
0
 10
307.306906647
 20
169.436743481
 10
307.536229572
 20
169.694365297
  0
LWPOLYLINE
  5
F29
330
A02
100
AcDbEntity
100
AcDbPolyline
  8
Iso
 90
2
 70
0
 43
0
 10
307.536229572
 20
169.694365297
 10
307.689091614
 20
169.250755055
  0
LWPOLYLINE
  5
F2A
330
A02
100
AcDbEntity
100
AcDbPolyline
  8
Iso
 90
2
 70
0
 43
0
 10
307.089259224
 20
168.757214716
 10
307.306906647
 20
169.436743481
  0
LINE
  5
F2B
330
A02
100
AcDbEntity
  8
Iso
100
AcDbLine
 10
307.146067192
 20
169.071591993
 30
0.000000000
 11
307.146067192
 21
169.728222390
 31
0.000000000
  0
LINE
  5
F2C
330
A02
100
AcDbEntity
  8
Iso
100
AcDbLine
 10
307.030156093
 20
169.746153899
 30
0.000000000
 11
305.755134002
 21
169.943400503
 31
0.000000000
  0
LINE
  5
F2D
330
A02
100
AcDbEntity
  8
Iso
100
AcDbLine
 10
305.755134002
 20
168.963604606
 30
0.000000000
 11
305.755134002
 21
169.943400503
 31
0.000000000
  0
LINE
  5
F2E
330
A02
100
AcDbEntity
  8
Iso
100
AcDbLine
 10
306.657257502
 20
168.824045615
 30
0.000000000
 11
305.755134002
 21
168.963604606
 31
0.000000000
  0
LINE
  5
F2F
330
A02
100
AcDbEntity
  8
Iso
100
AcDbLine
 10
307.622294235
 20
169.774553158
 30
0.000000000
 11
307.622294235
 21
170.754349055
 31
0.000000000
  0
LINE
  5
F30
330
A02
100
AcDbEntity
  8
Iso
100
AcDbLine
 10
307.506383136
 20
170.772280565
 30
0.000000000
 11
306.231361045
 21
170.969527169
 31
0.000000000
  0
LINE
  5
F31
330
A02
100
AcDbEntity
  8
Iso
100
AcDbLine
 10
306.231361045
 20
169.989731272
 30
0.000000000
 11
306.231361045
 21
170.969527169
 31
0.000000000
  0
LINE
  5
F32
330
A02
100
AcDbEntity
  8
Iso
100
AcDbLine
 10
307.622294235
 20
169.774553158
 30
0.000000000
 11
306.231361045
 21
169.989731272
 31
0.000000000
  0
LINE
  5
F33
330
A02
100
AcDbEntity
  8
Iso
100
AcDbLine
 10
307.286001958
 20
169.049944009
 30
0.000000000
 11
307.622294235
 21
169.774553158
 31
0.000000000
  0
LINE
  5
F34
330
A02
100
AcDbEntity
  8
Iso
100
AcDbLine
 10
305.755134002
 20
168.963604606
 30
0.000000000
 11
306.231361045
 21
169.989731272
 31
0.000000000
  0
LINE
  5
F35
330
A02
100
AcDbEntity
  8
Iso
100
AcDbLine
 10
305.755134002
 20
169.943400503
 30
0.000000000
 11
306.231361045
 21
170.969527169
 31
0.000000000
  0
LINE
  5
F36
330
A02
100
AcDbEntity
  8
Iso
100
AcDbLine
 10
306.802395333
 20
169.255397667
 30
0.000000000
 11
304.870543680
 21
169.554256158
 31
0.000000000
  0
LINE
  5
F37
330
A02
100
AcDbEntity
  8
Iso
100
AcDbLine
 10
304.870543680
 20
169.423616705
 30
0.000000000
 11
304.870543680
 21
169.554256158
 31
0.000000000
  0
LINE
  5
F38
330
A02
100
AcDbEntity
  8
Iso
100
AcDbLine
 10
306.745826790
 20
169.133509398
 30
0.000000000
 11
304.870543680
 21
169.423616705
 31
0.000000000
  0
LINE
  5
F39
330
A02
100
AcDbEntity
  8
Iso
100
AcDbLine
 10
307.734143895
 20
171.263036796
 30
0.000000000
 11
305.802292243
 21
171.561895287
 31
0.000000000
  0
LINE
  5
F3A
330
A02
100
AcDbEntity
  8
Iso
100
AcDbLine
 10
305.802292243
 20
171.431255834
 30
0.000000000
 11
305.802292243
 21
171.561895287
 31
0.000000000
  0
LINE
  5
F3B
330
A02
100
AcDbEntity
  8
Iso
100
AcDbLine
 10
308.506884556
 20
171.012853947
 30
0.000000000
 11
305.802292243
 21
171.431255834
 31
0.000000000
  0
LINE
  5
F3C
330
A02
100
AcDbEntity
  8
Iso
100
AcDbLine
 10
304.870543680
 20
169.423616705
 30
0.000000000
 11
305.802292243
 21
171.431255834
 31
0.000000000
  0
LINE
  5
F3D
330
A02
100
AcDbEntity
  8
Iso
100
AcDbLine
 10
304.870543680
 20
169.554256158
 30
0.000000000
 11
305.802292243
 21
171.561895287
 31
0.000000000
  0
LWPOLYLINE
  5
F3E
330
A02
100
AcDbEntity
100
AcDbPolyline
  8
Iso
 90
2
 70
0
 43
0
 10
313.317454852
 20
185.242983918
 10
313.546777777
 20
185.500605734
  0
LWPOLYLINE
  5
F3F
330
A02
100
AcDbEntity
100
AcDbPolyline
  8
Iso
 90
2
 70
0
 43
0
 10
313.546777777
 20
185.500605734
 10
313.088131928
 20
182.535872359
  0
LWPOLYLINE
  5
F40
330
A02
100
AcDbEntity
100
AcDbPolyline
  8
Iso
 90
2
 70
0
 43
0
 10
313.004517863
 20
182.619114422
 10
313.317454852
 20
185.242983918
  0
LWPOLYLINE
  5
F41
330
A02
100
AcDbEntity
100
AcDbPolyline
  8
Iso
 90
2
 70
0
 43
0
 10
314.553839910
 20
185.051714484
 10
314.783162835
 20
185.309336300
  0
LWPOLYLINE
  5
F42
330
A02
100
AcDbEntity
100
AcDbPolyline
  8
Iso
 90
2
 70
0
 43
0
 10
314.783162835
 20
185.309336300
 10
314.936024877
 20
184.865726058
  0
LWPOLYLINE
  5
F43
330
A02
100
AcDbEntity
100
AcDbPolyline
  8
Iso
 90
2
 70
0
 43
0
 10
314.336192487
 20
184.372185719
 10
314.553839910
 20
185.051714484
  0
LINE
  5
F44
330
A02
100
AcDbEntity
  8
Iso
100
AcDbLine
 10
314.393000455
 20
184.686562996
 30
0.000000000
 11
314.393000455
 21
185.343193393
 31
0.000000000
  0
LINE
  5
F45
330
A02
100
AcDbEntity
  8
Iso
100
AcDbLine
 10
314.277089355
 20
185.361124902
 30
0.000000000
 11
313.002067265
 21
185.558371506
 31
0.000000000
  0
LINE
  5
F46
330
A02
100
AcDbEntity
  8
Iso
100
AcDbLine
 10
313.002067265
 20
184.578575609
 30
0.000000000
 11
313.002067265
 21
185.558371506
 31
0.000000000
  0
LINE
  5
F47
330
A02
100
AcDbEntity
  8
Iso
100
AcDbLine
 10
313.852825287
 20
184.446962885
 30
0.000000000
 11
313.002067265
 21
184.578575609
 31
0.000000000
  0
LINE
  5
F48
330
A02
100
AcDbEntity
  8
Iso
100
AcDbLine
 10
314.869227498
 20
185.389524161
 30
0.000000000
 11
314.869227498
 21
186.369320059
 31
0.000000000
  0
LINE
  5
F49
330
A02
100
AcDbEntity
  8
Iso
100
AcDbLine
 10
314.753316398
 20
186.387251568
 30
0.000000000
 11
313.478294308
 21
186.584498172
 31
0.000000000
  0
LINE
  5
F4A
330
A02
100
AcDbEntity
  8
Iso
100
AcDbLine
 10
313.478294308
 20
185.604702275
 30
0.000000000
 11
313.478294308
 21
186.584498172
 31
0.000000000
  0
LINE
  5
F4B
330
A02
100
AcDbEntity
  8
Iso
100
AcDbLine
 10
314.869227498
 20
185.389524161
 30
0.000000000
 11
313.478294308
 21
185.604702275
 31
0.000000000
  0
LINE
  5
F4C
330
A02
100
AcDbEntity
  8
Iso
100
AcDbLine
 10
314.532935221
 20
184.664915012
 30
0.000000000
 11
314.869227498
 21
185.389524161
 31
0.000000000
  0
LINE
  5
F4D
330
A02
100
AcDbEntity
  8
Iso
100
AcDbLine
 10
313.002067265
 20
184.578575609
 30
0.000000000
 11
313.478294308
 21
185.604702275
 31
0.000000000
  0
LINE
  5
F4E
330
A02
100
AcDbEntity
  8
Iso
100
AcDbLine
 10
313.002067265
 20
185.558371506
 30
0.000000000
 11
313.478294308
 21
186.584498172
 31
0.000000000
  0
LINE
  5
F4F
330
A02
100
AcDbEntity
  8
Iso
100
AcDbLine
 10
314.049328596
 20
184.870368671
 30
0.000000000
 11
312.465953535
 21
185.115317645
 31
0.000000000
  0
LINE
  5
F50
330
A02
100
AcDbEntity
  8
Iso
100
AcDbLine
 10
313.992760053
 20
184.748480402
 30
0.000000000
 11
312.409384993
 21
184.993429376
 31
0.000000000
  0
LINE
  5
F51
330
A02
100
AcDbEntity
  8
Iso
100
AcDbLine
 10
314.981077158
 20
186.878007800
 30
0.000000000
 11
313.397702098
 21
187.122956774
 31
0.000000000
  0
LINE
  5
F52
330
A02
100
AcDbEntity
  8
Iso
100
AcDbLine
 10
313.049225505
 20
187.046226837
 30
0.000000000
 11
313.049225505
 21
187.176866290
 31
0.000000000
  0
LINE
  5
F53
330
A02
100
AcDbEntity
  8
Iso
100
AcDbLine
 10
315.753817819
 20
186.627824950
 30
0.000000000
 11
313.049225505
 21
187.046226837
 31
0.000000000
  0
LINE
  5
F54
330
A02
100
AcDbEntity
  8
Iso
100
AcDbLine
 10
312.117476943
 20
185.038587708
 30
0.000000000
 11
313.049225505
 21
187.046226837
 31
0.000000000
  0
LINE
  5
F55
330
A02
100
AcDbEntity
  8
Iso
100
AcDbLine
 10
247.162813127
 20
174.864225058
 30
0.000000000
 11
247.955239533
 21
175.321732657
 31
0.000000000
  0
LINE
  5
F56
330
A02
100
AcDbEntity
  8
Iso
100
AcDbLine
 10
266.961803000
 20
163.433272925
 30
0.000000000
 11
267.754229407
 21
163.890780524
 31
0.000000000
  0
LINE
  5
F57
330
A02
100
AcDbEntity
  8
Iso
100
AcDbLine
 10
307.536229572
 20
169.694365297
 30
0.000000000
 11
306.299844514
 21
169.885634731
 31
0.000000000
  0
LINE
  5
F58
330
A02
100
AcDbEntity
  8
Iso
100
AcDbLine
 10
314.783162835
 20
185.309336300
 30
0.000000000
 11
313.546777777
 21
185.500605734
 31
0.000000000
  0
ENDSEC
  0
SECTION
  2
OBJECTS
  0
DICTIONARY
  5
F000
330
0
100
AcDbDictionary
  3
ACAD_GROUP
350
F001
  0
DICTIONARY
  5
F001
330
F000
100
AcDbDictionary
  0
ENDSEC
  0
EOF